learner_seed,evaluation_seed,mechanism,selected_index,init_x,init_x_dot,init_theta,init_theta_dot,snapshot_initially_accepted,casadi_full_first_violation_step,physical_first_violation_step,forward_switch_step,baseline_control_steps,mean_reward
2300,9300,clean_permanent_raw_release,0,0.16505884371965662,-0.23636737347172876,0.08482863349767875,0.5835129512013213,True,,,,0,-0.23523190807500122
2300,9300,clean_resident_predictive_authority,0,0.16505884371965662,-0.23636737347172876,0.08482863349767875,0.5835129512013213,True,,,,0,-0.23523190807500122
2300,9300,clean_permanent_raw_release,1,0.20861413427831788,-0.021737499366440982,0.05836685598964958,-0.7098615066799974,True,,,,0,-0.14419933185264208
2300,9300,clean_resident_predictive_authority,1,0.20861413427831788,-0.021737499366440982,0.05836685598964958,-0.7098615066799974,True,,,,0,-0.14419933185264208
2300,9300,clean_permanent_raw_release,2,0.1053044132979214,-0.3158871714817957,0.011536927904332639,-0.7809197905387018,True,,,,0,-0.2961923801357766
2300,9300,clean_resident_predictive_authority,2,0.1053044132979214,-0.3158871714817957,0.011536927904332639,-0.7809197905387018,True,,,,0,-0.2961923801357766
2300,9300,clean_permanent_raw_release,3,0.04730792081349,-0.17828196469897062,-0.09413711955733906,-0.1471401939051704,True,,,,0,-0.1947655921645395
2300,9300,clean_resident_predictive_authority,3,0.04730792081349,-0.17828196469897062,-0.09413711955733906,-0.1471401939051704,True,,,,0,-0.1947655921645395
2300,9300,clean_permanent_raw_release,4,0.1427111545672357,-0.07050565946104159,0.0015197306745101669,-0.7561753598000056,True,,,,0,-0.22049579126172386
2300,9300,clean_resident_predictive_authority,4,0.1427111545672357,-0.07050565946104159,0.0015197306745101669,-0.7561753598000056,True,,,,0,-0.22049579126172386
2300,9300,clean_permanent_raw_release,5,-0.037038176105060217,-0.40960496197999463,-0.09307201568024778,-0.3461363308874772,True,,,,0,-0.35844930989982243
2300,9300,clean_resident_predictive_authority,5,-0.037038176105060217,-0.40960496197999463,-0.09307201568024778,-0.3461363308874772,True,,,,0,-0.35844930989982243
2300,9300,clean_permanent_raw_release,6,-0.04501870158767224,-0.4062508194802529,0.14210668455306372,0.22139937213475624,True,,,,0,-0.15403811847982432
2300,9300,clean_resident_predictive_authority,6,-0.04501870158767224,-0.4062508194802529,0.14210668455306372,0.22139937213475624,True,,,,0,-0.15403811847982432
2300,9300,clean_permanent_raw_release,7,0.12094592429137335,0.4953830742707458,0.08554611767384501,-0.08738440871664133,True,,,,0,-0.22257524418674907
2300,9300,clean_resident_predictive_authority,7,0.12094592429137335,0.4953830742707458,0.08554611767384501,-0.08738440871664133,True,,,,0,-0.22257524418674907
2300,9300,clean_permanent_raw_release,8,-0.0313194261793493,-0.044622731394781234,0.060469260881139325,0.20896858052228473,True,,,,0,-0.1340558975174607
2300,9300,clean_resident_predictive_authority,8,-0.0313194261793493,-0.044622731394781234,0.060469260881139325,0.20896858052228473,True,,,,0,-0.1340558975174607
2300,9300,clean_permanent_raw_release,9,0.17361303633473935,-0.1643831762771789,0.12860670046594555,-0.6522181821555257,True,,,,0,-0.12196194293421184
2300,9300,clean_resident_predictive_authority,9,0.17361303633473935,-0.1643831762771789,0.12860670046594555,-0.6522181821555257,True,,,,0,-0.12196194293421184
2300,9300,clean_permanent_raw_release,10,0.21751955122477296,0.4133883245749972,-0.019089739186265164,-0.7565725509470838,True,,,,0,-0.15184560512027317
2300,9300,clean_resident_predictive_authority,10,0.21751955122477296,0.4133883245749972,-0.019089739186265164,-0.7565725509470838,True,,,,0,-0.15184560512027317
2300,9300,clean_permanent_raw_release,11,0.12514092673353672,0.05964049985484876,0.02231125154249028,0.5862213676259398,True,,,,0,-0.22588370695213986
2300,9300,clean_resident_predictive_authority,11,0.12514092673353672,0.05964049985484876,0.02231125154249028,0.5862213676259398,True,,,,0,-0.22588370695213986
2300,9300,clean_permanent_raw_release,12,-0.0006213057476467387,0.29228822687068134,0.05637566568928776,0.33557160480675874,True,,,,0,-0.23075958630216006
2300,9300,clean_resident_predictive_authority,12,-0.0006213057476467387,0.29228822687068134,0.05637566568928776,0.33557160480675874,True,,,,0,-0.23075958630216006
2300,9300,clean_permanent_raw_release,13,-0.05217888840165352,-0.39837358954766755,0.0749617001368858,-0.49589218384707934,True,,,,0,-0.18581205054660002
2300,9300,clean_resident_predictive_authority,13,-0.05217888840165352,-0.39837358954766755,0.0749617001368858,-0.49589218384707934,True,,,,0,-0.18581205054660002
2300,9300,clean_permanent_raw_release,14,-0.23894862262495997,-0.20101411655145507,0.11598844058284921,-0.08158154963063691,True,,,,0,-0.12325130663224622
2300,9300,clean_resident_predictive_authority,14,-0.23894862262495997,-0.20101411655145507,0.11598844058284921,-0.08158154963063691,True,,,,0,-0.12325130663224622
2300,9300,clean_permanent_raw_release,15,0.23981965484728152,-0.10980619917934664,0.12402812033565644,0.9931986728972808,True,,,,0,-0.6020073082191927
2300,9300,clean_resident_predictive_authority,15,0.23981965484728152,-0.10980619917934664,0.12402812033565644,0.9931986728972808,True,,,,0,-0.6020073082191927
2300,9300,clean_permanent_raw_release,16,-0.0466069441853339,0.4539564732042226,0.09301240622837872,-0.9946412063880614,True,,,,0,-0.13028424449322124
2300,9300,clean_resident_predictive_authority,16,-0.0466069441853339,0.4539564732042226,0.09301240622837872,-0.9946412063880614,True,,,,0,-0.13028424449322124
2300,9300,clean_permanent_raw_release,17,0.05732219699118324,0.06720085625777528,-0.020602555169338538,0.3877448755233115,True,,,,0,-0.13146334377716
2300,9300,clean_resident_predictive_authority,17,0.05732219699118324,0.06720085625777528,-0.020602555169338538,0.3877448755233115,True,,,,0,-0.13146334377716
2300,9300,clean_permanent_raw_release,18,0.14090847466679368,-0.05099886705080603,0.13654966253419268,-0.5806261481525157,True,,,,0,-0.11208116420860209
2300,9300,clean_resident_predictive_authority,18,0.14090847466679368,-0.05099886705080603,0.13654966253419268,-0.5806261481525157,True,,,,0,-0.11208116420860209
2300,9300,clean_permanent_raw_release,19,0.05055705631269408,-0.07894703953041116,0.11282938073792556,-0.09273239493083074,True,,,,0,-0.12605362973953366
2300,9300,clean_resident_predictive_authority,19,0.05055705631269408,-0.07894703953041116,0.11282938073792556,-0.09273239493083074,True,,,,0,-0.12605362973953366
2300,9300,clean_permanent_raw_release,20,-0.23325491682925092,-0.2543905536545087,0.05318726088391196,-0.3292408256996704,True,,,,0,-0.1672174482171589
2300,9300,clean_resident_predictive_authority,20,-0.23325491682925092,-0.2543905536545087,0.05318726088391196,-0.3292408256996704,True,,,,0,-0.1672174482171589
2300,9300,clean_permanent_raw_release,21,-0.220428848128412,-0.02465282698871385,0.10601047391280868,0.3809904733382683,True,,,,0,-0.19893688283204297
2300,9300,clean_resident_predictive_authority,21,-0.220428848128412,-0.02465282698871385,0.10601047391280868,0.3809904733382683,True,,,,0,-0.19893688283204297
2300,9300,clean_permanent_raw_release,22,0.1339645849054374,-0.1279608950219545,0.11813003320396073,0.9433270920853114,True,,,,0,-0.49863973614406126
2300,9300,clean_resident_predictive_authority,22,0.1339645849054374,-0.1279608950219545,0.11813003320396073,0.9433270920853114,True,,,,0,-0.49863973614406126
2300,9300,clean_permanent_raw_release,23,0.008596734340113932,-0.15377851186505243,-0.0021901818671515305,0.7247521056656496,True,,,,0,-0.17145820148671534
2300,9300,clean_resident_predictive_authority,23,0.008596734340113932,-0.15377851186505243,-0.0021901818671515305,0.7247521056656496,True,,,,0,-0.17145820148671534
2301,9301,clean_permanent_raw_release,0,0.04607482055754425,-0.05500431771208758,-0.034861678961013345,0.05082579013521227,True,,,,0,-0.0752563737117598
2301,9301,clean_resident_predictive_authority,0,0.04607482055754425,-0.05500431771208758,-0.034861678961013345,0.05082579013521227,True,,,,0,-0.0752563737117598
2301,9301,clean_permanent_raw_release,1,0.0035254191156083303,0.4027370029723789,-0.09414517291970403,-0.3239156051770735,True,,,,0,-0.10335544483039663
2301,9301,clean_resident_predictive_authority,1,0.0035254191156083303,0.4027370029723789,-0.09414517291970403,-0.3239156051770735,True,,,,0,-0.10335544483039663
2301,9301,clean_permanent_raw_release,2,0.2498676022266902,-0.2996954440605807,0.02481041082971791,-0.42596947313483957,True,,,,0,-0.10118685177748245
2301,9301,clean_resident_predictive_authority,2,0.2498676022266902,-0.2996954440605807,0.02481041082971791,-0.42596947313483957,True,,,,0,-0.10118685177748245
2301,9301,clean_permanent_raw_release,3,-0.16683834797260472,0.45946081224394264,0.005522593524898867,0.8349133174355741,True,,,,0,-0.365962918358793
2301,9301,clean_resident_predictive_authority,3,-0.16683834797260472,0.45946081224394264,0.005522593524898867,0.8349133174355741,True,,,,0,-0.365962918358793
2301,9301,clean_permanent_raw_release,4,0.0570455655117314,-0.2696037475267691,-0.06417176775952232,0.5270214359597645,True,,,,0,-0.0705223864938057
2301,9301,clean_resident_predictive_authority,4,0.0570455655117314,-0.2696037475267691,-0.06417176775952232,0.5270214359597645,True,,,,0,-0.0705223864938057
2301,9301,clean_permanent_raw_release,5,-0.23964665601427254,0.37934583350991646,0.09119580213546999,-0.5774495813188969,True,,,,0,-0.0741439955083923
2301,9301,clean_resident_predictive_authority,5,-0.23964665601427254,0.37934583350991646,0.09119580213546999,-0.5774495813188969,True,,,,0,-0.0741439955083923
2301,9301,clean_permanent_raw_release,6,0.018851816138872046,0.425924798158817,-0.07845781368821417,0.027700908413273773,True,,,,0,-0.08569306795953789
2301,9301,clean_resident_predictive_authority,6,0.018851816138872046,0.425924798158817,-0.07845781368821417,0.027700908413273773,True,,,,0,-0.08569306795953789
2301,9301,clean_permanent_raw_release,7,0.042806692577198435,0.39830853773274055,-0.03241160673666614,0.8831519331388249,True,,,,0,-0.3477160430605693
2301,9301,clean_resident_predictive_authority,7,0.042806692577198435,0.39830853773274055,-0.03241160673666614,0.8831519331388249,True,,,,0,-0.3477160430605693
2301,9301,clean_permanent_raw_release,8,-0.13857458947941975,-0.13084678910799463,0.12261400975593187,0.7496761419192031,True,,,,0,-0.3147868713942105
2301,9301,clean_resident_predictive_authority,8,-0.13857458947941975,-0.13084678910799463,0.12261400975593187,0.7496761419192031,True,,,,0,-0.3147868713942105
2301,9301,clean_permanent_raw_release,9,-0.1784628620540562,0.43888897921883163,0.0038862111807888566,-0.29177196499177005,True,,,,0,-0.07669162784458615
2301,9301,clean_resident_predictive_authority,9,-0.1784628620540562,0.43888897921883163,0.0038862111807888566,-0.29177196499177005,True,,,,0,-0.07669162784458615
2301,9301,clean_permanent_raw_release,10,0.09472855804825703,-0.10185877811207544,0.13849347146223448,0.9137004910999071,True,,,,0,-0.5356658383385717
2301,9301,clean_resident_predictive_authority,10,0.09472855804825703,-0.10185877811207544,0.13849347146223448,0.9137004910999071,True,,,,0,-0.5356658383385717
2301,9301,clean_permanent_raw_release,11,0.1152346005447209,-0.23515378683278687,0.00043203399974325873,0.6973972259994776,True,,,,0,-0.13690236114925936
2301,9301,clean_resident_predictive_authority,11,0.1152346005447209,-0.23515378683278687,0.00043203399974325873,0.6973972259994776,True,,,,0,-0.13690236114925936
2301,9301,clean_permanent_raw_release,12,0.10512602080302125,-0.23837282950676786,0.1187360580646453,-0.3515833148675638,True,,,,0,-0.060994197751439126
2301,9301,clean_resident_predictive_authority,12,0.10512602080302125,-0.23837282950676786,0.1187360580646453,-0.3515833148675638,True,,,,0,-0.060994197751439126
2301,9301,clean_permanent_raw_release,13,-0.11508792714915073,0.3801310244934688,-0.038102314996549425,0.5508341835309085,True,,,,0,-0.1744295915590893
2301,9301,clean_resident_predictive_authority,13,-0.11508792714915073,0.3801310244934688,-0.038102314996549425,0.5508341835309085,True,,,,0,-0.1744295915590893
2301,9301,clean_permanent_raw_release,14,0.020173008043998963,-0.10050300566810899,-0.07640784506025457,-0.9348343655248657,True,,,,0,-0.4073800558505373
2301,9301,clean_resident_predictive_authority,14,0.020173008043998963,-0.10050300566810899,-0.07640784506025457,-0.9348343655248657,True,,,,0,-0.4073800558505373
2301,9301,clean_permanent_raw_release,15,-0.07900872370591855,0.10295953390684309,0.08480552852257081,-0.8307981894374961,True,,,,0,-0.09939968330210294
2301,9301,clean_resident_predictive_authority,15,-0.07900872370591855,0.10295953390684309,0.08480552852257081,-0.8307981894374961,True,,,,0,-0.09939968330210294
2301,9301,clean_permanent_raw_release,16,0.0916315548671473,0.4614110390291337,-0.035147130761545936,0.7252208607139725,True,,,,0,-0.3134540049585457
2301,9301,clean_resident_predictive_authority,16,0.0916315548671473,0.4614110390291337,-0.035147130761545936,0.7252208607139725,True,,,,0,-0.3134540049585457
2301,9301,clean_permanent_raw_release,17,-0.17062295602836047,-0.15218576657948268,0.010179821018898777,0.9893676733911037,True,,,,0,-0.21619759738173006
2301,9301,clean_resident_predictive_authority,17,-0.17062295602836047,-0.15218576657948268,0.010179821018898777,0.9893676733911037,True,,,,0,-0.21619759738173006
2301,9301,clean_permanent_raw_release,18,-0.08790893722452464,-0.42550579827588053,-0.010318536911144066,-0.34715975088159423,True,,,,0,-0.1896562558536883
2301,9301,clean_resident_predictive_authority,18,-0.08790893722452464,-0.42550579827588053,-0.010318536911144066,-0.34715975088159423,True,,,,0,-0.1896562558536883
2301,9301,clean_permanent_raw_release,19,-0.12739055693212203,-0.20227732082987293,-0.08795723757811123,-0.8401583045341188,True,,,,0,-0.47756326216131634
2301,9301,clean_resident_predictive_authority,19,-0.12739055693212203,-0.20227732082987293,-0.08795723757811123,-0.8401583045341188,True,,,,0,-0.47756326216131634
2301,9301,clean_permanent_raw_release,20,0.24146994161214785,-0.18009579975238932,-0.09522946491446588,0.574809296358636,True,,,,0,-0.08373477989288612
2301,9301,clean_resident_predictive_authority,20,0.24146994161214785,-0.18009579975238932,-0.09522946491446588,0.574809296358636,True,,,,0,-0.08373477989288612
2301,9301,clean_permanent_raw_release,21,-0.044504198432735675,0.07137361461620673,0.09812859303646362,-0.17206237061485408,True,,,,0,-0.079546220319168
2301,9301,clean_resident_predictive_authority,21,-0.044504198432735675,0.07137361461620673,0.09812859303646362,-0.17206237061485408,True,,,,0,-0.079546220319168
2301,9301,clean_permanent_raw_release,22,0.14003300421527937,0.16534473208478417,-0.1193912559735149,0.039683963356378804,True,,,,0,-0.08676989712706744
2301,9301,clean_resident_predictive_authority,22,0.14003300421527937,0.16534473208478417,-0.1193912559735149,0.039683963356378804,True,,,,0,-0.08676989712706744
2301,9301,clean_permanent_raw_release,23,-0.16124849122349516,0.2020171151234459,0.12820131147789973,-0.7318686804571586,True,,,,0,-0.06974150665302578
2301,9301,clean_resident_predictive_authority,23,-0.16124849122349516,0.2020171151234459,0.12820131147789973,-0.7318686804571586,True,,,,0,-0.06974150665302578
2302,9302,clean_permanent_raw_release,0,-0.22753737486457531,-0.05440712188950103,-0.032301047542328154,-0.9840840799171211,True,,,,0,-0.45225688589681623
2302,9302,clean_resident_predictive_authority,0,-0.22753737486457531,-0.05440712188950103,-0.032301047542328154,-0.9840840799171211,True,,,,0,-0.45225688589681623
2302,9302,clean_permanent_raw_release,1,0.15490714632944425,-0.3087430708068165,0.08440429392870352,0.7222738055514224,True,,,,0,-0.24753899508044022
2302,9302,clean_resident_predictive_authority,1,0.15490714632944425,-0.3087430708068165,0.08440429392870352,0.7222738055514224,True,,,,0,-0.24753899508044022
2302,9302,clean_permanent_raw_release,2,0.24466572169235407,-0.25184138557498736,-0.08148108787724508,0.559682167446981,True,,,,0,-0.10220059725180135
2302,9302,clean_resident_predictive_authority,2,0.24466572169235407,-0.25184138557498736,-0.08148108787724508,0.559682167446981,True,,,,0,-0.10220059725180135
2302,9302,clean_permanent_raw_release,3,-0.07381102312818183,-0.2895372533160526,-0.06355938715566102,-0.024922293434696652,True,,,,0,-0.16992138229177184
2302,9302,clean_resident_predictive_authority,3,-0.07381102312818183,-0.2895372533160526,-0.06355938715566102,-0.024922293434696652,True,,,,0,-0.16992138229177184
2302,9302,clean_permanent_raw_release,4,0.20610091363507127,0.05735461885088766,0.13313065443208447,0.8091011662049519,True,,,,0,-0.5594683163649843
2302,9302,clean_resident_predictive_authority,4,0.20610091363507127,0.05735461885088766,0.13313065443208447,0.8091011662049519,True,,,,0,-0.5594683163649843
2302,9302,clean_permanent_raw_release,5,-0.03481391336376782,-0.032601529848553024,0.1099750364894326,0.23184116119142928,True,,,,0,-0.16980466377998868
2302,9302,clean_resident_predictive_authority,5,-0.03481391336376782,-0.032601529848553024,0.1099750364894326,0.23184116119142928,True,,,,0,-0.16980466377998868
2302,9302,clean_permanent_raw_release,6,-0.0069400527056115435,-0.268314332638088,-0.05383688875468978,0.4986376418607146,True,,,,0,-0.22174842133036907
2302,9302,clean_resident_predictive_authority,6,-0.0069400527056115435,-0.268314332638088,-0.05383688875468978,0.4986376418607146,True,,,,0,-0.22174842133036907
2302,9302,clean_permanent_raw_release,7,0.08617343493497032,0.2726010371849834,-0.0741914485663472,-0.08068248888272045,True,,,,0,-0.09660797258174414
2302,9302,clean_resident_predictive_authority,7,0.08617343493497032,0.2726010371849834,-0.0741914485663472,-0.08068248888272045,True,,,,0,-0.09660797258174414
2302,9302,clean_permanent_raw_release,8,0.14220716619501328,0.353072992681271,-0.010765240062406395,-0.5185498686704404,True,,,,0,-0.110113875647174
2302,9302,clean_resident_predictive_authority,8,0.14220716619501328,0.353072992681271,-0.010765240062406395,-0.5185498686704404,True,,,,0,-0.110113875647174
2302,9302,clean_permanent_raw_release,9,-0.13530714043203662,0.016262092592531863,0.1098298665352451,-0.31321220296557795,True,,,,0,-0.10066918275347048
2302,9302,clean_resident_predictive_authority,9,-0.13530714043203662,0.016262092592531863,0.1098298665352451,-0.31321220296557795,True,,,,0,-0.10066918275347048
2302,9302,clean_permanent_raw_release,10,-0.13878900837336688,0.09893918709215488,-0.11017460284608979,-0.6574407850173618,True,,,,0,-0.3479005481278378
2302,9302,clean_resident_predictive_authority,10,-0.13878900837336688,0.09893918709215488,-0.11017460284608979,-0.6574407850173618,True,,,,0,-0.3479005481278378
2302,9302,clean_permanent_raw_release,11,-0.07250470004235943,-0.1717122730422609,-0.14351486304728528,-0.7579545955882012,True,,,,0,-0.6078453989362717
2302,9302,clean_resident_predictive_authority,11,-0.07250470004235943,-0.1717122730422609,-0.14351486304728528,-0.7579545955882012,True,,,,0,-0.6078453989362717
2302,9302,clean_permanent_raw_release,12,0.20634830340353538,-0.22834566542665924,0.11498850840080413,-0.5351844305233202,True,,,,0,-0.11381939054297113
2302,9302,clean_resident_predictive_authority,12,0.20634830340353538,-0.22834566542665924,0.11498850840080413,-0.5351844305233202,True,,,,0,-0.11381939054297113
2302,9302,clean_permanent_raw_release,13,-0.09130284376950226,-0.4981720504045779,0.13112871883816732,-0.7083582070204482,True,,,,0,-0.2184060484077955
2302,9302,clean_resident_predictive_authority,13,-0.09130284376950226,-0.4981720504045779,0.13112871883816732,-0.7083582070204482,True,,,,0,-0.2184060484077955
2302,9302,clean_permanent_raw_release,14,-0.2401015147095491,-0.07623928661558299,0.03163244481833122,0.7552624037789375,True,,,,0,-0.18985663311768158
2302,9302,clean_resident_predictive_authority,14,-0.2401015147095491,-0.07623928661558299,0.03163244481833122,0.7552624037789375,True,,,,0,-0.18985663311768158
2302,9302,clean_permanent_raw_release,15,-0.017062295174586795,-0.1527304097962675,0.022817209265473287,-0.029782943248963578,True,,,,0,-0.0978452590978307
2302,9302,clean_resident_predictive_authority,15,-0.017062295174586795,-0.1527304097962675,0.022817209265473287,-0.029782943248963578,True,,,,0,-0.0978452590978307
2302,9302,clean_permanent_raw_release,16,0.0786112216252558,-0.28466750054289414,-0.11499567848450509,-0.24143138928332375,True,,,,0,-0.27115085038598924
2302,9302,clean_resident_predictive_authority,16,0.0786112216252558,-0.28466750054289414,-0.11499567848450509,-0.24143138928332375,True,,,,0,-0.27115085038598924
2302,9302,clean_permanent_raw_release,17,0.2250008046268709,-0.1645214094788624,0.004461143316192684,-0.3545650299062917,True,,,,0,-0.129653996356386
2302,9302,clean_resident_predictive_authority,17,0.2250008046268709,-0.1645214094788624,0.004461143316192684,-0.3545650299062917,True,,,,0,-0.129653996356386
2302,9302,clean_permanent_raw_release,18,-0.20286203268326136,-0.16605498060280444,-0.13378302069856457,0.023476498550019986,True,,,,0,-0.22661092149426215
2302,9302,clean_resident_predictive_authority,18,-0.20286203268326136,-0.16605498060280444,-0.13378302069856457,0.023476498550019986,True,,,,0,-0.22661092149426215
2302,9302,clean_permanent_raw_release,19,0.24811174113554352,-0.4375672550429246,-0.07798868932595447,0.6452239793801051,True,,,,0,-0.10488994793430155
2302,9302,clean_resident_predictive_authority,19,0.24811174113554352,-0.4375672550429246,-0.07798868932595447,0.6452239793801051,True,,,,0,-0.10488994793430155
2302,9302,clean_permanent_raw_release,20,0.23605099963101822,-0.49314427919391146,-0.1292230122399197,0.9231197871766976,True,,,,0,-0.10770558305295479
2302,9302,clean_resident_predictive_authority,20,0.23605099963101822,-0.49314427919391146,-0.1292230122399197,0.9231197871766976,True,,,,0,-0.10770558305295479
2302,9302,clean_permanent_raw_release,21,-0.13221107139768712,-0.1784914981762673,0.14696317522340277,0.40219133366544413,True,,,,0,-0.2169243060640662
2302,9302,clean_resident_predictive_authority,21,-0.13221107139768712,-0.1784914981762673,0.14696317522340277,0.40219133366544413,True,,,,0,-0.2169243060640662
2302,9302,clean_permanent_raw_release,22,-0.2475922604930657,-0.25048054174613377,0.003719921145046823,0.8919004717557628,True,,,,0,-0.1674627044311076
2302,9302,clean_resident_predictive_authority,22,-0.2475922604930657,-0.25048054174613377,0.003719921145046823,0.8919004717557628,True,,,,0,-0.1674627044311076
2302,9302,clean_permanent_raw_release,23,0.24274249338394638,-0.10402798831893323,-0.13371926184606558,-0.3989504644052233,True,,,,0,-0.2720557020884466
2302,9302,clean_resident_predictive_authority,23,0.24274249338394638,-0.10402798831893323,-0.13371926184606558,-0.3989504644052233,True,,,,0,-0.2720557020884466
2303,9303,clean_permanent_raw_release,0,0.20832828258304026,0.061507456919383974,0.14376889743778923,0.7429292350847616,True,,,,0,-0.48702891501801143
2303,9303,clean_resident_predictive_authority,0,0.20832828258304026,0.061507456919383974,0.14376889743778923,0.7429292350847616,True,,,,0,-0.48702891501801143
2303,9303,clean_permanent_raw_release,1,-0.1493349195014403,0.2558227400926868,0.048579136676900225,0.44808450317790527,True,,,,0,-0.1340789487825495
2303,9303,clean_resident_predictive_authority,1,-0.1493349195014403,0.2558227400926868,0.048579136676900225,0.44808450317790527,True,,,,0,-0.1340789487825495
2303,9303,clean_permanent_raw_release,2,0.2456910227848515,0.15008372763512856,-0.0344656047061386,-0.3542718453145919,True,,,,0,-0.028954842748870346
2303,9303,clean_resident_predictive_authority,2,0.2456910227848515,0.15008372763512856,-0.0344656047061386,-0.3542718453145919,True,,,,0,-0.028954842748870346
2303,9303,clean_permanent_raw_release,3,0.020134496122950984,-0.35894264606715665,-0.07560843441295509,-0.7030881615574505,True,,,,0,-0.350046782514526
2303,9303,clean_resident_predictive_authority,3,0.020134496122950984,-0.35894264606715665,-0.07560843441295509,-0.7030881615574505,True,,,,0,-0.350046782514526
2303,9303,clean_permanent_raw_release,4,-0.0025032388432556507,0.2794822848295412,0.09598356580284736,-0.316278554980288,True,,,,0,-0.02989531519851926
2303,9303,clean_resident_predictive_authority,4,-0.0025032388432556507,0.2794822848295412,0.09598356580284736,-0.316278554980288,True,,,,0,-0.02989531519851926
2303,9303,clean_permanent_raw_release,5,0.0832354515864333,0.08919810556955488,0.029286735477960457,0.14136958890698725,True,,,,0,-0.03755485075030232
2303,9303,clean_resident_predictive_authority,5,0.0832354515864333,0.08919810556955488,0.029286735477960457,0.14136958890698725,True,,,,0,-0.03755485075030232
2303,9303,clean_permanent_raw_release,6,0.13868859157589747,-0.13063127651829798,0.09659858959677822,0.9833861858186874,True,,,,0,-0.3898521536828263
2303,9303,clean_resident_predictive_authority,6,0.13868859157589747,-0.13063127651829798,0.09659858959677822,0.9833861858186874,True,,,,0,-0.3898521536828263
2303,9303,clean_permanent_raw_release,7,0.21764735084580905,-0.3576190431323695,-0.05266033866478381,0.556092416963792,True,,,,0,-0.018832852016445155
2303,9303,clean_resident_predictive_authority,7,0.21764735084580905,-0.3576190431323695,-0.05266033866478381,0.556092416963792,True,,,,0,-0.018832852016445155
2303,9303,clean_permanent_raw_release,8,0.13827885660017908,-0.3573336521559337,0.11810256081895051,-0.7375749730044421,True,,,,0,-0.0602050984618329
2303,9303,clean_resident_predictive_authority,8,0.13827885660017908,-0.3573336521559337,0.11810256081895051,-0.7375749730044421,True,,,,0,-0.0602050984618329
2303,9303,clean_permanent_raw_release,9,-0.2106859119553064,0.30544473610222855,-0.06352188995928064,0.023438884123150094,True,,,,0,-0.014447507855864001
2303,9303,clean_resident_predictive_authority,9,-0.2106859119553064,0.30544473610222855,-0.06352188995928064,0.023438884123150094,True,,,,0,-0.014447507855864001
2303,9303,clean_permanent_raw_release,10,0.18903787565170216,-0.4701575071086347,0.12304821059449009,-0.582218927311952,True,,,,0,-0.04447946046546768
2303,9303,clean_resident_predictive_authority,10,0.18903787565170216,-0.4701575071086347,0.12304821059449009,-0.582218927311952,True,,,,0,-0.04447946046546768
2303,9303,clean_permanent_raw_release,11,-0.12161099836999922,-0.04701729350831052,0.07844784957944487,-0.14706333635484814,True,,,,0,-0.009563344070714574
2303,9303,clean_resident_predictive_authority,11,-0.12161099836999922,-0.04701729350831052,0.07844784957944487,-0.14706333635484814,True,,,,0,-0.009563344070714574
2303,9303,clean_permanent_raw_release,12,-0.22687056495741142,0.2194013996957911,-0.03272329358200582,0.7255571022258567,True,,,,0,-0.10261049951827976
2303,9303,clean_resident_predictive_authority,12,-0.22687056495741142,0.2194013996957911,-0.03272329358200582,0.7255571022258567,True,,,,0,-0.10261049951827976
2303,9303,clean_permanent_raw_release,13,0.00022381488418793394,-0.17082816930165712,0.0804847463549572,-0.5172821254096214,True,,,,0,-0.030032074029073978
2303,9303,clean_resident_predictive_authority,13,0.00022381488418793394,-0.17082816930165712,0.0804847463549572,-0.5172821254096214,True,,,,0,-0.030032074029073978
2303,9303,clean_permanent_raw_release,14,0.14136445877304693,-0.48787565788620413,-0.010315642826014743,-0.5799142451265624,True,,,,0,-0.19462418175262258
2303,9303,clean_resident_predictive_authority,14,0.14136445877304693,-0.48787565788620413,-0.010315642826014743,-0.5799142451265624,True,,,,0,-0.19462418175262258
2303,9303,clean_permanent_raw_release,15,0.23219791998531503,-0.4778420237691877,-0.07636083759186359,-0.6014906809917813,True,,,,0,-0.2961083843308078
2303,9303,clean_resident_predictive_authority,15,0.23219791998531503,-0.4778420237691877,-0.07636083759186359,-0.6014906809917813,True,,,,0,-0.2961083843308078
2303,9303,clean_permanent_raw_release,16,0.06329771504090548,0.3227543312718132,-0.0801950329811104,-0.5811279620263228,True,,,,0,-0.08559089274065294
2303,9303,clean_resident_predictive_authority,16,0.06329771504090548,0.3227543312718132,-0.0801950329811104,-0.5811279620263228,True,,,,0,-0.08559089274065294
2303,9303,clean_permanent_raw_release,17,-0.08611025302179404,-0.034462614303068406,-0.09387455416227697,0.8204674715107532,True,,,,0,-0.0397394147191599
2303,9303,clean_resident_predictive_authority,17,-0.08611025302179404,-0.034462614303068406,-0.09387455416227697,0.8204674715107532,True,,,,0,-0.0397394147191599
2303,9303,clean_permanent_raw_release,18,0.027237967789033646,-0.13178987660400976,0.09793830534593026,0.9236618371124081,True,,,,0,-0.32221646605810894
2303,9303,clean_resident_predictive_authority,18,0.027237967789033646,-0.13178987660400976,0.09793830534593026,0.9236618371124081,True,,,,0,-0.32221646605810894
2303,9303,clean_permanent_raw_release,19,0.12966521677191623,0.04765377537721682,0.08070047436291597,-0.22128070936988342,True,,,,0,-0.018488131651256033
2303,9303,clean_resident_predictive_authority,19,0.12966521677191623,0.04765377537721682,0.08070047436291597,-0.22128070936988342,True,,,,0,-0.018488131651256033
2303,9303,clean_permanent_raw_release,20,-0.007210904110987459,0.03394812046160456,-0.048580779929644644,0.19469698148760495,True,,,,0,-0.007073370763081686
2303,9303,clean_resident_predictive_authority,20,-0.007210904110987459,0.03394812046160456,-0.048580779929644644,0.19469698148760495,True,,,,0,-0.007073370763081686
2303,9303,clean_permanent_raw_release,21,-0.07067040861921636,-0.030553901851065213,-0.09512415717024386,0.6975976723669537,True,,,,0,-0.023954459796836785
2303,9303,clean_resident_predictive_authority,21,-0.07067040861921636,-0.030553901851065213,-0.09512415717024386,0.6975976723669537,True,,,,0,-0.023954459796836785
2303,9303,clean_permanent_raw_release,22,0.19368444070333918,-0.29049853626311606,-0.0592476233889995,-0.8314562441159206,True,,,,0,-0.30547318065121737
2303,9303,clean_resident_predictive_authority,22,0.19368444070333918,-0.29049853626311606,-0.0592476233889995,-0.8314562441159206,True,,,,0,-0.30547318065121737
2303,9303,clean_permanent_raw_release,23,0.14466781659267347,0.039326404633285184,-0.10765153586067175,0.17246141543131355,True,,,,0,-0.016148051506834304
2303,9303,clean_resident_predictive_authority,23,0.14466781659267347,0.039326404633285184,-0.10765153586067175,0.17246141543131355,True,,,,0,-0.016148051506834304
2304,9304,clean_permanent_raw_release,0,-0.19667558401049468,-0.10471534244557856,0.04309030912235243,-0.48473615600336517,True,,,,0,-0.09576731844832516
2304,9304,clean_resident_predictive_authority,0,-0.19667558401049468,-0.10471534244557856,0.04309030912235243,-0.48473615600336517,True,,,,0,-0.09576731844832516
2304,9304,clean_permanent_raw_release,1,-0.15464980255728666,-0.28892176982351636,0.037871003234951545,0.41339408304343594,True,,,,0,-0.06477374047205357
2304,9304,clean_resident_predictive_authority,1,-0.15464980255728666,-0.28892176982351636,0.037871003234951545,0.41339408304343594,True,,,,0,-0.06477374047205357
2304,9304,clean_permanent_raw_release,2,0.19693079488970205,-0.40365090942778037,0.146084486988546,-0.3034368019313749,True,,,,0,-0.04659894250899382
2304,9304,clean_resident_predictive_authority,2,0.19693079488970205,-0.40365090942778037,0.146084486988546,-0.3034368019313749,True,,,,0,-0.04659894250899382
2304,9304,clean_permanent_raw_release,3,-0.2096793033090088,-0.08192205009256037,0.012558938704377104,-0.19146691370120839,True,,,,0,-0.06753917992773371
2304,9304,clean_resident_predictive_authority,3,-0.2096793033090088,-0.08192205009256037,0.012558938704377104,-0.19146691370120839,True,,,,0,-0.06753917992773371
2304,9304,clean_permanent_raw_release,4,0.07486813083446187,-0.3738925791811688,0.14711798168379528,0.4706805292006153,True,,,,0,-0.1796689439202265
2304,9304,clean_resident_predictive_authority,4,0.07486813083446187,-0.3738925791811688,0.14711798168379528,0.4706805292006153,True,,,,0,-0.1796689439202265
2304,9304,clean_permanent_raw_release,5,0.17074335271229063,0.29974120875667953,0.048865412776167017,0.36562283269442464,True,,,,0,-0.2310824597269064
2304,9304,clean_resident_predictive_authority,5,0.17074335271229063,0.29974120875667953,0.048865412776167017,0.36562283269442464,True,,,,0,-0.2310824597269064
2304,9304,clean_permanent_raw_release,6,0.003533867169553173,0.1464851148243067,-0.07572987503000203,-0.06316283703153647,True,,,,0,-0.05802155795342865
2304,9304,clean_resident_predictive_authority,6,0.003533867169553173,0.1464851148243067,-0.07572987503000203,-0.06316283703153647,True,,,,0,-0.05802155795342865
2304,9304,clean_permanent_raw_release,7,-0.10510750701753258,0.2863721779896039,-0.028566559991790197,-0.5120131230688554,True,,,,0,-0.08454702779992734
2304,9304,clean_resident_predictive_authority,7,-0.10510750701753258,0.2863721779896039,-0.028566559991790197,-0.5120131230688554,True,,,,0,-0.08454702779992734
2304,9304,clean_permanent_raw_release,8,0.21452870142928654,0.27876917840932625,-0.09873921915701409,-0.8801932259848275,True,,,,0,-0.2296045588413461
2304,9304,clean_resident_predictive_authority,8,0.21452870142928654,0.27876917840932625,-0.09873921915701409,-0.8801932259848275,True,,,,0,-0.2296045588413461
2304,9304,clean_permanent_raw_release,9,-0.0648844925227342,-0.03739385808880591,-0.04409664238008794,0.15796863762964297,True,,,,0,-0.04615445362682908
2304,9304,clean_resident_predictive_authority,9,-0.0648844925227342,-0.03739385808880591,-0.04409664238008794,0.15796863762964297,True,,,,0,-0.04615445362682908
2304,9304,clean_permanent_raw_release,10,0.01834091788438924,0.04571710027741571,0.006345229368657834,0.3859955381476283,True,,,,0,-0.09142411008824468
2304,9304,clean_resident_predictive_authority,10,0.01834091788438924,0.04571710027741571,0.006345229368657834,0.3859955381476283,True,,,,0,-0.09142411008824468
2304,9304,clean_permanent_raw_release,11,0.2077773717456985,0.2084481343807396,-0.09640202703295458,-0.7058711709493943,True,,,,0,-0.18282366158172117
2304,9304,clean_resident_predictive_authority,11,0.2077773717456985,0.2084481343807396,-0.09640202703295458,-0.7058711709493943,True,,,,0,-0.18282366158172117
2304,9304,clean_permanent_raw_release,12,0.19719998415205192,0.42803447375992865,-0.012701052555496917,0.6941311075500731,True,,,,0,-0.3278618220832745
2304,9304,clean_resident_predictive_authority,12,0.19719998415205192,0.42803447375992865,-0.012701052555496917,0.6941311075500731,True,,,,0,-0.3278618220832745
2304,9304,clean_permanent_raw_release,13,-0.0657165081078071,0.25854319260937575,0.1376469253513294,0.039492375891596376,True,,,,0,-0.1763131720531031
2304,9304,clean_resident_predictive_authority,13,-0.0657165081078071,0.25854319260937575,0.1376469253513294,0.039492375891596376,True,,,,0,-0.1763131720531031
2304,9304,clean_permanent_raw_release,14,0.21893830260994546,0.32594590237226173,-0.12065387016297982,0.8941657389729161,True,,,,0,-0.21194596089723722
2304,9304,clean_resident_predictive_authority,14,0.21893830260994546,0.32594590237226173,-0.12065387016297982,0.8941657389729161,True,,,,0,-0.21194596089723722
2304,9304,clean_permanent_raw_release,15,-0.2247663691254727,0.25281856935180913,0.1292004883976872,-0.9435652500061633,True,,,,0,-0.07105559348450324
2304,9304,clean_resident_predictive_authority,15,-0.2247663691254727,0.25281856935180913,0.1292004883976872,-0.9435652500061633,True,,,,0,-0.07105559348450324
2304,9304,clean_permanent_raw_release,16,0.001473010211554715,-0.1376171342380199,0.08329993837663546,0.9519870364736813,True,,,,0,-0.3409493192756807
2304,9304,clean_resident_predictive_authority,16,0.001473010211554715,-0.1376171342380199,0.08329993837663546,0.9519870364736813,True,,,,0,-0.3409493192756807
2304,9304,clean_permanent_raw_release,17,-0.020775573662857205,-0.3861510381025971,0.00150207284155926,-0.41570997884004024,True,,,,0,-0.15282228234599432
2304,9304,clean_resident_predictive_authority,17,-0.020775573662857205,-0.3861510381025971,0.00150207284155926,-0.41570997884004024,True,,,,0,-0.15282228234599432
2304,9304,clean_permanent_raw_release,18,0.10950698707171058,-0.029692629906760026,0.06596793958326691,0.5641409429236586,True,,,,0,-0.20263772477281197
2304,9304,clean_resident_predictive_authority,18,0.10950698707171058,-0.029692629906760026,0.06596793958326691,0.5641409429236586,True,,,,0,-0.20263772477281197
2304,9304,clean_permanent_raw_release,19,0.24015095135083608,-0.39745612971751165,-0.03350678356906604,0.591956137720026,True,,,,0,-0.06526123393069212
2304,9304,clean_resident_predictive_authority,19,0.24015095135083608,-0.39745612971751165,-0.03350678356906604,0.591956137720026,True,,,,0,-0.06526123393069212
2304,9304,clean_permanent_raw_release,20,0.23109613473481017,0.02632885183713296,-0.09870306305449593,0.33330006249185873,True,,,,0,-0.05883378177017973
2304,9304,clean_resident_predictive_authority,20,0.23109613473481017,0.02632885183713296,-0.09870306305449593,0.33330006249185873,True,,,,0,-0.05883378177017973
2304,9304,clean_permanent_raw_release,21,-0.025924935951936623,0.18360592366605344,-0.14868582626638213,0.7455263407324553,True,,,,0,-0.07757370221037148
2304,9304,clean_resident_predictive_authority,21,-0.025924935951936623,0.18360592366605344,-0.14868582626638213,0.7455263407324553,True,,,,0,-0.07757370221037148
2304,9304,clean_permanent_raw_release,22,-0.021313871086711067,0.03217513555441176,0.053945787353000846,-0.11898839889420021,True,,,,0,-0.04591657402559682
2304,9304,clean_resident_predictive_authority,22,-0.021313871086711067,0.03217513555441176,0.053945787353000846,-0.11898839889420021,True,,,,0,-0.04591657402559682
2304,9304,clean_permanent_raw_release,23,0.11603266386680045,-0.36996168041921407,-0.10991006531142736,0.26255690083862726,True,,,,0,-0.08348025741606409
2304,9304,clean_resident_predictive_authority,23,0.11603266386680045,-0.36996168041921407,-0.10991006531142736,0.26255690083862726,True,,,,0,-0.08348025741606409
2305,9305,clean_permanent_raw_release,0,0.23031387002247727,-0.1650624649928627,0.026573038215191247,-0.8173054793441263,True,12,13,,0,-0.7489042870127773
2305,9305,clean_resident_predictive_authority,0,0.23031387002247727,-0.1650624649928627,0.026573038215191247,-0.8173054793441263,True,12,,8,35,-0.49617028301998745
2305,9305,clean_permanent_raw_release,1,0.0795056234588209,-0.38374129452967454,0.14094542251618028,-0.5627836325478941,True,,,,0,-0.6739110638000033
2305,9305,clean_resident_predictive_authority,1,0.0795056234588209,-0.38374129452967454,0.14094542251618028,-0.5627836325478941,True,,,,0,-0.6739110638000033
2305,9305,clean_permanent_raw_release,2,-0.10119213753626505,-0.29144215008856034,0.09232774520497486,-0.8865095846390105,True,8,8,,0,-0.8045869886252295
2305,9305,clean_resident_predictive_authority,2,-0.10119213753626505,-0.29144215008856034,0.09232774520497486,-0.8865095846390105,True,8,,4,90,-0.2285859401409345
2305,9305,clean_permanent_raw_release,3,0.03925491972514045,-0.10553518442486665,-0.02719314046665569,-0.5039739656071951,True,,,,0,-0.7097044293406825
2305,9305,clean_resident_predictive_authority,3,0.03925491972514045,-0.10553518442486665,-0.02719314046665569,-0.5039739656071951,True,,,,0,-0.7097044293406825
2305,9305,clean_permanent_raw_release,4,-0.14626545876412245,-0.153332436061124,-0.1429276450147633,0.8394492008013668,True,,,,0,-0.5523813527532934
2305,9305,clean_resident_predictive_authority,4,-0.14626545876412245,-0.153332436061124,-0.1429276450147633,0.8394492008013668,True,,,,0,-0.5523813527532934
2305,9305,clean_permanent_raw_release,5,0.044171139222539735,-0.47026802146749247,-0.07445576550762711,-0.5931538171888548,True,9,9,,0,-0.9937686700463665
2305,9305,clean_resident_predictive_authority,5,0.044171139222539735,-0.47026802146749247,-0.07445576550762711,-0.5931538171888548,True,9,,5,103,-0.38820515919632514
2305,9305,clean_permanent_raw_release,6,0.047228765303812315,0.2439562757753002,-0.1275249260574529,-0.7375849807482919,True,15,16,,0,-0.8195753641749431
2305,9305,clean_resident_predictive_authority,6,0.047228765303812315,0.2439562757753002,-0.1275249260574529,-0.7375849807482919,True,15,,12,51,-0.550818256786003
2305,9305,clean_permanent_raw_release,7,-0.24769453411511144,0.4369008672327023,0.14449730022044485,-0.8630504139003192,True,,,,0,-0.6095181111755605
2305,9305,clean_resident_predictive_authority,7,-0.24769453411511144,0.4369008672327023,0.14449730022044485,-0.8630504139003192,True,,,,0,-0.6095181111755605
2305,9305,clean_permanent_raw_release,8,0.024689011233404723,0.19708245077319464,0.08107247675188009,0.5997589566387598,True,,,,0,-0.7794188394734785
2305,9305,clean_resident_predictive_authority,8,0.024689011233404723,0.19708245077319464,0.08107247675188009,0.5997589566387598,True,,,,0,-0.7794188394734785
2305,9305,clean_permanent_raw_release,9,-0.20839403426005781,0.40233234929473194,0.13937965355590085,-0.6415806832066646,True,,,,0,-0.5992329572683973
2305,9305,clean_resident_predictive_authority,9,-0.20839403426005781,0.40233234929473194,0.13937965355590085,-0.6415806832066646,True,,,,0,-0.5992329572683973
2305,9305,clean_permanent_raw_release,10,-0.18492970487641297,-0.3566511837521553,0.06245654841391407,0.2992331676772835,True,,,,0,-0.6099959068788461
2305,9305,clean_resident_predictive_authority,10,-0.18492970487641297,-0.3566511837521553,0.06245654841391407,0.2992331676772835,True,,,,0,-0.6099959068788461
2305,9305,clean_permanent_raw_release,11,0.11373671459668777,-0.42986225239561293,-0.10433714541815572,-0.042402965189913155,True,14,14,,0,-0.7441921371914599
2305,9305,clean_resident_predictive_authority,11,0.11373671459668777,-0.42986225239561293,-0.10433714541815572,-0.042402965189913155,True,14,,10,42,-0.45965997154840643
2305,9305,clean_permanent_raw_release,12,0.21969455203238808,-0.1441997202475026,0.021470170601181504,-0.37434530297767377,True,,,,0,-0.6319982847631367
2305,9305,clean_resident_predictive_authority,12,0.21969455203238808,-0.1441997202475026,0.021470170601181504,-0.37434530297767377,True,,,,0,-0.6319982847631367
2305,9305,clean_permanent_raw_release,13,-0.11012458075062803,0.09794749314727802,-0.09066152083076726,-0.18150547039602705,True,,,,0,-0.6369483556497049
2305,9305,clean_resident_predictive_authority,13,-0.11012458075062803,0.09794749314727802,-0.09066152083076726,-0.18150547039602705,True,,,,0,-0.6369483556497049
2305,9305,clean_permanent_raw_release,14,0.11056295188050813,0.14939800133946246,-0.09727713524782855,0.18071232680299087,True,,,,0,-0.5586215437116522
2305,9305,clean_resident_predictive_authority,14,0.11056295188050813,0.14939800133946246,-0.09727713524782855,0.18071232680299087,True,,,,0,-0.5586215437116522
2305,9305,clean_permanent_raw_release,15,0.17207548410579626,-0.44904117051696535,-0.04581366909758054,0.5726528141396008,True,,,,0,-0.5880710211479252
2305,9305,clean_resident_predictive_authority,15,0.17207548410579626,-0.44904117051696535,-0.04581366909758054,0.5726528141396008,True,,,,0,-0.5880710211479252
2305,9305,clean_permanent_raw_release,16,0.060387708094552295,-0.3917748207045657,-0.035360258196261804,0.6191239283806549,True,,,,0,-0.5837811343882829
2305,9305,clean_resident_predictive_authority,16,0.060387708094552295,-0.3917748207045657,-0.035360258196261804,0.6191239283806549,True,,,,0,-0.5837811343882829
2305,9305,clean_permanent_raw_release,17,-0.07617699010741785,-0.02702077656820312,0.07081447447163186,-0.038309944813851304,True,,,,0,-0.5895082409894361
2305,9305,clean_resident_predictive_authority,17,-0.07617699010741785,-0.02702077656820312,0.07081447447163186,-0.038309944813851304,True,,,,0,-0.5895082409894361
2305,9305,clean_permanent_raw_release,18,-0.12160735836944508,0.4418865923786688,0.035735192350241335,-0.581077528252985,True,,,,0,-0.5856806169530822
2305,9305,clean_resident_predictive_authority,18,-0.12160735836944508,0.4418865923786688,0.035735192350241335,-0.581077528252985,True,,,,0,-0.5856806169530822
2305,9305,clean_permanent_raw_release,19,0.20443640681547298,-0.05201602841950148,0.06297716936447745,0.8407296771123831,True,,,,0,-0.8115209001434638
2305,9305,clean_resident_predictive_authority,19,0.20443640681547298,-0.05201602841950148,0.06297716936447745,0.8407296771123831,True,,,,0,-0.8115209001434638
2305,9305,clean_permanent_raw_release,20,0.04967295533746424,0.446636967898269,-0.10812723687169788,0.18939807621550808,True,,,,0,-0.5492621745458421
2305,9305,clean_resident_predictive_authority,20,0.04967295533746424,0.446636967898269,-0.10812723687169788,0.18939807621550808,True,,,,0,-0.5492621745458421
2305,9305,clean_permanent_raw_release,21,0.02045338348123793,0.06018059829151001,-0.14503297597656697,0.13680878676358232,True,,,,0,-0.5975334059952456
2305,9305,clean_resident_predictive_authority,21,0.02045338348123793,0.06018059829151001,-0.14503297597656697,0.13680878676358232,True,,,,0,-0.5975334059952456
2305,9305,clean_permanent_raw_release,22,-0.04858624684036572,0.3277829111120373,0.04671611154889435,-0.34438774124031646,True,,,,0,-0.5759998624293352
2305,9305,clean_resident_predictive_authority,22,-0.04858624684036572,0.3277829111120373,0.04671611154889435,-0.34438774124031646,True,,,,0,-0.5759998624293352
2305,9305,clean_permanent_raw_release,23,-0.015428682699115237,0.24986429893203776,0.028938252337742304,-0.3839558494944839,True,,,,0,-0.5815958872972474
2305,9305,clean_resident_predictive_authority,23,-0.015428682699115237,0.24986429893203776,0.028938252337742304,-0.3839558494944839,True,,,,0,-0.5815958872972474
2306,9306,clean_permanent_raw_release,0,-0.11729266841414765,0.09462624685612042,0.05026934385437548,-0.25136732649727933,True,,,,0,-0.35915669663853433
2306,9306,clean_resident_predictive_authority,0,-0.11729266841414765,0.09462624685612042,0.05026934385437548,-0.25136732649727933,True,,,,0,-0.35915669663853433
2306,9306,clean_permanent_raw_release,1,0.06795724314845686,0.3324354218210289,-0.02468186266549685,0.9352730498604656,True,10,10,,0,-0.6235949882248458
2306,9306,clean_resident_predictive_authority,1,0.06795724314845686,0.3324354218210289,-0.02468186266549685,0.9352730498604656,True,10,,6,98,-0.3416613632254649
2306,9306,clean_permanent_raw_release,2,-0.14285971427602256,-0.44137408251957355,0.08202878225901808,-0.5935194289024468,True,,,,0,-0.47992754145969685
2306,9306,clean_resident_predictive_authority,2,-0.14285971427602256,-0.44137408251957355,0.08202878225901808,-0.5935194289024468,True,,,,0,-0.47992754145969685
2306,9306,clean_permanent_raw_release,3,0.08543969551453195,-0.2920957285538648,0.023351590274733325,0.6514253008076218,True,,,,0,-0.4199517236640793
2306,9306,clean_resident_predictive_authority,3,0.08543969551453195,-0.2920957285538648,0.023351590274733325,0.6514253008076218,True,,,,0,-0.4199517236640793
2306,9306,clean_permanent_raw_release,4,-0.1627961996461178,-0.2779045362631579,-0.08902675349051944,0.11784114704492255,True,,,,0,-0.43522971506752106
2306,9306,clean_resident_predictive_authority,4,-0.1627961996461178,-0.2779045362631579,-0.08902675349051944,0.11784114704492255,True,,,,0,-0.43522971506752106
2306,9306,clean_permanent_raw_release,5,0.1816061969353469,-0.46562612617197574,-0.03074590513484822,0.8663161795858205,True,,,,0,-0.40799807745078776
2306,9306,clean_resident_predictive_authority,5,0.1816061969353469,-0.46562612617197574,-0.03074590513484822,0.8663161795858205,True,,,,0,-0.40799807745078776
2306,9306,clean_permanent_raw_release,6,-0.06911274238135662,-0.4252265678994268,-0.13980927293527706,-0.6155016853913593,True,,,,0,-0.8840220245106291
2306,9306,clean_resident_predictive_authority,6,-0.06911274238135662,-0.4252265678994268,-0.13980927293527706,-0.6155016853913593,True,,,,0,-0.8840220245106291
2306,9306,clean_permanent_raw_release,7,-0.1439619963319263,0.17741299759771556,0.14321180478596326,0.5461422997604557,True,15,,,0,-0.6410676592345255
2306,9306,clean_resident_predictive_authority,7,-0.1439619963319263,0.17741299759771556,0.14321180478596326,0.5461422997604557,True,15,,11,80,-0.44277592052709336
2306,9306,clean_permanent_raw_release,8,0.06373915090389132,0.3962746198972702,-0.0864046336876343,0.9644290992310647,True,9,9,,0,-0.5599556705889316
2306,9306,clean_resident_predictive_authority,8,0.06373915090389132,0.3962746198972702,-0.0864046336876343,0.9644290992310647,True,9,,5,96,-0.2701537573877387
2306,9306,clean_permanent_raw_release,9,0.12912258245908326,-0.4651979209941044,-0.11032018428138222,-0.666914193083185,True,,,,0,-0.7871881369467102
2306,9306,clean_resident_predictive_authority,9,0.12912258245908326,-0.4651979209941044,-0.11032018428138222,-0.666914193083185,True,,,,0,-0.7871881369467102
2306,9306,clean_permanent_raw_release,10,-0.1340401014439348,0.35873399153198215,0.11470421141000278,-0.5713226299242669,True,,,,0,-0.36507813130724537
2306,9306,clean_resident_predictive_authority,10,-0.1340401014439348,0.35873399153198215,0.11470421141000278,-0.5713226299242669,True,,,,0,-0.36507813130724537
2306,9306,clean_permanent_raw_release,11,0.030688169451375702,-0.3602393660210301,0.032407633858318574,0.7822925903433529,True,,,,0,-0.43789902049018953
2306,9306,clean_resident_predictive_authority,11,0.030688169451375702,-0.3602393660210301,0.032407633858318574,0.7822925903433529,True,,,,0,-0.43789902049018953
2306,9306,clean_permanent_raw_release,12,-0.12231249902483288,0.47980895633767184,0.03788472980140853,-0.09505737928386782,True,,,,0,-0.3949623945805663
2306,9306,clean_resident_predictive_authority,12,-0.12231249902483288,0.47980895633767184,0.03788472980140853,-0.09505737928386782,True,,,,0,-0.3949623945805663
2306,9306,clean_permanent_raw_release,13,-0.1254937001766102,-0.09733818187285515,0.013171603329928644,-0.9555655340722728,True,,,,0,-0.5853517123968633
2306,9306,clean_resident_predictive_authority,13,-0.1254937001766102,-0.09733818187285515,0.013171603329928644,-0.9555655340722728,True,,,,0,-0.5853517123968633
2306,9306,clean_permanent_raw_release,14,-0.13019894303805823,0.28456158201075,0.07302412173137268,-0.4742741381032216,True,,,,0,-0.36051553704595446
2306,9306,clean_resident_predictive_authority,14,-0.13019894303805823,0.28456158201075,0.07302412173137268,-0.4742741381032216,True,,,,0,-0.36051553704595446
2306,9306,clean_permanent_raw_release,15,-0.15555258373543007,0.28665169411942026,-0.12649568470742592,-0.40849550532407264,True,,,,0,-0.4816484104028469
2306,9306,clean_resident_predictive_authority,15,-0.15555258373543007,0.28665169411942026,-0.12649568470742592,-0.40849550532407264,True,,,,0,-0.4816484104028469
2306,9306,clean_permanent_raw_release,16,0.20713261149213086,0.3429117285347245,-0.14898450269511526,-0.015179061250615078,True,,,,0,-0.3855195421366594
2306,9306,clean_resident_predictive_authority,16,0.20713261149213086,0.3429117285347245,-0.14898450269511526,-0.015179061250615078,True,,,,0,-0.3855195421366594
2306,9306,clean_permanent_raw_release,17,0.20301185103888053,0.29765730794080114,0.03115901613804556,-0.044604125775615344,True,,,,0,-0.4061622898415329
2306,9306,clean_resident_predictive_authority,17,0.20301185103888053,0.29765730794080114,0.03115901613804556,-0.044604125775615344,True,,,,0,-0.4061622898415329
2306,9306,clean_permanent_raw_release,18,0.04400328143805965,0.31606489659953296,0.051386853573758856,-0.30111383540484593,True,,,,0,-0.3684565744713394
2306,9306,clean_resident_predictive_authority,18,0.04400328143805965,0.31606489659953296,0.051386853573758856,-0.30111383540484593,True,,,,0,-0.3684565744713394
2306,9306,clean_permanent_raw_release,19,-0.16688136648900703,-0.30686289855923,-0.06753884344527919,-0.6623937232921016,True,,,,0,-0.7020378521089956
2306,9306,clean_resident_predictive_authority,19,-0.16688136648900703,-0.30686289855923,-0.06753884344527919,-0.6623937232921016,True,,,,0,-0.7020378521089956
2306,9306,clean_permanent_raw_release,20,-0.1272077175387381,-0.30232470265710554,-0.058180596013952646,-0.9191716172322559,True,,,,0,-0.8133540464527521
2306,9306,clean_resident_predictive_authority,20,-0.1272077175387381,-0.30232470265710554,-0.058180596013952646,-0.9191716172322559,True,,,,0,-0.8133540464527521
2306,9306,clean_permanent_raw_release,21,-0.16131277299304564,-0.4541994698082227,0.07302130143986141,0.988200192168738,True,,,,0,-0.5014611522383096
2306,9306,clean_resident_predictive_authority,21,-0.16131277299304564,-0.4541994698082227,0.07302130143986141,0.988200192168738,True,,,,0,-0.5014611522383096
2306,9306,clean_permanent_raw_release,22,-0.06697457504011534,-0.4685691096846165,0.06755834253214535,0.4418104190900467,True,,,,0,-0.3877704160763365
2306,9306,clean_resident_predictive_authority,22,-0.06697457504011534,-0.4685691096846165,0.06755834253214535,0.4418104190900467,True,,,,0,-0.3877704160763365
2306,9306,clean_permanent_raw_release,23,0.04467638104613547,0.005537581947799519,0.014274874265221227,0.3511711452893167,True,,,,0,-0.3948672520345371
2306,9306,clean_resident_predictive_authority,23,0.04467638104613547,0.005537581947799519,0.014274874265221227,0.3511711452893167,True,,,,0,-0.3948672520345371
2307,9307,clean_permanent_raw_release,0,-0.18323992281950902,-0.24939444959679735,-0.13677858397075085,-0.3797235541894586,True,,,,0,-0.3407212460508431
2307,9307,clean_resident_predictive_authority,0,-0.18323992281950902,-0.24939444959679735,-0.13677858397075085,-0.3797235541894586,True,,,,0,-0.3407212460508431
2307,9307,clean_permanent_raw_release,1,0.22605318926213042,-0.04076888377383103,0.128733444658051,-0.4134668570955,True,,,,0,-0.03972647471714301
2307,9307,clean_resident_predictive_authority,1,0.22605318926213042,-0.04076888377383103,0.128733444658051,-0.4134668570955,True,,,,0,-0.03972647471714301
2307,9307,clean_permanent_raw_release,2,0.2109160076742832,-0.39652696520492714,0.04089210222885803,-0.9772020341078553,True,,,,0,-0.24129709644157718
2307,9307,clean_resident_predictive_authority,2,0.2109160076742832,-0.39652696520492714,0.04089210222885803,-0.9772020341078553,True,,,,0,-0.24129709644157718
2307,9307,clean_permanent_raw_release,3,-0.04963003635400187,0.2605635854872601,-0.06674785874488402,-0.10533063317053082,True,,,,0,-0.0341163228564639
2307,9307,clean_resident_predictive_authority,3,-0.04963003635400187,0.2605635854872601,-0.06674785874488402,-0.10533063317053082,True,,,,0,-0.0341163228564639
2307,9307,clean_permanent_raw_release,4,-0.1982404763414945,-0.3607121476673554,0.10194599116041778,0.2109288497837225,True,,,,0,-0.04962767953706275
2307,9307,clean_resident_predictive_authority,4,-0.1982404763414945,-0.3607121476673554,0.10194599116041778,0.2109288497837225,True,,,,0,-0.04962767953706275
2307,9307,clean_permanent_raw_release,5,-0.11199734021509078,-0.3388918326752355,0.1347290757280851,-0.059988162857502525,True,,,,0,-0.03848668658039969
2307,9307,clean_resident_predictive_authority,5,-0.11199734021509078,-0.3388918326752355,0.1347290757280851,-0.059988162857502525,True,,,,0,-0.03848668658039969
2307,9307,clean_permanent_raw_release,6,0.19586586666776812,0.3668813730421975,-0.14451580136197076,-0.47007190301940405,True,,,,0,-0.12609742817924244
2307,9307,clean_resident_predictive_authority,6,0.19586586666776812,0.3668813730421975,-0.14451580136197076,-0.47007190301940405,True,,,,0,-0.12609742817924244
2307,9307,clean_permanent_raw_release,7,-0.19819315889577066,-0.05513448633472706,0.08682175263668168,0.019762069435105722,True,,,,0,-0.04043217062564352
2307,9307,clean_resident_predictive_authority,7,-0.19819315889577066,-0.05513448633472706,0.08682175263668168,0.019762069435105722,True,,,,0,-0.04043217062564352
2307,9307,clean_permanent_raw_release,8,-0.15908535982943184,-0.34524270763680354,0.14292596790154413,0.20303004598294683,True,,,,0,-0.07150549729058592
2307,9307,clean_resident_predictive_authority,8,-0.15908535982943184,-0.34524270763680354,0.14292596790154413,0.20303004598294683,True,,,,0,-0.07150549729058592
2307,9307,clean_permanent_raw_release,9,-0.1301659800644394,0.3801299709728192,0.10100256603936678,-0.5923457787754292,True,,,,0,-0.03306761942224117
2307,9307,clean_resident_predictive_authority,9,-0.1301659800644394,0.3801299709728192,0.10100256603936678,-0.5923457787754292,True,,,,0,-0.03306761942224117
2307,9307,clean_permanent_raw_release,10,-0.2057784970763165,0.34395804620390236,-0.06240364008217271,0.09683380455722568,True,,,,0,-0.03191494470440108
2307,9307,clean_resident_predictive_authority,10,-0.2057784970763165,0.34395804620390236,-0.06240364008217271,0.09683380455722568,True,,,,0,-0.03191494470440108
2307,9307,clean_permanent_raw_release,11,0.0022615712954759393,-0.3093814855038718,0.06893479107515432,0.7892477995950336,True,,,,0,-0.1615326671749832
2307,9307,clean_resident_predictive_authority,11,0.0022615712954759393,-0.3093814855038718,0.06893479107515432,0.7892477995950336,True,,,,0,-0.1615326671749832
2307,9307,clean_permanent_raw_release,12,0.11515584379632149,0.05102483779975664,0.13270440686217752,0.54420089996153,True,,,,0,-0.31544086320111053
2307,9307,clean_resident_predictive_authority,12,0.11515584379632149,0.05102483779975664,0.13270440686217752,0.54420089996153,True,,,,0,-0.31544086320111053
2307,9307,clean_permanent_raw_release,13,-0.09013038169069881,-0.4386983938821847,0.08436463831083085,0.6186484216781845,True,,,,0,-0.09665482920180536
2307,9307,clean_resident_predictive_authority,13,-0.09013038169069881,-0.4386983938821847,0.08436463831083085,0.6186484216781845,True,,,,0,-0.09665482920180536
2307,9307,clean_permanent_raw_release,14,0.11570116268357583,0.019209126127678,0.04872650823700864,-0.7807985061846701,True,,,,0,-0.07763199717001441
2307,9307,clean_resident_predictive_authority,14,0.11570116268357583,0.019209126127678,0.04872650823700864,-0.7807985061846701,True,,,,0,-0.07763199717001441
2307,9307,clean_permanent_raw_release,15,0.24231081947113647,0.13730300255266692,-0.054284795784100656,-0.9667768981049825,True,,,,0,-0.2121289509281715
2307,9307,clean_resident_predictive_authority,15,0.24231081947113647,0.13730300255266692,-0.054284795784100656,-0.9667768981049825,True,,,,0,-0.2121289509281715
2307,9307,clean_permanent_raw_release,16,0.17674630883572395,-0.2895675547729376,-0.0698093376015146,0.7864927157822066,True,,,,0,-0.05724693191346117
2307,9307,clean_resident_predictive_authority,16,0.17674630883572395,-0.2895675547729376,-0.0698093376015146,0.7864927157822066,True,,,,0,-0.05724693191346117
2307,9307,clean_permanent_raw_release,17,-0.07338070443341399,0.21059697041085212,-0.003987942892590218,-0.2320491447826103,True,,,,0,-0.028488240058740753
2307,9307,clean_resident_predictive_authority,17,-0.07338070443341399,0.21059697041085212,-0.003987942892590218,-0.2320491447826103,True,,,,0,-0.028488240058740753
2307,9307,clean_permanent_raw_release,18,0.12293083563310259,-0.06312206249311314,0.06060616699572177,0.5777272226639565,True,,,,0,-0.16735389969943246
2307,9307,clean_resident_predictive_authority,18,0.12293083563310259,-0.06312206249311314,0.06060616699572177,0.5777272226639565,True,,,,0,-0.16735389969943246
2307,9307,clean_permanent_raw_release,19,-0.11243658971896509,-0.3457657108635489,-0.1410789011766376,0.6736402559057006,True,,,,0,-0.048452204674950046
2307,9307,clean_resident_predictive_authority,19,-0.11243658971896509,-0.3457657108635489,-0.1410789011766376,0.6736402559057006,True,,,,0,-0.048452204674950046
2307,9307,clean_permanent_raw_release,20,0.021937164127872777,0.3047499702364721,0.04642897715027622,-0.4811956297255773,True,,,,0,-0.030401061464937165
2307,9307,clean_resident_predictive_authority,20,0.021937164127872777,0.3047499702364721,0.04642897715027622,-0.4811956297255773,True,,,,0,-0.030401061464937165
2307,9307,clean_permanent_raw_release,21,-0.11758031782923634,-0.1691296113407923,-0.08137400916305144,-0.24426258384402955,True,,,,0,-0.14709290496548993
2307,9307,clean_resident_predictive_authority,21,-0.11758031782923634,-0.1691296113407923,-0.08137400916305144,-0.24426258384402955,True,,,,0,-0.14709290496548993
2307,9307,clean_permanent_raw_release,22,0.16993297406928243,0.06381683061285293,0.045966321194934934,-0.7845484226073969,True,,,,0,-0.07081405328273022
2307,9307,clean_resident_predictive_authority,22,0.16993297406928243,0.06381683061285293,0.045966321194934934,-0.7845484226073969,True,,,,0,-0.07081405328273022
2307,9307,clean_permanent_raw_release,23,-0.12419106362221205,-0.4150042209828888,-0.08678775044807806,0.3726090678224021,True,,,,0,-0.06736385355179977
2307,9307,clean_resident_predictive_authority,23,-0.12419106362221205,-0.4150042209828888,-0.08678775044807806,0.3726090678224021,True,,,,0,-0.06736385355179977
2308,9308,clean_permanent_raw_release,0,-0.09298293486710796,-0.13252048657020155,-0.13398124796318622,0.9745780662457537,True,,,,0,-0.03940238666041956
2308,9308,clean_resident_predictive_authority,0,-0.09298293486710796,-0.13252048657020155,-0.13398124796318622,0.9745780662457537,True,,,,0,-0.03940238666041956
2308,9308,clean_permanent_raw_release,1,-0.10681959166560351,-0.046235539046344365,0.09574547005682174,-0.1474500464683246,True,,,,0,-0.07852989166798753
2308,9308,clean_resident_predictive_authority,1,-0.10681959166560351,-0.046235539046344365,0.09574547005682174,-0.1474500464683246,True,,,,0,-0.07852989166798753
2308,9308,clean_permanent_raw_release,2,0.2379191636667521,-0.2609219182159732,-0.13080229035309332,0.06530375377929043,True,,,,0,-0.09214499882297357
2308,9308,clean_resident_predictive_authority,2,0.2379191636667521,-0.2609219182159732,-0.13080229035309332,0.06530375377929043,True,,,,0,-0.09214499882297357
2308,9308,clean_permanent_raw_release,3,0.19352761085695158,-0.038699389208669,0.12388546668011244,0.5766729815729326,True,,,,0,-0.2885210953043388
2308,9308,clean_resident_predictive_authority,3,0.19352761085695158,-0.038699389208669,0.12388546668011244,0.5766729815729326,True,,,,0,-0.2885210953043388
2308,9308,clean_permanent_raw_release,4,-0.06344860329854057,-0.06479120343421962,-0.09032298074865225,-0.9664914237060849,True,,,,0,-0.45410735443099864
2308,9308,clean_resident_predictive_authority,4,-0.06344860329854057,-0.06479120343421962,-0.09032298074865225,-0.9664914237060849,True,,,,0,-0.45410735443099864
2308,9308,clean_permanent_raw_release,5,-0.051398964322160345,-0.40199234839689935,0.08567407066143584,0.8850786310927699,True,,,,0,-0.17961266046320296
2308,9308,clean_resident_predictive_authority,5,-0.051398964322160345,-0.40199234839689935,0.08567407066143584,0.8850786310927699,True,,,,0,-0.17961266046320296
2308,9308,clean_permanent_raw_release,6,0.08489229854199815,0.314704490824244,0.11878468130715272,0.20224929598257124,True,,,,0,-0.2211967479225724
2308,9308,clean_resident_predictive_authority,6,0.08489229854199815,0.314704490824244,0.11878468130715272,0.20224929598257124,True,,,,0,-0.2211967479225724
2308,9308,clean_permanent_raw_release,7,-0.17768919125954086,0.3580406443376368,-0.03883286190432078,0.5328673296945821,True,,,,0,-0.0887006345115999
2308,9308,clean_resident_predictive_authority,7,-0.17768919125954086,0.3580406443376368,-0.03883286190432078,0.5328673296945821,True,,,,0,-0.0887006345115999
2308,9308,clean_permanent_raw_release,8,0.010439817892813119,0.02177227402026438,0.14897399332114877,0.856248080979676,True,,,,0,-0.49023061144624347
2308,9308,clean_resident_predictive_authority,8,0.010439817892813119,0.02177227402026438,0.14897399332114877,0.856248080979676,True,,,,0,-0.49023061144624347
2308,9308,clean_permanent_raw_release,9,0.0948722986377934,0.2250177839202946,-0.06844862457486393,0.7818680362014294,True,,,,0,-0.133079655799787
2308,9308,clean_resident_predictive_authority,9,0.0948722986377934,0.2250177839202946,-0.06844862457486393,0.7818680362014294,True,,,,0,-0.133079655799787
2308,9308,clean_permanent_raw_release,10,0.14727305947594582,0.368593336232238,0.03599980951249007,-0.6616493992542019,True,,,,0,-0.03650121634207769
2308,9308,clean_resident_predictive_authority,10,0.14727305947594582,0.368593336232238,0.03599980951249007,-0.6616493992542019,True,,,,0,-0.03650121634207769
2308,9308,clean_permanent_raw_release,11,0.043609268462812545,-0.4976458690632365,0.006109114989374831,0.5712412893283878,True,,,,0,-0.18268991908099935
2308,9308,clean_resident_predictive_authority,11,0.043609268462812545,-0.4976458690632365,0.006109114989374831,0.5712412893283878,True,,,,0,-0.18268991908099935
2308,9308,clean_permanent_raw_release,12,0.11226625486398517,0.2573698802131058,-0.08759168127813435,-0.5155949598965359,True,,,,0,-0.09904259607998987
2308,9308,clean_resident_predictive_authority,12,0.11226625486398517,0.2573698802131058,-0.08759168127813435,-0.5155949598965359,True,,,,0,-0.09904259607998987
2308,9308,clean_permanent_raw_release,13,0.08557878773121941,-0.4785542587978914,-0.08795863017140582,0.36078309427714084,True,,,,0,-0.056453083348979055
2308,9308,clean_resident_predictive_authority,13,0.08557878773121941,-0.4785542587978914,-0.08795863017140582,0.36078309427714084,True,,,,0,-0.056453083348979055
2308,9308,clean_permanent_raw_release,14,0.05085834986548193,-0.3116009517470836,-0.014889566860051912,-0.52275665870702,True,,,,0,-0.16406188772933905
2308,9308,clean_resident_predictive_authority,14,0.05085834986548193,-0.3116009517470836,-0.014889566860051912,-0.52275665870702,True,,,,0,-0.16406188772933905
2308,9308,clean_permanent_raw_release,15,-0.1658826530439766,0.07478168771052374,0.037177910396718195,-0.5230880495603374,True,,,,0,-0.05818655930717324
2308,9308,clean_resident_predictive_authority,15,-0.1658826530439766,0.07478168771052374,0.037177910396718195,-0.5230880495603374,True,,,,0,-0.05818655930717324
2308,9308,clean_permanent_raw_release,16,-0.03164971498732494,0.41641025638523355,-0.04324391993855575,-0.2533777704017397,True,,,,0,-0.02643852068933881
2308,9308,clean_resident_predictive_authority,16,-0.03164971498732494,0.41641025638523355,-0.04324391993855575,-0.2533777704017397,True,,,,0,-0.02643852068933881
2308,9308,clean_permanent_raw_release,17,-0.1350145709816884,-0.3184509165314069,-0.03886417454901185,-0.004920944216546763,True,,,,0,-0.08384313199627288
2308,9308,clean_resident_predictive_authority,17,-0.1350145709816884,-0.3184509165314069,-0.03886417454901185,-0.004920944216546763,True,,,,0,-0.08384313199627288
2308,9308,clean_permanent_raw_release,18,0.19395267379869452,0.02922844349037368,0.11119516115711445,0.004163979187017386,True,,,,0,-0.09223353705540259
2308,9308,clean_resident_predictive_authority,18,0.19395267379869452,0.02922844349037368,0.11119516115711445,0.004163979187017386,True,,,,0,-0.09223353705540259
2308,9308,clean_permanent_raw_release,19,0.230278112407303,-0.12859556177987308,0.060144966797658406,0.8683398137989391,True,,,,0,-0.2773744727745079
2308,9308,clean_resident_predictive_authority,19,0.230278112407303,-0.12859556177987308,0.060144966797658406,0.8683398137989391,True,,,,0,-0.2773744727745079
2308,9308,clean_permanent_raw_release,20,-0.07094393675196531,0.23796046830986473,-0.11908642584236714,0.9464132967791454,True,,,,0,-0.10042891628522152
2308,9308,clean_resident_predictive_authority,20,-0.07094393675196531,0.23796046830986473,-0.11908642584236714,0.9464132967791454,True,,,,0,-0.10042891628522152
2308,9308,clean_permanent_raw_release,21,0.1410862634351452,0.3372451406770871,0.06456674993917319,-0.1879547702066673,True,,,,0,-0.0655107849330709
2308,9308,clean_resident_predictive_authority,21,0.1410862634351452,0.3372451406770871,0.06456674993917319,-0.1879547702066673,True,,,,0,-0.0655107849330709
2308,9308,clean_permanent_raw_release,22,-0.1183226696398848,-0.4932973371646181,0.1186020415447194,-0.056657134337531945,True,,,,0,-0.04481473634353493
2308,9308,clean_resident_predictive_authority,22,-0.1183226696398848,-0.4932973371646181,0.1186020415447194,-0.056657134337531945,True,,,,0,-0.04481473634353493
2308,9308,clean_permanent_raw_release,23,0.21093455526933114,-0.2534387994049502,-0.034468913430303255,-0.19281101545935653,True,,,,0,-0.06536256428724724
2308,9308,clean_resident_predictive_authority,23,0.21093455526933114,-0.2534387994049502,-0.034468913430303255,-0.19281101545935653,True,,,,0,-0.06536256428724724
2309,9309,clean_permanent_raw_release,0,-0.16642222884562197,0.42002225467841625,0.027800893242146907,-0.6999671660121956,True,,,,0,-0.029401151233541863
2309,9309,clean_resident_predictive_authority,0,-0.16642222884562197,0.42002225467841625,0.027800893242146907,-0.6999671660121956,True,,,,0,-0.029401151233541863
2309,9309,clean_permanent_raw_release,1,-0.06958496289742083,0.41068255294682177,-0.09960401835395932,0.8018427294578103,True,,,,0,-0.14940389231193893
2309,9309,clean_resident_predictive_authority,1,-0.06958496289742083,0.41068255294682177,-0.09960401835395932,0.8018427294578103,True,,,,0,-0.14940389231193893
2309,9309,clean_permanent_raw_release,2,-0.14788948886423525,0.19179262189595858,-0.040435047686691136,-0.5783383617081936,True,,,,0,-0.08990376178718737
2309,9309,clean_resident_predictive_authority,2,-0.14788948886423525,0.19179262189595858,-0.040435047686691136,-0.5783383617081936,True,,,,0,-0.08990376178718737
2309,9309,clean_permanent_raw_release,3,-0.20797549025408751,-0.04875824770148662,0.031630572182021144,-0.8063766235268282,True,,,,0,-0.14614414961120967
2309,9309,clean_resident_predictive_authority,3,-0.20797549025408751,-0.04875824770148662,0.031630572182021144,-0.8063766235268282,True,,,,0,-0.14614414961120967
2309,9309,clean_permanent_raw_release,4,-0.11803722141535444,0.3011193101137174,-0.006497367209433419,-0.5612176324650509,True,,,,0,-0.0359201320052417
2309,9309,clean_resident_predictive_authority,4,-0.11803722141535444,0.3011193101137174,-0.006497367209433419,-0.5612176324650509,True,,,,0,-0.0359201320052417
2309,9309,clean_permanent_raw_release,5,0.03235016788743594,-0.08691310686192422,-0.01695282944762322,-0.6609145418927627,True,,,,0,-0.12381000824267821
2309,9309,clean_resident_predictive_authority,5,0.03235016788743594,-0.08691310686192422,-0.01695282944762322,-0.6609145418927627,True,,,,0,-0.12381000824267821
2309,9309,clean_permanent_raw_release,6,0.0833943691135774,0.0530060231965509,0.05132860454820928,0.0068402798769762185,True,,,,0,-0.03234596068017845
2309,9309,clean_resident_predictive_authority,6,0.0833943691135774,0.0530060231965509,0.05132860454820928,0.0068402798769762185,True,,,,0,-0.03234596068017845
2309,9309,clean_permanent_raw_release,7,-0.01226840444448346,0.16140714951780066,0.0812011087120533,0.2655503455445454,True,,,,0,-0.14047640780547685
2309,9309,clean_resident_predictive_authority,7,-0.01226840444448346,0.16140714951780066,0.0812011087120533,0.2655503455445454,True,,,,0,-0.14047640780547685
2309,9309,clean_permanent_raw_release,8,0.15888783023571912,0.12963467598898548,0.07965100167870973,-0.7241943295652702,True,,,,0,-0.055013152804242606
2309,9309,clean_resident_predictive_authority,8,0.15888783023571912,0.12963467598898548,0.07965100167870973,-0.7241943295652702,True,,,,0,-0.055013152804242606
2309,9309,clean_permanent_raw_release,9,0.2183855094878976,-0.02391456160136962,0.13048905200726926,-0.7629551022186916,True,,,,0,-0.04525889144062448
2309,9309,clean_resident_predictive_authority,9,0.2183855094878976,-0.02391456160136962,0.13048905200726926,-0.7629551022186916,True,,,,0,-0.04525889144062448
2309,9309,clean_permanent_raw_release,10,0.13513811012913607,0.25096046911344405,0.08323055067188334,0.33376312817754616,True,,,,0,-0.22844301779821
2309,9309,clean_resident_predictive_authority,10,0.13513811012913607,0.25096046911344405,0.08323055067188334,0.33376312817754616,True,,,,0,-0.22844301779821
2309,9309,clean_permanent_raw_release,11,-0.11714335940811693,0.15797623034197117,0.11587640919031464,-0.8082577446187487,True,,,,0,-0.021141314021748073
2309,9309,clean_resident_predictive_authority,11,-0.11714335940811693,0.15797623034197117,0.11587640919031464,-0.8082577446187487,True,,,,0,-0.021141314021748073
2309,9309,clean_permanent_raw_release,12,-0.21135580376937085,-0.25427238224678506,-0.02195801278707396,-0.5682856803150991,True,,,,0,-0.2053245088134022
2309,9309,clean_resident_predictive_authority,12,-0.21135580376937085,-0.25427238224678506,-0.02195801278707396,-0.5682856803150991,True,,,,0,-0.2053245088134022
2309,9309,clean_permanent_raw_release,13,-0.040430375899539905,0.3558507989845149,0.04416060586041501,0.5671976206878564,True,,,,0,-0.2608007403994237
2309,9309,clean_resident_predictive_authority,13,-0.040430375899539905,0.3558507989845149,0.04416060586041501,0.5671976206878564,True,,,,0,-0.2608007403994237
2309,9309,clean_permanent_raw_release,14,-0.049323165086110676,-0.3058198224772801,0.08989722078904247,0.4418735218079377,True,,,,0,-0.09489237741289505
2309,9309,clean_resident_predictive_authority,14,-0.049323165086110676,-0.3058198224772801,0.08989722078904247,0.4418735218079377,True,,,,0,-0.09489237741289505
2309,9309,clean_permanent_raw_release,15,0.1498613432544149,0.3553309116279819,-0.06710862126091356,-0.10602844398647338,True,,,,0,-0.026586852940087478
2309,9309,clean_resident_predictive_authority,15,0.1498613432544149,0.3553309116279819,-0.06710862126091356,-0.10602844398647338,True,,,,0,-0.026586852940087478
2309,9309,clean_permanent_raw_release,16,-0.19998207786142924,0.07481895324752375,-0.10971755338173261,0.47068480731891804,True,,,,0,-0.008495255588968933
2309,9309,clean_resident_predictive_authority,16,-0.19998207786142924,0.07481895324752375,-0.10971755338173261,0.47068480731891804,True,,,,0,-0.008495255588968933
2309,9309,clean_permanent_raw_release,17,-0.02548644186804938,-0.1651157930268754,-0.058848538184655935,0.8430366732153807,True,,,,0,-0.07384010935274612
2309,9309,clean_resident_predictive_authority,17,-0.02548644186804938,-0.1651157930268754,-0.058848538184655935,0.8430366732153807,True,,,,0,-0.07384010935274612
2309,9309,clean_permanent_raw_release,18,-0.18042506468022718,0.3123130946225614,-0.02859002859683832,-0.2589473930987023,True,,,,0,-0.014028834921944922
2309,9309,clean_resident_predictive_authority,18,-0.18042506468022718,0.3123130946225614,-0.02859002859683832,-0.2589473930987023,True,,,,0,-0.014028834921944922
2309,9309,clean_permanent_raw_release,19,-0.22376327961048098,-0.0764322158059002,0.0814221341524847,0.9590510371320524,True,,,,0,-0.323287427619753
2309,9309,clean_resident_predictive_authority,19,-0.22376327961048098,-0.0764322158059002,0.0814221341524847,0.9590510371320524,True,,,,0,-0.323287427619753
2309,9309,clean_permanent_raw_release,20,-0.24868649961774508,-0.3559516395670771,-0.08388294780269846,-0.4571119346262744,True,,,,0,-0.3202775339222312
2309,9309,clean_resident_predictive_authority,20,-0.24868649961774508,-0.3559516395670771,-0.08388294780269846,-0.4571119346262744,True,,,,0,-0.3202775339222312
2309,9309,clean_permanent_raw_release,21,-0.19734583856025628,0.43416955408813807,-0.09596538761892807,0.30307484854220745,True,,,,0,-0.03610277292086066
2309,9309,clean_resident_predictive_authority,21,-0.19734583856025628,0.43416955408813807,-0.09596538761892807,0.30307484854220745,True,,,,0,-0.03610277292086066
2309,9309,clean_permanent_raw_release,22,0.16435899512018048,0.3214370113452055,-0.13854404377062549,0.24213853161506838,True,,,,0,-0.029736719237967793
2309,9309,clean_resident_predictive_authority,22,0.16435899512018048,0.3214370113452055,-0.13854404377062549,0.24213853161506838,True,,,,0,-0.029736719237967793
2309,9309,clean_permanent_raw_release,23,-0.09896156564955932,0.30380070052768016,0.03547169707559364,-0.04559426911293318,True,,,,0,-0.036891238716508616
2309,9309,clean_resident_predictive_authority,23,-0.09896156564955932,0.30380070052768016,0.03547169707559364,-0.04559426911293318,True,,,,0,-0.036891238716508616
2310,9310,clean_permanent_raw_release,0,-0.06552688199060808,-0.4189232961713263,-0.001460027607945058,-0.6731433557445792,True,,,,0,-0.25100554824858246
2310,9310,clean_resident_predictive_authority,0,-0.06552688199060808,-0.4189232961713263,-0.001460027607945058,-0.6731433557445792,True,,,,0,-0.25100554824858246
2310,9310,clean_permanent_raw_release,1,0.07383902453136754,-0.09856304815078842,-0.0025205071933118717,-0.730635083391757,True,,,,0,-0.138091337823497
2310,9310,clean_resident_predictive_authority,1,0.07383902453136754,-0.09856304815078842,-0.0025205071933118717,-0.730635083391757,True,,,,0,-0.138091337823497
2310,9310,clean_permanent_raw_release,2,0.2054215835811714,0.4960964600544733,0.06538149446253241,-0.24986345832697077,True,,,,0,-0.09505993029667163
2310,9310,clean_resident_predictive_authority,2,0.2054215835811714,0.4960964600544733,0.06538149446253241,-0.24986345832697077,True,,,,0,-0.09505993029667163
2310,9310,clean_permanent_raw_release,3,0.16283036682869034,0.28798423792927696,0.06311186889828663,-0.7235380297876328,True,,,,0,-0.030538390483739342
2310,9310,clean_resident_predictive_authority,3,0.16283036682869034,0.28798423792927696,0.06311186889828663,-0.7235380297876328,True,,,,0,-0.030538390483739342
2310,9310,clean_permanent_raw_release,4,0.17840984508222463,0.2702791813136135,-0.03185855417083906,0.36556605816992804,True,,,,0,-0.08584876217600394
2310,9310,clean_resident_predictive_authority,4,0.17840984508222463,0.2702791813136135,-0.03185855417083906,0.36556605816992804,True,,,,0,-0.08584876217600394
2310,9310,clean_permanent_raw_release,5,0.17403666276674717,-0.11373642740715706,0.10560139133703553,0.8458779393452764,True,,,,0,-0.3470708833140859
2310,9310,clean_resident_predictive_authority,5,0.17403666276674717,-0.11373642740715706,0.10560139133703553,0.8458779393452764,True,,,,0,-0.3470708833140859
2310,9310,clean_permanent_raw_release,6,-0.14140275068650016,-0.4060252696466258,0.05231784121903316,0.879898872748005,True,,,,0,-0.11826200037017519
2310,9310,clean_resident_predictive_authority,6,-0.14140275068650016,-0.4060252696466258,0.05231784121903316,0.879898872748005,True,,,,0,-0.11826200037017519
2310,9310,clean_permanent_raw_release,7,-0.1762600166851267,0.24617180563758,0.11138976085791,0.5714095700685056,True,,,,0,-0.2744757520648944
2310,9310,clean_resident_predictive_authority,7,-0.1762600166851267,0.24617180563758,0.11138976085791,0.5714095700685056,True,,,,0,-0.2744757520648944
2310,9310,clean_permanent_raw_release,8,-0.18051416119709007,-0.3640331462451598,-0.02840751082211289,-0.9858879366667403,True,13,13,,0,-0.48773131162853833
2310,9310,clean_resident_predictive_authority,8,-0.18051416119709007,-0.3640331462451598,-0.02840751082211289,-0.9858879366667403,True,13,,9,108,-0.4861245469056694
2310,9310,clean_permanent_raw_release,9,-0.12675459565743824,-0.14389029678924015,-0.020698432786788734,0.6848708213518329,True,,,,0,-0.05119794450488157
2310,9310,clean_resident_predictive_authority,9,-0.12675459565743824,-0.14389029678924015,-0.020698432786788734,0.6848708213518329,True,,,,0,-0.05119794450488157
2310,9310,clean_permanent_raw_release,10,0.06178557642457616,-0.07282601802195632,0.11971804439618836,-0.2051475031684835,True,,,,0,-0.028345127033290736
2310,9310,clean_resident_predictive_authority,10,0.06178557642457616,-0.07282601802195632,0.11971804439618836,-0.2051475031684835,True,,,,0,-0.028345127033290736
2310,9310,clean_permanent_raw_release,11,-0.004420229072170434,-0.32839058805823274,0.02949443806274893,-0.9658798178669339,True,,,,0,-0.2733213327248961
2310,9310,clean_resident_predictive_authority,11,-0.004420229072170434,-0.32839058805823274,0.02949443806274893,-0.9658798178669339,True,,,,0,-0.2733213327248961
2310,9310,clean_permanent_raw_release,12,0.07828149252402711,0.42733581257955655,-0.07099047049272965,0.0654496658767223,True,,,,0,-0.030703340394683993
2310,9310,clean_resident_predictive_authority,12,0.07828149252402711,0.42733581257955655,-0.07099047049272965,0.0654496658767223,True,,,,0,-0.030703340394683993
2310,9310,clean_permanent_raw_release,13,-0.24562580610924017,-0.267674094441249,-0.1056233896596005,-0.39746455110759005,True,,,,0,-0.3066494826018787
2310,9310,clean_resident_predictive_authority,13,-0.24562580610924017,-0.267674094441249,-0.1056233896596005,-0.39746455110759005,True,,,,0,-0.3066494826018787
2310,9310,clean_permanent_raw_release,14,0.034327032631813914,0.06930485094802141,0.06414901436157866,-0.1951271900544087,True,,,,0,-0.018377804329529675
2310,9310,clean_resident_predictive_authority,14,0.034327032631813914,0.06930485094802141,0.06414901436157866,-0.1951271900544087,True,,,,0,-0.018377804329529675
2310,9310,clean_permanent_raw_release,15,0.1668004952903977,-0.007741828855459265,-0.025315934375555765,0.06691462818728655,True,,,,0,-0.01713185220155876
2310,9310,clean_resident_predictive_authority,15,0.1668004952903977,-0.007741828855459265,-0.025315934375555765,0.06691462818728655,True,,,,0,-0.01713185220155876
2310,9310,clean_permanent_raw_release,16,0.008856209748782262,0.3304494450327491,-0.027143188764119697,0.5232623173910518,True,,,,0,-0.1137108248887563
2310,9310,clean_resident_predictive_authority,16,0.008856209748782262,0.3304494450327491,-0.027143188764119697,0.5232623173910518,True,,,,0,-0.1137108248887563
2310,9310,clean_permanent_raw_release,17,-0.1746441371843076,-0.12493081162240416,-0.019439589388788814,-0.5463013708801743,True,,,,0,-0.15477415696048313
2310,9310,clean_resident_predictive_authority,17,-0.1746441371843076,-0.12493081162240416,-0.019439589388788814,-0.5463013708801743,True,,,,0,-0.15477415696048313
2310,9310,clean_permanent_raw_release,18,-0.01111008483560344,-0.025954336291944657,0.08835087408680095,0.7765945539173669,True,,,,0,-0.25902274448107193
2310,9310,clean_resident_predictive_authority,18,-0.01111008483560344,-0.025954336291944657,0.08835087408680095,0.7765945539173669,True,,,,0,-0.25902274448107193
2310,9310,clean_permanent_raw_release,19,0.06347277633321075,-0.017202539036727638,-0.13504807991006026,-0.5593460893373916,True,,,,0,-0.2533880223979081
2310,9310,clean_resident_predictive_authority,19,0.06347277633321075,-0.017202539036727638,-0.13504807991006026,-0.5593460893373916,True,,,,0,-0.2533880223979081
2310,9310,clean_permanent_raw_release,20,0.020521513851119833,-0.17784514143036356,0.08997116348528297,-0.9441614034335695,True,,,,0,-0.12432741565552954
2310,9310,clean_resident_predictive_authority,20,0.020521513851119833,-0.17784514143036356,0.08997116348528297,-0.9441614034335695,True,,,,0,-0.12432741565552954
2310,9310,clean_permanent_raw_release,21,-0.1977300133866619,-0.03651584012504783,-0.07431151224152957,0.030955594594604507,True,,,,0,-0.050978375995411884
2310,9310,clean_resident_predictive_authority,21,-0.1977300133866619,-0.03651584012504783,-0.07431151224152957,0.030955594594604507,True,,,,0,-0.050978375995411884
2310,9310,clean_permanent_raw_release,22,0.20386497950807425,-0.07505484616502045,0.07171196963162327,0.5799338432554673,True,,,,0,-0.18415112453144764
2310,9310,clean_resident_predictive_authority,22,0.20386497950807425,-0.07505484616502045,0.07171196963162327,0.5799338432554673,True,,,,0,-0.18415112453144764
2310,9310,clean_permanent_raw_release,23,0.12667737615862534,0.36244180074400734,0.09332033843963419,0.31048262677610805,True,,,,0,-0.2465965233967196
2310,9310,clean_resident_predictive_authority,23,0.12667737615862534,0.36244180074400734,0.09332033843963419,0.31048262677610805,True,,,,0,-0.2465965233967196
2311,9311,clean_permanent_raw_release,0,0.22784579203194377,0.4846952198291673,0.05042164851868686,0.6353183583895363,True,,,,0,-0.3973447103147103
2311,9311,clean_resident_predictive_authority,0,0.22784579203194377,0.4846952198291673,0.05042164851868686,0.6353183583895363,True,,,,0,-0.3973447103147103
2311,9311,clean_permanent_raw_release,1,0.202717924766668,0.36818761105456843,0.03053784226514855,-0.04060600084788568,True,,,,0,-0.07966808973733819
2311,9311,clean_resident_predictive_authority,1,0.202717924766668,0.36818761105456843,0.03053784226514855,-0.04060600084788568,True,,,,0,-0.07966808973733819
2311,9311,clean_permanent_raw_release,2,-0.12237614266323227,-0.26167928783142813,-0.05909386734593294,0.9490645307868415,True,,,,0,-0.07583001519201517
2311,9311,clean_resident_predictive_authority,2,-0.12237614266323227,-0.26167928783142813,-0.05909386734593294,0.9490645307868415,True,,,,0,-0.07583001519201517
2311,9311,clean_permanent_raw_release,3,-0.1978635182354801,-0.30304415833129617,-0.12108916063190042,0.8709604219269711,True,,,,0,-0.03339636740538513
2311,9311,clean_resident_predictive_authority,3,-0.1978635182354801,-0.30304415833129617,-0.12108916063190042,0.8709604219269711,True,,,,0,-0.03339636740538513
2311,9311,clean_permanent_raw_release,4,-0.032036195120019595,-0.36368943181217706,0.005509455562620946,-0.7454379783614906,True,,,,0,-0.25673828570894447
2311,9311,clean_resident_predictive_authority,4,-0.032036195120019595,-0.36368943181217706,0.005509455562620946,-0.7454379783614906,True,,,,0,-0.25673828570894447
2311,9311,clean_permanent_raw_release,5,0.08727861509663881,0.06679649743766292,0.04134441324445093,-0.55295115655726,True,,,,0,-0.036656446346564425
2311,9311,clean_resident_predictive_authority,5,0.08727861509663881,0.06679649743766292,0.04134441324445093,-0.55295115655726,True,,,,0,-0.036656446346564425
2311,9311,clean_permanent_raw_release,6,-0.1661852214163323,-0.024651443991062783,0.03263227401131605,-0.6741179795165111,True,,,,0,-0.11344772724297268
2311,9311,clean_resident_predictive_authority,6,-0.1661852214163323,-0.024651443991062783,0.03263227401131605,-0.6741179795165111,True,,,,0,-0.11344772724297268
2311,9311,clean_permanent_raw_release,7,0.21612178339231924,0.35900273878386224,0.1314531888952448,-0.6362905639253384,True,,,,0,-0.050797713186985866
2311,9311,clean_resident_predictive_authority,7,0.21612178339231924,0.35900273878386224,0.1314531888952448,-0.6362905639253384,True,,,,0,-0.050797713186985866
2311,9311,clean_permanent_raw_release,8,-0.002297607960678627,-0.45776937358434233,0.018798935588146243,0.23614615420064755,True,,,,0,-0.02055744739719915
2311,9311,clean_resident_predictive_authority,8,-0.002297607960678627,-0.45776937358434233,0.018798935588146243,0.23614615420064755,True,,,,0,-0.02055744739719915
2311,9311,clean_permanent_raw_release,9,-0.14616937367495164,-0.21707641048744264,-0.068378816026827,-0.7190929112490254,True,,,,0,-0.3522194807110973
2311,9311,clean_resident_predictive_authority,9,-0.14616937367495164,-0.21707641048744264,-0.068378816026827,-0.7190929112490254,True,,,,0,-0.3522194807110973
2311,9311,clean_permanent_raw_release,10,0.06779524497110212,0.24703349028538424,0.06419533456121357,-0.8795139881585603,True,,,,0,-0.06265162297590665
2311,9311,clean_resident_predictive_authority,10,0.06779524497110212,0.24703349028538424,0.06419533456121357,-0.8795139881585603,True,,,,0,-0.06265162297590665
2311,9311,clean_permanent_raw_release,11,0.1521858138095472,-0.21468970889152728,0.07164772279651621,0.7227080892810607,True,,,,0,-0.18994479231882463
2311,9311,clean_resident_predictive_authority,11,0.1521858138095472,-0.21468970889152728,0.07164772279651621,0.7227080892810607,True,,,,0,-0.18994479231882463
2311,9311,clean_permanent_raw_release,12,-0.1823736163631775,0.1543243178554543,-0.1241564748291315,0.13669161194200496,True,,,,0,-0.039511211636714415
2311,9311,clean_resident_predictive_authority,12,-0.1823736163631775,0.1543243178554543,-0.1241564748291315,0.13669161194200496,True,,,,0,-0.039511211636714415
2311,9311,clean_permanent_raw_release,13,-0.05838525654836413,0.3943032477021009,-0.09925538697878225,0.04493746879940108,True,,,,0,-0.04256876025229289
2311,9311,clean_resident_predictive_authority,13,-0.05838525654836413,0.3943032477021009,-0.09925538697878225,0.04493746879940108,True,,,,0,-0.04256876025229289
2311,9311,clean_permanent_raw_release,14,-0.04056065093827782,-0.1243207271781096,-0.04929672988752462,0.5024408425618632,True,,,,0,-0.023503507950167854
2311,9311,clean_resident_predictive_authority,14,-0.04056065093827782,-0.1243207271781096,-0.04929672988752462,0.5024408425618632,True,,,,0,-0.023503507950167854
2311,9311,clean_permanent_raw_release,15,0.08915506768042836,0.26138282784576183,0.12202171293326183,-0.07052731145375857,True,,,,0,-0.1179944962725574
2311,9311,clean_resident_predictive_authority,15,0.08915506768042836,0.26138282784576183,0.12202171293326183,-0.07052731145375857,True,,,,0,-0.1179944962725574
2311,9311,clean_permanent_raw_release,16,-0.08006814281339875,0.08623019158737133,-0.14001243468069577,0.8193726594158193,True,,,,0,-0.03717565693484136
2311,9311,clean_resident_predictive_authority,16,-0.08006814281339875,0.08623019158737133,-0.14001243468069577,0.8193726594158193,True,,,,0,-0.03717565693484136
2311,9311,clean_permanent_raw_release,17,-0.1275070562428755,-0.2589951120628612,0.14505919396431463,0.05487018755265605,True,,,,0,-0.0613930634374858
2311,9311,clean_resident_predictive_authority,17,-0.1275070562428755,-0.2589951120628612,0.14505919396431463,0.05487018755265605,True,,,,0,-0.0613930634374858
2311,9311,clean_permanent_raw_release,18,-0.12989268605720583,-0.47834320073348624,0.041142900880191846,-0.23123708844495683,True,,,,0,-0.09546309940257501
2311,9311,clean_resident_predictive_authority,18,-0.12989268605720583,-0.47834320073348624,0.041142900880191846,-0.23123708844495683,True,,,,0,-0.09546309940257501
2311,9311,clean_permanent_raw_release,19,0.24858943262097238,-0.4417438780666266,0.08133877818214824,-0.16604892885806022,True,,,,0,-0.04465420598067881
2311,9311,clean_resident_predictive_authority,19,0.24858943262097238,-0.4417438780666266,0.08133877818214824,-0.16604892885806022,True,,,,0,-0.04465420598067881
2311,9311,clean_permanent_raw_release,20,-0.010834286835457674,-0.4287408713613019,0.08920157993183206,-0.4947844063506259,True,,,,0,-0.08224914016162252
2311,9311,clean_resident_predictive_authority,20,-0.010834286835457674,-0.4287408713613019,0.08920157993183206,-0.4947844063506259,True,,,,0,-0.08224914016162252
2311,9311,clean_permanent_raw_release,21,0.1307098643952168,-0.32714564352041353,-0.01072293475931721,0.8715249355395946,True,,,,0,-0.1044260344136083
2311,9311,clean_resident_predictive_authority,21,0.1307098643952168,-0.32714564352041353,-0.01072293475931721,0.8715249355395946,True,,,,0,-0.1044260344136083
2311,9311,clean_permanent_raw_release,22,0.07312872238022694,-0.3446941947150646,-0.06871117729373956,-0.3213402619713035,True,,,,0,-0.17872639001240395
2311,9311,clean_resident_predictive_authority,22,0.07312872238022694,-0.3446941947150646,-0.06871117729373956,-0.3213402619713035,True,,,,0,-0.17872639001240395
2311,9311,clean_permanent_raw_release,23,-0.07715412118436638,0.27807394193194646,-0.06997101319892408,-0.45628815869233996,True,,,,0,-0.08702736087159746
2311,9311,clean_resident_predictive_authority,23,-0.07715412118436638,0.27807394193194646,-0.06997101319892408,-0.45628815869233996,True,,,,0,-0.08702736087159746
2312,9312,clean_permanent_raw_release,0,0.195480394812159,-0.28470261365801286,-0.13141225112710594,-0.2647878125297023,True,,,,0,-0.22184910304226807
2312,9312,clean_resident_predictive_authority,0,0.195480394812159,-0.28470261365801286,-0.13141225112710594,-0.2647878125297023,True,,,,0,-0.22184910304226807
2312,9312,clean_permanent_raw_release,1,-0.04515629930290199,-0.015412522050378241,0.1143257632567142,-0.40125696012812506,True,,,,0,-0.013106617641794216
2312,9312,clean_resident_predictive_authority,1,-0.04515629930290199,-0.015412522050378241,0.1143257632567142,-0.40125696012812506,True,,,,0,-0.013106617641794216
2312,9312,clean_permanent_raw_release,2,0.007196907088785398,0.35558385070430154,-0.0785030147846031,-0.10218784638525702,True,,,,0,-0.03788473259126659
2312,9312,clean_resident_predictive_authority,2,0.007196907088785398,0.35558385070430154,-0.0785030147846031,-0.10218784638525702,True,,,,0,-0.03788473259126659
2312,9312,clean_permanent_raw_release,3,0.09266071585518637,0.3488461148136762,0.11156573459709632,0.3107599505713363,True,,,,0,-0.28572193533631496
2312,9312,clean_resident_predictive_authority,3,0.09266071585518637,0.3488461148136762,0.11156573459709632,0.3107599505713363,True,,,,0,-0.28572193533631496
2312,9312,clean_permanent_raw_release,4,0.08658880922989354,0.04224230365782844,-0.06789537442484607,-0.0702075353249525,True,,,,0,-0.029608777412208378
2312,9312,clean_resident_predictive_authority,4,0.08658880922989354,0.04224230365782844,-0.06789537442484607,-0.0702075353249525,True,,,,0,-0.029608777412208378
2312,9312,clean_permanent_raw_release,5,0.056167982379804415,0.17178504900685554,-0.12871507852188588,0.5385937442206157,True,,,,0,-0.029050293704084747
2312,9312,clean_resident_predictive_authority,5,0.056167982379804415,0.17178504900685554,-0.12871507852188588,0.5385937442206157,True,,,,0,-0.029050293704084747
2312,9312,clean_permanent_raw_release,6,-0.16643433168067984,0.04575082166819888,-0.0590436638193942,-0.3738182177284224,True,,,,0,-0.11184301580357768
2312,9312,clean_resident_predictive_authority,6,-0.16643433168067984,0.04575082166819888,-0.0590436638193942,-0.3738182177284224,True,,,,0,-0.11184301580357768
2312,9312,clean_permanent_raw_release,7,-0.07910899922238812,0.39679446658478124,-0.019852502382249615,0.04512888823928929,True,,,,0,-0.03549095560030654
2312,9312,clean_resident_predictive_authority,7,-0.07910899922238812,0.39679446658478124,-0.019852502382249615,0.04512888823928929,True,,,,0,-0.03549095560030654
2312,9312,clean_permanent_raw_release,8,-0.22886798203669367,-0.28084777436394026,0.03936951749542386,0.42673785276535847,True,,,,0,-0.08557264117990242
2312,9312,clean_resident_predictive_authority,8,-0.22886798203669367,-0.28084777436394026,0.03936951749542386,0.42673785276535847,True,,,,0,-0.08557264117990242
2312,9312,clean_permanent_raw_release,9,-0.14996508720166435,0.12904725192932975,-0.018335150441776887,-0.9969016737258807,True,,,,0,-0.24735451550763884
2312,9312,clean_resident_predictive_authority,9,-0.14996508720166435,0.12904725192932975,-0.018335150441776887,-0.9969016737258807,True,,,,0,-0.24735451550763884
2312,9312,clean_permanent_raw_release,10,-0.23003100897312612,0.13767681247111752,-0.026216656556855136,0.22666041769387713,True,,,,0,-0.030635555481630633
2312,9312,clean_resident_predictive_authority,10,-0.23003100897312612,0.13767681247111752,-0.026216656556855136,0.22666041769387713,True,,,,0,-0.030635555481630633
2312,9312,clean_permanent_raw_release,11,-0.2222695297426035,0.3222239538986018,0.0649672479225446,-0.26100274576513893,True,,,,0,-0.04561207473569974
2312,9312,clean_resident_predictive_authority,11,-0.2222695297426035,0.3222239538986018,0.0649672479225446,-0.26100274576513893,True,,,,0,-0.04561207473569974
2312,9312,clean_permanent_raw_release,12,0.0639026493674732,-0.18468306210888785,0.014118509451872513,0.33368645082299575,True,,,,0,-0.02851617641189833
2312,9312,clean_resident_predictive_authority,12,0.0639026493674732,-0.18468306210888785,0.014118509451872513,0.33368645082299575,True,,,,0,-0.02851617641189833
2312,9312,clean_permanent_raw_release,13,-0.1565790544258489,-0.15768463412601974,0.05929160571762812,-0.697691309625506,True,,,,0,-0.12400761481690263
2312,9312,clean_resident_predictive_authority,13,-0.1565790544258489,-0.15768463412601974,0.05929160571762812,-0.697691309625506,True,,,,0,-0.12400761481690263
2312,9312,clean_permanent_raw_release,14,0.05111049905760762,0.2598925697007589,-0.07198162893600325,-0.32197738373270135,True,,,,0,-0.05386761372249158
2312,9312,clean_resident_predictive_authority,14,0.05111049905760762,0.2598925697007589,-0.07198162893600325,-0.32197738373270135,True,,,,0,-0.05386761372249158
2312,9312,clean_permanent_raw_release,15,-0.020648676440680525,-0.3875880640434092,-0.11659228052379211,0.05148423124292445,True,,,,0,-0.1478577129882515
2312,9312,clean_resident_predictive_authority,15,-0.020648676440680525,-0.3875880640434092,-0.11659228052379211,0.05148423124292445,True,,,,0,-0.1478577129882515
2312,9312,clean_permanent_raw_release,16,0.08533093943222098,-0.28372927779722135,0.06695777058301605,0.3192470723212668,True,,,,0,-0.05344755058059496
2312,9312,clean_resident_predictive_authority,16,0.08533093943222098,-0.28372927779722135,0.06695777058301605,0.3192470723212668,True,,,,0,-0.05344755058059496
2312,9312,clean_permanent_raw_release,17,0.02909308899525831,-0.062153804611038144,-0.005191675612213981,-0.9891697472798622,True,,,,0,-0.2562535513866221
2312,9312,clean_resident_predictive_authority,17,0.02909308899525831,-0.062153804611038144,-0.005191675612213981,-0.9891697472798622,True,,,,0,-0.2562535513866221
2312,9312,clean_permanent_raw_release,18,-0.14611778633354205,-0.4842168228188092,-0.10209051210846432,-0.013788080086257981,True,,,,0,-0.20405957984846415
2312,9312,clean_resident_predictive_authority,18,-0.14611778633354205,-0.4842168228188092,-0.10209051210846432,-0.013788080086257981,True,,,,0,-0.20405957984846415
2312,9312,clean_permanent_raw_release,19,0.15954094740809077,-0.3030908570548084,0.1251593005087032,-0.10423512181770866,True,,,,0,-0.026628560571014103
2312,9312,clean_resident_predictive_authority,19,0.15954094740809077,-0.3030908570548084,0.1251593005087032,-0.10423512181770866,True,,,,0,-0.026628560571014103
2312,9312,clean_permanent_raw_release,20,0.2368963379080133,0.11808095863212631,0.002029190991407026,-0.6755603907340955,True,,,,0,-0.0976848748043005
2312,9312,clean_resident_predictive_authority,20,0.2368963379080133,0.11808095863212631,0.002029190991407026,-0.6755603907340955,True,,,,0,-0.0976848748043005
2312,9312,clean_permanent_raw_release,21,0.08073871176375536,-0.08044406380438174,-0.12786841003063043,-0.3770801549661247,True,,,,0,-0.20692798274056132
2312,9312,clean_resident_predictive_authority,21,0.08073871176375536,-0.08044406380438174,-0.12786841003063043,-0.3770801549661247,True,,,,0,-0.20692798274056132
2312,9312,clean_permanent_raw_release,22,-0.19164044197046215,0.15531698612269085,-0.1389175481487023,0.4644511889080529,True,,,,0,-0.014012891230451676
2312,9312,clean_resident_predictive_authority,22,-0.19164044197046215,0.15531698612269085,-0.1389175481487023,0.4644511889080529,True,,,,0,-0.014012891230451676
2312,9312,clean_permanent_raw_release,23,0.005635482720852181,-0.4326998592500212,0.14001678881129856,0.1865292798783016,True,,,,0,-0.06652476624413883
2312,9312,clean_resident_predictive_authority,23,0.005635482720852181,-0.4326998592500212,0.14001678881129856,0.1865292798783016,True,,,,0,-0.06652476624413883
2313,9313,clean_permanent_raw_release,0,-0.24993875465778564,-0.4300100208179808,-0.10736516089205325,0.3665181912202766,True,,,,0,-0.3012900651791803
2313,9313,clean_resident_predictive_authority,0,-0.24993875465778564,-0.4300100208179808,-0.10736516089205325,0.3665181912202766,True,,,,0,-0.3012900651791803
2313,9313,clean_permanent_raw_release,1,0.008558725738237405,0.48225439726749897,0.045260121954753985,-0.3219002007966134,True,,,,0,-0.22061818771488215
2313,9313,clean_resident_predictive_authority,1,0.008558725738237405,0.48225439726749897,0.045260121954753985,-0.3219002007966134,True,,,,0,-0.22061818771488215
2313,9313,clean_permanent_raw_release,2,-0.13365619844254184,-0.23766075950802878,0.12535794158648308,-0.5041290353156225,True,,,,0,-0.24280301572602495
2313,9313,clean_resident_predictive_authority,2,-0.13365619844254184,-0.23766075950802878,0.12535794158648308,-0.5041290353156225,True,,,,0,-0.24280301572602495
2313,9313,clean_permanent_raw_release,3,-0.18394618652573325,0.31357613885926716,-0.06760456933178333,0.24534348294894803,True,,,,0,-0.20290543090255142
2313,9313,clean_resident_predictive_authority,3,-0.18394618652573325,0.31357613885926716,-0.06760456933178333,0.24534348294894803,True,,,,0,-0.20290543090255142
2313,9313,clean_permanent_raw_release,4,0.18611519790035408,-0.3301366969752896,-0.06254783148794231,0.8637509854077965,True,,,,0,-0.24246221007149213
2313,9313,clean_resident_predictive_authority,4,0.18611519790035408,-0.3301366969752896,-0.06254783148794231,0.8637509854077965,True,,,,0,-0.24246221007149213
2313,9313,clean_permanent_raw_release,5,-0.14900016410820843,0.4935993684871961,-0.14537987369686692,-0.36396440098064997,True,,,,0,-0.28800282973594443
2313,9313,clean_resident_predictive_authority,5,-0.14900016410820843,0.4935993684871961,-0.14537987369686692,-0.36396440098064997,True,,,,0,-0.28800282973594443
2313,9313,clean_permanent_raw_release,6,-0.0729138256025178,0.21012565322817478,-0.018258922639282554,0.543254789494716,True,,,,0,-0.26615103770417203
2313,9313,clean_resident_predictive_authority,6,-0.0729138256025178,0.21012565322817478,-0.018258922639282554,0.543254789494716,True,,,,0,-0.26615103770417203
2313,9313,clean_permanent_raw_release,7,0.1702835184037128,-0.03781962426177354,0.14345093222042796,0.1836462318244354,True,,,,0,-0.3362786690817109
2313,9313,clean_resident_predictive_authority,7,0.1702835184037128,-0.03781962426177354,0.14345093222042796,0.1836462318244354,True,,,,0,-0.3362786690817109
2313,9313,clean_permanent_raw_release,8,0.23392967509468515,0.12586108086853764,0.1335801638291054,0.6652174136246698,True,,,,0,-0.6145750371303129
2313,9313,clean_resident_predictive_authority,8,0.23392967509468515,0.12586108086853764,0.1335801638291054,0.6652174136246698,True,,,,0,-0.6145750371303129
2313,9313,clean_permanent_raw_release,9,-0.23278326988194664,0.08303503180797711,0.0023741102353982135,0.15180402439193785,True,,,,0,-0.20855472819651116
2313,9313,clean_resident_predictive_authority,9,-0.23278326988194664,0.08303503180797711,0.0023741102353982135,0.15180402439193785,True,,,,0,-0.20855472819651116
2313,9313,clean_permanent_raw_release,10,0.07046752756887731,-0.2946994848159097,0.040846419867980016,-0.9715125709298491,True,,,,0,-0.4395270859519225
2313,9313,clean_resident_predictive_authority,10,0.07046752756887731,-0.2946994848159097,0.040846419867980016,-0.9715125709298491,True,,,,0,-0.4395270859519225
2313,9313,clean_permanent_raw_release,11,0.011787239414417894,0.2650141427068323,0.03330736371429116,-0.3090171399887849,True,,,,0,-0.20459036706583617
2313,9313,clean_resident_predictive_authority,11,0.011787239414417894,0.2650141427068323,0.03330736371429116,-0.3090171399887849,True,,,,0,-0.20459036706583617
2313,9313,clean_permanent_raw_release,12,0.11966144226275927,-0.3340470055033019,-0.12474516419168963,0.9577035249864909,True,,,,0,-0.21766553858659365
2313,9313,clean_resident_predictive_authority,12,0.11966144226275927,-0.3340470055033019,-0.12474516419168963,0.9577035249864909,True,,,,0,-0.21766553858659365
2313,9313,clean_permanent_raw_release,13,0.10173080040276739,-0.05858381935513313,0.023355533283341307,0.41443026195190424,True,,,,0,-0.25058981684790654
2313,9313,clean_resident_predictive_authority,13,0.10173080040276739,-0.05858381935513313,0.023355533283341307,0.41443026195190424,True,,,,0,-0.25058981684790654
2313,9313,clean_permanent_raw_release,14,-0.1845109178568119,0.21852631322733218,0.11260254797966393,-0.9881857212088927,True,,,,0,-0.26292355056952377
2313,9313,clean_resident_predictive_authority,14,-0.1845109178568119,0.21852631322733218,0.11260254797966393,-0.9881857212088927,True,,,,0,-0.26292355056952377
2313,9313,clean_permanent_raw_release,15,0.10420876148693425,-0.03830854057107769,0.0854617176049561,0.48424764895444317,True,,,,0,-0.33816155559279887
2313,9313,clean_resident_predictive_authority,15,0.10420876148693425,-0.03830854057107769,0.0854617176049561,0.48424764895444317,True,,,,0,-0.33816155559279887
2313,9313,clean_permanent_raw_release,16,-0.04231146422861759,0.34750034817039976,0.039028795133753236,0.5425662899928883,True,,,,0,-0.3753911337186817
2313,9313,clean_resident_predictive_authority,16,-0.04231146422861759,0.34750034817039976,0.039028795133753236,0.5425662899928883,True,,,,0,-0.3753911337186817
2313,9313,clean_permanent_raw_release,17,-0.06903292133879019,0.12645258662341596,-0.058574873533727256,0.7456894166771266,True,,,,0,-0.2595774259327578
2313,9313,clean_resident_predictive_authority,17,-0.06903292133879019,0.12645258662341596,-0.058574873533727256,0.7456894166771266,True,,,,0,-0.2595774259327578
2313,9313,clean_permanent_raw_release,18,0.16195022995918384,0.18460419866164535,0.05844302395201981,0.366174004773119,True,,,,0,-0.3399379616098385
2313,9313,clean_resident_predictive_authority,18,0.16195022995918384,0.18460419866164535,0.05844302395201981,0.366174004773119,True,,,,0,-0.3399379616098385
2313,9313,clean_permanent_raw_release,19,0.011784110857548713,0.2694510785290921,0.10921560253652587,0.7238308580112316,True,13,13,,0,-0.581487787323443
2313,9313,clean_resident_predictive_authority,19,0.011784110857548713,0.2694510785290921,0.10921560253652587,0.7238308580112316,True,13,,9,100,-0.46575254017472767
2313,9313,clean_permanent_raw_release,20,0.010717879569092814,0.32928523324313697,-0.09440566176733489,0.617507816470714,True,,,,0,-0.24893618530251432
2313,9313,clean_resident_predictive_authority,20,0.010717879569092814,0.32928523324313697,-0.09440566176733489,0.617507816470714,True,,,,0,-0.24893618530251432
2313,9313,clean_permanent_raw_release,21,0.007948357523801186,0.38240602292449166,0.1262955851302557,-0.7284332694995432,True,,,,0,-0.2150314839467491
2313,9313,clean_resident_predictive_authority,21,0.007948357523801186,0.38240602292449166,0.1262955851302557,-0.7284332694995432,True,,,,0,-0.2150314839467491
2313,9313,clean_permanent_raw_release,22,0.07852456134284758,0.1054329217892217,0.04562924522863332,0.7109603329000773,True,,,,0,-0.39676389198577733
2313,9313,clean_resident_predictive_authority,22,0.07852456134284758,0.1054329217892217,0.04562924522863332,0.7109603329000773,True,,,,0,-0.39676389198577733
2313,9313,clean_permanent_raw_release,23,-0.21699525688276283,-0.07901666656007778,-0.10923945279986036,-0.9291897585261879,True,,,,0,-0.746174191314644
2313,9313,clean_resident_predictive_authority,23,-0.21699525688276283,-0.07901666656007778,-0.10923945279986036,-0.9291897585261879,True,,,,0,-0.746174191314644
2314,9314,clean_permanent_raw_release,0,0.03511090029260022,0.2089845464309762,-0.11501728406991601,0.18151259002494613,True,,,,0,-0.061208662559324604
2314,9314,clean_resident_predictive_authority,0,0.03511090029260022,0.2089845464309762,-0.11501728406991601,0.18151259002494613,True,,,,0,-0.061208662559324604
2314,9314,clean_permanent_raw_release,1,0.13625382633483907,0.004839305378621428,-0.08875471094853099,-0.39399027352413474,True,,,,0,-0.1576142157267194
2314,9314,clean_resident_predictive_authority,1,0.13625382633483907,0.004839305378621428,-0.08875471094853099,-0.39399027352413474,True,,,,0,-0.1576142157267194
2314,9314,clean_permanent_raw_release,2,0.13107676172122956,0.15191690846585526,-0.12670645995944554,-0.9523220083959099,True,,,,0,-0.4163226770310024
2314,9314,clean_resident_predictive_authority,2,0.13107676172122956,0.15191690846585526,-0.12670645995944554,-0.9523220083959099,True,,,,0,-0.4163226770310024
2314,9314,clean_permanent_raw_release,3,0.21020040762602915,-0.17505879949685188,0.09112143940585474,-0.3773990847970474,True,,,,0,-0.07330691204890703
2314,9314,clean_resident_predictive_authority,3,0.21020040762602915,-0.17505879949685188,0.09112143940585474,-0.3773990847970474,True,,,,0,-0.07330691204890703
2314,9314,clean_permanent_raw_release,4,-0.22450196723163857,-0.22573076789284163,0.12254497143441692,0.12223230829616227,True,,,,0,-0.09564912918092175
2314,9314,clean_resident_predictive_authority,4,-0.22450196723163857,-0.22573076789284163,0.12254497143441692,0.12223230829616227,True,,,,0,-0.09564912918092175
2314,9314,clean_permanent_raw_release,5,0.15901305814301486,-0.27058484063820787,0.09377471750043095,-0.36524334776543577,True,,,,0,-0.07667466670486525
2314,9314,clean_resident_predictive_authority,5,0.15901305814301486,-0.27058484063820787,0.09377471750043095,-0.36524334776543577,True,,,,0,-0.07667466670486525
2314,9314,clean_permanent_raw_release,6,-0.14707523924531052,0.4137847356030526,-0.011684110557651117,0.8620360371460607,True,,,,0,-0.2887581470135032
2314,9314,clean_resident_predictive_authority,6,-0.14707523924531052,0.4137847356030526,-0.011684110557651117,0.8620360371460607,True,,,,0,-0.2887581470135032
2314,9314,clean_permanent_raw_release,7,-0.19745763896577018,-0.4744314590423576,-0.04735845284154103,-0.7760694124353864,True,11,11,,0,-0.533067732713966
2314,9314,clean_resident_predictive_authority,7,-0.19745763896577018,-0.4744314590423576,-0.04735845284154103,-0.7760694124353864,True,11,,7,109,-0.4754644050044849
2314,9314,clean_permanent_raw_release,8,-0.10313588001812751,-0.3139829339821645,-0.07846490955087233,-0.3390443970446848,True,,,,0,-0.264967902147343
2314,9314,clean_resident_predictive_authority,8,-0.10313588001812751,-0.3139829339821645,-0.07846490955087233,-0.3390443970446848,True,,,,0,-0.264967902147343
2314,9314,clean_permanent_raw_release,9,-0.11625895639382133,0.29947221642528277,0.02598919880201392,0.9873074497219558,True,,,,0,-0.3836630207130676
2314,9314,clean_resident_predictive_authority,9,-0.11625895639382133,0.29947221642528277,0.02598919880201392,0.9873074497219558,True,,,,0,-0.3836630207130676
2314,9314,clean_permanent_raw_release,10,0.12075827019470714,0.46468127194039266,0.12431975344636556,-0.8917925447770714,True,,,,0,-0.08436031186633415
2314,9314,clean_resident_predictive_authority,10,0.12075827019470714,0.46468127194039266,0.12431975344636556,-0.8917925447770714,True,,,,0,-0.08436031186633415
2314,9314,clean_permanent_raw_release,11,-0.13797552478195507,0.23354085588081464,-0.10965492915465067,0.6983874971831598,True,,,,0,-0.08554606765749971
2314,9314,clean_resident_predictive_authority,11,-0.13797552478195507,0.23354085588081464,-0.10965492915465067,0.6983874971831598,True,,,,0,-0.08554606765749971
2314,9314,clean_permanent_raw_release,12,0.011180806995501225,0.24094687783929836,-0.10483385984240151,-0.568958075699324,True,,,,0,-0.1885196186435004
2314,9314,clean_resident_predictive_authority,12,0.011180806995501225,0.24094687783929836,-0.10483385984240151,-0.568958075699324,True,,,,0,-0.1885196186435004
2314,9314,clean_permanent_raw_release,13,-0.12759590789876446,0.2637367632124461,-0.10877791009771115,0.2580578922708172,True,,,,0,-0.058465225832795946
2314,9314,clean_resident_predictive_authority,13,-0.12759590789876446,0.2637367632124461,-0.10877791009771115,0.2580578922708172,True,,,,0,-0.058465225832795946
2314,9314,clean_permanent_raw_release,14,-0.18603602013744136,-0.05196892607290082,0.08728458445241499,-0.30349866596382835,True,,,,0,-0.07274903412109926
2314,9314,clean_resident_predictive_authority,14,-0.18603602013744136,-0.05196892607290082,0.08728458445241499,-0.30349866596382835,True,,,,0,-0.07274903412109926
2314,9314,clean_permanent_raw_release,15,0.24089685661138188,-0.32205011406420714,0.10905563958977019,0.41974515780986366,True,,,,0,-0.17182313569553134
2314,9314,clean_resident_predictive_authority,15,0.24089685661138188,-0.32205011406420714,0.10905563958977019,0.41974515780986366,True,,,,0,-0.17182313569553134
2314,9314,clean_permanent_raw_release,16,0.22960581176510747,0.15754476533505712,-0.059184736377167646,0.5827825741993589,True,,,,0,-0.13705643495447753
2314,9314,clean_resident_predictive_authority,16,0.22960581176510747,0.15754476533505712,-0.059184736377167646,0.5827825741993589,True,,,,0,-0.13705643495447753
2314,9314,clean_permanent_raw_release,17,-0.18599231064970395,0.10419166083977505,0.08839038785368045,0.5500231216659253,True,,,,0,-0.2185696517301955
2314,9314,clean_resident_predictive_authority,17,-0.18599231064970395,0.10419166083977505,0.08839038785368045,0.5500231216659253,True,,,,0,-0.2185696517301955
2314,9314,clean_permanent_raw_release,18,0.08468718398062985,-0.12979718371188775,0.07115440957222074,-0.5529461134802183,True,,,,0,-0.0922538670262037
2314,9314,clean_resident_predictive_authority,18,0.08468718398062985,-0.12979718371188775,0.07115440957222074,-0.5529461134802183,True,,,,0,-0.0922538670262037
2314,9314,clean_permanent_raw_release,19,-0.1555947412231446,-0.2000889618219277,-0.10359833060231421,0.7367183940157009,True,,,,0,-0.0659331740340662
2314,9314,clean_resident_predictive_authority,19,-0.1555947412231446,-0.2000889618219277,-0.10359833060231421,0.7367183940157009,True,,,,0,-0.0659331740340662
2314,9314,clean_permanent_raw_release,20,-0.0679092643810133,-0.20943809442281736,-0.004584744316118106,0.5783457196971649,True,,,,0,-0.08504119675574986
2314,9314,clean_resident_predictive_authority,20,-0.0679092643810133,-0.20943809442281736,-0.004584744316118106,0.5783457196971649,True,,,,0,-0.08504119675574986
2314,9314,clean_permanent_raw_release,21,0.17585784491729206,0.494830950986321,0.01862852652033306,0.49865836756113024,True,,,,0,-0.30478227429884885
2314,9314,clean_resident_predictive_authority,21,0.17585784491729206,0.494830950986321,0.01862852652033306,0.49865836756113024,True,,,,0,-0.30478227429884885
2314,9314,clean_permanent_raw_release,22,0.06297449421214091,0.20598146337191336,0.02930196063374449,0.36010644690474614,True,,,,0,-0.15107469031124196
2314,9314,clean_resident_predictive_authority,22,0.06297449421214091,0.20598146337191336,0.02930196063374449,0.36010644690474614,True,,,,0,-0.15107469031124196
2314,9314,clean_permanent_raw_release,23,-0.005978769862070854,0.41958525854250106,0.047943949695701316,-0.642477150385818,True,,,,0,-0.4310366756056277
2314,9314,clean_resident_predictive_authority,23,-0.005978769862070854,0.41958525854250106,0.047943949695701316,-0.642477150385818,True,,,,0,-0.4310366756056277
2315,9315,clean_permanent_raw_release,0,-0.06615870215175512,0.2513687160547522,-0.1474420833891998,-0.49907807247184044,True,,,,0,-0.19678520197241647
2315,9315,clean_resident_predictive_authority,0,-0.06615870215175512,0.2513687160547522,-0.1474420833891998,-0.49907807247184044,True,,,,0,-0.19678520197241647
2315,9315,clean_permanent_raw_release,1,0.10594205075602597,-0.013776809134808055,-0.10606515014229634,0.1677102411309408,True,,,,0,-0.11681065008007945
2315,9315,clean_resident_predictive_authority,1,0.10594205075602597,-0.013776809134808055,-0.10606515014229634,0.1677102411309408,True,,,,0,-0.11681065008007945
2315,9315,clean_permanent_raw_release,2,-0.1521569958740488,-0.019497653619075517,0.12568208910687814,0.5796992301021417,True,,,,0,-0.23018780079065546
2315,9315,clean_resident_predictive_authority,2,-0.1521569958740488,-0.019497653619075517,0.12568208910687814,0.5796992301021417,True,,,,0,-0.23018780079065546
2315,9315,clean_permanent_raw_release,3,-0.19420921080897335,-0.08555562919808513,0.003144339174415256,-0.19589934953000454,True,,,,0,-0.054240780027819825
2315,9315,clean_resident_predictive_authority,3,-0.19420921080897335,-0.08555562919808513,0.003144339174415256,-0.19589934953000454,True,,,,0,-0.054240780027819825
2315,9315,clean_permanent_raw_release,4,0.22291427531362146,0.2695916953921579,0.1492048783660105,0.5451444790999533,True,,,,0,-0.5064788807396895
2315,9315,clean_resident_predictive_authority,4,0.22291427531362146,0.2695916953921579,0.1492048783660105,0.5451444790999533,True,,,,0,-0.5064788807396895
2315,9315,clean_permanent_raw_release,5,-0.1450919108140291,0.3124809512282217,0.02052130739511787,0.8949022975545284,True,,,,0,-0.3061900627495144
2315,9315,clean_resident_predictive_authority,5,-0.1450919108140291,0.3124809512282217,0.02052130739511787,0.8949022975545284,True,,,,0,-0.3061900627495144
2315,9315,clean_permanent_raw_release,6,-0.231955929055711,-0.25344049289811443,-0.11911369580807978,-0.21242141499057876,True,,,,0,-0.24736508070246382
2315,9315,clean_resident_predictive_authority,6,-0.231955929055711,-0.25344049289811443,-0.11911369580807978,-0.21242141499057876,True,,,,0,-0.24736508070246382
2315,9315,clean_permanent_raw_release,7,0.1722184540270486,-0.31050063050091603,0.10807174139867906,-0.2020608674265949,True,,,,0,-0.02865652639553058
2315,9315,clean_resident_predictive_authority,7,0.1722184540270486,-0.31050063050091603,0.10807174139867906,-0.2020608674265949,True,,,,0,-0.02865652639553058
2315,9315,clean_permanent_raw_release,8,-0.07813198417474121,-0.349305725877476,0.1288251160423368,-0.4182451948435151,True,,,,0,-0.04300183343376608
2315,9315,clean_resident_predictive_authority,8,-0.07813198417474121,-0.349305725877476,0.1288251160423368,-0.4182451948435151,True,,,,0,-0.04300183343376608
2315,9315,clean_permanent_raw_release,9,-0.07158342689459984,0.2899224631016901,0.07362033053730982,0.22260391447102945,True,,,,0,-0.13562407518822042
2315,9315,clean_resident_predictive_authority,9,-0.07158342689459984,0.2899224631016901,0.07362033053730982,0.22260391447102945,True,,,,0,-0.13562407518822042
2315,9315,clean_permanent_raw_release,10,-0.043017753697914274,0.08515788172798489,-0.03535763903349244,-0.2029357224242736,True,,,,0,-0.041168783246187696
2315,9315,clean_resident_predictive_authority,10,-0.043017753697914274,0.08515788172798489,-0.03535763903349244,-0.2029357224242736,True,,,,0,-0.041168783246187696
2315,9315,clean_permanent_raw_release,11,0.1089256551699545,0.36317658973211986,0.10372927312450106,-0.2930802083207409,True,,,,0,-0.08533769005883222
2315,9315,clean_resident_predictive_authority,11,0.1089256551699545,0.36317658973211986,0.10372927312450106,-0.2930802083207409,True,,,,0,-0.08533769005883222
2315,9315,clean_permanent_raw_release,12,-0.01583512376659668,-0.10713948628273584,0.13181837514011094,-0.46667004547067426,True,,,,0,-0.02586580841408141
2315,9315,clean_resident_predictive_authority,12,-0.01583512376659668,-0.10713948628273584,0.13181837514011094,-0.46667004547067426,True,,,,0,-0.02586580841408141
2315,9315,clean_permanent_raw_release,13,0.23446132108822898,-0.37275540663037054,0.12667758107870045,-0.17571192834060256,True,,,,0,-0.03529085981721816
2315,9315,clean_resident_predictive_authority,13,0.23446132108822898,-0.37275540663037054,0.12667758107870045,-0.17571192834060256,True,,,,0,-0.03529085981721816
2315,9315,clean_permanent_raw_release,14,0.028218634014801958,-0.14442834264291227,-0.13274851128520146,-0.7414392813249193,True,,,,0,-0.41909903892525313
2315,9315,clean_resident_predictive_authority,14,0.028218634014801958,-0.14442834264291227,-0.13274851128520146,-0.7414392813249193,True,,,,0,-0.41909903892525313
2315,9315,clean_permanent_raw_release,15,-0.17449930402692093,0.49945466301944297,0.0334838300758008,0.9764754482821003,True,,,,0,-0.46338474142038727
2315,9315,clean_resident_predictive_authority,15,-0.17449930402692093,0.49945466301944297,0.0334838300758008,0.9764754482821003,True,,,,0,-0.46338474142038727
2315,9315,clean_permanent_raw_release,16,-0.17570444579518607,-0.025643444438116836,0.14939246477544557,-0.02722605495581809,True,,,,0,-0.0737573170638366
2315,9315,clean_resident_predictive_authority,16,-0.17570444579518607,-0.025643444438116836,0.14939246477544557,-0.02722605495581809,True,,,,0,-0.0737573170638366
2315,9315,clean_permanent_raw_release,17,-0.08952734325756156,-0.3092702238863142,-0.08922774804418963,-0.23084691641701927,True,,,,0,-0.18911995692059166
2315,9315,clean_resident_predictive_authority,17,-0.08952734325756156,-0.3092702238863142,-0.08922774804418963,-0.23084691641701927,True,,,,0,-0.18911995692059166
2315,9315,clean_permanent_raw_release,18,0.12850402293258317,0.41534460355919667,0.02439584215032986,0.39366407289094907,True,,,,0,-0.20827458658760503
2315,9315,clean_resident_predictive_authority,18,0.12850402293258317,0.41534460355919667,0.02439584215032986,0.39366407289094907,True,,,,0,-0.20827458658760503
2315,9315,clean_permanent_raw_release,19,-0.0445924961779684,0.13362868376557635,-0.101855324098429,0.9413776286188855,True,,,,0,-0.11062816822492695
2315,9315,clean_resident_predictive_authority,19,-0.0445924961779684,0.13362868376557635,-0.101855324098429,0.9413776286188855,True,,,,0,-0.11062816822492695
2315,9315,clean_permanent_raw_release,20,-0.18675955582494247,-0.3872498799114854,0.0670154439204137,0.4144570615883729,True,,,,0,-0.053617318465828165
2315,9315,clean_resident_predictive_authority,20,-0.18675955582494247,-0.3872498799114854,0.0670154439204137,0.4144570615883729,True,,,,0,-0.053617318465828165
2315,9315,clean_permanent_raw_release,21,-0.20161308106281722,0.45260343511424694,0.06568073506612407,-0.040969893980649985,True,,,,0,-0.08467393625302112
2315,9315,clean_resident_predictive_authority,21,-0.20161308106281722,0.45260343511424694,0.06568073506612407,-0.040969893980649985,True,,,,0,-0.08467393625302112
2315,9315,clean_permanent_raw_release,22,0.20346273228069683,0.21597226392093272,0.12803974614141547,0.10517288296725358,True,,,,0,-0.20597611636109867
2315,9315,clean_resident_predictive_authority,22,0.20346273228069683,0.21597226392093272,0.12803974614141547,0.10517288296725358,True,,,,0,-0.20597611636109867
2315,9315,clean_permanent_raw_release,23,0.21083433472896745,-0.17509922325656935,-0.10684967826217984,-0.5935525911598829,True,,,,0,-0.2512643526437169
2315,9315,clean_resident_predictive_authority,23,0.21083433472896745,-0.17509922325656935,-0.10684967826217984,-0.5935525911598829,True,,,,0,-0.2512643526437169
2316,9316,clean_permanent_raw_release,0,-0.21761838216348833,0.331973384390045,-0.12574480627134738,0.2856881197926828,True,,,,0,-0.15463638218353878
2316,9316,clean_resident_predictive_authority,0,-0.21761838216348833,0.331973384390045,-0.12574480627134738,0.2856881197926828,True,,,,0,-0.15463638218353878
2316,9316,clean_permanent_raw_release,1,0.1839249795028407,-0.24159890045804522,-0.04582648532006735,-0.8835508070534559,True,,,,0,-0.40645982947510007
2316,9316,clean_resident_predictive_authority,1,0.1839249795028407,-0.24159890045804522,-0.04582648532006735,-0.8835508070534559,True,,,,0,-0.40645982947510007
2316,9316,clean_permanent_raw_release,2,0.10971165394982807,-0.499327358297629,0.04899444094875391,0.35918054304901315,True,,,,0,-0.15051912236724047
2316,9316,clean_resident_predictive_authority,2,0.10971165394982807,-0.499327358297629,0.04899444094875391,0.35918054304901315,True,,,,0,-0.15051912236724047
2316,9316,clean_permanent_raw_release,3,-0.08909959306006421,-0.4218088029281635,-0.06339360761120141,0.6226379740032766,True,,,,0,-0.15239396235535704
2316,9316,clean_resident_predictive_authority,3,-0.08909959306006421,-0.4218088029281635,-0.06339360761120141,0.6226379740032766,True,,,,0,-0.15239396235535704
2316,9316,clean_permanent_raw_release,4,0.24358274514014872,-0.38687828841884253,0.10347557074848254,-0.8582625681303373,True,,,,0,-0.2166835553206615
2316,9316,clean_resident_predictive_authority,4,0.24358274514014872,-0.38687828841884253,0.10347557074848254,-0.8582625681303373,True,,,,0,-0.2166835553206615
2316,9316,clean_permanent_raw_release,5,-0.02490402501580663,0.31698712251492245,0.08299585187938285,-0.3120735498701841,True,,,,0,-0.15697100930105284
2316,9316,clean_resident_predictive_authority,5,-0.02490402501580663,0.31698712251492245,0.08299585187938285,-0.3120735498701841,True,,,,0,-0.15697100930105284
2316,9316,clean_permanent_raw_release,6,-0.21658189105041126,-0.03825083610992919,0.0702209234366594,0.4998357310295085,True,,,,0,-0.2290928473096826
2316,9316,clean_resident_predictive_authority,6,-0.21658189105041126,-0.03825083610992919,0.0702209234366594,0.4998357310295085,True,,,,0,-0.2290928473096826
2316,9316,clean_permanent_raw_release,7,-0.012145473034493037,-0.20425433235399426,-0.047472540183433456,0.5760665090039403,True,,,,0,-0.15237134982438727
2316,9316,clean_resident_predictive_authority,7,-0.012145473034493037,-0.20425433235399426,-0.047472540183433456,0.5760665090039403,True,,,,0,-0.15237134982438727
2316,9316,clean_permanent_raw_release,8,0.09670298662355825,0.36723346932376455,-0.03312842679497523,0.3093944590351969,True,,,,0,-0.21243775818651353
2316,9316,clean_resident_predictive_authority,8,0.09670298662355825,0.36723346932376455,-0.03312842679497523,0.3093944590351969,True,,,,0,-0.21243775818651353
2316,9316,clean_permanent_raw_release,9,0.18106315165221631,-0.17476576151216694,-0.04219201126695134,0.7331445945657049,True,,,,0,-0.1995468643453524
2316,9316,clean_resident_predictive_authority,9,0.18106315165221631,-0.17476576151216694,-0.04219201126695134,0.7331445945657049,True,,,,0,-0.1995468643453524
2316,9316,clean_permanent_raw_release,10,0.1642249024641545,-0.16346460646434946,0.002510981579059157,-0.7680451027141844,True,,,,0,-0.26135146784509794
2316,9316,clean_resident_predictive_authority,10,0.1642249024641545,-0.16346460646434946,0.002510981579059157,-0.7680451027141844,True,,,,0,-0.26135146784509794
2316,9316,clean_permanent_raw_release,11,-0.2345861628282918,0.2706826570448436,0.11454289455020997,0.2615673903745195,True,,,,0,-0.2861329430677963
2316,9316,clean_resident_predictive_authority,11,-0.2345861628282918,0.2706826570448436,0.11454289455020997,0.2615673903745195,True,,,,0,-0.2861329430677963
2316,9316,clean_permanent_raw_release,12,0.15349917786065115,0.22326224052590105,0.09715705439605984,0.008024033066064362,True,,,,0,-0.2358690050700179
2316,9316,clean_resident_predictive_authority,12,0.15349917786065115,0.22326224052590105,0.09715705439605984,0.008024033066064362,True,,,,0,-0.2358690050700179
2316,9316,clean_permanent_raw_release,13,0.12304516604139998,0.34248920680400996,-0.0397992440113033,0.049358144251846925,True,,,,0,-0.16399485595877797
2316,9316,clean_resident_predictive_authority,13,0.12304516604139998,0.34248920680400996,-0.0397992440113033,0.049358144251846925,True,,,,0,-0.16399485595877797
2316,9316,clean_permanent_raw_release,14,-0.1350303663536377,0.14948279063268455,-0.0007212851067478765,-0.458560875119173,True,,,,0,-0.1702160425030292
2316,9316,clean_resident_predictive_authority,14,-0.1350303663536377,0.14948279063268455,-0.0007212851067478765,-0.458560875119173,True,,,,0,-0.1702160425030292
2316,9316,clean_permanent_raw_release,15,0.01933641571567496,-0.10352159022830532,-0.03895235203751929,0.84142414138206,True,,,,0,-0.22029723300953544
2316,9316,clean_resident_predictive_authority,15,0.01933641571567496,-0.10352159022830532,-0.03895235203751929,0.84142414138206,True,,,,0,-0.22029723300953544
2316,9316,clean_permanent_raw_release,16,-0.0016487581106853222,0.011223871173193012,-0.00705476011213263,-0.9446327595018615,True,,,,0,-0.31502442187681734
2316,9316,clean_resident_predictive_authority,16,-0.0016487581106853222,0.011223871173193012,-0.00705476011213263,-0.9446327595018615,True,,,,0,-0.31502442187681734
2316,9316,clean_permanent_raw_release,17,-0.14979483057024034,0.45592837020893495,-0.07480226946880816,-0.4014413174737357,True,,,,0,-0.1794879328430729
2316,9316,clean_resident_predictive_authority,17,-0.14979483057024034,0.45592837020893495,-0.07480226946880816,-0.4014413174737357,True,,,,0,-0.1794879328430729
2316,9316,clean_permanent_raw_release,18,0.10982593303931398,-0.3724571075017533,-0.14591722825061712,-0.39491056895707666,True,,,,0,-0.4447547062110291
2316,9316,clean_resident_predictive_authority,18,0.10982593303931398,-0.3724571075017533,-0.14591722825061712,-0.39491056895707666,True,,,,0,-0.4447547062110291
2316,9316,clean_permanent_raw_release,19,0.24173487047448305,0.1161481571107641,-0.12271276818531464,-0.5755416821754444,True,,,,0,-0.2892044679365324
2316,9316,clean_resident_predictive_authority,19,0.24173487047448305,0.1161481571107641,-0.12271276818531464,-0.5755416821754444,True,,,,0,-0.2892044679365324
2316,9316,clean_permanent_raw_release,20,-0.11369953610886596,-0.020659134004838653,0.1391431325640832,-0.8647625694370309,True,,,,0,-0.16516502833929955
2316,9316,clean_resident_predictive_authority,20,-0.11369953610886596,-0.020659134004838653,0.1391431325640832,-0.8647625694370309,True,,,,0,-0.16516502833929955
2316,9316,clean_permanent_raw_release,21,-0.16115755718450842,0.2219428986782368,0.08480946755288529,0.5312793820337327,True,,,,0,-0.3357281605352739
2316,9316,clean_resident_predictive_authority,21,-0.16115755718450842,0.2219428986782368,0.08480946755288529,0.5312793820337327,True,,,,0,-0.3357281605352739
2316,9316,clean_permanent_raw_release,22,-0.07356990445175576,0.35714531390360604,0.036563632765498816,-0.8379649378930367,True,,,,0,-0.17631476263194118
2316,9316,clean_resident_predictive_authority,22,-0.07356990445175576,0.35714531390360604,0.036563632765498816,-0.8379649378930367,True,,,,0,-0.17631476263194118
2316,9316,clean_permanent_raw_release,23,-0.050020596126206796,0.39522724934114994,-0.06907257743618626,0.5437360890237728,True,,,,0,-0.22141263852247745
2316,9316,clean_resident_predictive_authority,23,-0.050020596126206796,0.39522724934114994,-0.06907257743618626,0.5437360890237728,True,,,,0,-0.22141263852247745
2317,9317,clean_permanent_raw_release,0,-0.24898993975885425,0.33127754580220936,-0.05624484837365322,0.5775974483770112,True,,,,0,-0.0970014509470305
2317,9317,clean_resident_predictive_authority,0,-0.24898993975885425,0.33127754580220936,-0.05624484837365322,0.5775974483770112,True,,,,0,-0.0970014509470305
2317,9317,clean_permanent_raw_release,1,-0.15067951487278297,0.49324689033260327,-0.011813844955067487,-0.9329043226024911,True,,,,0,-0.14516875485267774
2317,9317,clean_resident_predictive_authority,1,-0.15067951487278297,0.49324689033260327,-0.011813844955067487,-0.9329043226024911,True,,,,0,-0.14516875485267774
2317,9317,clean_permanent_raw_release,2,-0.020559062974765452,-0.038460531751585925,0.05506763530641148,-0.7968334654556855,True,,,,0,-0.13829187135552293
2317,9317,clean_resident_predictive_authority,2,-0.020559062974765452,-0.038460531751585925,0.05506763530641148,-0.7968334654556855,True,,,,0,-0.13829187135552293
2317,9317,clean_permanent_raw_release,3,0.21115184155373928,-0.474245867284972,0.021724452121472698,0.5597037215553331,True,,,,0,-0.08527189995885802
2317,9317,clean_resident_predictive_authority,3,0.21115184155373928,-0.474245867284972,0.021724452121472698,0.5597037215553331,True,,,,0,-0.08527189995885802
2317,9317,clean_permanent_raw_release,4,0.1996939304241791,-0.37689096975114045,0.14669166885700766,-0.9294641873024483,True,,,,0,-0.14277130594573567
2317,9317,clean_resident_predictive_authority,4,0.1996939304241791,-0.37689096975114045,0.14669166885700766,-0.9294641873024483,True,,,,0,-0.14277130594573567
2317,9317,clean_permanent_raw_release,5,0.1570415516117929,0.242785031073804,0.05977142235642907,-0.1821679806762606,True,,,,0,-0.08086117704538472
2317,9317,clean_resident_predictive_authority,5,0.1570415516117929,0.242785031073804,0.05977142235642907,-0.1821679806762606,True,,,,0,-0.08086117704538472
2317,9317,clean_permanent_raw_release,6,-0.08213994631173266,0.28369426360968353,-0.10516591728556751,-0.5739669545500328,True,,,,0,-0.1844878713263756
2317,9317,clean_resident_predictive_authority,6,-0.08213994631173266,0.28369426360968353,-0.10516591728556751,-0.5739669545500328,True,,,,0,-0.1844878713263756
2317,9317,clean_permanent_raw_release,7,-0.22019176627481735,0.44091140884657043,0.11011109815269746,0.594334775561137,True,,,,0,-0.3856801236360494
2317,9317,clean_resident_predictive_authority,7,-0.22019176627481735,0.44091140884657043,0.11011109815269746,0.594334775561137,True,,,,0,-0.3856801236360494
2317,9317,clean_permanent_raw_release,8,-0.01600614102241582,0.270833932584563,0.14366777235979097,-0.9420304511417659,True,,,,0,-0.06997626250054562
2317,9317,clean_resident_predictive_authority,8,-0.01600614102241582,0.270833932584563,0.14366777235979097,-0.9420304511417659,True,,,,0,-0.06997626250054562
2317,9317,clean_permanent_raw_release,9,-0.19287964673692393,0.054147346575474264,-0.005655037927793621,0.4558539974521485,True,,,,0,-0.07630038037140105
2317,9317,clean_resident_predictive_authority,9,-0.19287964673692393,0.054147346575474264,-0.005655037927793621,0.4558539974521485,True,,,,0,-0.07630038037140105
2317,9317,clean_permanent_raw_release,10,-0.006934038379377838,0.46767062127504655,0.12781837603242172,-0.5851294834090757,True,,,,0,-0.08250360475925762
2317,9317,clean_resident_predictive_authority,10,-0.006934038379377838,0.46767062127504655,0.12781837603242172,-0.5851294834090757,True,,,,0,-0.08250360475925762
2317,9317,clean_permanent_raw_release,11,0.10484327009305355,0.11879438977527401,-0.055172175699592735,0.7711361980916001,True,,,,0,-0.14444009605212602
2317,9317,clean_resident_predictive_authority,11,0.10484327009305355,0.11879438977527401,-0.055172175699592735,0.7711361980916001,True,,,,0,-0.14444009605212602
2317,9317,clean_permanent_raw_release,12,-0.05530751107652404,0.20085426993561206,0.057439902479340416,-0.33049916370226984,True,,,,0,-0.05244174349401917
2317,9317,clean_resident_predictive_authority,12,-0.05530751107652404,0.20085426993561206,0.057439902479340416,-0.33049916370226984,True,,,,0,-0.05244174349401917
2317,9317,clean_permanent_raw_release,13,0.18466590613984485,0.13026425628254978,0.13924031444158066,0.4231217924807058,True,,,,0,-0.3395267254106983
2317,9317,clean_resident_predictive_authority,13,0.18466590613984485,0.13026425628254978,0.13924031444158066,0.4231217924807058,True,,,,0,-0.3395267254106983
2317,9317,clean_permanent_raw_release,14,0.24445631294000686,-0.20691906540342409,0.08599101167225756,0.592352438969977,True,,,,0,-0.21404992803165904
2317,9317,clean_resident_predictive_authority,14,0.24445631294000686,-0.20691906540342409,0.08599101167225756,0.592352438969977,True,,,,0,-0.21404992803165904
2317,9317,clean_permanent_raw_release,15,0.054015897217765896,0.0984112913897951,-0.10825337420070638,-0.40900637900955594,True,,,,0,-0.16244882491006518
2317,9317,clean_resident_predictive_authority,15,0.054015897217765896,0.0984112913897951,-0.10825337420070638,-0.40900637900955594,True,,,,0,-0.16244882491006518
2317,9317,clean_permanent_raw_release,16,-0.1593188498745715,0.28029490286264014,-0.09184517500128128,-0.9606734788573927,True,,,,0,-0.3483936871315823
2317,9317,clean_resident_predictive_authority,16,-0.1593188498745715,0.28029490286264014,-0.09184517500128128,-0.9606734788573927,True,,,,0,-0.3483936871315823
2317,9317,clean_permanent_raw_release,17,0.24741333209097427,-0.49519270197280796,-0.020924206651746463,0.6253487392619808,True,,,,0,-0.07386626774495451
2317,9317,clean_resident_predictive_authority,17,0.24741333209097427,-0.49519270197280796,-0.020924206651746463,0.6253487392619808,True,,,,0,-0.07386626774495451
2317,9317,clean_permanent_raw_release,18,0.18099595709190397,0.028573740243229007,0.08783884635389716,-0.7439858342989514,True,,,,0,-0.07987307017309599
2317,9317,clean_resident_predictive_authority,18,0.18099595709190397,0.028573740243229007,0.08783884635389716,-0.7439858342989514,True,,,,0,-0.07987307017309599
2317,9317,clean_permanent_raw_release,19,0.1123862835834818,-0.48750912244393174,-0.10720803086212846,0.3052390762130861,True,,,,0,-0.10821192746627514
2317,9317,clean_resident_predictive_authority,19,0.1123862835834818,-0.48750912244393174,-0.10720803086212846,0.3052390762130861,True,,,,0,-0.10821192746627514
2317,9317,clean_permanent_raw_release,20,-0.22139072227568868,-0.1094980308054585,-0.036608267168957306,0.49910116809403937,True,,,,0,-0.05852311430291642
2317,9317,clean_resident_predictive_authority,20,-0.22139072227568868,-0.1094980308054585,-0.036608267168957306,0.49910116809403937,True,,,,0,-0.05852311430291642
2317,9317,clean_permanent_raw_release,21,0.13262109678757023,0.48190118333984244,0.11805583454540744,-0.1720367538888279,True,,,,0,-0.18526596228379302
2317,9317,clean_resident_predictive_authority,21,0.13262109678757023,0.48190118333984244,0.11805583454540744,-0.1720367538888279,True,,,,0,-0.18526596228379302
2317,9317,clean_permanent_raw_release,22,-0.08933893237265095,-0.4879083422508742,0.0963225897850081,-0.08197143457204681,True,,,,0,-0.07968059746907816
2317,9317,clean_resident_predictive_authority,22,-0.08933893237265095,-0.4879083422508742,0.0963225897850081,-0.08197143457204681,True,,,,0,-0.07968059746907816
2317,9317,clean_permanent_raw_release,23,0.17222442597398374,-0.44829417321045706,0.09015093885589531,0.10410677981959426,True,,,,0,-0.07023134107935164
2317,9317,clean_resident_predictive_authority,23,0.17222442597398374,-0.44829417321045706,0.09015093885589531,0.10410677981959426,True,,,,0,-0.07023134107935164
2318,9318,clean_permanent_raw_release,0,-0.09409057596755693,-0.057718554287072066,-0.032548581600252424,0.45925179789166637,True,,,,0,-0.06467069700514357
2318,9318,clean_resident_predictive_authority,0,-0.09409057596755693,-0.057718554287072066,-0.032548581600252424,0.45925179789166637,True,,,,0,-0.06467069700514357
2318,9318,clean_permanent_raw_release,1,0.10501662180423327,-0.16257208909017495,0.12351263965867756,-0.1444337287315438,True,,,,0,-0.06551304990214599
2318,9318,clean_resident_predictive_authority,1,0.10501662180423327,-0.16257208909017495,0.12351263965867756,-0.1444337287315438,True,,,,0,-0.06551304990214599
2318,9318,clean_permanent_raw_release,2,-0.21284668720610767,-0.09208194885287457,-0.016379137842185282,0.1899707753639568,True,,,,0,-0.05958833550060151
2318,9318,clean_resident_predictive_authority,2,-0.21284668720610767,-0.09208194885287457,-0.016379137842185282,0.1899707753639568,True,,,,0,-0.05958833550060151
2318,9318,clean_permanent_raw_release,3,0.09462015915072702,0.33634558376733503,0.05220872820610173,-0.4833058980614682,True,,,,0,-0.05903982696190623
2318,9318,clean_resident_predictive_authority,3,0.09462015915072702,0.33634558376733503,0.05220872820610173,-0.4833058980614682,True,,,,0,-0.05903982696190623
2318,9318,clean_permanent_raw_release,4,0.05467036269865344,-0.08853133975828043,-0.10275833167008741,-0.296219922046544,True,,,,0,-0.16410251629627914
2318,9318,clean_resident_predictive_authority,4,0.05467036269865344,-0.08853133975828043,-0.10275833167008741,-0.296219922046544,True,,,,0,-0.16410251629627914
2318,9318,clean_permanent_raw_release,5,-0.22582175811972582,0.04894005727381501,-0.11424504414306244,0.15806721546878522,True,,,,0,-0.08822960578579372
2318,9318,clean_resident_predictive_authority,5,-0.22582175811972582,0.04894005727381501,-0.11424504414306244,0.15806721546878522,True,,,,0,-0.08822960578579372
2318,9318,clean_permanent_raw_release,6,0.026307311818215773,-0.16453661824891352,0.08641929310391297,-0.17515502754910295,True,,,,0,-0.05046331434984873
2318,9318,clean_resident_predictive_authority,6,0.026307311818215773,-0.16453661824891352,0.08641929310391297,-0.17515502754910295,True,,,,0,-0.05046331434984873
2318,9318,clean_permanent_raw_release,7,0.07710485454636196,-0.1207102870847272,-0.07572663588571064,-0.8708507215282035,True,,,,0,-0.3581212389623529
2318,9318,clean_resident_predictive_authority,7,0.07710485454636196,-0.1207102870847272,-0.07572663588571064,-0.8708507215282035,True,,,,0,-0.3581212389623529
2318,9318,clean_permanent_raw_release,8,0.10793836455839811,-0.4147240913439323,0.11534166269259225,0.8950950651865519,True,,,,0,-0.2924446809499652
2318,9318,clean_resident_predictive_authority,8,0.10793836455839811,-0.4147240913439323,0.11534166269259225,0.8950950651865519,True,,,,0,-0.2924446809499652
2318,9318,clean_permanent_raw_release,9,-0.051567048147543315,0.20885161173202682,-0.07558469519184811,-0.34434502580813575,True,,,,0,-0.10202019169439255
2318,9318,clean_resident_predictive_authority,9,-0.051567048147543315,0.20885161173202682,-0.07558469519184811,-0.34434502580813575,True,,,,0,-0.10202019169439255
2318,9318,clean_permanent_raw_release,10,-0.02141032144308347,0.2656006159816099,0.0039611250027641876,-0.6275703643365771,True,,,,0,-0.08403716553105027
2318,9318,clean_resident_predictive_authority,10,-0.02141032144308347,0.2656006159816099,0.0039611250027641876,-0.6275703643365771,True,,,,0,-0.08403716553105027
2318,9318,clean_permanent_raw_release,11,0.09721459695604506,-0.3092512936339975,0.14708005017655004,0.5145662316237112,True,,,,0,-0.21754090956534214
2318,9318,clean_resident_predictive_authority,11,0.09721459695604506,-0.3092512936339975,0.14708005017655004,0.5145662316237112,True,,,,0,-0.21754090956534214
2318,9318,clean_permanent_raw_release,12,0.07074481732286447,0.4993083307135112,-0.02477118341601578,0.5821729467678811,True,,,,0,-0.2453259663039167
2318,9318,clean_resident_predictive_authority,12,0.07074481732286447,0.4993083307135112,-0.02477118341601578,0.5821729467678811,True,,,,0,-0.2453259663039167
2318,9318,clean_permanent_raw_release,13,0.008601014482483293,0.05033124007938117,-0.026474802174008924,-0.8534327513666504,True,,,,0,-0.21408414723780106
2318,9318,clean_resident_predictive_authority,13,0.008601014482483293,0.05033124007938117,-0.026474802174008924,-0.8534327513666504,True,,,,0,-0.21408414723780106
2318,9318,clean_permanent_raw_release,14,-0.08841317498803875,-0.09659014608648875,0.03135624375578816,-0.9311295351121465,True,,,,0,-0.22335353070463876
2318,9318,clean_resident_predictive_authority,14,-0.08841317498803875,-0.09659014608648875,0.03135624375578816,-0.9311295351121465,True,,,,0,-0.22335353070463876
2318,9318,clean_permanent_raw_release,15,-0.12278461589116463,0.06758755742389833,-0.03337843571755235,-0.518500371037327,True,,,,0,-0.13766166143065775
2318,9318,clean_resident_predictive_authority,15,-0.12278461589116463,0.06758755742389833,-0.03337843571755235,-0.518500371037327,True,,,,0,-0.13766166143065775
2318,9318,clean_permanent_raw_release,16,-0.01812790923689439,-0.4617740916013465,-0.049585119916078294,0.04538070015023643,True,,,,0,-0.11942026179876611
2318,9318,clean_resident_predictive_authority,16,-0.01812790923689439,-0.4617740916013465,-0.049585119916078294,0.04538070015023643,True,,,,0,-0.11942026179876611
2318,9318,clean_permanent_raw_release,17,0.22544923092660762,-0.14682141434400775,0.04675052657179546,-0.12615206452485772,True,,,,0,-0.054328108421287415
2318,9318,clean_resident_predictive_authority,17,0.22544923092660762,-0.14682141434400775,0.04675052657179546,-0.12615206452485772,True,,,,0,-0.054328108421287415
2318,9318,clean_permanent_raw_release,18,0.09820123000540365,0.03451630007474005,-0.008340578821353362,0.34482775981521474,True,,,,0,-0.08361156264898477
2318,9318,clean_resident_predictive_authority,18,0.09820123000540365,0.03451630007474005,-0.008340578821353362,0.34482775981521474,True,,,,0,-0.08361156264898477
2318,9318,clean_permanent_raw_release,19,-0.06369758281463916,-0.06191535722712438,-0.05347769232382102,0.3332410868256894,True,,,,0,-0.053274911621038964
2318,9318,clean_resident_predictive_authority,19,-0.06369758281463916,-0.06191535722712438,-0.05347769232382102,0.3332410868256894,True,,,,0,-0.053274911621038964
2318,9318,clean_permanent_raw_release,20,-0.21209954114124868,0.15334672054504783,0.02845816411801677,-0.42943734421348445,True,,,,0,-0.07242484473030802
2318,9318,clean_resident_predictive_authority,20,-0.21209954114124868,0.15334672054504783,0.02845816411801677,-0.42943734421348445,True,,,,0,-0.07242484473030802
2318,9318,clean_permanent_raw_release,21,0.022150389764382494,0.21843762999932848,0.0640954857399732,-0.01983304932392027,True,,,,0,-0.0902981325625869
2318,9318,clean_resident_predictive_authority,21,0.022150389764382494,0.21843762999932848,0.0640954857399732,-0.01983304932392027,True,,,,0,-0.0902981325625869
2318,9318,clean_permanent_raw_release,22,-0.017359894327598102,-0.3789486972026519,-0.13541256539123173,-0.3898650368626537,True,,,,0,-0.37642200221310124
2318,9318,clean_resident_predictive_authority,22,-0.017359894327598102,-0.3789486972026519,-0.13541256539123173,-0.3898650368626537,True,,,,0,-0.37642200221310124
2318,9318,clean_permanent_raw_release,23,0.002548611096124642,-0.3077041903743909,0.10593838410776571,0.12426378206172872,True,,,,0,-0.0708153315427384
2318,9318,clean_resident_predictive_authority,23,0.002548611096124642,-0.3077041903743909,0.10593838410776571,0.12426378206172872,True,,,,0,-0.0708153315427384
2319,9319,clean_permanent_raw_release,0,0.08162646248452099,0.0007724046663843964,0.08503437449231688,-0.31393194215919284,True,,,,0,-0.0635319770999885
2319,9319,clean_resident_predictive_authority,0,0.08162646248452099,0.0007724046663843964,0.08503437449231688,-0.31393194215919284,True,,,,0,-0.0635319770999885
2319,9319,clean_permanent_raw_release,1,-0.18631748568789452,-0.008180771777109519,-0.03117103814472022,-0.1824616265452339,True,,,,0,-0.1007867819244168
2319,9319,clean_resident_predictive_authority,1,-0.18631748568789452,-0.008180771777109519,-0.03117103814472022,-0.1824616265452339,True,,,,0,-0.1007867819244168
2319,9319,clean_permanent_raw_release,2,0.13192026252374833,-0.32837759465406957,-0.020240350602144686,-0.3645239181462736,True,,,,0,-0.1571364845138337
2319,9319,clean_resident_predictive_authority,2,0.13192026252374833,-0.32837759465406957,-0.020240350602144686,-0.3645239181462736,True,,,,0,-0.1571364845138337
2319,9319,clean_permanent_raw_release,3,-0.07439155127951025,-0.03151713896699648,0.0925855418415723,0.34861977218120876,True,,,,0,-0.1432286814601486
2319,9319,clean_resident_predictive_authority,3,-0.07439155127951025,-0.03151713896699648,0.0925855418415723,0.34861977218120876,True,,,,0,-0.1432286814601486
2319,9319,clean_permanent_raw_release,4,0.17851434223344104,-0.02699541423795182,0.13643712396935573,0.1041590651158455,True,,,,0,-0.16804344613868719
2319,9319,clean_resident_predictive_authority,4,0.17851434223344104,-0.02699541423795182,0.13643712396935573,0.1041590651158455,True,,,,0,-0.16804344613868719
2319,9319,clean_permanent_raw_release,5,0.02172929515136346,0.24651354870725684,0.09892906651726732,-0.6659986010221348,True,,,,0,-0.0663579435139717
2319,9319,clean_resident_predictive_authority,5,0.02172929515136346,0.24651354870725684,0.09892906651726732,-0.6659986010221348,True,,,,0,-0.0663579435139717
2319,9319,clean_permanent_raw_release,6,0.03509094090196374,-0.32838736998797513,-0.07863788498421992,0.2646557403908447,True,,,,0,-0.0859979876370838
2319,9319,clean_resident_predictive_authority,6,0.03509094090196374,-0.32838736998797513,-0.07863788498421992,0.2646557403908447,True,,,,0,-0.0859979876370838
2319,9319,clean_permanent_raw_release,7,-0.24455763741599312,0.3353231639118295,0.03767753116305447,-0.14208034544955783,True,,,,0,-0.06773408740313937
2319,9319,clean_resident_predictive_authority,7,-0.24455763741599312,0.3353231639118295,0.03767753116305447,-0.14208034544955783,True,,,,0,-0.06773408740313937
2319,9319,clean_permanent_raw_release,8,0.2218075373365075,0.46061483182047436,-0.0786123351332072,-0.5404664886368697,True,,,,0,-0.1060426828196456
2319,9319,clean_resident_predictive_authority,8,0.2218075373365075,0.46061483182047436,-0.0786123351332072,-0.5404664886368697,True,,,,0,-0.1060426828196456
2319,9319,clean_permanent_raw_release,9,0.03391920333637266,-0.36677720273548975,0.03871625566416895,-0.630306759000566,True,,,,0,-0.1954942088763409
2319,9319,clean_resident_predictive_authority,9,0.03391920333637266,-0.36677720273548975,0.03871625566416895,-0.630306759000566,True,,,,0,-0.1954942088763409
2319,9319,clean_permanent_raw_release,10,-0.220953516290271,0.18948293073513967,0.07442554857186295,-0.786439492878307,True,,,,0,-0.11171744802432065
2319,9319,clean_resident_predictive_authority,10,-0.220953516290271,0.18948293073513967,0.07442554857186295,-0.786439492878307,True,,,,0,-0.11171744802432065
2319,9319,clean_permanent_raw_release,11,-0.04371270275545103,-0.20485189997446251,-0.07799816798193301,-0.029158786440887985,True,,,,0,-0.12477008044776627
2319,9319,clean_resident_predictive_authority,11,-0.04371270275545103,-0.20485189997446251,-0.07799816798193301,-0.029158786440887985,True,,,,0,-0.12477008044776627
2319,9319,clean_permanent_raw_release,12,-0.0303509106731209,-0.042277113447345305,-0.0007343783551062022,0.34510795472638756,True,,,,0,-0.07296763180587253
2319,9319,clean_resident_predictive_authority,12,-0.0303509106731209,-0.042277113447345305,-0.0007343783551062022,0.34510795472638756,True,,,,0,-0.07296763180587253
2319,9319,clean_permanent_raw_release,13,0.15886143951811543,-0.25880099146813895,-0.13061567762218163,0.3117403400202321,True,,,,0,-0.09019187333970796
2319,9319,clean_resident_predictive_authority,13,0.15886143951811543,-0.25880099146813895,-0.13061567762218163,0.3117403400202321,True,,,,0,-0.09019187333970796
2319,9319,clean_permanent_raw_release,14,-0.03713436005694254,-0.1111473337112352,-0.1471624126238367,0.2736297588166323,True,,,,0,-0.10052434798766888
2319,9319,clean_resident_predictive_authority,14,-0.03713436005694254,-0.1111473337112352,-0.1471624126238367,0.2736297588166323,True,,,,0,-0.10052434798766888
2319,9319,clean_permanent_raw_release,15,-0.21821513116279762,-0.06850837569296364,0.094239487386401,-0.6055715751649942,True,,,,0,-0.10929552110282546
2319,9319,clean_resident_predictive_authority,15,-0.21821513116279762,-0.06850837569296364,0.094239487386401,-0.6055715751649942,True,,,,0,-0.10929552110282546
2319,9319,clean_permanent_raw_release,16,-0.229483830152381,0.2084225083584711,0.0480863465563349,-0.2691682454439188,True,,,,0,-0.0645679007280746
2319,9319,clean_resident_predictive_authority,16,-0.229483830152381,0.2084225083584711,0.0480863465563349,-0.2691682454439188,True,,,,0,-0.0645679007280746
2319,9319,clean_permanent_raw_release,17,-0.24035854179536242,0.26644009963533555,-0.12208219623712417,-0.02850622823267801,True,,,,0,-0.10071824356298929
2319,9319,clean_resident_predictive_authority,17,-0.24035854179536242,0.26644009963533555,-0.12208219623712417,-0.02850622823267801,True,,,,0,-0.10071824356298929
2319,9319,clean_permanent_raw_release,18,-0.22913877465532523,0.0961944497210202,-0.08952559866840518,-0.04011267525839557,True,,,,0,-0.10482619787543206
2319,9319,clean_resident_predictive_authority,18,-0.22913877465532523,0.0961944497210202,-0.08952559866840518,-0.04011267525839557,True,,,,0,-0.10482619787543206
2319,9319,clean_permanent_raw_release,19,-0.13789699322663246,0.35312511259665935,0.10234390821092601,-0.6186000391172599,True,,,,0,-0.06591862188989953
2319,9319,clean_resident_predictive_authority,19,-0.13789699322663246,0.35312511259665935,0.10234390821092601,-0.6186000391172599,True,,,,0,-0.06591862188989953
2319,9319,clean_permanent_raw_release,20,0.045690564346969165,-0.16972571287789573,-0.045540170899378965,0.7972712198417784,True,,,,0,-0.1053280293653587
2319,9319,clean_resident_predictive_authority,20,0.045690564346969165,-0.16972571287789573,-0.045540170899378965,0.7972712198417784,True,,,,0,-0.1053280293653587
2319,9319,clean_permanent_raw_release,21,-0.03569376301203736,-0.08491964473514191,0.1192477555563374,0.7708509738360265,True,,,,0,-0.32841796320709066
2319,9319,clean_resident_predictive_authority,21,-0.03569376301203736,-0.08491964473514191,0.1192477555563374,0.7708509738360265,True,,,,0,-0.32841796320709066
2319,9319,clean_permanent_raw_release,22,-0.18529527360720394,0.09291464956106332,0.04399347718612709,-0.33495809964840384,True,,,,0,-0.07162839616067221
2319,9319,clean_resident_predictive_authority,22,-0.18529527360720394,0.09291464956106332,0.04399347718612709,-0.33495809964840384,True,,,,0,-0.07162839616067221
2319,9319,clean_permanent_raw_release,23,-0.1752502490410962,0.4467354312851711,0.06266739184260303,-0.5125612414977814,True,,,,0,-0.06533248031796249
2319,9319,clean_resident_predictive_authority,23,-0.1752502490410962,0.4467354312851711,0.06266739184260303,-0.5125612414977814,True,,,,0,-0.06533248031796249
