duration,learner_seed,evaluation_seed,condition,mechanism,selected_index,init_x,init_x_dot,init_theta,init_theta_dot,snapshot_initially_accepted,casadi_full_first_violation_step,physical_first_violation_step,forward_switch_step,baseline_control_steps,mean_reward
12,2400,9400,clean,raw_release,0,-0.20457030257357556,0.3122183714121225,0.13797305764757425,-0.20149906101577741,True,,,,0,-0.18830181187947137
12,2400,9400,clean,resident_predictive_authority,0,-0.20457030257357556,0.3122183714121225,0.13797305764757425,-0.20149906101577741,True,,,,0,-0.18830181187947137
12,2400,9400,clean,raw_release,1,-0.18507064985575206,0.4655501241356006,-0.032931744614526554,0.3915259142609302,True,,,,0,-0.20077214989823916
12,2400,9400,clean,resident_predictive_authority,1,-0.18507064985575206,0.4655501241356006,-0.032931744614526554,0.3915259142609302,True,,,,0,-0.20077214989823916
12,2400,9400,clean,raw_release,2,0.018770695754169453,-0.15123468955348707,-0.03184137000020151,-0.7236099756456811,True,,,,0,-0.3077845130321008
12,2400,9400,clean,resident_predictive_authority,2,0.018770695754169453,-0.15123468955348707,-0.03184137000020151,-0.7236099756456811,True,,,,0,-0.3077845130321008
12,2400,9400,clean,raw_release,3,0.2426498335695204,-0.23893712247139653,-0.13613023150202916,-0.7456082364618895,True,,,,0,-0.5139081991339639
12,2400,9400,clean,resident_predictive_authority,3,0.2426498335695204,-0.23893712247139653,-0.13613023150202916,-0.7456082364618895,True,,,,0,-0.5139081991339639
12,2400,9400,clean,raw_release,4,0.18760208180564814,0.4975976321097113,-0.08604830033435232,-0.6295011259086787,True,,,,0,-0.193679843032509
12,2400,9400,clean,resident_predictive_authority,4,0.18760208180564814,0.4975976321097113,-0.08604830033435232,-0.6295011259086787,True,,,,0,-0.193679843032509
12,2400,9400,clean,raw_release,5,0.05913988638347273,-0.2061283095732509,0.07435560999773366,-0.6141801979984394,True,,,,0,-0.16869557926349044
12,2400,9400,clean,resident_predictive_authority,5,0.05913988638347273,-0.2061283095732509,0.07435560999773366,-0.6141801979984394,True,,,,0,-0.16869557926349044
12,2400,9400,clean,raw_release,6,0.09167581285677828,-0.024432328628856248,-0.10962517928220314,0.7727628784654466,True,,,,0,-0.159958269043291
12,2400,9400,clean,resident_predictive_authority,6,0.09167581285677828,-0.024432328628856248,-0.10962517928220314,0.7727628784654466,True,,,,0,-0.159958269043291
12,2400,9400,clean,raw_release,7,-0.060267440135725214,0.4437352475873122,-0.004560556153496126,-0.8831635110016007,True,,,,0,-0.19754182051428434
12,2400,9400,clean,resident_predictive_authority,7,-0.060267440135725214,0.4437352475873122,-0.004560556153496126,-0.8831635110016007,True,,,,0,-0.19754182051428434
12,2400,9400,clean,raw_release,8,0.04892326149585713,-0.3355501951099312,-0.005929765938875009,0.9492822050596421,True,,,,0,-0.2235771097056333
12,2400,9400,clean,resident_predictive_authority,8,0.04892326149585713,-0.3355501951099312,-0.005929765938875009,0.9492822050596421,True,,,,0,-0.2235771097056333
12,2400,9400,clean,raw_release,9,0.018554508767426148,0.02797754868957647,0.14019541919966957,0.0646685903842743,True,,,,0,-0.21925825095630536
12,2400,9400,clean,resident_predictive_authority,9,0.018554508767426148,0.02797754868957647,0.14019541919966957,0.0646685903842743,True,,,,0,-0.21925825095630536
12,2400,9400,clean,raw_release,10,0.01975142987483197,-0.3482235903552159,-0.08497795447855237,-0.8976920586021095,True,12,12,,0,-0.5996901951085548
12,2400,9400,clean,resident_predictive_authority,10,0.01975142987483197,-0.3482235903552159,-0.08497795447855237,-0.8976920586021095,True,12,,8,106,-0.5201281702483432
12,2400,9400,clean,raw_release,11,-0.12177287020237798,0.005498905286868361,0.0017202836674446997,0.7346022516024586,True,,,,0,-0.22484804125756092
12,2400,9400,clean,resident_predictive_authority,11,-0.12177287020237798,0.005498905286868361,0.0017202836674446997,0.7346022516024586,True,,,,0,-0.22484804125756092
12,2400,9400,clean,raw_release,12,0.09918425289850513,0.4032191618088443,-0.016630220120760986,0.1472789484169592,True,,,,0,-0.18754716128423574
12,2400,9400,clean,resident_predictive_authority,12,0.09918425289850513,0.4032191618088443,-0.016630220120760986,0.1472789484169592,True,,,,0,-0.18754716128423574
12,2400,9400,clean,raw_release,13,0.10186162864662518,-0.03456632063333476,-0.11451852163023567,-0.8296249814982823,True,,,,0,-0.4512826988800761
12,2400,9400,clean,resident_predictive_authority,13,0.10186162864662518,-0.03456632063333476,-0.11451852163023567,-0.8296249814982823,True,,,,0,-0.4512826988800761
12,2400,9400,clean,raw_release,14,-0.04536418302359235,0.20540910049495442,-0.08002305228784491,-0.7522210312851085,True,,,,0,-0.29533098497806703
12,2400,9400,clean,resident_predictive_authority,14,-0.04536418302359235,0.20540910049495442,-0.08002305228784491,-0.7522210312851085,True,,,,0,-0.29533098497806703
12,2400,9400,clean,raw_release,15,-0.15694455346394243,-0.19693391747700495,0.01554218033750332,-0.8056848670012,True,,,,0,-0.3233420602386314
12,2400,9400,clean,resident_predictive_authority,15,-0.15694455346394243,-0.19693391747700495,0.01554218033750332,-0.8056848670012,True,,,,0,-0.3233420602386314
12,2400,9400,clean,raw_release,16,0.002240213538389768,-0.26607459213354767,-0.10115779221502144,-0.8544935893735204,True,13,13,,0,-0.5762191147509046
12,2400,9400,clean,resident_predictive_authority,16,0.002240213538389768,-0.26607459213354767,-0.10115779221502144,-0.8544935893735204,True,13,,9,104,-0.5008931909374235
12,2400,9400,clean,raw_release,17,-0.08517635508033822,-0.04703670327352316,-0.028264999918161143,-0.27800220037201484,True,,,,0,-0.17078126316819114
12,2400,9400,clean,resident_predictive_authority,17,-0.08517635508033822,-0.04703670327352316,-0.028264999918161143,-0.27800220037201484,True,,,,0,-0.17078126316819114
12,2400,9400,clean,raw_release,18,-0.2485326459798909,0.2387886271848313,-0.05482105870258819,0.49947193213100194,True,,,,0,-0.16083614110848732
12,2400,9400,clean,resident_predictive_authority,18,-0.2485326459798909,0.2387886271848313,-0.05482105870258819,0.49947193213100194,True,,,,0,-0.16083614110848732
12,2400,9400,clean,raw_release,19,-0.20859379796102456,-0.17139479282030856,-0.015383305294635635,0.6159247980257037,True,,,,0,-0.15491449963612347
12,2400,9400,clean,resident_predictive_authority,19,-0.20859379796102456,-0.17139479282030856,-0.015383305294635635,0.6159247980257037,True,,,,0,-0.15491449963612347
12,2400,9400,clean,raw_release,20,-0.004083305160981265,0.4812065829680897,0.06314954198663186,-0.6909732317951289,True,,,,0,-0.1407875038108815
12,2400,9400,clean,resident_predictive_authority,20,-0.004083305160981265,0.4812065829680897,0.06314954198663186,-0.6909732317951289,True,,,,0,-0.1407875038108815
12,2400,9400,clean,raw_release,21,0.10547213500696079,-0.17715788696503154,0.007848571668126858,0.4951985881637646,True,,,,0,-0.16756095478970137
12,2400,9400,clean,resident_predictive_authority,21,0.10547213500696079,-0.17715788696503154,0.007848571668126858,0.4951985881637646,True,,,,0,-0.16756095478970137
12,2400,9400,clean,raw_release,22,-0.045737319864144865,-0.2813796654251627,0.14312426940169617,0.28787492606218845,True,,,,0,-0.20772479085524048
12,2400,9400,clean,resident_predictive_authority,22,-0.045737319864144865,-0.2813796654251627,0.14312426940169617,0.28787492606218845,True,,,,0,-0.20772479085524048
12,2400,9400,clean,raw_release,23,0.11470748407873571,-0.34747283113118177,0.04609096158832826,-0.7336032949778799,True,,,,0,-0.24899733378014305
12,2400,9400,clean,resident_predictive_authority,23,0.11470748407873571,-0.34747283113118177,0.04609096158832826,-0.7336032949778799,True,,,,0,-0.24899733378014305
12,2400,9400,unconstrained,raw_release,0,-0.20457030257357556,0.3122183714121225,0.13797305764757425,-0.20149906101577741,True,,,,0,-1.305290490017701
12,2400,9400,unconstrained,resident_predictive_authority,0,-0.20457030257357556,0.3122183714121225,0.13797305764757425,-0.20149906101577741,True,,,,0,-1.305290490017701
12,2400,9400,unconstrained,raw_release,1,-0.18507064985575206,0.4655501241356006,-0.032931744614526554,0.3915259142609302,True,,,,0,-1.2876277795348912
12,2400,9400,unconstrained,resident_predictive_authority,1,-0.18507064985575206,0.4655501241356006,-0.032931744614526554,0.3915259142609302,True,,,,0,-1.2876277795348912
12,2400,9400,unconstrained,raw_release,2,0.018770695754169453,-0.15123468955348707,-0.03184137000020151,-0.7236099756456811,True,9,9,,0,-1.4541883750887064
12,2400,9400,unconstrained,resident_predictive_authority,2,0.018770695754169453,-0.15123468955348707,-0.03184137000020151,-0.7236099756456811,True,9,,5,87,-0.32147145352355605
12,2400,9400,unconstrained,raw_release,3,0.2426498335695204,-0.23893712247139653,-0.13613023150202916,-0.7456082364618895,True,10,10,,0,-1.6638986084678753
12,2400,9400,unconstrained,resident_predictive_authority,3,0.2426498335695204,-0.23893712247139653,-0.13613023150202916,-0.7456082364618895,True,10,,6,100,-0.5039351941032398
12,2400,9400,unconstrained,raw_release,4,0.18760208180564814,0.4975976321097113,-0.08604830033435232,-0.6295011259086787,True,,,,0,-1.3029878034410325
12,2400,9400,unconstrained,resident_predictive_authority,4,0.18760208180564814,0.4975976321097113,-0.08604830033435232,-0.6295011259086787,True,,,,0,-1.3029878034410325
12,2400,9400,unconstrained,raw_release,5,0.05913988638347273,-0.2061283095732509,0.07435560999773366,-0.6141801979984394,True,8,8,,0,-1.3326860972292813
12,2400,9400,unconstrained,resident_predictive_authority,5,0.05913988638347273,-0.2061283095732509,0.07435560999773366,-0.6141801979984394,True,8,,4,40,-0.3264307127863893
12,2400,9400,unconstrained,raw_release,6,0.09167581285677828,-0.024432328628856248,-0.10962517928220314,0.7727628784654466,True,,,,0,-1.2552484901860521
12,2400,9400,unconstrained,resident_predictive_authority,6,0.09167581285677828,-0.024432328628856248,-0.10962517928220314,0.7727628784654466,True,,,,0,-1.2552484901860521
12,2400,9400,unconstrained,raw_release,7,-0.060267440135725214,0.4437352475873122,-0.004560556153496126,-0.8831635110016007,True,,,,0,-1.3183146798053225
12,2400,9400,unconstrained,resident_predictive_authority,7,-0.060267440135725214,0.4437352475873122,-0.004560556153496126,-0.8831635110016007,True,,,,0,-1.3183146798053225
12,2400,9400,unconstrained,raw_release,8,0.04892326149585713,-0.3355501951099312,-0.005929765938875009,0.9492822050596421,True,,,,0,-1.3290993239635946
12,2400,9400,unconstrained,resident_predictive_authority,8,0.04892326149585713,-0.3355501951099312,-0.005929765938875009,0.9492822050596421,True,,,,0,-1.3290993239635946
12,2400,9400,unconstrained,raw_release,9,0.018554508767426148,0.02797754868957647,0.14019541919966957,0.0646685903842743,True,,,,0,-1.3410050754212415
12,2400,9400,unconstrained,resident_predictive_authority,9,0.018554508767426148,0.02797754868957647,0.14019541919966957,0.0646685903842743,True,,,,0,-1.3410050754212415
12,2400,9400,unconstrained,raw_release,10,0.01975142987483197,-0.3482235903552159,-0.08497795447855237,-0.8976920586021095,False,4,,,0,0.0
12,2400,9400,unconstrained,resident_predictive_authority,10,0.01975142987483197,-0.3482235903552159,-0.08497795447855237,-0.8976920586021095,False,4,,,0,0.0
12,2400,9400,unconstrained,raw_release,11,-0.12177287020237798,0.005498905286868361,0.0017202836674446997,0.7346022516024586,True,,,,0,-1.3216207305567609
12,2400,9400,unconstrained,resident_predictive_authority,11,-0.12177287020237798,0.005498905286868361,0.0017202836674446997,0.7346022516024586,True,,,,0,-1.3216207305567609
12,2400,9400,unconstrained,raw_release,12,0.09918425289850513,0.4032191618088443,-0.016630220120760986,0.1472789484169592,True,,,,0,-1.2862809177224597
12,2400,9400,unconstrained,resident_predictive_authority,12,0.09918425289850513,0.4032191618088443,-0.016630220120760986,0.1472789484169592,True,,,,0,-1.2862809177224597
12,2400,9400,unconstrained,raw_release,13,0.10186162864662518,-0.03456632063333476,-0.11451852163023567,-0.8296249814982823,True,10,10,,0,-1.5874513425122372
12,2400,9400,unconstrained,resident_predictive_authority,13,0.10186162864662518,-0.03456632063333476,-0.11451852163023567,-0.8296249814982823,True,10,,6,97,-0.44702424616194264
12,2400,9400,unconstrained,raw_release,14,-0.04536418302359235,0.20540910049495442,-0.08002305228784491,-0.7522210312851085,True,11,11,,0,-1.4165565699447649
12,2400,9400,unconstrained,resident_predictive_authority,14,-0.04536418302359235,0.20540910049495442,-0.08002305228784491,-0.7522210312851085,True,11,,7,69,-0.4046151976391676
12,2400,9400,unconstrained,raw_release,15,-0.15694455346394243,-0.19693391747700495,0.01554218033750332,-0.8056848670012,True,8,8,,0,-1.4795110391841344
12,2400,9400,unconstrained,resident_predictive_authority,15,-0.15694455346394243,-0.19693391747700495,0.01554218033750332,-0.8056848670012,True,8,,4,96,-0.3017847538056325
12,2400,9400,unconstrained,raw_release,16,0.002240213538389768,-0.26607459213354767,-0.10115779221502144,-0.8544935893735204,True,9,9,,0,-1.735557293373746
12,2400,9400,unconstrained,resident_predictive_authority,16,0.002240213538389768,-0.26607459213354767,-0.10115779221502144,-0.8544935893735204,True,9,,5,108,-0.5249597437164256
12,2400,9400,unconstrained,raw_release,17,-0.08517635508033822,-0.04703670327352316,-0.028264999918161143,-0.27800220037201484,True,,,,0,-1.3099025826235098
12,2400,9400,unconstrained,resident_predictive_authority,17,-0.08517635508033822,-0.04703670327352316,-0.028264999918161143,-0.27800220037201484,True,,,,0,-1.3099025826235098
12,2400,9400,unconstrained,raw_release,18,-0.2485326459798909,0.2387886271848313,-0.05482105870258819,0.49947193213100194,True,,,,0,-1.2535769361778966
12,2400,9400,unconstrained,resident_predictive_authority,18,-0.2485326459798909,0.2387886271848313,-0.05482105870258819,0.49947193213100194,True,,,,0,-1.2535769361778966
12,2400,9400,unconstrained,raw_release,19,-0.20859379796102456,-0.17139479282030856,-0.015383305294635635,0.6159247980257037,True,,,,0,-1.2639582691465914
12,2400,9400,unconstrained,resident_predictive_authority,19,-0.20859379796102456,-0.17139479282030856,-0.015383305294635635,0.6159247980257037,True,,,,0,-1.2639582691465914
12,2400,9400,unconstrained,raw_release,20,-0.004083305160981265,0.4812065829680897,0.06314954198663186,-0.6909732317951289,True,,,,0,-1.2668168052919255
12,2400,9400,unconstrained,resident_predictive_authority,20,-0.004083305160981265,0.4812065829680897,0.06314954198663186,-0.6909732317951289,True,,,,0,-1.2668168052919255
12,2400,9400,unconstrained,raw_release,21,0.10547213500696079,-0.17715788696503154,0.007848571668126858,0.4951985881637646,True,,,,0,-1.2817782330646343
12,2400,9400,unconstrained,resident_predictive_authority,21,0.10547213500696079,-0.17715788696503154,0.007848571668126858,0.4951985881637646,True,,,,0,-1.2817782330646343
12,2400,9400,unconstrained,raw_release,22,-0.045737319864144865,-0.2813796654251627,0.14312426940169617,0.28787492606218845,True,,,,0,-1.3375645470337765
12,2400,9400,unconstrained,resident_predictive_authority,22,-0.045737319864144865,-0.2813796654251627,0.14312426940169617,0.28787492606218845,True,,,,0,-1.3375645470337765
12,2400,9400,unconstrained,raw_release,23,0.11470748407873571,-0.34747283113118177,0.04609096158832826,-0.7336032949778799,True,8,8,,0,-1.415609081412732
12,2400,9400,unconstrained,resident_predictive_authority,23,0.11470748407873571,-0.34747283113118177,0.04609096158832826,-0.7336032949778799,True,8,,4,79,-0.26830463064663296
12,2400,9400,constrained,raw_release,0,-0.20457030257357556,0.3122183714121225,0.13797305764757425,-0.20149906101577741,True,,,,0,-1.0076328389492961
12,2400,9400,constrained,resident_predictive_authority,0,-0.20457030257357556,0.3122183714121225,0.13797305764757425,-0.20149906101577741,True,,,,0,-1.0076328389492961
12,2400,9400,constrained,raw_release,1,-0.18507064985575206,0.4655501241356006,-0.032931744614526554,0.3915259142609302,True,,,,0,-1.009943288381441
12,2400,9400,constrained,resident_predictive_authority,1,-0.18507064985575206,0.4655501241356006,-0.032931744614526554,0.3915259142609302,True,,,,0,-1.009943288381441
12,2400,9400,constrained,raw_release,2,0.018770695754169453,-0.15123468955348707,-0.03184137000020151,-0.7236099756456811,True,10,10,,0,-1.1281588563418599
12,2400,9400,constrained,resident_predictive_authority,2,0.018770695754169453,-0.15123468955348707,-0.03184137000020151,-0.7236099756456811,True,10,,6,83,-0.3331269933612933
12,2400,9400,constrained,raw_release,3,0.2426498335695204,-0.23893712247139653,-0.13613023150202916,-0.7456082364618895,True,10,10,,0,-1.3266228109441276
12,2400,9400,constrained,resident_predictive_authority,3,0.2426498335695204,-0.23893712247139653,-0.13613023150202916,-0.7456082364618895,True,10,,6,101,-0.49000068173561007
12,2400,9400,constrained,raw_release,4,0.18760208180564814,0.4975976321097113,-0.08604830033435232,-0.6295011259086787,True,,,,0,-1.0044346962389705
12,2400,9400,constrained,resident_predictive_authority,4,0.18760208180564814,0.4975976321097113,-0.08604830033435232,-0.6295011259086787,True,,,,0,-1.0044346962389705
12,2400,9400,constrained,raw_release,5,0.05913988638347273,-0.2061283095732509,0.07435560999773366,-0.6141801979984394,True,,,,0,-1.0035047447059304
12,2400,9400,constrained,resident_predictive_authority,5,0.05913988638347273,-0.2061283095732509,0.07435560999773366,-0.6141801979984394,True,,,,0,-1.0035047447059304
12,2400,9400,constrained,raw_release,6,0.09167581285677828,-0.024432328628856248,-0.10962517928220314,0.7727628784654466,True,,,,0,-0.9705709317890157
12,2400,9400,constrained,resident_predictive_authority,6,0.09167581285677828,-0.024432328628856248,-0.10962517928220314,0.7727628784654466,True,,,,0,-0.9705709317890157
12,2400,9400,constrained,raw_release,7,-0.060267440135725214,0.4437352475873122,-0.004560556153496126,-0.8831635110016007,True,,,,0,-1.0113675260768153
12,2400,9400,constrained,resident_predictive_authority,7,-0.060267440135725214,0.4437352475873122,-0.004560556153496126,-0.8831635110016007,True,,,,0,-1.0113675260768153
12,2400,9400,constrained,raw_release,8,0.04892326149585713,-0.3355501951099312,-0.005929765938875009,0.9492822050596421,True,,,,0,-1.0378860168953836
12,2400,9400,constrained,resident_predictive_authority,8,0.04892326149585713,-0.3355501951099312,-0.005929765938875009,0.9492822050596421,True,,,,0,-1.0378860168953836
12,2400,9400,constrained,raw_release,9,0.018554508767426148,0.02797754868957647,0.14019541919966957,0.0646685903842743,True,,,,0,-1.040598820836884
12,2400,9400,constrained,resident_predictive_authority,9,0.018554508767426148,0.02797754868957647,0.14019541919966957,0.0646685903842743,True,,,,0,-1.040598820836884
12,2400,9400,constrained,raw_release,10,0.01975142987483197,-0.3482235903552159,-0.08497795447855237,-0.8976920586021095,True,5,5,,0,-1.4196884387217732
12,2400,9400,constrained,resident_predictive_authority,10,0.01975142987483197,-0.3482235903552159,-0.08497795447855237,-0.8976920586021095,True,5,,1,117,-0.493022744731777
12,2400,9400,constrained,raw_release,11,-0.12177287020237798,0.005498905286868361,0.0017202836674446997,0.7346022516024586,True,,,,0,-1.036589491977188
12,2400,9400,constrained,resident_predictive_authority,11,-0.12177287020237798,0.005498905286868361,0.0017202836674446997,0.7346022516024586,True,,,,0,-1.036589491977188
12,2400,9400,constrained,raw_release,12,0.09918425289850513,0.4032191618088443,-0.016630220120760986,0.1472789484169592,True,,,,0,-1.0015969845346977
12,2400,9400,constrained,resident_predictive_authority,12,0.09918425289850513,0.4032191618088443,-0.016630220120760986,0.1472789484169592,True,,,,0,-1.0015969845346977
12,2400,9400,constrained,raw_release,13,0.10186162864662518,-0.03456632063333476,-0.11451852163023567,-0.8296249814982823,True,11,11,,0,-1.2590041978996445
12,2400,9400,constrained,resident_predictive_authority,13,0.10186162864662518,-0.03456632063333476,-0.11451852163023567,-0.8296249814982823,True,11,,7,94,-0.45899611627738407
12,2400,9400,constrained,raw_release,14,-0.04536418302359235,0.20540910049495442,-0.08002305228784491,-0.7522210312851085,True,14,14,,0,-1.1030094684941198
12,2400,9400,constrained,resident_predictive_authority,14,-0.04536418302359235,0.20540910049495442,-0.08002305228784491,-0.7522210312851085,True,14,,10,45,-0.6006189569040471
12,2400,9400,constrained,raw_release,15,-0.15694455346394243,-0.19693391747700495,0.01554218033750332,-0.8056848670012,True,9,9,,0,-1.1493439326019312
12,2400,9400,constrained,resident_predictive_authority,15,-0.15694455346394243,-0.19693391747700495,0.01554218033750332,-0.8056848670012,True,9,,5,92,-0.315688392029472
12,2400,9400,constrained,raw_release,16,0.002240213538389768,-0.26607459213354767,-0.10115779221502144,-0.8544935893735204,True,9,9,,0,-1.3924531956394668
12,2400,9400,constrained,resident_predictive_authority,16,0.002240213538389768,-0.26607459213354767,-0.10115779221502144,-0.8544935893735204,True,9,,5,109,-0.5143588527624774
12,2400,9400,constrained,raw_release,17,-0.08517635508033822,-0.04703670327352316,-0.028264999918161143,-0.27800220037201484,True,,,,0,-0.9958407861304868
12,2400,9400,constrained,resident_predictive_authority,17,-0.08517635508033822,-0.04703670327352316,-0.028264999918161143,-0.27800220037201484,True,,,,0,-0.9958407861304868
12,2400,9400,constrained,raw_release,18,-0.2485326459798909,0.2387886271848313,-0.05482105870258819,0.49947193213100194,True,,,,0,-0.970436289546296
12,2400,9400,constrained,resident_predictive_authority,18,-0.2485326459798909,0.2387886271848313,-0.05482105870258819,0.49947193213100194,True,,,,0,-0.970436289546296
12,2400,9400,constrained,raw_release,19,-0.20859379796102456,-0.17139479282030856,-0.015383305294635635,0.6159247980257037,True,,,,0,-0.9692193781207411
12,2400,9400,constrained,resident_predictive_authority,19,-0.20859379796102456,-0.17139479282030856,-0.015383305294635635,0.6159247980257037,True,,,,0,-0.9692193781207411
12,2400,9400,constrained,raw_release,20,-0.004083305160981265,0.4812065829680897,0.06314954198663186,-0.6909732317951289,True,,,,0,-0.9635583173875536
12,2400,9400,constrained,resident_predictive_authority,20,-0.004083305160981265,0.4812065829680897,0.06314954198663186,-0.6909732317951289,True,,,,0,-0.9635583173875536
12,2400,9400,constrained,raw_release,21,0.10547213500696079,-0.17715788696503154,0.007848571668126858,0.4951985881637646,True,,,,0,-0.9851499116023119
12,2400,9400,constrained,resident_predictive_authority,21,0.10547213500696079,-0.17715788696503154,0.007848571668126858,0.4951985881637646,True,,,,0,-0.9851499116023119
12,2400,9400,constrained,raw_release,22,-0.045737319864144865,-0.2813796654251627,0.14312426940169617,0.28787492606218845,True,,,,0,-1.0308887465111591
12,2400,9400,constrained,resident_predictive_authority,22,-0.045737319864144865,-0.2813796654251627,0.14312426940169617,0.28787492606218845,True,,,,0,-1.0308887465111591
12,2400,9400,constrained,raw_release,23,0.11470748407873571,-0.34747283113118177,0.04609096158832826,-0.7336032949778799,True,9,9,,0,-1.0802945191111049
12,2400,9400,constrained,resident_predictive_authority,23,0.11470748407873571,-0.34747283113118177,0.04609096158832826,-0.7336032949778799,True,9,,5,74,-0.2798183172302228
12,2401,9401,clean,raw_release,0,0.2237449076719007,0.35079379488991713,-0.025591529640811725,-0.15484733507424964,True,,,,0,-0.026573612976802607
12,2401,9401,clean,resident_predictive_authority,0,0.2237449076719007,0.35079379488991713,-0.025591529640811725,-0.15484733507424964,True,,,,0,-0.026573612976802607
12,2401,9401,clean,raw_release,1,0.06920435689037635,0.07144847820147449,0.11616930784707771,0.4897623293474027,True,,,,0,-0.22836474330830264
12,2401,9401,clean,resident_predictive_authority,1,0.06920435689037635,0.07144847820147449,0.11616930784707771,0.4897623293474027,True,,,,0,-0.22836474330830264
12,2401,9401,clean,raw_release,2,0.14727808337350562,0.36998371357941073,0.14777248910451543,-0.8121339453853695,True,,,,0,-0.026614410475882526
12,2401,9401,clean,resident_predictive_authority,2,0.14727808337350562,0.36998371357941073,0.14777248910451543,-0.8121339453853695,True,,,,0,-0.026614410475882526
12,2401,9401,clean,raw_release,3,-0.010704258765710684,0.10000969241848134,0.14680290898248247,-0.289251668688683,True,,,,0,-0.03550446493592677
12,2401,9401,clean,resident_predictive_authority,3,-0.010704258765710684,0.10000969241848134,0.14680290898248247,-0.289251668688683,True,,,,0,-0.03550446493592677
12,2401,9401,clean,raw_release,4,0.07249626564372152,0.16451953428071797,-0.08217053401915081,-0.19923832537936992,True,,,,0,-0.03228487630197279
12,2401,9401,clean,resident_predictive_authority,4,0.07249626564372152,0.16451953428071797,-0.08217053401915081,-0.19923832537936992,True,,,,0,-0.03228487630197279
12,2401,9401,clean,raw_release,5,0.11889227713118222,-0.23517737698315877,-0.09351042217066699,-0.2014357922820167,True,,,,0,-0.1083335804910523
12,2401,9401,clean,resident_predictive_authority,5,0.11889227713118222,-0.23517737698315877,-0.09351042217066699,-0.2014357922820167,True,,,,0,-0.1083335804910523
12,2401,9401,clean,raw_release,6,-0.2439870156587738,-0.36687702954215373,-0.14496225221771822,-0.36201085698047053,True,,,,0,-0.41332945812806643
12,2401,9401,clean,resident_predictive_authority,6,-0.2439870156587738,-0.36687702954215373,-0.14496225221771822,-0.36201085698047053,True,,,,0,-0.41332945812806643
12,2401,9401,clean,raw_release,7,0.12911407956686893,-0.3697138448737549,0.13548310981615322,-0.6248780965591767,True,,,,0,-0.033710441538384435
12,2401,9401,clean,resident_predictive_authority,7,0.12911407956686893,-0.3697138448737549,0.13548310981615322,-0.6248780965591767,True,,,,0,-0.033710441538384435
12,2401,9401,clean,raw_release,8,0.20135322399020023,-0.43892112110259196,0.0975708467700778,0.44916058702127293,True,,,,0,-0.07977503599186721
12,2401,9401,clean,resident_predictive_authority,8,0.20135322399020023,-0.43892112110259196,0.0975708467700778,0.44916058702127293,True,,,,0,-0.07977503599186721
12,2401,9401,clean,raw_release,9,0.12177634507525636,-0.12149567339188627,-0.09124502321022732,0.7663169828139726,True,,,,0,-0.03502323115147033
12,2401,9401,clean,resident_predictive_authority,9,0.12177634507525636,-0.12149567339188627,-0.09124502321022732,0.7663169828139726,True,,,,0,-0.03502323115147033
12,2401,9401,clean,raw_release,10,-0.0779056251636947,0.2823863254082509,-0.054125899203239305,-0.4227046664320675,True,,,,0,-0.046634839342085135
12,2401,9401,clean,resident_predictive_authority,10,-0.0779056251636947,0.2823863254082509,-0.054125899203239305,-0.4227046664320675,True,,,,0,-0.046634839342085135
12,2401,9401,clean,raw_release,11,0.010523573881162873,0.3997617191589934,0.14661771170354218,-0.06824788021550554,True,,,,0,-0.16198729718196184
12,2401,9401,clean,resident_predictive_authority,11,0.010523573881162873,0.3997617191589934,0.14661771170354218,-0.06824788021550554,True,,,,0,-0.16198729718196184
12,2401,9401,clean,raw_release,12,0.19439286871374706,-0.323024706691841,-0.005837907938676806,-0.41711884639742314,True,,,,0,-0.08313340220977507
12,2401,9401,clean,resident_predictive_authority,12,0.19439286871374706,-0.323024706691841,-0.005837907938676806,-0.41711884639742314,True,,,,0,-0.08313340220977507
12,2401,9401,clean,raw_release,13,-0.12432070806349088,0.015218075931251018,0.05491292870663608,-0.2808474858935275,True,,,,0,-0.009337913341812424
12,2401,9401,clean,resident_predictive_authority,13,-0.12432070806349088,0.015218075931251018,0.05491292870663608,-0.2808474858935275,True,,,,0,-0.009337913341812424
12,2401,9401,clean,raw_release,14,-0.10077150701259163,0.18702143900713752,-0.03222797423863809,-0.6674751860458463,True,,,,0,-0.10209431030840908
12,2401,9401,clean,resident_predictive_authority,14,-0.10077150701259163,0.18702143900713752,-0.03222797423863809,-0.6674751860458463,True,,,,0,-0.10209431030840908
12,2401,9401,clean,raw_release,15,0.08155579424869869,-0.38284320420478846,-0.05327801570754098,-0.5770475069234109,True,,,,0,-0.23712251258456618
12,2401,9401,clean,resident_predictive_authority,15,0.08155579424869869,-0.38284320420478846,-0.05327801570754098,-0.5770475069234109,True,,,,0,-0.23712251258456618
12,2401,9401,clean,raw_release,16,-0.1980472899568287,0.17740529632638546,-0.06402607430792726,-0.02402139049358132,True,,,,0,-0.01990561910560846
12,2401,9401,clean,resident_predictive_authority,16,-0.1980472899568287,0.17740529632638546,-0.06402607430792726,-0.02402139049358132,True,,,,0,-0.01990561910560846
12,2401,9401,clean,raw_release,17,0.213065994567109,0.09833222036639022,-0.09534913988469484,-0.7517941430574975,True,,,,0,-0.19103323332968364
12,2401,9401,clean,resident_predictive_authority,17,0.213065994567109,0.09833222036639022,-0.09534913988469484,-0.7517941430574975,True,,,,0,-0.19103323332968364
12,2401,9401,clean,raw_release,18,0.05090590774513992,0.33226757868251844,0.0947376427640679,0.7019030356642335,True,,,,0,-0.40150536003932574
12,2401,9401,clean,resident_predictive_authority,18,0.05090590774513992,0.33226757868251844,0.0947376427640679,0.7019030356642335,True,,,,0,-0.40150536003932574
12,2401,9401,clean,raw_release,19,-0.14063040219712247,0.19455735392020412,0.14834183225085937,-0.08307515185266423,True,,,,0,-0.08113204974580086
12,2401,9401,clean,resident_predictive_authority,19,-0.14063040219712247,0.19455735392020412,0.14834183225085937,-0.08307515185266423,True,,,,0,-0.08113204974580086
12,2401,9401,clean,raw_release,20,0.14895049229072355,-0.3396905915587133,0.14500281511907867,0.38085054406388785,True,,,,0,-0.1262512686938945
12,2401,9401,clean,resident_predictive_authority,20,0.14895049229072355,-0.3396905915587133,0.14500281511907867,0.38085054406388785,True,,,,0,-0.1262512686938945
12,2401,9401,clean,raw_release,21,0.08770113765897453,0.11082935366747171,0.02317474396319591,0.8194041391992084,True,,,,0,-0.22652326556120592
12,2401,9401,clean,resident_predictive_authority,21,0.08770113765897453,0.11082935366747171,0.02317474396319591,0.8194041391992084,True,,,,0,-0.22652326556120592
12,2401,9401,clean,raw_release,22,-0.1893073524596307,0.10039698385182727,0.07131411438772908,0.11844519749318594,True,,,,0,-0.03831994886550021
12,2401,9401,clean,resident_predictive_authority,22,-0.1893073524596307,0.10039698385182727,0.07131411438772908,0.11844519749318594,True,,,,0,-0.03831994886550021
12,2401,9401,clean,raw_release,23,-0.1180492077113498,0.014630373926250884,-0.02897220768763295,-0.8813280943965975,True,,,,0,-0.22600574638612037
12,2401,9401,clean,resident_predictive_authority,23,-0.1180492077113498,0.014630373926250884,-0.02897220768763295,-0.8813280943965975,True,,,,0,-0.22600574638612037
12,2401,9401,unconstrained,raw_release,0,0.2237449076719007,0.35079379488991713,-0.025591529640811725,-0.15484733507424964,True,,,,0,-1.1203708632129228
12,2401,9401,unconstrained,resident_predictive_authority,0,0.2237449076719007,0.35079379488991713,-0.025591529640811725,-0.15484733507424964,True,,,,0,-1.1203708632129228
12,2401,9401,unconstrained,raw_release,1,0.06920435689037635,0.07144847820147449,0.11616930784707771,0.4897623293474027,True,,,,0,-1.3228871616705875
12,2401,9401,unconstrained,resident_predictive_authority,1,0.06920435689037635,0.07144847820147449,0.11616930784707771,0.4897623293474027,True,,,,0,-1.3228871616705875
12,2401,9401,unconstrained,raw_release,2,0.14727808337350562,0.36998371357941073,0.14777248910451543,-0.8121339453853695,True,,,,0,-1.1299885012443225
12,2401,9401,unconstrained,resident_predictive_authority,2,0.14727808337350562,0.36998371357941073,0.14777248910451543,-0.8121339453853695,True,,,,0,-1.1299885012443225
12,2401,9401,unconstrained,raw_release,3,-0.010704258765710684,0.10000969241848134,0.14680290898248247,-0.289251668688683,True,,,,0,-1.1346015312844682
12,2401,9401,unconstrained,resident_predictive_authority,3,-0.010704258765710684,0.10000969241848134,0.14680290898248247,-0.289251668688683,True,,,,0,-1.1346015312844682
12,2401,9401,unconstrained,raw_release,4,0.07249626564372152,0.16451953428071797,-0.08217053401915081,-0.19923832537936992,True,,,,0,-1.124886828277641
12,2401,9401,unconstrained,resident_predictive_authority,4,0.07249626564372152,0.16451953428071797,-0.08217053401915081,-0.19923832537936992,True,,,,0,-1.124886828277641
12,2401,9401,unconstrained,raw_release,5,0.11889227713118222,-0.23517737698315877,-0.09351042217066699,-0.2014357922820167,True,12,12,,0,-1.1994439464892939
12,2401,9401,unconstrained,resident_predictive_authority,5,0.11889227713118222,-0.23517737698315877,-0.09351042217066699,-0.2014357922820167,True,12,,8,36,-0.5723258633482771
12,2401,9401,unconstrained,raw_release,6,-0.2439870156587738,-0.36687702954215373,-0.14496225221771822,-0.36201085698047053,True,9,9,,0,-1.4947222395669972
12,2401,9401,unconstrained,resident_predictive_authority,6,-0.2439870156587738,-0.36687702954215373,-0.14496225221771822,-0.36201085698047053,True,9,,5,107,-0.4849317426708298
12,2401,9401,unconstrained,raw_release,7,0.12911407956686893,-0.3697138448737549,0.13548310981615322,-0.6248780965591767,True,7,7,,0,-1.1459579988530497
12,2401,9401,unconstrained,resident_predictive_authority,7,0.12911407956686893,-0.3697138448737549,0.13548310981615322,-0.6248780965591767,True,7,,3,35,-0.24805621999521082
12,2401,9401,unconstrained,raw_release,8,0.20135322399020023,-0.43892112110259196,0.0975708467700778,0.44916058702127293,True,,,,0,-1.1779400776252502
12,2401,9401,unconstrained,resident_predictive_authority,8,0.20135322399020023,-0.43892112110259196,0.0975708467700778,0.44916058702127293,True,,,,0,-1.1779400776252502
12,2401,9401,unconstrained,raw_release,9,0.12177634507525636,-0.12149567339188627,-0.09124502321022732,0.7663169828139726,True,,,,0,-1.1202705842811858
12,2401,9401,unconstrained,resident_predictive_authority,9,0.12177634507525636,-0.12149567339188627,-0.09124502321022732,0.7663169828139726,True,,,,0,-1.1202705842811858
12,2401,9401,unconstrained,raw_release,10,-0.0779056251636947,0.2823863254082509,-0.054125899203239305,-0.4227046664320675,True,,,,0,-1.136760080793709
12,2401,9401,unconstrained,resident_predictive_authority,10,-0.0779056251636947,0.2823863254082509,-0.054125899203239305,-0.4227046664320675,True,,,,0,-1.136760080793709
12,2401,9401,unconstrained,raw_release,11,0.010523573881162873,0.3997617191589934,0.14661771170354218,-0.06824788021550554,True,,,,0,-1.258235388652308
12,2401,9401,unconstrained,resident_predictive_authority,11,0.010523573881162873,0.3997617191589934,0.14661771170354218,-0.06824788021550554,True,,,,0,-1.258235388652308
12,2401,9401,unconstrained,raw_release,12,0.19439286871374706,-0.323024706691841,-0.005837907938676806,-0.41711884639742314,True,10,10,,0,-1.1857243824594903
12,2401,9401,unconstrained,resident_predictive_authority,12,0.19439286871374706,-0.323024706691841,-0.005837907938676806,-0.41711884639742314,True,10,,6,33,-0.5070660382294748
12,2401,9401,unconstrained,raw_release,13,-0.12432070806349088,0.015218075931251018,0.05491292870663608,-0.2808474858935275,True,,,,0,-1.105893207044449
12,2401,9401,unconstrained,resident_predictive_authority,13,-0.12432070806349088,0.015218075931251018,0.05491292870663608,-0.2808474858935275,True,,,,0,-1.105893207044449
12,2401,9401,unconstrained,raw_release,14,-0.10077150701259163,0.18702143900713752,-0.03222797423863809,-0.6674751860458463,True,,,,0,-1.1874676801642012
12,2401,9401,unconstrained,resident_predictive_authority,14,-0.10077150701259163,0.18702143900713752,-0.03222797423863809,-0.6674751860458463,True,,,,0,-1.1874676801642012
12,2401,9401,unconstrained,raw_release,15,0.08155579424869869,-0.38284320420478846,-0.05327801570754098,-0.5770475069234109,True,9,9,,0,-1.3270044162256502
12,2401,9401,unconstrained,resident_predictive_authority,15,0.08155579424869869,-0.38284320420478846,-0.05327801570754098,-0.5770475069234109,True,9,,5,92,-0.3526536178729327
12,2401,9401,unconstrained,raw_release,16,-0.1980472899568287,0.17740529632638546,-0.06402607430792726,-0.02402139049358132,True,,,,0,-1.1079583980358767
12,2401,9401,unconstrained,resident_predictive_authority,16,-0.1980472899568287,0.17740529632638546,-0.06402607430792726,-0.02402139049358132,True,,,,0,-1.1079583980358767
12,2401,9401,unconstrained,raw_release,17,0.213065994567109,0.09833222036639022,-0.09534913988469484,-0.7517941430574975,True,12,12,,0,-1.266482335490532
12,2401,9401,unconstrained,resident_predictive_authority,17,0.213065994567109,0.09833222036639022,-0.09534913988469484,-0.7517941430574975,True,12,,8,50,-0.5670477815357192
12,2401,9401,unconstrained,raw_release,18,0.05090590774513992,0.33226757868251844,0.0947376427640679,0.7019030356642335,True,,,,0,-1.4879170628944736
12,2401,9401,unconstrained,resident_predictive_authority,18,0.05090590774513992,0.33226757868251844,0.0947376427640679,0.7019030356642335,True,,,,0,-1.4879170628944736
12,2401,9401,unconstrained,raw_release,19,-0.14063040219712247,0.19455735392020412,0.14834183225085937,-0.08307515185266423,True,,,,0,-1.1765922518410818
12,2401,9401,unconstrained,resident_predictive_authority,19,-0.14063040219712247,0.19455735392020412,0.14834183225085937,-0.08307515185266423,True,,,,0,-1.1765922518410818
12,2401,9401,unconstrained,raw_release,20,0.14895049229072355,-0.3396905915587133,0.14500281511907867,0.38085054406388785,True,,,,0,-1.2255941695041674
12,2401,9401,unconstrained,resident_predictive_authority,20,0.14895049229072355,-0.3396905915587133,0.14500281511907867,0.38085054406388785,True,,,,0,-1.2255941695041674
12,2401,9401,unconstrained,raw_release,21,0.08770113765897453,0.11082935366747171,0.02317474396319591,0.8194041391992084,True,,,,0,-1.3158108404142295
12,2401,9401,unconstrained,resident_predictive_authority,21,0.08770113765897453,0.11082935366747171,0.02317474396319591,0.8194041391992084,True,,,,0,-1.3158108404142295
12,2401,9401,unconstrained,raw_release,22,-0.1893073524596307,0.10039698385182727,0.07131411438772908,0.11844519749318594,True,,,,0,-1.1296989228394634
12,2401,9401,unconstrained,resident_predictive_authority,22,-0.1893073524596307,0.10039698385182727,0.07131411438772908,0.11844519749318594,True,,,,0,-1.1296989228394634
12,2401,9401,unconstrained,raw_release,23,-0.1180492077113498,0.014630373926250884,-0.02897220768763295,-0.8813280943965975,True,10,10,,0,-1.3049578171549383
12,2401,9401,unconstrained,resident_predictive_authority,23,-0.1180492077113498,0.014630373926250884,-0.02897220768763295,-0.8813280943965975,True,10,,6,89,-0.3577405803652426
12,2401,9401,constrained,raw_release,0,0.2237449076719007,0.35079379488991713,-0.025591529640811725,-0.15484733507424964,True,,,,0,-0.4102334977069266
12,2401,9401,constrained,resident_predictive_authority,0,0.2237449076719007,0.35079379488991713,-0.025591529640811725,-0.15484733507424964,True,,,,0,-0.4102334977069266
12,2401,9401,constrained,raw_release,1,0.06920435689037635,0.07144847820147449,0.11616930784707771,0.4897623293474027,True,,,,0,-0.6154184487616843
12,2401,9401,constrained,resident_predictive_authority,1,0.06920435689037635,0.07144847820147449,0.11616930784707771,0.4897623293474027,True,,,,0,-0.6154184487616843
12,2401,9401,constrained,raw_release,2,0.14727808337350562,0.36998371357941073,0.14777248910451543,-0.8121339453853695,True,,,,0,-0.4093053345023725
12,2401,9401,constrained,resident_predictive_authority,2,0.14727808337350562,0.36998371357941073,0.14777248910451543,-0.8121339453853695,True,,,,0,-0.4093053345023725
12,2401,9401,constrained,raw_release,3,-0.010704258765710684,0.10000969241848134,0.14680290898248247,-0.289251668688683,True,,,,0,-0.41665723136429766
12,2401,9401,constrained,resident_predictive_authority,3,-0.010704258765710684,0.10000969241848134,0.14680290898248247,-0.289251668688683,True,,,,0,-0.41665723136429766
12,2401,9401,constrained,raw_release,4,0.07249626564372152,0.16451953428071797,-0.08217053401915081,-0.19923832537936992,True,,,,0,-0.4103481946335493
12,2401,9401,constrained,resident_predictive_authority,4,0.07249626564372152,0.16451953428071797,-0.08217053401915081,-0.19923832537936992,True,,,,0,-0.4103481946335493
12,2401,9401,constrained,raw_release,5,0.11889227713118222,-0.23517737698315877,-0.09351042217066699,-0.2014357922820167,True,,,,0,-0.48274137450872784
12,2401,9401,constrained,resident_predictive_authority,5,0.11889227713118222,-0.23517737698315877,-0.09351042217066699,-0.2014357922820167,True,,,,0,-0.48274137450872784
12,2401,9401,constrained,raw_release,6,-0.2439870156587738,-0.36687702954215373,-0.14496225221771822,-0.36201085698047053,True,11,11,,0,-0.7726505388140387
12,2401,9401,constrained,resident_predictive_authority,6,-0.2439870156587738,-0.36687702954215373,-0.14496225221771822,-0.36201085698047053,True,11,,7,104,-0.46946884006663836
12,2401,9401,constrained,raw_release,7,0.12911407956686893,-0.3697138448737549,0.13548310981615322,-0.6248780965591767,True,,,,0,-0.40917677134814795
12,2401,9401,constrained,resident_predictive_authority,7,0.12911407956686893,-0.3697138448737549,0.13548310981615322,-0.6248780965591767,True,,,,0,-0.40917677134814795
12,2401,9401,constrained,raw_release,8,0.20135322399020023,-0.43892112110259196,0.0975708467700778,0.44916058702127293,True,,,,0,-0.46002275358759637
12,2401,9401,constrained,resident_predictive_authority,8,0.20135322399020023,-0.43892112110259196,0.0975708467700778,0.44916058702127293,True,,,,0,-0.46002275358759637
12,2401,9401,constrained,raw_release,9,0.12177634507525636,-0.12149567339188627,-0.09124502321022732,0.7663169828139726,True,,,,0,-0.4154717334766704
12,2401,9401,constrained,resident_predictive_authority,9,0.12177634507525636,-0.12149567339188627,-0.09124502321022732,0.7663169828139726,True,,,,0,-0.4154717334766704
12,2401,9401,constrained,raw_release,10,-0.0779056251636947,0.2823863254082509,-0.054125899203239305,-0.4227046664320675,True,,,,0,-0.4241517530878334
12,2401,9401,constrained,resident_predictive_authority,10,-0.0779056251636947,0.2823863254082509,-0.054125899203239305,-0.4227046664320675,True,,,,0,-0.4241517530878334
12,2401,9401,constrained,raw_release,11,0.010523573881162873,0.3997617191589934,0.14661771170354218,-0.06824788021550554,True,,,,0,-0.5492343197785327
12,2401,9401,constrained,resident_predictive_authority,11,0.010523573881162873,0.3997617191589934,0.14661771170354218,-0.06824788021550554,True,,,,0,-0.5492343197785327
12,2401,9401,constrained,raw_release,12,0.19439286871374706,-0.323024706691841,-0.005837907938676806,-0.41711884639742314,True,,,,0,-0.45806359808891906
12,2401,9401,constrained,resident_predictive_authority,12,0.19439286871374706,-0.323024706691841,-0.005837907938676806,-0.41711884639742314,True,,,,0,-0.45806359808891906
12,2401,9401,constrained,raw_release,13,-0.12432070806349088,0.015218075931251018,0.05491292870663608,-0.2808474858935275,True,,,,0,-0.3863446438284635
12,2401,9401,constrained,resident_predictive_authority,13,-0.12432070806349088,0.015218075931251018,0.05491292870663608,-0.2808474858935275,True,,,,0,-0.3863446438284635
12,2401,9401,constrained,raw_release,14,-0.10077150701259163,0.18702143900713752,-0.03222797423863809,-0.6674751860458463,True,,,,0,-0.47430461003116453
12,2401,9401,constrained,resident_predictive_authority,14,-0.10077150701259163,0.18702143900713752,-0.03222797423863809,-0.6674751860458463,True,,,,0,-0.47430461003116453
12,2401,9401,constrained,raw_release,15,0.08155579424869869,-0.38284320420478846,-0.05327801570754098,-0.5770475069234109,True,13,13,,0,-0.6037632869883931
12,2401,9401,constrained,resident_predictive_authority,15,0.08155579424869869,-0.38284320420478846,-0.05327801570754098,-0.5770475069234109,True,13,,9,82,-0.3585212706602545
12,2401,9401,constrained,raw_release,16,-0.1980472899568287,0.17740529632638546,-0.06402607430792726,-0.02402139049358132,True,,,,0,-0.3969227164104469
12,2401,9401,constrained,resident_predictive_authority,16,-0.1980472899568287,0.17740529632638546,-0.06402607430792726,-0.02402139049358132,True,,,,0,-0.3969227164104469
12,2401,9401,constrained,raw_release,17,0.213065994567109,0.09833222036639022,-0.09534913988469484,-0.7517941430574975,True,,,,0,-0.5564532938541711
12,2401,9401,constrained,resident_predictive_authority,17,0.213065994567109,0.09833222036639022,-0.09534913988469484,-0.7517941430574975,True,,,,0,-0.5564532938541711
12,2401,9401,constrained,raw_release,18,0.05090590774513992,0.33226757868251844,0.0947376427640679,0.7019030356642335,True,,,,0,-0.7903335098910556
12,2401,9401,constrained,resident_predictive_authority,18,0.05090590774513992,0.33226757868251844,0.0947376427640679,0.7019030356642335,True,,,,0,-0.7903335098910556
12,2401,9401,constrained,raw_release,19,-0.14063040219712247,0.19455735392020412,0.14834183225085937,-0.08307515185266423,True,,,,0,-0.46385804858889007
12,2401,9401,constrained,resident_predictive_authority,19,-0.14063040219712247,0.19455735392020412,0.14834183225085937,-0.08307515185266423,True,,,,0,-0.46385804858889007
12,2401,9401,constrained,raw_release,20,0.14895049229072355,-0.3396905915587133,0.14500281511907867,0.38085054406388785,True,,,,0,-0.5083248781242253
12,2401,9401,constrained,resident_predictive_authority,20,0.14895049229072355,-0.3396905915587133,0.14500281511907867,0.38085054406388785,True,,,,0,-0.5083248781242253
12,2401,9401,constrained,raw_release,21,0.08770113765897453,0.11082935366747171,0.02317474396319591,0.8194041391992084,True,,,,0,-0.6142625181279345
12,2401,9401,constrained,resident_predictive_authority,21,0.08770113765897453,0.11082935366747171,0.02317474396319591,0.8194041391992084,True,,,,0,-0.6142625181279345
12,2401,9401,constrained,raw_release,22,-0.1893073524596307,0.10039698385182727,0.07131411438772908,0.11844519749318594,True,,,,0,-0.4186885601119236
12,2401,9401,constrained,resident_predictive_authority,22,-0.1893073524596307,0.10039698385182727,0.07131411438772908,0.11844519749318594,True,,,,0,-0.4186885601119236
12,2401,9401,constrained,raw_release,23,-0.1180492077113498,0.014630373926250884,-0.02897220768763295,-0.8813280943965975,True,,,,0,-0.5904224062985949
12,2401,9401,constrained,resident_predictive_authority,23,-0.1180492077113498,0.014630373926250884,-0.02897220768763295,-0.8813280943965975,True,,,,0,-0.5904224062985949
12,2402,9402,clean,raw_release,0,-0.1615132658346754,-0.11550841429297021,0.022901916924437354,-0.19872794657738346,True,,,,0,-0.4706134796506961
12,2402,9402,clean,resident_predictive_authority,0,-0.1615132658346754,-0.11550841429297021,0.022901916924437354,-0.19872794657738346,True,,,,0,-0.4706134796506961
12,2402,9402,clean,raw_release,1,-0.23125258539530125,-0.4708958092866965,-0.08196714238104882,-0.012070195004850959,True,,,,0,-0.6257615750934351
12,2402,9402,clean,resident_predictive_authority,1,-0.23125258539530125,-0.4708958092866965,-0.08196714238104882,-0.012070195004850959,True,,,,0,-0.6257615750934351
12,2402,9402,clean,raw_release,2,0.2220813058257321,-0.35566005836398207,-0.09216345249958499,-0.8980457102004791,True,10,10,,0,-0.9040370740313476
12,2402,9402,clean,resident_predictive_authority,2,0.2220813058257321,-0.35566005836398207,-0.09216345249958499,-0.8980457102004791,True,10,,6,105,-0.4984190544254682
12,2402,9402,clean,raw_release,3,-0.22179393018453925,-0.07777225425505163,0.14248972857317013,-0.10588498526529166,True,,,,0,-0.47441596570840333
12,2402,9402,clean,resident_predictive_authority,3,-0.22179393018453925,-0.07777225425505163,0.14248972857317013,-0.10588498526529166,True,,,,0,-0.47441596570840333
12,2402,9402,clean,raw_release,4,-0.15422906142631143,0.19114444828931965,0.10415437768981164,-0.7061183821692663,True,,,,0,-0.4666036741474361
12,2402,9402,clean,resident_predictive_authority,4,-0.15422906142631143,0.19114444828931965,0.10415437768981164,-0.7061183821692663,True,,,,0,-0.4666036741474361
12,2402,9402,clean,raw_release,5,-0.16789680924529132,0.41142689389472853,0.12684019128832133,-0.3516263290394035,True,,,,0,-0.48422022847893814
12,2402,9402,clean,resident_predictive_authority,5,-0.16789680924529132,0.41142689389472853,0.12684019128832133,-0.3516263290394035,True,,,,0,-0.48422022847893814
12,2402,9402,clean,raw_release,6,0.14861907264167784,-0.1845502128166714,0.0959413297126687,-0.7141045553597423,True,,,,0,-0.5007517435460467
12,2402,9402,clean,resident_predictive_authority,6,0.14861907264167784,-0.1845502128166714,0.0959413297126687,-0.7141045553597423,True,,,,0,-0.5007517435460467
12,2402,9402,clean,raw_release,7,-0.10863980033178833,0.1644621432838459,0.14519679488271733,-0.0022260290963271867,True,,,,0,-0.5329232724870209
12,2402,9402,clean,resident_predictive_authority,7,-0.10863980033178833,0.1644621432838459,0.14519679488271733,-0.0022260290963271867,True,,,,0,-0.5329232724870209
12,2402,9402,clean,raw_release,8,0.1292871832895483,-0.13563608662713889,0.014668528429913397,-0.3319672756419818,True,,,,0,-0.47444655978828365
12,2402,9402,clean,resident_predictive_authority,8,0.1292871832895483,-0.13563608662713889,0.014668528429913397,-0.3319672756419818,True,,,,0,-0.47444655978828365
12,2402,9402,clean,raw_release,9,-0.07392579830891222,-0.10344817926059846,-0.10635514975180503,0.036486951081318386,True,,,,0,-0.4984329816595247
12,2402,9402,clean,resident_predictive_authority,9,-0.07392579830891222,-0.10344817926059846,-0.10635514975180503,0.036486951081318386,True,,,,0,-0.4984329816595247
12,2402,9402,clean,raw_release,10,-0.2074934045065741,0.20887486526909593,0.08965212477657003,-0.035037393249783166,True,,,,0,-0.47508023258844967
12,2402,9402,clean,resident_predictive_authority,10,-0.2074934045065741,0.20887486526909593,0.08965212477657003,-0.035037393249783166,True,,,,0,-0.47508023258844967
12,2402,9402,clean,raw_release,11,0.23275973662398242,-0.28224819137442847,-0.0700709139324361,0.8225530521316899,True,,,,0,-0.4795736471899449
12,2402,9402,clean,resident_predictive_authority,11,0.23275973662398242,-0.28224819137442847,-0.0700709139324361,0.8225530521316899,True,,,,0,-0.4795736471899449
12,2402,9402,clean,raw_release,12,0.00685196063295157,0.20588002511140913,0.029008948852395744,-0.8629475406840037,True,,,,0,-0.5204374657087939
12,2402,9402,clean,resident_predictive_authority,12,0.00685196063295157,0.20588002511140913,0.029008948852395744,-0.8629475406840037,True,,,,0,-0.5204374657087939
12,2402,9402,clean,raw_release,13,0.11333854629267465,0.14397166846365073,-0.031238134746449903,-0.3094731950025562,True,,,,0,-0.4613239591297405
12,2402,9402,clean,resident_predictive_authority,13,0.11333854629267465,0.14397166846365073,-0.031238134746449903,-0.3094731950025562,True,,,,0,-0.4613239591297405
12,2402,9402,clean,raw_release,14,-0.08238621927640682,0.007568370354010923,-0.1277880112880462,0.2973995599348773,True,,,,0,-0.4504359098184044
12,2402,9402,clean,resident_predictive_authority,14,-0.08238621927640682,0.007568370354010923,-0.1277880112880462,0.2973995599348773,True,,,,0,-0.4504359098184044
12,2402,9402,clean,raw_release,15,0.11282856626071919,-0.2651208771947059,0.09952221149725052,0.42884612520159315,True,,,,0,-0.5358277776917011
12,2402,9402,clean,resident_predictive_authority,15,0.11282856626071919,-0.2651208771947059,0.09952221149725052,0.42884612520159315,True,,,,0,-0.5358277776917011
12,2402,9402,clean,raw_release,16,0.16707912545216175,0.0956728368349915,-0.10094668999911502,0.24847753775744952,True,,,,0,-0.4421729402398389
12,2402,9402,clean,resident_predictive_authority,16,0.16707912545216175,0.0956728368349915,-0.10094668999911502,0.24847753775744952,True,,,,0,-0.4421729402398389
12,2402,9402,clean,raw_release,17,0.05577105872628407,-0.08460515714127925,0.03763781135757038,0.2626484573798624,True,,,,0,-0.46865844515874383
12,2402,9402,clean,resident_predictive_authority,17,0.05577105872628407,-0.08460515714127925,0.03763781135757038,0.2626484573798624,True,,,,0,-0.46865844515874383
12,2402,9402,clean,raw_release,18,-0.13431139974373457,0.17541266801285393,-0.054538764330049755,0.24269439551753313,True,,,,0,-0.4375767741839493
12,2402,9402,clean,resident_predictive_authority,18,-0.13431139974373457,0.17541266801285393,-0.054538764330049755,0.24269439551753313,True,,,,0,-0.4375767741839493
12,2402,9402,clean,raw_release,19,-0.21561016464278748,0.008923015284333147,-0.0011748710301789367,0.925454501858546,True,,,,0,-0.5651914964391892
12,2402,9402,clean,resident_predictive_authority,19,-0.21561016464278748,0.008923015284333147,-0.0011748710301789367,0.925454501858546,True,,,,0,-0.5651914964391892
12,2402,9402,clean,raw_release,20,0.11401875199531891,-0.13115462166531866,0.06983546283339762,-0.21960493302451756,True,,,,0,-0.45297137854029274
12,2402,9402,clean,resident_predictive_authority,20,0.11401875199531891,-0.13115462166531866,0.06983546283339762,-0.21960493302451756,True,,,,0,-0.45297137854029274
12,2402,9402,clean,raw_release,21,0.18962784207239597,-0.23035359537721956,-0.06171452407819776,-0.07400775096147716,True,,,,0,-0.48741249944882625
12,2402,9402,clean,resident_predictive_authority,21,0.18962784207239597,-0.23035359537721956,-0.06171452407819776,-0.07400775096147716,True,,,,0,-0.48741249944882625
12,2402,9402,clean,raw_release,22,-0.027635176060562316,0.18429915184075907,-0.12635256187958555,-0.2841485898875251,True,,,,0,-0.5284418124117729
12,2402,9402,clean,resident_predictive_authority,22,-0.027635176060562316,0.18429915184075907,-0.12635256187958555,-0.2841485898875251,True,,,,0,-0.5284418124117729
12,2402,9402,clean,raw_release,23,0.24561840129149276,-0.030448378743730076,0.13655800786421377,-0.9181172325571385,True,,,,0,-0.49017415851043455
12,2402,9402,clean,resident_predictive_authority,23,0.24561840129149276,-0.030448378743730076,0.13655800786421377,-0.9181172325571385,True,,,,0,-0.49017415851043455
12,2402,9402,unconstrained,raw_release,0,-0.1615132658346754,-0.11550841429297021,0.022901916924437354,-0.19872794657738346,True,,,,0,-0.9073803759479836
12,2402,9402,unconstrained,resident_predictive_authority,0,-0.1615132658346754,-0.11550841429297021,0.022901916924437354,-0.19872794657738346,True,,,,0,-0.9073803759479836
12,2402,9402,unconstrained,raw_release,1,-0.23125258539530125,-0.4708958092866965,-0.08196714238104882,-0.012070195004850959,True,9,9,,0,-1.0907711303431837
12,2402,9402,unconstrained,resident_predictive_authority,1,-0.23125258539530125,-0.4708958092866965,-0.08196714238104882,-0.012070195004850959,True,9,,5,91,-0.277515404224515
12,2402,9402,unconstrained,raw_release,2,0.2220813058257321,-0.35566005836398207,-0.09216345249958499,-0.8980457102004791,True,5,5,,0,-1.419271652529738
12,2402,9402,unconstrained,resident_predictive_authority,2,0.2220813058257321,-0.35566005836398207,-0.09216345249958499,-0.8980457102004791,True,5,,1,114,-0.46275801971695824
12,2402,9402,unconstrained,raw_release,3,-0.22179393018453925,-0.07777225425505163,0.14248972857317013,-0.10588498526529166,True,,,,0,-0.9040606191117255
12,2402,9402,unconstrained,resident_predictive_authority,3,-0.22179393018453925,-0.07777225425505163,0.14248972857317013,-0.10588498526529166,True,,,,0,-0.9040606191117255
12,2402,9402,unconstrained,raw_release,4,-0.15422906142631143,0.19114444828931965,0.10415437768981164,-0.7061183821692663,True,,,,0,-0.9060032029529052
12,2402,9402,unconstrained,resident_predictive_authority,4,-0.15422906142631143,0.19114444828931965,0.10415437768981164,-0.7061183821692663,True,,,,0,-0.9060032029529052
12,2402,9402,unconstrained,raw_release,5,-0.16789680924529132,0.41142689389472853,0.12684019128832133,-0.3516263290394035,True,,,,0,-0.8886440298936326
12,2402,9402,unconstrained,resident_predictive_authority,5,-0.16789680924529132,0.41142689389472853,0.12684019128832133,-0.3516263290394035,True,,,,0,-0.8886440298936326
12,2402,9402,unconstrained,raw_release,6,0.14861907264167784,-0.1845502128166714,0.0959413297126687,-0.7141045553597423,True,10,10,,0,-0.9692638668755118
12,2402,9402,unconstrained,resident_predictive_authority,6,0.14861907264167784,-0.1845502128166714,0.0959413297126687,-0.7141045553597423,True,10,,6,66,-0.21408841008529286
12,2402,9402,unconstrained,raw_release,7,-0.10863980033178833,0.1644621432838459,0.14519679488271733,-0.0022260290963271867,True,,,,0,-0.9382367058568362
12,2402,9402,unconstrained,resident_predictive_authority,7,-0.10863980033178833,0.1644621432838459,0.14519679488271733,-0.0022260290963271867,True,,,,0,-0.9382367058568362
12,2402,9402,unconstrained,raw_release,8,0.1292871832895483,-0.13563608662713889,0.014668528429913397,-0.3319672756419818,True,,,,0,-0.9165613890451446
12,2402,9402,unconstrained,resident_predictive_authority,8,0.1292871832895483,-0.13563608662713889,0.014668528429913397,-0.3319672756419818,True,,,,0,-0.9165613890451446
12,2402,9402,unconstrained,raw_release,9,-0.07392579830891222,-0.10344817926059846,-0.10635514975180503,0.036486951081318386,True,,,,0,-0.924016789283161
12,2402,9402,unconstrained,resident_predictive_authority,9,-0.07392579830891222,-0.10344817926059846,-0.10635514975180503,0.036486951081318386,True,,,,0,-0.924016789283161
12,2402,9402,unconstrained,raw_release,10,-0.2074934045065741,0.20887486526909593,0.08965212477657003,-0.035037393249783166,True,,,,0,-0.8783525392162477
12,2402,9402,unconstrained,resident_predictive_authority,10,-0.2074934045065741,0.20887486526909593,0.08965212477657003,-0.035037393249783166,True,,,,0,-0.8783525392162477
12,2402,9402,unconstrained,raw_release,11,0.23275973662398242,-0.28224819137442847,-0.0700709139324361,0.8225530521316899,True,,,,0,-0.8715353952410272
12,2402,9402,unconstrained,resident_predictive_authority,11,0.23275973662398242,-0.28224819137442847,-0.0700709139324361,0.8225530521316899,True,,,,0,-0.8715353952410272
12,2402,9402,unconstrained,raw_release,12,0.00685196063295157,0.20588002511140913,0.029008948852395744,-0.8629475406840037,True,,,,0,-0.9603536106831304
12,2402,9402,unconstrained,resident_predictive_authority,12,0.00685196063295157,0.20588002511140913,0.029008948852395744,-0.8629475406840037,True,,,,0,-0.9603536106831304
12,2402,9402,unconstrained,raw_release,13,0.11333854629267465,0.14397166846365073,-0.031238134746449903,-0.3094731950025562,True,,,,0,-0.8805875813790228
12,2402,9402,unconstrained,resident_predictive_authority,13,0.11333854629267465,0.14397166846365073,-0.031238134746449903,-0.3094731950025562,True,,,,0,-0.8805875813790228
12,2402,9402,unconstrained,raw_release,14,-0.08238621927640682,0.007568370354010923,-0.1277880112880462,0.2973995599348773,True,,,,0,-0.8531593827734061
12,2402,9402,unconstrained,resident_predictive_authority,14,-0.08238621927640682,0.007568370354010923,-0.1277880112880462,0.2973995599348773,True,,,,0,-0.8531593827734061
12,2402,9402,unconstrained,raw_release,15,0.11282856626071919,-0.2651208771947059,0.09952221149725052,0.42884612520159315,True,,,,0,-0.9477034877736781
12,2402,9402,unconstrained,resident_predictive_authority,15,0.11282856626071919,-0.2651208771947059,0.09952221149725052,0.42884612520159315,True,,,,0,-0.9477034877736781
12,2402,9402,unconstrained,raw_release,16,0.16707912545216175,0.0956728368349915,-0.10094668999911502,0.24847753775744952,True,,,,0,-0.8371766626430447
12,2402,9402,unconstrained,resident_predictive_authority,16,0.16707912545216175,0.0956728368349915,-0.10094668999911502,0.24847753775744952,True,,,,0,-0.8371766626430447
12,2402,9402,unconstrained,raw_release,17,0.05577105872628407,-0.08460515714127925,0.03763781135757038,0.2626484573798624,True,,,,0,-0.8751366660049305
12,2402,9402,unconstrained,resident_predictive_authority,17,0.05577105872628407,-0.08460515714127925,0.03763781135757038,0.2626484573798624,True,,,,0,-0.8751366660049305
12,2402,9402,unconstrained,raw_release,18,-0.13431139974373457,0.17541266801285393,-0.054538764330049755,0.24269439551753313,True,,,,0,-0.828916611686686
12,2402,9402,unconstrained,resident_predictive_authority,18,-0.13431139974373457,0.17541266801285393,-0.054538764330049755,0.24269439551753313,True,,,,0,-0.828916611686686
12,2402,9402,unconstrained,raw_release,19,-0.21561016464278748,0.008923015284333147,-0.0011748710301789367,0.925454501858546,True,,,,0,-0.9372950238059469
12,2402,9402,unconstrained,resident_predictive_authority,19,-0.21561016464278748,0.008923015284333147,-0.0011748710301789367,0.925454501858546,True,,,,0,-0.9372950238059469
12,2402,9402,unconstrained,raw_release,20,0.11401875199531891,-0.13115462166531866,0.06983546283339762,-0.21960493302451756,True,,,,0,-0.8875781087737982
12,2402,9402,unconstrained,resident_predictive_authority,20,0.11401875199531891,-0.13115462166531866,0.06983546283339762,-0.21960493302451756,True,,,,0,-0.8875781087737982
12,2402,9402,unconstrained,raw_release,21,0.18962784207239597,-0.23035359537721956,-0.06171452407819776,-0.07400775096147716,True,,,,0,-0.9241087375082702
12,2402,9402,unconstrained,resident_predictive_authority,21,0.18962784207239597,-0.23035359537721956,-0.06171452407819776,-0.07400775096147716,True,,,,0,-0.9241087375082702
12,2402,9402,unconstrained,raw_release,22,-0.027635176060562316,0.18429915184075907,-0.12635256187958555,-0.2841485898875251,True,,,,0,-0.9474144997006687
12,2402,9402,unconstrained,resident_predictive_authority,22,-0.027635176060562316,0.18429915184075907,-0.12635256187958555,-0.2841485898875251,True,,,,0,-0.9474144997006687
12,2402,9402,unconstrained,raw_release,23,0.24561840129149276,-0.030448378743730076,0.13655800786421377,-0.9181172325571385,True,,,,0,-0.955145784472021
12,2402,9402,unconstrained,resident_predictive_authority,23,0.24561840129149276,-0.030448378743730076,0.13655800786421377,-0.9181172325571385,True,,,,0,-0.955145784472021
12,2402,9402,constrained,raw_release,0,-0.1615132658346754,-0.11550841429297021,0.022901916924437354,-0.19872794657738346,True,,,,0,-0.8672720631403238
12,2402,9402,constrained,resident_predictive_authority,0,-0.1615132658346754,-0.11550841429297021,0.022901916924437354,-0.19872794657738346,True,,,,0,-0.8672720631403238
12,2402,9402,constrained,raw_release,1,-0.23125258539530125,-0.4708958092866965,-0.08196714238104882,-0.012070195004850959,True,9,9,,0,-1.032849828480185
12,2402,9402,constrained,resident_predictive_authority,1,-0.23125258539530125,-0.4708958092866965,-0.08196714238104882,-0.012070195004850959,True,9,,5,91,-0.2779909810553278
12,2402,9402,constrained,raw_release,2,0.2220813058257321,-0.35566005836398207,-0.09216345249958499,-0.8980457102004791,True,5,5,,0,-1.325463024044051
12,2402,9402,constrained,resident_predictive_authority,2,0.2220813058257321,-0.35566005836398207,-0.09216345249958499,-0.8980457102004791,True,5,,1,114,-0.46275801971695824
12,2402,9402,constrained,raw_release,3,-0.22179393018453925,-0.07777225425505163,0.14248972857317013,-0.10588498526529166,True,,,,0,-0.8679290337513315
12,2402,9402,constrained,resident_predictive_authority,3,-0.22179393018453925,-0.07777225425505163,0.14248972857317013,-0.10588498526529166,True,,,,0,-0.8679290337513315
12,2402,9402,constrained,raw_release,4,-0.15422906142631143,0.19114444828931965,0.10415437768981164,-0.7061183821692663,True,,,,0,-0.864787821533222
12,2402,9402,constrained,resident_predictive_authority,4,-0.15422906142631143,0.19114444828931965,0.10415437768981164,-0.7061183821692663,True,,,,0,-0.864787821533222
12,2402,9402,constrained,raw_release,5,-0.16789680924529132,0.41142689389472853,0.12684019128832133,-0.3516263290394035,True,,,,0,-0.8675652471396624
12,2402,9402,constrained,resident_predictive_authority,5,-0.16789680924529132,0.41142689389472853,0.12684019128832133,-0.3516263290394035,True,,,,0,-0.8675652471396624
12,2402,9402,constrained,raw_release,6,0.14861907264167784,-0.1845502128166714,0.0959413297126687,-0.7141045553597423,True,,,,0,-0.9116784236950191
12,2402,9402,constrained,resident_predictive_authority,6,0.14861907264167784,-0.1845502128166714,0.0959413297126687,-0.7141045553597423,True,,,,0,-0.9116784236950191
12,2402,9402,constrained,raw_release,7,-0.10863980033178833,0.1644621432838459,0.14519679488271733,-0.0022260290963271867,True,,,,0,-0.9164593564142901
12,2402,9402,constrained,resident_predictive_authority,7,-0.10863980033178833,0.1644621432838459,0.14519679488271733,-0.0022260290963271867,True,,,,0,-0.9164593564142901
12,2402,9402,constrained,raw_release,8,0.1292871832895483,-0.13563608662713889,0.014668528429913397,-0.3319672756419818,True,,,,0,-0.8739596970960124
12,2402,9402,constrained,resident_predictive_authority,8,0.1292871832895483,-0.13563608662713889,0.014668528429913397,-0.3319672756419818,True,,,,0,-0.8739596970960124
12,2402,9402,constrained,raw_release,9,-0.07392579830891222,-0.10344817926059846,-0.10635514975180503,0.036486951081318386,True,,,,0,-0.889821141348979
12,2402,9402,constrained,resident_predictive_authority,9,-0.07392579830891222,-0.10344817926059846,-0.10635514975180503,0.036486951081318386,True,,,,0,-0.889821141348979
12,2402,9402,constrained,raw_release,10,-0.2074934045065741,0.20887486526909593,0.08965212477657003,-0.035037393249783166,True,,,,0,-0.8576849561624594
12,2402,9402,constrained,resident_predictive_authority,10,-0.2074934045065741,0.20887486526909593,0.08965212477657003,-0.035037393249783166,True,,,,0,-0.8576849561624594
12,2402,9402,constrained,raw_release,11,0.23275973662398242,-0.28224819137442847,-0.0700709139324361,0.8225530521316899,True,,,,0,-0.8573021025242604
12,2402,9402,constrained,resident_predictive_authority,11,0.23275973662398242,-0.28224819137442847,-0.0700709139324361,0.8225530521316899,True,,,,0,-0.8573021025242604
12,2402,9402,constrained,raw_release,12,0.00685196063295157,0.20588002511140913,0.029008948852395744,-0.8629475406840037,True,,,,0,-0.9159841184992179
12,2402,9402,constrained,resident_predictive_authority,12,0.00685196063295157,0.20588002511140913,0.029008948852395744,-0.8629475406840037,True,,,,0,-0.9159841184992179
12,2402,9402,constrained,raw_release,13,0.11333854629267465,0.14397166846365073,-0.031238134746449903,-0.3094731950025562,True,,,,0,-0.8510741680903294
12,2402,9402,constrained,resident_predictive_authority,13,0.11333854629267465,0.14397166846365073,-0.031238134746449903,-0.3094731950025562,True,,,,0,-0.8510741680903294
12,2402,9402,constrained,raw_release,14,-0.08238621927640682,0.007568370354010923,-0.1277880112880462,0.2973995599348773,True,,,,0,-0.8319494078965098
12,2402,9402,constrained,resident_predictive_authority,14,-0.08238621927640682,0.007568370354010923,-0.1277880112880462,0.2973995599348773,True,,,,0,-0.8319494078965098
12,2402,9402,constrained,raw_release,15,0.11282856626071919,-0.2651208771947059,0.09952221149725052,0.42884612520159315,True,,,,0,-0.922348207267363
12,2402,9402,constrained,resident_predictive_authority,15,0.11282856626071919,-0.2651208771947059,0.09952221149725052,0.42884612520159315,True,,,,0,-0.922348207267363
12,2402,9402,constrained,raw_release,16,0.16707912545216175,0.0956728368349915,-0.10094668999911502,0.24847753775744952,True,,,,0,-0.821157322215028
12,2402,9402,constrained,resident_predictive_authority,16,0.16707912545216175,0.0956728368349915,-0.10094668999911502,0.24847753775744952,True,,,,0,-0.821157322215028
12,2402,9402,constrained,raw_release,17,0.05577105872628407,-0.08460515714127925,0.03763781135757038,0.2626484573798624,True,,,,0,-0.8528723065576808
12,2402,9402,constrained,resident_predictive_authority,17,0.05577105872628407,-0.08460515714127925,0.03763781135757038,0.2626484573798624,True,,,,0,-0.8528723065576808
12,2402,9402,constrained,raw_release,18,-0.13431139974373457,0.17541266801285393,-0.054538764330049755,0.24269439551753313,True,,,,0,-0.8147824738477177
12,2402,9402,constrained,resident_predictive_authority,18,-0.13431139974373457,0.17541266801285393,-0.054538764330049755,0.24269439551753313,True,,,,0,-0.8147824738477177
12,2402,9402,constrained,raw_release,19,-0.21561016464278748,0.008923015284333147,-0.0011748710301789367,0.925454501858546,True,,,,0,-0.9340099274292063
12,2402,9402,constrained,resident_predictive_authority,19,-0.21561016464278748,0.008923015284333147,-0.0011748710301789367,0.925454501858546,True,,,,0,-0.9340099274292063
12,2402,9402,constrained,raw_release,20,0.11401875199531891,-0.13115462166531866,0.06983546283339762,-0.21960493302451756,True,,,,0,-0.849348858040496
12,2402,9402,constrained,resident_predictive_authority,20,0.11401875199531891,-0.13115462166531866,0.06983546283339762,-0.21960493302451756,True,,,,0,-0.849348858040496
12,2402,9402,constrained,raw_release,21,0.18962784207239597,-0.23035359537721956,-0.06171452407819776,-0.07400775096147716,True,,,,0,-0.8842902752518002
12,2402,9402,constrained,resident_predictive_authority,21,0.18962784207239597,-0.23035359537721956,-0.06171452407819776,-0.07400775096147716,True,,,,0,-0.8842902752518002
12,2402,9402,constrained,raw_release,22,-0.027635176060562316,0.18429915184075907,-0.12635256187958555,-0.2841485898875251,True,,,,0,-0.9141626579244782
12,2402,9402,constrained,resident_predictive_authority,22,-0.027635176060562316,0.18429915184075907,-0.12635256187958555,-0.2841485898875251,True,,,,0,-0.9141626579244782
12,2402,9402,constrained,raw_release,23,0.24561840129149276,-0.030448378743730076,0.13655800786421377,-0.9181172325571385,True,,,,0,-0.8998832914563045
12,2402,9402,constrained,resident_predictive_authority,23,0.24561840129149276,-0.030448378743730076,0.13655800786421377,-0.9181172325571385,True,,,,0,-0.8998832914563045
12,2403,9403,clean,raw_release,0,0.04237540386041805,0.26447256543997144,0.03623107304013773,0.15298973558639295,True,,,,0,-0.47081252737637297
12,2403,9403,clean,resident_predictive_authority,0,0.04237540386041805,0.26447256543997144,0.03623107304013773,0.15298973558639295,True,,,,0,-0.47081252737637297
12,2403,9403,clean,raw_release,1,0.05971924862433492,-0.47088839794698634,-0.134663015902147,-0.13038366488445718,True,,,,0,-0.6136652387606619
12,2403,9403,clean,resident_predictive_authority,1,0.05971924862433492,-0.47088839794698634,-0.134663015902147,-0.13038366488445718,True,,,,0,-0.6136652387606619
12,2403,9403,clean,raw_release,2,0.16102137161155777,-0.3138271220486466,-0.12343455370860118,-0.27766711089340346,True,,,,0,-0.5772096427533222
12,2403,9403,clean,resident_predictive_authority,2,0.16102137161155777,-0.3138271220486466,-0.12343455370860118,-0.27766711089340346,True,,,,0,-0.5772096427533222
12,2403,9403,clean,raw_release,3,-0.0837765659588095,0.05815652852624831,-0.031714561617589204,0.17128902420975511,True,,,,0,-0.40345351771604876
12,2403,9403,clean,resident_predictive_authority,3,-0.0837765659588095,0.05815652852624831,-0.031714561617589204,0.17128902420975511,True,,,,0,-0.40345351771604876
12,2403,9403,clean,raw_release,4,0.040034264443295164,0.12174459266372195,0.04394110610039689,-0.9804559548095892,True,,,,0,-0.49033909037360063
12,2403,9403,clean,resident_predictive_authority,4,0.040034264443295164,0.12174459266372195,0.04394110610039689,-0.9804559548095892,True,,,,0,-0.49033909037360063
12,2403,9403,clean,raw_release,5,0.21789206300441405,-0.3932372277009709,-0.05699049730981888,0.24712551906842894,True,,,,0,-0.41424468110663937
12,2403,9403,clean,resident_predictive_authority,5,0.21789206300441405,-0.3932372277009709,-0.05699049730981888,0.24712551906842894,True,,,,0,-0.41424468110663937
12,2403,9403,clean,raw_release,6,0.1650303137739168,-0.2918379492226164,-0.09568885642082806,0.7748641172638968,True,,,,0,-0.42027435215292636
12,2403,9403,clean,resident_predictive_authority,6,0.1650303137739168,-0.2918379492226164,-0.09568885642082806,0.7748641172638968,True,,,,0,-0.42027435215292636
12,2403,9403,clean,raw_release,7,-0.028271732529076,-0.019272369115803767,-0.10237237861244469,-0.31961648057736314,True,,,,0,-0.5112976664356357
12,2403,9403,clean,resident_predictive_authority,7,-0.028271732529076,-0.019272369115803767,-0.10237237861244469,-0.31961648057736314,True,,,,0,-0.5112976664356357
12,2403,9403,clean,raw_release,8,-0.11543830144010397,0.22403732187844405,0.016489304014767614,-0.5905014221288962,True,,,,0,-0.43457453305564153
12,2403,9403,clean,resident_predictive_authority,8,-0.11543830144010397,0.22403732187844405,0.016489304014767614,-0.5905014221288962,True,,,,0,-0.43457453305564153
12,2403,9403,clean,raw_release,9,-0.016567574069167923,0.19741663010363597,-0.12939531898723602,-0.46979901357263887,True,,,,0,-0.5349612268526698
12,2403,9403,clean,resident_predictive_authority,9,-0.016567574069167923,0.19741663010363597,-0.12939531898723602,-0.46979901357263887,True,,,,0,-0.5349612268526698
12,2403,9403,clean,raw_release,10,0.1745907873834769,-0.1048824166141169,0.08909567750064087,0.5859942362164421,True,,,,0,-0.5929339576545926
12,2403,9403,clean,resident_predictive_authority,10,0.1745907873834769,-0.1048824166141169,0.08909567750064087,0.5859942362164421,True,,,,0,-0.5929339576545926
12,2403,9403,clean,raw_release,11,-0.03847045771985175,0.43176293434981516,0.007970863726065064,0.44778667702476516,True,,,,0,-0.5534050379761785
12,2403,9403,clean,resident_predictive_authority,11,-0.03847045771985175,0.43176293434981516,0.007970863726065064,0.44778667702476516,True,,,,0,-0.5534050379761785
12,2403,9403,clean,raw_release,12,-0.22444605760822894,0.10817681887231889,0.01948681031519703,-0.5150388217823576,True,,,,0,-0.4476907551125072
12,2403,9403,clean,resident_predictive_authority,12,-0.22444605760822894,0.10817681887231889,0.01948681031519703,-0.5150388217823576,True,,,,0,-0.4476907551125072
12,2403,9403,clean,raw_release,13,0.17774691954406024,0.22527938931914238,0.08330843071574281,0.22286110083895538,True,,,,0,-0.5613583679250657
12,2403,9403,clean,resident_predictive_authority,13,0.17774691954406024,0.22527938931914238,0.08330843071574281,0.22286110083895538,True,,,,0,-0.5613583679250657
12,2403,9403,clean,raw_release,14,-0.10850998223149316,0.4354622304700557,0.10088329066952492,0.18159718063124686,True,,,,0,-0.5783440777253364
12,2403,9403,clean,resident_predictive_authority,14,-0.10850998223149316,0.4354622304700557,0.10088329066952492,0.18159718063124686,True,,,,0,-0.5783440777253364
12,2403,9403,clean,raw_release,15,-0.009247772071316496,-0.34897273229927506,-0.06621511103122212,-0.9006727257516152,True,10,10,,0,-0.8248109877371442
12,2403,9403,clean,resident_predictive_authority,15,-0.009247772071316496,-0.34897273229927506,-0.06621511103122212,-0.9006727257516152,True,10,,6,107,-0.4941417558123113
12,2403,9403,clean,raw_release,16,0.20905149789891092,0.14519468408374148,-0.005466949347711719,0.10214163432225543,True,,,,0,-0.4348295123946043
12,2403,9403,clean,resident_predictive_authority,16,0.20905149789891092,0.14519468408374148,-0.005466949347711719,0.10214163432225543,True,,,,0,-0.4348295123946043
12,2403,9403,clean,raw_release,17,-0.056677354911770894,0.24040346367663534,0.018577432708950098,0.9064956673197597,True,,,,0,-0.6797815495742808
12,2403,9403,clean,resident_predictive_authority,17,-0.056677354911770894,0.24040346367663534,0.018577432708950098,0.9064956673197597,True,,,,0,-0.6797815495742808
12,2403,9403,clean,raw_release,18,0.05727457937952235,0.2610902307289855,0.03738319937221546,0.37853515039552543,True,,,,0,-0.5351957820882346
12,2403,9403,clean,resident_predictive_authority,18,0.05727457937952235,0.2610902307289855,0.03738319937221546,0.37853515039552543,True,,,,0,-0.5351957820882346
12,2403,9403,clean,raw_release,19,-0.20981402525047205,-0.12381459613790236,0.06792588099877467,-0.33768336739643123,True,,,,0,-0.4229684757624736
12,2403,9403,clean,resident_predictive_authority,19,-0.20981402525047205,-0.12381459613790236,0.06792588099877467,-0.33768336739643123,True,,,,0,-0.4229684757624736
12,2403,9403,clean,raw_release,20,0.053591948688482494,0.12977728171103486,0.008325031155409779,0.0033361960191899964,True,,,,0,-0.4117646734206769
12,2403,9403,clean,resident_predictive_authority,20,0.053591948688482494,0.12977728171103486,0.008325031155409779,0.0033361960191899964,True,,,,0,-0.4117646734206769
12,2403,9403,clean,raw_release,21,-0.2169336328542284,-0.31546536001737124,-0.05444445267791115,-0.4666973787726263,True,,,,0,-0.629498926058311
12,2403,9403,clean,resident_predictive_authority,21,-0.2169336328542284,-0.31546536001737124,-0.05444445267791115,-0.4666973787726263,True,,,,0,-0.629498926058311
12,2403,9403,clean,raw_release,22,-0.14924329803794767,0.3501669178335435,0.11694937582200846,-0.7610449462007536,True,,,,0,-0.4117817367169248
12,2403,9403,clean,resident_predictive_authority,22,-0.14924329803794767,0.3501669178335435,0.11694937582200846,-0.7610449462007536,True,,,,0,-0.4117817367169248
12,2403,9403,clean,raw_release,23,-0.13877475020572827,-0.2989891435578236,0.09364178924583857,0.9168605477708485,True,,,,0,-0.6059401756976537
12,2403,9403,clean,resident_predictive_authority,23,-0.13877475020572827,-0.2989891435578236,0.09364178924583857,0.9168605477708485,True,,,,0,-0.6059401756976537
12,2403,9403,unconstrained,raw_release,0,0.04237540386041805,0.26447256543997144,0.03623107304013773,0.15298973558639295,True,,,,0,-1.2979864205111227
12,2403,9403,unconstrained,resident_predictive_authority,0,0.04237540386041805,0.26447256543997144,0.03623107304013773,0.15298973558639295,True,,,,0,-1.2979864205111227
12,2403,9403,unconstrained,raw_release,1,0.05971924862433492,-0.47088839794698634,-0.134663015902147,-0.13038366488445718,True,9,9,,0,-1.5109099980040055
12,2403,9403,unconstrained,resident_predictive_authority,1,0.05971924862433492,-0.47088839794698634,-0.134663015902147,-0.13038366488445718,True,9,,5,91,-0.356562394207873
12,2403,9403,unconstrained,raw_release,2,0.16102137161155777,-0.3138271220486466,-0.12343455370860118,-0.27766711089340346,True,10,10,,0,-1.4649358595857573
12,2403,9403,unconstrained,resident_predictive_authority,2,0.16102137161155777,-0.3138271220486466,-0.12343455370860118,-0.27766711089340346,True,10,,6,76,-0.38271357791038635
12,2403,9403,unconstrained,raw_release,3,-0.0837765659588095,0.05815652852624831,-0.031714561617589204,0.17128902420975511,True,,,,0,-1.244185137627126
12,2403,9403,unconstrained,resident_predictive_authority,3,-0.0837765659588095,0.05815652852624831,-0.031714561617589204,0.17128902420975511,True,,,,0,-1.244185137627126
12,2403,9403,unconstrained,raw_release,4,0.040034264443295164,0.12174459266372195,0.04394110610039689,-0.9804559548095892,True,10,10,,0,-1.3748767317469484
12,2403,9403,unconstrained,resident_predictive_authority,4,0.040034264443295164,0.12174459266372195,0.04394110610039689,-0.9804559548095892,True,10,,6,40,-0.48737628829752233
12,2403,9403,unconstrained,raw_release,5,0.21789206300441405,-0.3932372277009709,-0.05699049730981888,0.24712551906842894,True,,,,0,-1.2825398603057385
12,2403,9403,unconstrained,resident_predictive_authority,5,0.21789206300441405,-0.3932372277009709,-0.05699049730981888,0.24712551906842894,True,,,,0,-1.2825398603057385
12,2403,9403,unconstrained,raw_release,6,0.1650303137739168,-0.2918379492226164,-0.09568885642082806,0.7748641172638968,True,,,,0,-1.254392694812214
12,2403,9403,unconstrained,resident_predictive_authority,6,0.1650303137739168,-0.2918379492226164,-0.09568885642082806,0.7748641172638968,True,,,,0,-1.254392694812214
12,2403,9403,unconstrained,raw_release,7,-0.028271732529076,-0.019272369115803767,-0.10237237861244469,-0.31961648057736314,True,12,12,,0,-1.3774188179150633
12,2403,9403,unconstrained,resident_predictive_authority,7,-0.028271732529076,-0.019272369115803767,-0.10237237861244469,-0.31961648057736314,True,12,,8,41,-0.5647976239846788
12,2403,9403,unconstrained,raw_release,8,-0.11543830144010397,0.22403732187844405,0.016489304014767614,-0.5905014221288962,True,,,,0,-1.3016905692888974
12,2403,9403,unconstrained,resident_predictive_authority,8,-0.11543830144010397,0.22403732187844405,0.016489304014767614,-0.5905014221288962,True,,,,0,-1.3016905692888974
12,2403,9403,unconstrained,raw_release,9,-0.016567574069167923,0.19741663010363597,-0.12939531898723602,-0.46979901357263887,True,13,13,,0,-1.3887267948157744
12,2403,9403,unconstrained,resident_predictive_authority,9,-0.016567574069167923,0.19741663010363597,-0.12939531898723602,-0.46979901357263887,True,13,,9,40,-0.6369674876769418
12,2403,9403,unconstrained,raw_release,10,0.1745907873834769,-0.1048824166141169,0.08909567750064087,0.5859942362164421,True,,,,0,-1.424250735629017
12,2403,9403,unconstrained,resident_predictive_authority,10,0.1745907873834769,-0.1048824166141169,0.08909567750064087,0.5859942362164421,True,,,,0,-1.424250735629017
12,2403,9403,unconstrained,raw_release,11,-0.03847045771985175,0.43176293434981516,0.007970863726065064,0.44778667702476516,True,,,,0,-1.3570982303509058
12,2403,9403,unconstrained,resident_predictive_authority,11,-0.03847045771985175,0.43176293434981516,0.007970863726065064,0.44778667702476516,True,,,,0,-1.3570982303509058
12,2403,9403,unconstrained,raw_release,12,-0.22444605760822894,0.10817681887231889,0.01948681031519703,-0.5150388217823576,True,,,,0,-1.3217060958093583
12,2403,9403,unconstrained,resident_predictive_authority,12,-0.22444605760822894,0.10817681887231889,0.01948681031519703,-0.5150388217823576,True,,,,0,-1.3217060958093583
12,2403,9403,unconstrained,raw_release,13,0.17774691954406024,0.22527938931914238,0.08330843071574281,0.22286110083895538,True,,,,0,-1.3877334234864085
12,2403,9403,unconstrained,resident_predictive_authority,13,0.17774691954406024,0.22527938931914238,0.08330843071574281,0.22286110083895538,True,,,,0,-1.3877334234864085
12,2403,9403,unconstrained,raw_release,14,-0.10850998223149316,0.4354622304700557,0.10088329066952492,0.18159718063124686,True,,,,0,-1.394483170334829
12,2403,9403,unconstrained,resident_predictive_authority,14,-0.10850998223149316,0.4354622304700557,0.10088329066952492,0.18159718063124686,True,,,,0,-1.394483170334829
12,2403,9403,unconstrained,raw_release,15,-0.009247772071316496,-0.34897273229927506,-0.06621511103122212,-0.9006727257516152,True,8,8,,0,-1.7491771869012056
12,2403,9403,unconstrained,resident_predictive_authority,15,-0.009247772071316496,-0.34897273229927506,-0.06621511103122212,-0.9006727257516152,True,8,,4,110,-0.4898884346865945
12,2403,9403,unconstrained,raw_release,16,0.20905149789891092,0.14519468408374148,-0.005466949347711719,0.10214163432225543,True,,,,0,-1.271301654174248
12,2403,9403,unconstrained,resident_predictive_authority,16,0.20905149789891092,0.14519468408374148,-0.005466949347711719,0.10214163432225543,True,,,,0,-1.271301654174248
12,2403,9403,unconstrained,raw_release,17,-0.056677354911770894,0.24040346367663534,0.018577432708950098,0.9064956673197597,True,,,,0,-1.4756062201264855
12,2403,9403,unconstrained,resident_predictive_authority,17,-0.056677354911770894,0.24040346367663534,0.018577432708950098,0.9064956673197597,True,,,,0,-1.4756062201264855
12,2403,9403,unconstrained,raw_release,18,0.05727457937952235,0.2610902307289855,0.03738319937221546,0.37853515039552543,True,,,,0,-1.3523916413762005
12,2403,9403,unconstrained,resident_predictive_authority,18,0.05727457937952235,0.2610902307289855,0.03738319937221546,0.37853515039552543,True,,,,0,-1.3523916413762005
12,2403,9403,unconstrained,raw_release,19,-0.20981402525047205,-0.12381459613790236,0.06792588099877467,-0.33768336739643123,True,,,,0,-1.3051458842584254
12,2403,9403,unconstrained,resident_predictive_authority,19,-0.20981402525047205,-0.12381459613790236,0.06792588099877467,-0.33768336739643123,True,,,,0,-1.3051458842584254
12,2403,9403,unconstrained,raw_release,20,0.053591948688482494,0.12977728171103486,0.008325031155409779,0.0033361960191899964,True,,,,0,-1.254885346259418
12,2403,9403,unconstrained,resident_predictive_authority,20,0.053591948688482494,0.12977728171103486,0.008325031155409779,0.0033361960191899964,True,,,,0,-1.254885346259418
12,2403,9403,unconstrained,raw_release,21,-0.2169336328542284,-0.31546536001737124,-0.05444445267791115,-0.4666973787726263,True,8,8,,0,-1.5294115067951628
12,2403,9403,unconstrained,resident_predictive_authority,21,-0.2169336328542284,-0.31546536001737124,-0.05444445267791115,-0.4666973787726263,True,8,,4,100,-0.33222159242640087
12,2403,9403,unconstrained,raw_release,22,-0.14924329803794767,0.3501669178335435,0.11694937582200846,-0.7610449462007536,True,,,,0,-1.2793061342673098
12,2403,9403,unconstrained,resident_predictive_authority,22,-0.14924329803794767,0.3501669178335435,0.11694937582200846,-0.7610449462007536,True,,,,0,-1.2793061342673098
12,2403,9403,unconstrained,raw_release,23,-0.13877475020572827,-0.2989891435578236,0.09364178924583857,0.9168605477708485,True,,,,0,-1.4365723650387925
12,2403,9403,unconstrained,resident_predictive_authority,23,-0.13877475020572827,-0.2989891435578236,0.09364178924583857,0.9168605477708485,True,,,,0,-1.4365723650387925
12,2403,9403,constrained,raw_release,0,0.04237540386041805,0.26447256543997144,0.03623107304013773,0.15298973558639295,True,,,,0,-1.1331312798591378
12,2403,9403,constrained,resident_predictive_authority,0,0.04237540386041805,0.26447256543997144,0.03623107304013773,0.15298973558639295,True,,,,0,-1.1331312798591378
12,2403,9403,constrained,raw_release,1,0.05971924862433492,-0.47088839794698634,-0.134663015902147,-0.13038366488445718,True,9,9,,0,-1.2861407369292062
12,2403,9403,constrained,resident_predictive_authority,1,0.05971924862433492,-0.47088839794698634,-0.134663015902147,-0.13038366488445718,True,9,,5,91,-0.35256620234634956
12,2403,9403,constrained,raw_release,2,0.16102137161155777,-0.3138271220486466,-0.12343455370860118,-0.27766711089340346,True,10,10,,0,-1.2458011318825097
12,2403,9403,constrained,resident_predictive_authority,2,0.16102137161155777,-0.3138271220486466,-0.12343455370860118,-0.27766711089340346,True,10,,6,78,-0.3656560973618153
12,2403,9403,constrained,raw_release,3,-0.0837765659588095,0.05815652852624831,-0.031714561617589204,0.17128902420975511,True,,,,0,-1.0674689729423137
12,2403,9403,constrained,resident_predictive_authority,3,-0.0837765659588095,0.05815652852624831,-0.031714561617589204,0.17128902420975511,True,,,,0,-1.0674689729423137
12,2403,9403,constrained,raw_release,4,0.040034264443295164,0.12174459266372195,0.04394110610039689,-0.9804559548095892,True,,,,0,-1.159678888951459
12,2403,9403,constrained,resident_predictive_authority,4,0.040034264443295164,0.12174459266372195,0.04394110610039689,-0.9804559548095892,True,,,,0,-1.159678888951459
12,2403,9403,constrained,raw_release,5,0.21789206300441405,-0.3932372277009709,-0.05699049730981888,0.24712551906842894,True,,,,0,-1.0850204958746763
12,2403,9403,constrained,resident_predictive_authority,5,0.21789206300441405,-0.3932372277009709,-0.05699049730981888,0.24712551906842894,True,,,,0,-1.0850204958746763
12,2403,9403,constrained,raw_release,6,0.1650303137739168,-0.2918379492226164,-0.09568885642082806,0.7748641172638968,True,,,,0,-1.0824447502813137
12,2403,9403,constrained,resident_predictive_authority,6,0.1650303137739168,-0.2918379492226164,-0.09568885642082806,0.7748641172638968,True,,,,0,-1.0824447502813137
12,2403,9403,constrained,raw_release,7,-0.028271732529076,-0.019272369115803767,-0.10237237861244469,-0.31961648057736314,True,,,,0,-1.1750900227173444
12,2403,9403,constrained,resident_predictive_authority,7,-0.028271732529076,-0.019272369115803767,-0.10237237861244469,-0.31961648057736314,True,,,,0,-1.1750900227173444
12,2403,9403,constrained,raw_release,8,-0.11543830144010397,0.22403732187844405,0.016489304014767614,-0.5905014221288962,True,,,,0,-1.105847011777395
12,2403,9403,constrained,resident_predictive_authority,8,-0.11543830144010397,0.22403732187844405,0.016489304014767614,-0.5905014221288962,True,,,,0,-1.105847011777395
12,2403,9403,constrained,raw_release,9,-0.016567574069167923,0.19741663010363597,-0.12939531898723602,-0.46979901357263887,True,,,,0,-1.1912125433258312
12,2403,9403,constrained,resident_predictive_authority,9,-0.016567574069167923,0.19741663010363597,-0.12939531898723602,-0.46979901357263887,True,,,,0,-1.1912125433258312
12,2403,9403,constrained,raw_release,10,0.1745907873834769,-0.1048824166141169,0.08909567750064087,0.5859942362164421,True,,,,0,-1.2566266196020301
12,2403,9403,constrained,resident_predictive_authority,10,0.1745907873834769,-0.1048824166141169,0.08909567750064087,0.5859942362164421,True,,,,0,-1.2566266196020301
12,2403,9403,constrained,raw_release,11,-0.03847045771985175,0.43176293434981516,0.007970863726065064,0.44778667702476516,True,,,,0,-1.2108431686944732
12,2403,9403,constrained,resident_predictive_authority,11,-0.03847045771985175,0.43176293434981516,0.007970863726065064,0.44778667702476516,True,,,,0,-1.2108431686944732
12,2403,9403,constrained,raw_release,12,-0.22444605760822894,0.10817681887231889,0.01948681031519703,-0.5150388217823576,True,,,,0,-1.120066210970714
12,2403,9403,constrained,resident_predictive_authority,12,-0.22444605760822894,0.10817681887231889,0.01948681031519703,-0.5150388217823576,True,,,,0,-1.120066210970714
12,2403,9403,constrained,raw_release,13,0.17774691954406024,0.22527938931914238,0.08330843071574281,0.22286110083895538,True,,,,0,-1.224382236755342
12,2403,9403,constrained,resident_predictive_authority,13,0.17774691954406024,0.22527938931914238,0.08330843071574281,0.22286110083895538,True,,,,0,-1.224382236755342
12,2403,9403,constrained,raw_release,14,-0.10850998223149316,0.4354622304700557,0.10088329066952492,0.18159718063124686,True,,,,0,-1.238762618281893
12,2403,9403,constrained,resident_predictive_authority,14,-0.10850998223149316,0.4354622304700557,0.10088329066952492,0.18159718063124686,True,,,,0,-1.238762618281893
12,2403,9403,constrained,raw_release,15,-0.009247772071316496,-0.34897273229927506,-0.06621511103122212,-0.9006727257516152,True,9,9,,0,-1.4942927084535067
12,2403,9403,constrained,resident_predictive_authority,15,-0.009247772071316496,-0.34897273229927506,-0.06621511103122212,-0.9006727257516152,True,9,,5,108,-0.5078620814496349
12,2403,9403,constrained,raw_release,16,0.20905149789891092,0.14519468408374148,-0.005466949347711719,0.10214163432225543,True,,,,0,-1.099141659682195
12,2403,9403,constrained,resident_predictive_authority,16,0.20905149789891092,0.14519468408374148,-0.005466949347711719,0.10214163432225543,True,,,,0,-1.099141659682195
12,2403,9403,constrained,raw_release,17,-0.056677354911770894,0.24040346367663534,0.018577432708950098,0.9064956673197597,True,,,,0,-1.3356025775906777
12,2403,9403,constrained,resident_predictive_authority,17,-0.056677354911770894,0.24040346367663534,0.018577432708950098,0.9064956673197597,True,,,,0,-1.3356025775906777
12,2403,9403,constrained,raw_release,18,0.05727457937952235,0.2610902307289855,0.03738319937221546,0.37853515039552543,True,,,,0,-1.1956127731998316
12,2403,9403,constrained,resident_predictive_authority,18,0.05727457937952235,0.2610902307289855,0.03738319937221546,0.37853515039552543,True,,,,0,-1.1956127731998316
12,2403,9403,constrained,raw_release,19,-0.20981402525047205,-0.12381459613790236,0.06792588099877467,-0.33768336739643123,True,,,,0,-1.0970888710303077
12,2403,9403,constrained,resident_predictive_authority,19,-0.20981402525047205,-0.12381459613790236,0.06792588099877467,-0.33768336739643123,True,,,,0,-1.0970888710303077
12,2403,9403,constrained,raw_release,20,0.053591948688482494,0.12977728171103486,0.008325031155409779,0.0033361960191899964,True,,,,0,-1.0771261463759154
12,2403,9403,constrained,resident_predictive_authority,20,0.053591948688482494,0.12977728171103486,0.008325031155409779,0.0033361960191899964,True,,,,0,-1.0771261463759154
12,2403,9403,constrained,raw_release,21,-0.2169336328542284,-0.31546536001737124,-0.05444445267791115,-0.4666973787726263,True,9,9,,0,-1.3016213595857127
12,2403,9403,constrained,resident_predictive_authority,21,-0.2169336328542284,-0.31546536001737124,-0.05444445267791115,-0.4666973787726263,True,9,,5,96,-0.3535535378649036
12,2403,9403,constrained,raw_release,22,-0.14924329803794767,0.3501669178335435,0.11694937582200846,-0.7610449462007536,True,,,,0,-1.0830553083676584
12,2403,9403,constrained,resident_predictive_authority,22,-0.14924329803794767,0.3501669178335435,0.11694937582200846,-0.7610449462007536,True,,,,0,-1.0830553083676584
12,2403,9403,constrained,raw_release,23,-0.13877475020572827,-0.2989891435578236,0.09364178924583857,0.9168605477708485,True,,,,0,-1.2684429604430563
12,2403,9403,constrained,resident_predictive_authority,23,-0.13877475020572827,-0.2989891435578236,0.09364178924583857,0.9168605477708485,True,,,,0,-1.2684429604430563
12,2404,9404,clean,raw_release,0,0.20494857393335447,0.0898250022470366,-0.04392750025828583,-0.8002293313399529,True,,,,0,-0.15291125132838088
12,2404,9404,clean,resident_predictive_authority,0,0.20494857393335447,0.0898250022470366,-0.04392750025828583,-0.8002293313399529,True,,,,0,-0.15291125132838088
12,2404,9404,clean,raw_release,1,-0.12024991508859267,0.10779492088395848,-0.0971185917828507,0.12650020466706624,True,,,,0,-0.03433697079208276
12,2404,9404,clean,resident_predictive_authority,1,-0.12024991508859267,0.10779492088395848,-0.0971185917828507,0.12650020466706624,True,,,,0,-0.03433697079208276
12,2404,9404,clean,raw_release,2,0.06601761092449254,-0.15747615823022187,0.1494687068052624,-0.6762888112628482,True,,,,0,-0.0307889167439016
12,2404,9404,clean,resident_predictive_authority,2,0.06601761092449254,-0.15747615823022187,0.1494687068052624,-0.6762888112628482,True,,,,0,-0.0307889167439016
12,2404,9404,clean,raw_release,3,-0.029231091027740186,0.20439035126009164,-0.0422007585884899,0.9895538420389025,True,,,,0,-0.21272548214028072
12,2404,9404,clean,resident_predictive_authority,3,-0.029231091027740186,0.20439035126009164,-0.0422007585884899,0.9895538420389025,True,,,,0,-0.21272548214028072
12,2404,9404,clean,raw_release,4,-0.1683585189580648,-0.2580752044175664,0.05330610344474962,-0.903608467130042,True,,,,0,-0.22956918691412945
12,2404,9404,clean,resident_predictive_authority,4,-0.1683585189580648,-0.2580752044175664,0.05330610344474962,-0.903608467130042,True,,,,0,-0.22956918691412945
12,2404,9404,clean,raw_release,5,-0.20282492353313392,-0.33914490608508874,0.13233698152167697,0.026048205406692615,True,,,,0,-0.0431089545531205
12,2404,9404,clean,resident_predictive_authority,5,-0.20282492353313392,-0.33914490608508874,0.13233698152167697,0.026048205406692615,True,,,,0,-0.0431089545531205
12,2404,9404,clean,raw_release,6,-0.17303832981079476,-0.09038332155864781,0.12078746274985566,-0.6279637103727436,True,,,,0,-0.0482743896317163
12,2404,9404,clean,resident_predictive_authority,6,-0.17303832981079476,-0.09038332155864781,0.12078746274985566,-0.6279637103727436,True,,,,0,-0.0482743896317163
12,2404,9404,clean,raw_release,7,0.22313750200830434,0.45245364096631624,-0.01593414387653666,-0.2824467142010376,True,,,,0,-0.04717911081663413
12,2404,9404,clean,resident_predictive_authority,7,0.22313750200830434,0.45245364096631624,-0.01593414387653666,-0.2824467142010376,True,,,,0,-0.04717911081663413
12,2404,9404,clean,raw_release,8,0.016777298290890197,0.40744791538809777,-0.08132816172371167,0.1029235615485875,True,,,,0,-0.03226045464080149
12,2404,9404,clean,resident_predictive_authority,8,0.016777298290890197,0.40744791538809777,-0.08132816172371167,0.1029235615485875,True,,,,0,-0.03226045464080149
12,2404,9404,clean,raw_release,9,0.03170050731571172,-0.3726981953647167,-0.06188085381823166,-0.1712880576137108,True,,,,0,-0.12810734924751627
12,2404,9404,clean,resident_predictive_authority,9,0.03170050731571172,-0.3726981953647167,-0.06188085381823166,-0.1712880576137108,True,,,,0,-0.12810734924751627
12,2404,9404,clean,raw_release,10,-0.040243284611834684,-0.20554110539484394,0.005761165454269024,0.31493431096979396,True,,,,0,-0.07700914620211909
12,2404,9404,clean,resident_predictive_authority,10,-0.040243284611834684,-0.20554110539484394,0.005761165454269024,0.31493431096979396,True,,,,0,-0.07700914620211909
12,2404,9404,clean,raw_release,11,-0.13138186358430637,-0.4705918727314794,0.06505809051368117,-0.9371993459109407,True,,,,0,-0.29812632490850177
12,2404,9404,clean,resident_predictive_authority,11,-0.13138186358430637,-0.4705918727314794,0.06505809051368117,-0.9371993459109407,True,,,,0,-0.29812632490850177
12,2404,9404,clean,raw_release,12,-0.04303809242447193,-0.40043893404067066,0.044614119583246514,-0.6967485506871187,True,,,,0,-0.18299199406816052
12,2404,9404,clean,resident_predictive_authority,12,-0.04303809242447193,-0.40043893404067066,0.044614119583246514,-0.6967485506871187,True,,,,0,-0.18299199406816052
12,2404,9404,clean,raw_release,13,0.11338307627160849,-0.04674917394772382,0.07840140785613628,0.7119934945324524,True,,,,0,-0.24094057163517782
12,2404,9404,clean,resident_predictive_authority,13,0.11338307627160849,-0.04674917394772382,0.07840140785613628,0.7119934945324524,True,,,,0,-0.24094057163517782
12,2404,9404,clean,raw_release,14,-0.16319495041622895,0.23552085678289236,0.0005549925370011144,0.3170034714055081,True,,,,0,-0.06031696331812054
12,2404,9404,clean,resident_predictive_authority,14,-0.16319495041622895,0.23552085678289236,0.0005549925370011144,0.3170034714055081,True,,,,0,-0.06031696331812054
12,2404,9404,clean,raw_release,15,-0.1833212176941194,-0.18479950323097738,0.05643909569660677,0.7499949500732697,True,,,,0,-0.1339904748159669
12,2404,9404,clean,resident_predictive_authority,15,-0.1833212176941194,-0.18479950323097738,0.05643909569660677,0.7499949500732697,True,,,,0,-0.1339904748159669
12,2404,9404,clean,raw_release,16,0.15866216638378722,-0.36673979004392043,-0.021326391033672842,-0.651233623604621,True,,,,0,-0.2087373456572316
12,2404,9404,clean,resident_predictive_authority,16,0.15866216638378722,-0.36673979004392043,-0.021326391033672842,-0.651233623604621,True,,,,0,-0.2087373456572316
12,2404,9404,clean,raw_release,17,0.11203557822311488,-0.3676326565188197,0.032735253018602334,-0.07207214659174799,True,,,,0,-0.03207352643502436
12,2404,9404,clean,resident_predictive_authority,17,0.11203557822311488,-0.3676326565188197,0.032735253018602334,-0.07207214659174799,True,,,,0,-0.03207352643502436
12,2404,9404,clean,raw_release,18,-0.23743326026996753,0.11489504871248479,-0.06341890343945035,-0.46711328693644116,True,,,,0,-0.1397316853747208
12,2404,9404,clean,resident_predictive_authority,18,-0.23743326026996753,0.11489504871248479,-0.06341890343945035,-0.46711328693644116,True,,,,0,-0.1397316853747208
12,2404,9404,clean,raw_release,19,0.12227350939174747,-0.20221401335583056,0.03646929458442663,0.7808473113051881,True,,,,0,-0.15704732241478372
12,2404,9404,clean,resident_predictive_authority,19,0.12227350939174747,-0.20221401335583056,0.03646929458442663,0.7808473113051881,True,,,,0,-0.15704732241478372
12,2404,9404,clean,raw_release,20,-0.10877066905253485,0.03224041355516016,0.06771903309143906,-0.42508551612371615,True,,,,0,-0.029234523829657334
12,2404,9404,clean,resident_predictive_authority,20,-0.10877066905253485,0.03224041355516016,0.06771903309143906,-0.42508551612371615,True,,,,0,-0.029234523829657334
12,2404,9404,clean,raw_release,21,0.1752394995401365,-0.4823532675870893,0.034923315877759764,-0.2831666897558729,True,,,,0,-0.06990700887065035
12,2404,9404,clean,resident_predictive_authority,21,0.1752394995401365,-0.4823532675870893,0.034923315877759764,-0.2831666897558729,True,,,,0,-0.06990700887065035
12,2404,9404,clean,raw_release,22,-0.2187598628276229,-0.06693670476965696,0.06831655423548702,-0.757109440439196,True,,,,0,-0.11580435104954274
12,2404,9404,clean,resident_predictive_authority,22,-0.2187598628276229,-0.06693670476965696,0.06831655423548702,-0.757109440439196,True,,,,0,-0.11580435104954274
12,2404,9404,clean,raw_release,23,0.018086483544280274,0.18106992912055586,0.05902659596694995,-0.7742643010871215,True,,,,0,-0.05139155448071706
12,2404,9404,clean,resident_predictive_authority,23,0.018086483544280274,0.18106992912055586,0.05902659596694995,-0.7742643010871215,True,,,,0,-0.05139155448071706
12,2404,9404,unconstrained,raw_release,0,0.20494857393335447,0.0898250022470366,-0.04392750025828583,-0.8002293313399529,True,12,12,,0,-1.1246130331627977
12,2404,9404,unconstrained,resident_predictive_authority,0,0.20494857393335447,0.0898250022470366,-0.04392750025828583,-0.8002293313399529,True,12,,8,34,-0.6126300402618678
12,2404,9404,unconstrained,raw_release,1,-0.12024991508859267,0.10779492088395848,-0.0971185917828507,0.12650020466706624,True,,,,0,-0.9282998025220268
12,2404,9404,unconstrained,resident_predictive_authority,1,-0.12024991508859267,0.10779492088395848,-0.0971185917828507,0.12650020466706624,True,,,,0,-0.9282998025220268
12,2404,9404,unconstrained,raw_release,2,0.06601761092449254,-0.15747615823022187,0.1494687068052624,-0.6762888112628482,True,8,8,,0,-1.0360821153007154
12,2404,9404,unconstrained,resident_predictive_authority,2,0.06601761092449254,-0.15747615823022187,0.1494687068052624,-0.6762888112628482,True,8,,4,69,-0.14482885433994763
12,2404,9404,unconstrained,raw_release,3,-0.029231091027740186,0.20439035126009164,-0.0422007585884899,0.9895538420389025,True,,,,0,-1.029718513139249
12,2404,9404,unconstrained,resident_predictive_authority,3,-0.029231091027740186,0.20439035126009164,-0.0422007585884899,0.9895538420389025,True,,,,0,-1.029718513139249
12,2404,9404,unconstrained,raw_release,4,-0.1683585189580648,-0.2580752044175664,0.05330610344474962,-0.903608467130042,True,7,7,,0,-1.275373225606161
12,2404,9404,unconstrained,resident_predictive_authority,4,-0.1683585189580648,-0.2580752044175664,0.05330610344474962,-0.903608467130042,True,7,,3,101,-0.2758750166604691
12,2404,9404,unconstrained,raw_release,5,-0.20282492353313392,-0.33914490608508874,0.13233698152167697,0.026048205406692615,True,,,,0,-1.0088745359891764
12,2404,9404,unconstrained,resident_predictive_authority,5,-0.20282492353313392,-0.33914490608508874,0.13233698152167697,0.026048205406692615,True,,,,0,-1.0088745359891764
12,2404,9404,unconstrained,raw_release,6,-0.17303832981079476,-0.09038332155864781,0.12078746274985566,-0.6279637103727436,True,8,8,,0,-1.043103677826362
12,2404,9404,unconstrained,resident_predictive_authority,6,-0.17303832981079476,-0.09038332155864781,0.12078746274985566,-0.6279637103727436,True,8,,4,43,-0.25479264648662997
12,2404,9404,unconstrained,raw_release,7,0.22313750200830434,0.45245364096631624,-0.01593414387653666,-0.2824467142010376,True,,,,0,-0.931163896738107
12,2404,9404,unconstrained,resident_predictive_authority,7,0.22313750200830434,0.45245364096631624,-0.01593414387653666,-0.2824467142010376,True,,,,0,-0.931163896738107
12,2404,9404,unconstrained,raw_release,8,0.016777298290890197,0.40744791538809777,-0.08132816172371167,0.1029235615485875,True,,,,0,-0.8914944735048581
12,2404,9404,unconstrained,resident_predictive_authority,8,0.016777298290890197,0.40744791538809777,-0.08132816172371167,0.1029235615485875,True,,,,0,-0.8914944735048581
12,2404,9404,unconstrained,raw_release,9,0.03170050731571172,-0.3726981953647167,-0.06188085381823166,-0.1712880576137108,True,10,10,,0,-1.1183883564563182
12,2404,9404,unconstrained,resident_predictive_authority,9,0.03170050731571172,-0.3726981953647167,-0.06188085381823166,-0.1712880576137108,True,10,,6,65,-0.2989833764636308
12,2404,9404,unconstrained,raw_release,10,-0.040243284611834684,-0.20554110539484394,0.005761165454269024,0.31493431096979396,True,,,,0,-0.9408392580266196
12,2404,9404,unconstrained,resident_predictive_authority,10,-0.040243284611834684,-0.20554110539484394,0.005761165454269024,0.31493431096979396,True,,,,0,-0.9408392580266196
12,2404,9404,unconstrained,raw_release,11,-0.13138186358430637,-0.4705918727314794,0.06505809051368117,-0.9371993459109407,True,7,7,,0,-1.3862424962536186
12,2404,9404,unconstrained,resident_predictive_authority,11,-0.13138186358430637,-0.4705918727314794,0.06505809051368117,-0.9371993459109407,True,7,,3,105,-0.33693834683943913
12,2404,9404,unconstrained,raw_release,12,-0.04303809242447193,-0.40043893404067066,0.044614119583246514,-0.6967485506871187,True,7,7,,0,-1.2275775343210737
12,2404,9404,unconstrained,resident_predictive_authority,12,-0.04303809242447193,-0.40043893404067066,0.044614119583246514,-0.6967485506871187,True,7,,3,95,-0.24003762839366824
12,2404,9404,unconstrained,raw_release,13,0.11338307627160849,-0.04674917394772382,0.07840140785613628,0.7119934945324524,True,,,,0,-1.108190206821116
12,2404,9404,unconstrained,resident_predictive_authority,13,0.11338307627160849,-0.04674917394772382,0.07840140785613628,0.7119934945324524,True,,,,0,-1.108190206821116
12,2404,9404,unconstrained,raw_release,14,-0.16319495041622895,0.23552085678289236,0.0005549925370011144,0.3170034714055081,True,,,,0,-0.9231908378736229
12,2404,9404,unconstrained,resident_predictive_authority,14,-0.16319495041622895,0.23552085678289236,0.0005549925370011144,0.3170034714055081,True,,,,0,-0.9231908378736229
12,2404,9404,unconstrained,raw_release,15,-0.1833212176941194,-0.18479950323097738,0.05643909569660677,0.7499949500732697,True,,,,0,-1.0129291672865606
12,2404,9404,unconstrained,resident_predictive_authority,15,-0.1833212176941194,-0.18479950323097738,0.05643909569660677,0.7499949500732697,True,,,,0,-1.0129291672865606
12,2404,9404,unconstrained,raw_release,16,0.15866216638378722,-0.36673979004392043,-0.021326391033672842,-0.651233623604621,True,9,9,,0,-1.2407075685012028
12,2404,9404,unconstrained,resident_predictive_authority,16,0.15866216638378722,-0.36673979004392043,-0.021326391033672842,-0.651233623604621,True,9,,5,86,-0.31330424077486047
12,2404,9404,unconstrained,raw_release,17,0.11203557822311488,-0.3676326565188197,0.032735253018602334,-0.07207214659174799,True,,,,0,-1.0029740885369531
12,2404,9404,unconstrained,resident_predictive_authority,17,0.11203557822311488,-0.3676326565188197,0.032735253018602334,-0.07207214659174799,True,,,,0,-1.0029740885369531
12,2404,9404,unconstrained,raw_release,18,-0.23743326026996753,0.11489504871248479,-0.06341890343945035,-0.46711328693644116,True,13,13,,0,-1.0862010452681665
12,2404,9404,unconstrained,resident_predictive_authority,18,-0.23743326026996753,0.11489504871248479,-0.06341890343945035,-0.46711328693644116,True,13,,9,46,-0.4824448264161121
12,2404,9404,unconstrained,raw_release,19,0.12227350939174747,-0.20221401335583056,0.03646929458442663,0.7808473113051881,True,,,,0,-1.032671841534061
12,2404,9404,unconstrained,resident_predictive_authority,19,0.12227350939174747,-0.20221401335583056,0.03646929458442663,0.7808473113051881,True,,,,0,-1.032671841534061
12,2404,9404,unconstrained,raw_release,20,-0.10877066905253485,0.03224041355516016,0.06771903309143906,-0.42508551612371615,True,,,,0,-0.9825948586260347
12,2404,9404,unconstrained,resident_predictive_authority,20,-0.10877066905253485,0.03224041355516016,0.06771903309143906,-0.42508551612371615,True,,,,0,-0.9825948586260347
12,2404,9404,unconstrained,raw_release,21,0.1752394995401365,-0.4823532675870893,0.034923315877759764,-0.2831666897558729,True,9,9,,0,-1.080971273573191
12,2404,9404,unconstrained,resident_predictive_authority,21,0.1752394995401365,-0.4823532675870893,0.034923315877759764,-0.2831666897558729,True,9,,5,32,-0.4011236201654078
12,2404,9404,unconstrained,raw_release,22,-0.2187598628276229,-0.06693670476965696,0.06831655423548702,-0.757109440439196,True,8,8,,0,-1.116250381722143
12,2404,9404,unconstrained,resident_predictive_authority,22,-0.2187598628276229,-0.06693670476965696,0.06831655423548702,-0.757109440439196,True,8,,4,80,-0.2155607477162383
12,2404,9404,unconstrained,raw_release,23,0.018086483544280274,0.18106992912055586,0.05902659596694995,-0.7742643010871215,True,,,,0,-1.0166540110304365
12,2404,9404,unconstrained,resident_predictive_authority,23,0.018086483544280274,0.18106992912055586,0.05902659596694995,-0.7742643010871215,True,,,,0,-1.0166540110304365
12,2404,9404,constrained,raw_release,0,0.20494857393335447,0.0898250022470366,-0.04392750025828583,-0.8002293313399529,True,,,,0,-0.2733697116708755
12,2404,9404,constrained,resident_predictive_authority,0,0.20494857393335447,0.0898250022470366,-0.04392750025828583,-0.8002293313399529,True,,,,0,-0.2733697116708755
12,2404,9404,constrained,raw_release,1,-0.12024991508859267,0.10779492088395848,-0.0971185917828507,0.12650020466706624,True,,,,0,-0.14566464164421544
12,2404,9404,constrained,resident_predictive_authority,1,-0.12024991508859267,0.10779492088395848,-0.0971185917828507,0.12650020466706624,True,,,,0,-0.14566464164421544
12,2404,9404,constrained,raw_release,2,0.06601761092449254,-0.15747615823022187,0.1494687068052624,-0.6762888112628482,True,,,,0,-0.15775117606205732
12,2404,9404,constrained,resident_predictive_authority,2,0.06601761092449254,-0.15747615823022187,0.1494687068052624,-0.6762888112628482,True,,,,0,-0.15775117606205732
12,2404,9404,constrained,raw_release,3,-0.029231091027740186,0.20439035126009164,-0.0422007585884899,0.9895538420389025,True,,,,0,-0.3177172238159857
12,2404,9404,constrained,resident_predictive_authority,3,-0.029231091027740186,0.20439035126009164,-0.0422007585884899,0.9895538420389025,True,,,,0,-0.3177172238159857
12,2404,9404,constrained,raw_release,4,-0.1683585189580648,-0.2580752044175664,0.05330610344474962,-0.903608467130042,True,,,,0,-0.35607845292512486
12,2404,9404,constrained,resident_predictive_authority,4,-0.1683585189580648,-0.2580752044175664,0.05330610344474962,-0.903608467130042,True,,,,0,-0.35607845292512486
12,2404,9404,constrained,raw_release,5,-0.20282492353313392,-0.33914490608508874,0.13233698152167697,0.026048205406692615,True,,,,0,-0.16373825619196045
12,2404,9404,constrained,resident_predictive_authority,5,-0.20282492353313392,-0.33914490608508874,0.13233698152167697,0.026048205406692615,True,,,,0,-0.16373825619196045
12,2404,9404,constrained,raw_release,6,-0.17303832981079476,-0.09038332155864781,0.12078746274985566,-0.6279637103727436,True,,,,0,-0.17241084275569615
12,2404,9404,constrained,resident_predictive_authority,6,-0.17303832981079476,-0.09038332155864781,0.12078746274985566,-0.6279637103727436,True,,,,0,-0.17241084275569615
12,2404,9404,constrained,raw_release,7,0.22313750200830434,0.45245364096631624,-0.01593414387653666,-0.2824467142010376,True,,,,0,-0.16163326287411475
12,2404,9404,constrained,resident_predictive_authority,7,0.22313750200830434,0.45245364096631624,-0.01593414387653666,-0.2824467142010376,True,,,,0,-0.16163326287411475
12,2404,9404,constrained,raw_release,8,0.016777298290890197,0.40744791538809777,-0.08132816172371167,0.1029235615485875,True,,,,0,-0.1417788415723703
12,2404,9404,constrained,resident_predictive_authority,8,0.016777298290890197,0.40744791538809777,-0.08132816172371167,0.1029235615485875,True,,,,0,-0.1417788415723703
12,2404,9404,constrained,raw_release,9,0.03170050731571172,-0.3726981953647167,-0.06188085381823166,-0.1712880576137108,True,,,,0,-0.24921117336640322
12,2404,9404,constrained,resident_predictive_authority,9,0.03170050731571172,-0.3726981953647167,-0.06188085381823166,-0.1712880576137108,True,,,,0,-0.24921117336640322
12,2404,9404,constrained,raw_release,10,-0.040243284611834684,-0.20554110539484394,0.005761165454269024,0.31493431096979396,True,,,,0,-0.14188224711022726
12,2404,9404,constrained,resident_predictive_authority,10,-0.040243284611834684,-0.20554110539484394,0.005761165454269024,0.31493431096979396,True,,,,0,-0.14188224711022726
12,2404,9404,constrained,raw_release,11,-0.13138186358430637,-0.4705918727314794,0.06505809051368117,-0.9371993459109407,True,10,10,,0,-0.42873530001309634
12,2404,9404,constrained,resident_predictive_authority,11,-0.13138186358430637,-0.4705918727314794,0.06505809051368117,-0.9371993459109407,True,10,,6,101,-0.32426370081975897
12,2404,9404,constrained,raw_release,12,-0.04303809242447193,-0.40043893404067066,0.044614119583246514,-0.6967485506871187,True,,,,0,-0.3120166705920912
12,2404,9404,constrained,resident_predictive_authority,12,-0.04303809242447193,-0.40043893404067066,0.044614119583246514,-0.6967485506871187,True,,,,0,-0.3120166705920912
12,2404,9404,constrained,raw_release,13,0.11338307627160849,-0.04674917394772382,0.07840140785613628,0.7119934945324524,True,,,,0,-0.35279489819374377
12,2404,9404,constrained,resident_predictive_authority,13,0.11338307627160849,-0.04674917394772382,0.07840140785613628,0.7119934945324524,True,,,,0,-0.35279489819374377
12,2404,9404,constrained,raw_release,14,-0.16319495041622895,0.23552085678289236,0.0005549925370011144,0.3170034714055081,True,,,,0,-0.17001247041727377
12,2404,9404,constrained,resident_predictive_authority,14,-0.16319495041622895,0.23552085678289236,0.0005549925370011144,0.3170034714055081,True,,,,0,-0.17001247041727377
12,2404,9404,constrained,raw_release,15,-0.1833212176941194,-0.18479950323097738,0.05643909569660677,0.7499949500732697,True,,,,0,-0.24500851881482275
12,2404,9404,constrained,resident_predictive_authority,15,-0.1833212176941194,-0.18479950323097738,0.05643909569660677,0.7499949500732697,True,,,,0,-0.24500851881482275
12,2404,9404,constrained,raw_release,16,0.15866216638378722,-0.36673979004392043,-0.021326391033672842,-0.651233623604621,True,,,,0,-0.3344445602476121
12,2404,9404,constrained,resident_predictive_authority,16,0.15866216638378722,-0.36673979004392043,-0.021326391033672842,-0.651233623604621,True,,,,0,-0.3344445602476121
12,2404,9404,constrained,raw_release,17,0.11203557822311488,-0.3676326565188197,0.032735253018602334,-0.07207214659174799,True,,,,0,-0.15341760259974155
12,2404,9404,constrained,resident_predictive_authority,17,0.11203557822311488,-0.3676326565188197,0.032735253018602334,-0.07207214659174799,True,,,,0,-0.15341760259974155
12,2404,9404,constrained,raw_release,18,-0.23743326026996753,0.11489504871248479,-0.06341890343945035,-0.46711328693644116,True,,,,0,-0.2566013033677825
12,2404,9404,constrained,resident_predictive_authority,18,-0.23743326026996753,0.11489504871248479,-0.06341890343945035,-0.46711328693644116,True,,,,0,-0.2566013033677825
12,2404,9404,constrained,raw_release,19,0.12227350939174747,-0.20221401335583056,0.03646929458442663,0.7808473113051881,True,,,,0,-0.26929114845718444
12,2404,9404,constrained,resident_predictive_authority,19,0.12227350939174747,-0.20221401335583056,0.03646929458442663,0.7808473113051881,True,,,,0,-0.26929114845718444
12,2404,9404,constrained,raw_release,20,-0.10877066905253485,0.03224041355516016,0.06771903309143906,-0.42508551612371615,True,,,,0,-0.14910291414916074
12,2404,9404,constrained,resident_predictive_authority,20,-0.10877066905253485,0.03224041355516016,0.06771903309143906,-0.42508551612371615,True,,,,0,-0.14910291414916074
12,2404,9404,constrained,raw_release,21,0.1752394995401365,-0.4823532675870893,0.034923315877759764,-0.2831666897558729,True,,,,0,-0.1953687237971978
12,2404,9404,constrained,resident_predictive_authority,21,0.1752394995401365,-0.4823532675870893,0.034923315877759764,-0.2831666897558729,True,,,,0,-0.1953687237971978
12,2404,9404,constrained,raw_release,22,-0.2187598628276229,-0.06693670476965696,0.06831655423548702,-0.757109440439196,True,,,,0,-0.2400949593814675
12,2404,9404,constrained,resident_predictive_authority,22,-0.2187598628276229,-0.06693670476965696,0.06831655423548702,-0.757109440439196,True,,,,0,-0.2400949593814675
12,2404,9404,constrained,raw_release,23,0.018086483544280274,0.18106992912055586,0.05902659596694995,-0.7742643010871215,True,,,,0,-0.17349019524776227
12,2404,9404,constrained,resident_predictive_authority,23,0.018086483544280274,0.18106992912055586,0.05902659596694995,-0.7742643010871215,True,,,,0,-0.17349019524776227
24,2400,9400,clean,raw_release,0,-0.20457030257357556,0.3122183714121225,0.13797305764757425,-0.20149906101577741,True,,,,0,-0.06428548271723794
24,2400,9400,clean,resident_predictive_authority,0,-0.20457030257357556,0.3122183714121225,0.13797305764757425,-0.20149906101577741,True,,,,0,-0.06428548271723794
24,2400,9400,clean,raw_release,1,-0.18507064985575206,0.4655501241356006,-0.032931744614526554,0.3915259142609302,True,,,,0,-0.07693964993112754
24,2400,9400,clean,resident_predictive_authority,1,-0.18507064985575206,0.4655501241356006,-0.032931744614526554,0.3915259142609302,True,,,,0,-0.07693964993112754
24,2400,9400,clean,raw_release,2,0.018770695754169453,-0.15123468955348707,-0.03184137000020151,-0.7236099756456811,True,,,,0,-0.19158688977487529
24,2400,9400,clean,resident_predictive_authority,2,0.018770695754169453,-0.15123468955348707,-0.03184137000020151,-0.7236099756456811,True,,,,0,-0.19158688977487529
24,2400,9400,clean,raw_release,3,0.2426498335695204,-0.23893712247139653,-0.13613023150202916,-0.7456082364618895,True,,,,0,-0.40542679151821354
24,2400,9400,clean,resident_predictive_authority,3,0.2426498335695204,-0.23893712247139653,-0.13613023150202916,-0.7456082364618895,True,,,,0,-0.40542679151821354
24,2400,9400,clean,raw_release,4,0.18760208180564814,0.4975976321097113,-0.08604830033435232,-0.6295011259086787,True,,,,0,-0.2946902507045567
24,2400,9400,clean,resident_predictive_authority,4,0.18760208180564814,0.4975976321097113,-0.08604830033435232,-0.6295011259086787,True,,,,0,-0.2946902507045567
24,2400,9400,clean,raw_release,5,0.05913988638347273,-0.2061283095732509,0.07435560999773366,-0.6141801979984394,True,,,,0,-0.04667071034838883
24,2400,9400,clean,resident_predictive_authority,5,0.05913988638347273,-0.2061283095732509,0.07435560999773366,-0.6141801979984394,True,,,,0,-0.04667071034838883
24,2400,9400,clean,raw_release,6,0.09167581285677828,-0.024432328628856248,-0.10962517928220314,0.7727628784654466,True,,,,0,-0.0361525574648012
24,2400,9400,clean,resident_predictive_authority,6,0.09167581285677828,-0.024432328628856248,-0.10962517928220314,0.7727628784654466,True,,,,0,-0.0361525574648012
24,2400,9400,clean,raw_release,7,-0.060267440135725214,0.4437352475873122,-0.004560556153496126,-0.8831635110016007,True,,,,0,-0.07371057821240846
24,2400,9400,clean,resident_predictive_authority,7,-0.060267440135725214,0.4437352475873122,-0.004560556153496126,-0.8831635110016007,True,,,,0,-0.07371057821240846
24,2400,9400,clean,raw_release,8,0.04892326149585713,-0.3355501951099312,-0.005929765938875009,0.9492822050596421,True,,,,0,-0.09979835745377934
24,2400,9400,clean,resident_predictive_authority,8,0.04892326149585713,-0.3355501951099312,-0.005929765938875009,0.9492822050596421,True,,,,0,-0.09979835745377934
24,2400,9400,clean,raw_release,9,0.018554508767426148,0.02797754868957647,0.14019541919966957,0.0646685903842743,True,,,,0,-0.09546635826792246
24,2400,9400,clean,resident_predictive_authority,9,0.018554508767426148,0.02797754868957647,0.14019541919966957,0.0646685903842743,True,,,,0,-0.09546635826792246
24,2400,9400,clean,raw_release,10,0.01975142987483197,-0.3482235903552159,-0.08497795447855237,-0.8976920586021095,True,,,,0,-0.4943364393685573
24,2400,9400,clean,resident_predictive_authority,10,0.01975142987483197,-0.3482235903552159,-0.08497795447855237,-0.8976920586021095,True,,,,0,-0.4943364393685573
24,2400,9400,clean,raw_release,11,-0.12177287020237798,0.005498905286868361,0.0017202836674446997,0.7346022516024586,True,,,,0,-0.10122102717200361
24,2400,9400,clean,resident_predictive_authority,11,-0.12177287020237798,0.005498905286868361,0.0017202836674446997,0.7346022516024586,True,,,,0,-0.10122102717200361
24,2400,9400,clean,raw_release,12,0.09918425289850513,0.4032191618088443,-0.016630220120760986,0.1472789484169592,True,,,,0,-0.062406510432322364
24,2400,9400,clean,resident_predictive_authority,12,0.09918425289850513,0.4032191618088443,-0.016630220120760986,0.1472789484169592,True,,,,0,-0.062406510432322364
24,2400,9400,clean,raw_release,13,0.10186162864662518,-0.03456632063333476,-0.11451852163023567,-0.8296249814982823,True,,,,0,-0.3403428838526211
24,2400,9400,clean,resident_predictive_authority,13,0.10186162864662518,-0.03456632063333476,-0.11451852163023567,-0.8296249814982823,True,,,,0,-0.3403428838526211
24,2400,9400,clean,raw_release,14,-0.04536418302359235,0.20540910049495442,-0.08002305228784491,-0.7522210312851085,True,,,,0,-0.17788481078689497
24,2400,9400,clean,resident_predictive_authority,14,-0.04536418302359235,0.20540910049495442,-0.08002305228784491,-0.7522210312851085,True,,,,0,-0.17788481078689497
24,2400,9400,clean,raw_release,15,-0.15694455346394243,-0.19693391747700495,0.01554218033750332,-0.8056848670012,True,,,,0,-0.20803298252878932
24,2400,9400,clean,resident_predictive_authority,15,-0.15694455346394243,-0.19693391747700495,0.01554218033750332,-0.8056848670012,True,,,,0,-0.20803298252878932
24,2400,9400,clean,raw_release,16,0.002240213538389768,-0.26607459213354767,-0.10115779221502144,-0.8544935893735204,True,,,,0,-0.47009163213394917
24,2400,9400,clean,resident_predictive_authority,16,0.002240213538389768,-0.26607459213354767,-0.10115779221502144,-0.8544935893735204,True,,,,0,-0.47009163213394917
24,2400,9400,clean,raw_release,17,-0.08517635508033822,-0.04703670327352316,-0.028264999918161143,-0.27800220037201484,True,,,,0,-0.048596190586377125
24,2400,9400,clean,resident_predictive_authority,17,-0.08517635508033822,-0.04703670327352316,-0.028264999918161143,-0.27800220037201484,True,,,,0,-0.048596190586377125
24,2400,9400,clean,raw_release,18,-0.2485326459798909,0.2387886271848313,-0.05482105870258819,0.49947193213100194,True,,,,0,-0.03700720870935757
24,2400,9400,clean,resident_predictive_authority,18,-0.2485326459798909,0.2387886271848313,-0.05482105870258819,0.49947193213100194,True,,,,0,-0.03700720870935757
24,2400,9400,clean,raw_release,19,-0.20859379796102456,-0.17139479282030856,-0.015383305294635635,0.6159247980257037,True,,,,0,-0.031381347032368466
24,2400,9400,clean,resident_predictive_authority,19,-0.20859379796102456,-0.17139479282030856,-0.015383305294635635,0.6159247980257037,True,,,,0,-0.031381347032368466
24,2400,9400,clean,raw_release,20,-0.004083305160981265,0.4812065829680897,0.06314954198663186,-0.6909732317951289,True,,,,0,-0.014703397004793721
24,2400,9400,clean,resident_predictive_authority,20,-0.004083305160981265,0.4812065829680897,0.06314954198663186,-0.6909732317951289,True,,,,0,-0.014703397004793721
24,2400,9400,clean,raw_release,21,0.10547213500696079,-0.17715788696503154,0.007848571668126858,0.4951985881637646,True,,,,0,-0.04289586198388094
24,2400,9400,clean,resident_predictive_authority,21,0.10547213500696079,-0.17715788696503154,0.007848571668126858,0.4951985881637646,True,,,,0,-0.04289586198388094
24,2400,9400,clean,raw_release,22,-0.045737319864144865,-0.2813796654251627,0.14312426940169617,0.28787492606218845,True,,,,0,-0.08501229711453176
24,2400,9400,clean,resident_predictive_authority,22,-0.045737319864144865,-0.2813796654251627,0.14312426940169617,0.28787492606218845,True,,,,0,-0.08501229711453176
24,2400,9400,clean,raw_release,23,0.11470748407873571,-0.34747283113118177,0.04609096158832826,-0.7336032949778799,True,,,,0,-0.12946939358498538
24,2400,9400,clean,resident_predictive_authority,23,0.11470748407873571,-0.34747283113118177,0.04609096158832826,-0.7336032949778799,True,,,,0,-0.12946939358498538
24,2400,9400,unconstrained,raw_release,0,-0.20457030257357556,0.3122183714121225,0.13797305764757425,-0.20149906101577741,True,,,,0,-0.5901895571551792
24,2400,9400,unconstrained,resident_predictive_authority,0,-0.20457030257357556,0.3122183714121225,0.13797305764757425,-0.20149906101577741,True,,,,0,-0.5901895571551792
24,2400,9400,unconstrained,raw_release,1,-0.18507064985575206,0.4655501241356006,-0.032931744614526554,0.3915259142609302,True,,,,0,-0.6520026173159849
24,2400,9400,unconstrained,resident_predictive_authority,1,-0.18507064985575206,0.4655501241356006,-0.032931744614526554,0.3915259142609302,True,,,,0,-0.6520026173159849
24,2400,9400,unconstrained,raw_release,2,0.018770695754169453,-0.15123468955348707,-0.03184137000020151,-0.7236099756456811,True,,,,0,-0.6344370278633512
24,2400,9400,unconstrained,resident_predictive_authority,2,0.018770695754169453,-0.15123468955348707,-0.03184137000020151,-0.7236099756456811,True,,,,0,-0.6344370278633512
24,2400,9400,unconstrained,raw_release,3,0.2426498335695204,-0.23893712247139653,-0.13613023150202916,-0.7456082364618895,True,12,12,,0,-0.8176656336000663
24,2400,9400,unconstrained,resident_predictive_authority,3,0.2426498335695204,-0.23893712247139653,-0.13613023150202916,-0.7456082364618895,True,12,,8,95,-0.517367296569813
24,2400,9400,unconstrained,raw_release,4,0.18760208180564814,0.4975976321097113,-0.08604830033435232,-0.6295011259086787,True,,,,0,-0.5790061440532824
24,2400,9400,unconstrained,resident_predictive_authority,4,0.18760208180564814,0.4975976321097113,-0.08604830033435232,-0.6295011259086787,True,,,,0,-0.5790061440532824
24,2400,9400,unconstrained,raw_release,5,0.05913988638347273,-0.2061283095732509,0.07435560999773366,-0.6141801979984394,True,,,,0,-0.5011459719770858
24,2400,9400,unconstrained,resident_predictive_authority,5,0.05913988638347273,-0.2061283095732509,0.07435560999773366,-0.6141801979984394,True,,,,0,-0.5011459719770858
24,2400,9400,unconstrained,raw_release,6,0.09167581285677828,-0.024432328628856248,-0.10962517928220314,0.7727628784654466,True,,,,0,-0.5897741260709553
24,2400,9400,unconstrained,resident_predictive_authority,6,0.09167581285677828,-0.024432328628856248,-0.10962517928220314,0.7727628784654466,True,,,,0,-0.5897741260709553
24,2400,9400,unconstrained,raw_release,7,-0.060267440135725214,0.4437352475873122,-0.004560556153496126,-0.8831635110016007,True,,,,0,-0.5614881551225606
24,2400,9400,unconstrained,resident_predictive_authority,7,-0.060267440135725214,0.4437352475873122,-0.004560556153496126,-0.8831635110016007,True,,,,0,-0.5614881551225606
24,2400,9400,unconstrained,raw_release,8,0.04892326149585713,-0.3355501951099312,-0.005929765938875009,0.9492822050596421,True,,,,0,-0.6366158387103716
24,2400,9400,unconstrained,resident_predictive_authority,8,0.04892326149585713,-0.3355501951099312,-0.005929765938875009,0.9492822050596421,True,,,,0,-0.6366158387103716
24,2400,9400,unconstrained,raw_release,9,0.018554508767426148,0.02797754868957647,0.14019541919966957,0.0646685903842743,True,,,,0,-0.6159378873481456
24,2400,9400,unconstrained,resident_predictive_authority,9,0.018554508767426148,0.02797754868957647,0.14019541919966957,0.0646685903842743,True,,,,0,-0.6159378873481456
24,2400,9400,unconstrained,raw_release,10,0.01975142987483197,-0.3482235903552159,-0.08497795447855237,-0.8976920586021095,True,10,10,,0,-0.8927328799736162
24,2400,9400,unconstrained,resident_predictive_authority,10,0.01975142987483197,-0.3482235903552159,-0.08497795447855237,-0.8976920586021095,True,10,,6,107,-0.5471258642724065
24,2400,9400,unconstrained,raw_release,11,-0.12177287020237798,0.005498905286868361,0.0017202836674446997,0.7346022516024586,True,,,,0,-0.6550224265390732
24,2400,9400,unconstrained,resident_predictive_authority,11,-0.12177287020237798,0.005498905286868361,0.0017202836674446997,0.7346022516024586,True,,,,0,-0.6550224265390732
24,2400,9400,unconstrained,raw_release,12,0.09918425289850513,0.4032191618088443,-0.016630220120760986,0.1472789484169592,True,,,,0,-0.620538193100719
24,2400,9400,unconstrained,resident_predictive_authority,12,0.09918425289850513,0.4032191618088443,-0.016630220120760986,0.1472789484169592,True,,,,0,-0.620538193100719
24,2400,9400,unconstrained,raw_release,13,0.10186162864662518,-0.03456632063333476,-0.11451852163023567,-0.8296249814982823,True,,,,0,-0.7652758440131608
24,2400,9400,unconstrained,resident_predictive_authority,13,0.10186162864662518,-0.03456632063333476,-0.11451852163023567,-0.8296249814982823,True,,,,0,-0.7652758440131608
24,2400,9400,unconstrained,raw_release,14,-0.04536418302359235,0.20540910049495442,-0.08002305228784491,-0.7522210312851085,True,,,,0,-0.6391128224325436
24,2400,9400,unconstrained,resident_predictive_authority,14,-0.04536418302359235,0.20540910049495442,-0.08002305228784491,-0.7522210312851085,True,,,,0,-0.6391128224325436
24,2400,9400,unconstrained,raw_release,15,-0.15694455346394243,-0.19693391747700495,0.01554218033750332,-0.8056848670012,True,,,,0,-0.6431580850134796
24,2400,9400,unconstrained,resident_predictive_authority,15,-0.15694455346394243,-0.19693391747700495,0.01554218033750332,-0.8056848670012,True,,,,0,-0.6431580850134796
24,2400,9400,unconstrained,raw_release,16,0.002240213538389768,-0.26607459213354767,-0.10115779221502144,-0.8544935893735204,True,10,10,,0,-0.8750136876263087
24,2400,9400,unconstrained,resident_predictive_authority,16,0.002240213538389768,-0.26607459213354767,-0.10115779221502144,-0.8544935893735204,True,10,,6,106,-0.5285173655675114
24,2400,9400,unconstrained,raw_release,17,-0.08517635508033822,-0.04703670327352316,-0.028264999918161143,-0.27800220037201484,True,,,,0,-0.5329094720807898
24,2400,9400,unconstrained,resident_predictive_authority,17,-0.08517635508033822,-0.04703670327352316,-0.028264999918161143,-0.27800220037201484,True,,,,0,-0.5329094720807898
24,2400,9400,unconstrained,raw_release,18,-0.2485326459798909,0.2387886271848313,-0.05482105870258819,0.49947193213100194,True,,,,0,-0.5936074446948093
24,2400,9400,unconstrained,resident_predictive_authority,18,-0.2485326459798909,0.2387886271848313,-0.05482105870258819,0.49947193213100194,True,,,,0,-0.5936074446948093
24,2400,9400,unconstrained,raw_release,19,-0.20859379796102456,-0.17139479282030856,-0.015383305294635635,0.6159247980257037,True,,,,0,-0.556779063384176
24,2400,9400,unconstrained,resident_predictive_authority,19,-0.20859379796102456,-0.17139479282030856,-0.015383305294635635,0.6159247980257037,True,,,,0,-0.556779063384176
24,2400,9400,unconstrained,raw_release,20,-0.004083305160981265,0.4812065829680897,0.06314954198663186,-0.6909732317951289,True,,,,0,-0.5251447468344848
24,2400,9400,unconstrained,resident_predictive_authority,20,-0.004083305160981265,0.4812065829680897,0.06314954198663186,-0.6909732317951289,True,,,,0,-0.5251447468344848
24,2400,9400,unconstrained,raw_release,21,0.10547213500696079,-0.17715788696503154,0.007848571668126858,0.4951985881637646,True,,,,0,-0.5665073067588555
24,2400,9400,unconstrained,resident_predictive_authority,21,0.10547213500696079,-0.17715788696503154,0.007848571668126858,0.4951985881637646,True,,,,0,-0.5665073067588555
24,2400,9400,unconstrained,raw_release,22,-0.045737319864144865,-0.2813796654251627,0.14312426940169617,0.28787492606218845,True,,,,0,-0.5895354966610313
24,2400,9400,unconstrained,resident_predictive_authority,22,-0.045737319864144865,-0.2813796654251627,0.14312426940169617,0.28787492606218845,True,,,,0,-0.5895354966610313
24,2400,9400,unconstrained,raw_release,23,0.11470748407873571,-0.34747283113118177,0.04609096158832826,-0.7336032949778799,True,,,,0,-0.5649994610436991
24,2400,9400,unconstrained,resident_predictive_authority,23,0.11470748407873571,-0.34747283113118177,0.04609096158832826,-0.7336032949778799,True,,,,0,-0.5649994610436991
24,2400,9400,constrained,raw_release,0,-0.20457030257357556,0.3122183714121225,0.13797305764757425,-0.20149906101577741,True,,,,0,-0.5775587754964858
24,2400,9400,constrained,resident_predictive_authority,0,-0.20457030257357556,0.3122183714121225,0.13797305764757425,-0.20149906101577741,True,,,,0,-0.5775587754964858
24,2400,9400,constrained,raw_release,1,-0.18507064985575206,0.4655501241356006,-0.032931744614526554,0.3915259142609302,True,,,,0,-0.6409695120341965
24,2400,9400,constrained,resident_predictive_authority,1,-0.18507064985575206,0.4655501241356006,-0.032931744614526554,0.3915259142609302,True,,,,0,-0.6409695120341965
24,2400,9400,constrained,raw_release,2,0.018770695754169453,-0.15123468955348707,-0.03184137000020151,-0.7236099756456811,True,,,,0,-0.6203014835033065
24,2400,9400,constrained,resident_predictive_authority,2,0.018770695754169453,-0.15123468955348707,-0.03184137000020151,-0.7236099756456811,True,,,,0,-0.6203014835033065
24,2400,9400,constrained,raw_release,3,0.2426498335695204,-0.23893712247139653,-0.13613023150202916,-0.7456082364618895,True,12,12,,0,-0.8038125373647638
24,2400,9400,constrained,resident_predictive_authority,3,0.2426498335695204,-0.23893712247139653,-0.13613023150202916,-0.7456082364618895,True,12,,8,95,-0.5168901330296496
24,2400,9400,constrained,raw_release,4,0.18760208180564814,0.4975976321097113,-0.08604830033435232,-0.6295011259086787,True,,,,0,-0.5661974509492035
24,2400,9400,constrained,resident_predictive_authority,4,0.18760208180564814,0.4975976321097113,-0.08604830033435232,-0.6295011259086787,True,,,,0,-0.5661974509492035
24,2400,9400,constrained,raw_release,5,0.05913988638347273,-0.2061283095732509,0.07435560999773366,-0.6141801979984394,True,,,,0,-0.486437831216015
24,2400,9400,constrained,resident_predictive_authority,5,0.05913988638347273,-0.2061283095732509,0.07435560999773366,-0.6141801979984394,True,,,,0,-0.486437831216015
24,2400,9400,constrained,raw_release,6,0.09167581285677828,-0.024432328628856248,-0.10962517928220314,0.7727628784654466,True,,,,0,-0.5780958437450555
24,2400,9400,constrained,resident_predictive_authority,6,0.09167581285677828,-0.024432328628856248,-0.10962517928220314,0.7727628784654466,True,,,,0,-0.5780958437450555
24,2400,9400,constrained,raw_release,7,-0.060267440135725214,0.4437352475873122,-0.004560556153496126,-0.8831635110016007,True,,,,0,-0.5479908236031271
24,2400,9400,constrained,resident_predictive_authority,7,-0.060267440135725214,0.4437352475873122,-0.004560556153496126,-0.8831635110016007,True,,,,0,-0.5479908236031271
24,2400,9400,constrained,raw_release,8,0.04892326149585713,-0.3355501951099312,-0.005929765938875009,0.9492822050596421,True,,,,0,-0.6243172895266196
24,2400,9400,constrained,resident_predictive_authority,8,0.04892326149585713,-0.3355501951099312,-0.005929765938875009,0.9492822050596421,True,,,,0,-0.6243172895266196
24,2400,9400,constrained,raw_release,9,0.018554508767426148,0.02797754868957647,0.14019541919966957,0.0646685903842743,True,,,,0,-0.6031531966450533
24,2400,9400,constrained,resident_predictive_authority,9,0.018554508767426148,0.02797754868957647,0.14019541919966957,0.0646685903842743,True,,,,0,-0.6031531966450533
24,2400,9400,constrained,raw_release,10,0.01975142987483197,-0.3482235903552159,-0.08497795447855237,-0.8976920586021095,True,10,10,,0,-0.8787222150085352
24,2400,9400,constrained,resident_predictive_authority,10,0.01975142987483197,-0.3482235903552159,-0.08497795447855237,-0.8976920586021095,True,10,,6,107,-0.5468627647500487
24,2400,9400,constrained,raw_release,11,-0.12177287020237798,0.005498905286868361,0.0017202836674446997,0.7346022516024586,True,,,,0,-0.6432917500387243
24,2400,9400,constrained,resident_predictive_authority,11,-0.12177287020237798,0.005498905286868361,0.0017202836674446997,0.7346022516024586,True,,,,0,-0.6432917500387243
24,2400,9400,constrained,raw_release,12,0.09918425289850513,0.4032191618088443,-0.016630220120760986,0.1472789484169592,True,,,,0,-0.6088042260641645
24,2400,9400,constrained,resident_predictive_authority,12,0.09918425289850513,0.4032191618088443,-0.016630220120760986,0.1472789484169592,True,,,,0,-0.6088042260641645
24,2400,9400,constrained,raw_release,13,0.10186162864662518,-0.03456632063333476,-0.11451852163023567,-0.8296249814982823,True,,,,0,-0.7515361717103668
24,2400,9400,constrained,resident_predictive_authority,13,0.10186162864662518,-0.03456632063333476,-0.11451852163023567,-0.8296249814982823,True,,,,0,-0.7515361717103668
24,2400,9400,constrained,raw_release,14,-0.04536418302359235,0.20540910049495442,-0.08002305228784491,-0.7522210312851085,True,,,,0,-0.6255991341889133
24,2400,9400,constrained,resident_predictive_authority,14,-0.04536418302359235,0.20540910049495442,-0.08002305228784491,-0.7522210312851085,True,,,,0,-0.6255991341889133
24,2400,9400,constrained,raw_release,15,-0.15694455346394243,-0.19693391747700495,0.01554218033750332,-0.8056848670012,True,,,,0,-0.6287236322591423
24,2400,9400,constrained,resident_predictive_authority,15,-0.15694455346394243,-0.19693391747700495,0.01554218033750332,-0.8056848670012,True,,,,0,-0.6287236322591423
24,2400,9400,constrained,raw_release,16,0.002240213538389768,-0.26607459213354767,-0.10115779221502144,-0.8544935893735204,True,11,11,,0,-0.8611190789205103
24,2400,9400,constrained,resident_predictive_authority,16,0.002240213538389768,-0.26607459213354767,-0.10115779221502144,-0.8544935893735204,True,11,,7,104,-0.5383635791962534
24,2400,9400,constrained,raw_release,17,-0.08517635508033822,-0.04703670327352316,-0.028264999918161143,-0.27800220037201484,True,,,,0,-0.5190902111585394
24,2400,9400,constrained,resident_predictive_authority,17,-0.08517635508033822,-0.04703670327352316,-0.028264999918161143,-0.27800220037201484,True,,,,0,-0.5190902111585394
24,2400,9400,constrained,raw_release,18,-0.2485326459798909,0.2387886271848313,-0.05482105870258819,0.49947193213100194,True,,,,0,-0.5819842688026796
24,2400,9400,constrained,resident_predictive_authority,18,-0.2485326459798909,0.2387886271848313,-0.05482105870258819,0.49947193213100194,True,,,,0,-0.5819842688026796
24,2400,9400,constrained,raw_release,19,-0.20859379796102456,-0.17139479282030856,-0.015383305294635635,0.6159247980257037,True,,,,0,-0.5441438280999841
24,2400,9400,constrained,resident_predictive_authority,19,-0.20859379796102456,-0.17139479282030856,-0.015383305294635635,0.6159247980257037,True,,,,0,-0.5441438280999841
24,2400,9400,constrained,raw_release,20,-0.004083305160981265,0.4812065829680897,0.06314954198663186,-0.6909732317951289,True,,,,0,-0.5117829893517177
24,2400,9400,constrained,resident_predictive_authority,20,-0.004083305160981265,0.4812065829680897,0.06314954198663186,-0.6909732317951289,True,,,,0,-0.5117829893517177
24,2400,9400,constrained,raw_release,21,0.10547213500696079,-0.17715788696503154,0.007848571668126858,0.4951985881637646,True,,,,0,-0.5536962486947522
24,2400,9400,constrained,resident_predictive_authority,21,0.10547213500696079,-0.17715788696503154,0.007848571668126858,0.4951985881637646,True,,,,0,-0.5536962486947522
24,2400,9400,constrained,raw_release,22,-0.045737319864144865,-0.2813796654251627,0.14312426940169617,0.28787492606218845,True,,,,0,-0.5763566056576269
24,2400,9400,constrained,resident_predictive_authority,22,-0.045737319864144865,-0.2813796654251627,0.14312426940169617,0.28787492606218845,True,,,,0,-0.5763566056576269
24,2400,9400,constrained,raw_release,23,0.11470748407873571,-0.34747283113118177,0.04609096158832826,-0.7336032949778799,True,,,,0,-0.5502688817994443
24,2400,9400,constrained,resident_predictive_authority,23,0.11470748407873571,-0.34747283113118177,0.04609096158832826,-0.7336032949778799,True,,,,0,-0.5502688817994443
24,2401,9401,clean,raw_release,0,0.2237449076719007,0.35079379488991713,-0.025591529640811725,-0.15484733507424964,True,,,,0,-0.3147788027026686
24,2401,9401,clean,resident_predictive_authority,0,0.2237449076719007,0.35079379488991713,-0.025591529640811725,-0.15484733507424964,True,,,,0,-0.3147788027026686
24,2401,9401,clean,raw_release,1,0.06920435689037635,0.07144847820147449,0.11616930784707771,0.4897623293474027,True,,,,0,-0.5242169012108695
24,2401,9401,clean,resident_predictive_authority,1,0.06920435689037635,0.07144847820147449,0.11616930784707771,0.4897623293474027,True,,,,0,-0.5242169012108695
24,2401,9401,clean,raw_release,2,0.14727808337350562,0.36998371357941073,0.14777248910451543,-0.8121339453853695,True,,,,0,-0.2969083193475596
24,2401,9401,clean,resident_predictive_authority,2,0.14727808337350562,0.36998371357941073,0.14777248910451543,-0.8121339453853695,True,,,,0,-0.2969083193475596
24,2401,9401,clean,raw_release,3,-0.010704258765710684,0.10000969241848134,0.14680290898248247,-0.289251668688683,True,,,,0,-0.3102420048885685
24,2401,9401,clean,resident_predictive_authority,3,-0.010704258765710684,0.10000969241848134,0.14680290898248247,-0.289251668688683,True,,,,0,-0.3102420048885685
24,2401,9401,clean,raw_release,4,0.07249626564372152,0.16451953428071797,-0.08217053401915081,-0.19923832537936992,True,,,,0,-0.312802589483072
24,2401,9401,clean,resident_predictive_authority,4,0.07249626564372152,0.16451953428071797,-0.08217053401915081,-0.19923832537936992,True,,,,0,-0.312802589483072
24,2401,9401,clean,raw_release,5,0.11889227713118222,-0.23517737698315877,-0.09351042217066699,-0.2014357922820167,True,,,,0,-0.37536664673715026
24,2401,9401,clean,resident_predictive_authority,5,0.11889227713118222,-0.23517737698315877,-0.09351042217066699,-0.2014357922820167,True,,,,0,-0.37536664673715026
24,2401,9401,clean,raw_release,6,-0.2439870156587738,-0.36687702954215373,-0.14496225221771822,-0.36201085698047053,True,,,,0,-0.6716694513837688
24,2401,9401,clean,resident_predictive_authority,6,-0.2439870156587738,-0.36687702954215373,-0.14496225221771822,-0.36201085698047053,True,,,,0,-0.6716694513837688
24,2401,9401,clean,raw_release,7,0.12911407956686893,-0.3697138448737549,0.13548310981615322,-0.6248780965591767,True,,,,0,-0.2838928477538078
24,2401,9401,clean,resident_predictive_authority,7,0.12911407956686893,-0.3697138448737549,0.13548310981615322,-0.6248780965591767,True,,,,0,-0.2838928477538078
24,2401,9401,clean,raw_release,8,0.20135322399020023,-0.43892112110259196,0.0975708467700778,0.44916058702127293,True,,,,0,-0.3544838105259851
24,2401,9401,clean,resident_predictive_authority,8,0.20135322399020023,-0.43892112110259196,0.0975708467700778,0.44916058702127293,True,,,,0,-0.3544838105259851
24,2401,9401,clean,raw_release,9,0.12177634507525636,-0.12149567339188627,-0.09124502321022732,0.7663169828139726,True,,,,0,-0.33195255869243473
24,2401,9401,clean,resident_predictive_authority,9,0.12177634507525636,-0.12149567339188627,-0.09124502321022732,0.7663169828139726,True,,,,0,-0.33195255869243473
24,2401,9401,clean,raw_release,10,-0.0779056251636947,0.2823863254082509,-0.054125899203239305,-0.4227046664320675,True,,,,0,-0.3250161368994655
24,2401,9401,clean,resident_predictive_authority,10,-0.0779056251636947,0.2823863254082509,-0.054125899203239305,-0.4227046664320675,True,,,,0,-0.3250161368994655
24,2401,9401,clean,raw_release,11,0.010523573881162873,0.3997617191589934,0.14661771170354218,-0.06824788021550554,True,,,,0,-0.4567563619998666
24,2401,9401,clean,resident_predictive_authority,11,0.010523573881162873,0.3997617191589934,0.14661771170354218,-0.06824788021550554,True,,,,0,-0.4567563619998666
24,2401,9401,clean,raw_release,12,0.19439286871374706,-0.323024706691841,-0.005837907938676806,-0.41711884639742314,True,,,,0,-0.3405470378763134
24,2401,9401,clean,resident_predictive_authority,12,0.19439286871374706,-0.323024706691841,-0.005837907938676806,-0.41711884639742314,True,,,,0,-0.3405470378763134
24,2401,9401,clean,raw_release,13,-0.12432070806349088,0.015218075931251018,0.05491292870663608,-0.2808474858935275,True,,,,0,-0.28067005143936335
24,2401,9401,clean,resident_predictive_authority,13,-0.12432070806349088,0.015218075931251018,0.05491292870663608,-0.2808474858935275,True,,,,0,-0.28067005143936335
24,2401,9401,clean,raw_release,14,-0.10077150701259163,0.18702143900713752,-0.03222797423863809,-0.6674751860458463,True,,,,0,-0.3707740446929179
24,2401,9401,clean,resident_predictive_authority,14,-0.10077150701259163,0.18702143900713752,-0.03222797423863809,-0.6674751860458463,True,,,,0,-0.3707740446929179
24,2401,9401,clean,raw_release,15,0.08155579424869869,-0.38284320420478846,-0.05327801570754098,-0.5770475069234109,True,,,,0,-0.49041105061951396
24,2401,9401,clean,resident_predictive_authority,15,0.08155579424869869,-0.38284320420478846,-0.05327801570754098,-0.5770475069234109,True,,,,0,-0.49041105061951396
24,2401,9401,clean,raw_release,16,-0.1980472899568287,0.17740529632638546,-0.06402607430792726,-0.02402139049358132,True,,,,0,-0.30506654426911944
24,2401,9401,clean,resident_predictive_authority,16,-0.1980472899568287,0.17740529632638546,-0.06402607430792726,-0.02402139049358132,True,,,,0,-0.30506654426911944
24,2401,9401,clean,raw_release,17,0.213065994567109,0.09833222036639022,-0.09534913988469484,-0.7517941430574975,True,,,,0,-0.45551138173469696
24,2401,9401,clean,resident_predictive_authority,17,0.213065994567109,0.09833222036639022,-0.09534913988469484,-0.7517941430574975,True,,,,0,-0.45551138173469696
24,2401,9401,clean,raw_release,18,0.05090590774513992,0.33226757868251844,0.0947376427640679,0.7019030356642335,True,11,11,,0,-0.7174920993757521
24,2401,9401,clean,resident_predictive_authority,18,0.05090590774513992,0.33226757868251844,0.0947376427640679,0.7019030356642335,True,11,,7,104,-0.4470563970139944
24,2401,9401,clean,raw_release,19,-0.14063040219712247,0.19455735392020412,0.14834183225085937,-0.08307515185266423,True,,,,0,-0.36573945756159054
24,2401,9401,clean,resident_predictive_authority,19,-0.14063040219712247,0.19455735392020412,0.14834183225085937,-0.08307515185266423,True,,,,0,-0.36573945756159054
24,2401,9401,clean,raw_release,20,0.14895049229072355,-0.3396905915587133,0.14500281511907867,0.38085054406388785,True,,,,0,-0.4020033163790019
24,2401,9401,clean,resident_predictive_authority,20,0.14895049229072355,-0.3396905915587133,0.14500281511907867,0.38085054406388785,True,,,,0,-0.4020033163790019
24,2401,9401,clean,raw_release,21,0.08770113765897453,0.11082935366747171,0.02317474396319591,0.8194041391992084,True,,,,0,-0.532474520118629
24,2401,9401,clean,resident_predictive_authority,21,0.08770113765897453,0.11082935366747171,0.02317474396319591,0.8194041391992084,True,,,,0,-0.532474520118629
24,2401,9401,clean,raw_release,22,-0.1893073524596307,0.10039698385182727,0.07131411438772908,0.11844519749318594,True,,,,0,-0.32382842982408633
24,2401,9401,clean,resident_predictive_authority,22,-0.1893073524596307,0.10039698385182727,0.07131411438772908,0.11844519749318594,True,,,,0,-0.32382842982408633
24,2401,9401,clean,raw_release,23,-0.1180492077113498,0.014630373926250884,-0.02897220768763295,-0.8813280943965975,True,,,,0,-0.48398565569123453
24,2401,9401,clean,resident_predictive_authority,23,-0.1180492077113498,0.014630373926250884,-0.02897220768763295,-0.8813280943965975,True,,,,0,-0.48398565569123453
24,2401,9401,unconstrained,raw_release,0,0.2237449076719007,0.35079379488991713,-0.025591529640811725,-0.15484733507424964,True,,,,0,-0.9939350541939523
24,2401,9401,unconstrained,resident_predictive_authority,0,0.2237449076719007,0.35079379488991713,-0.025591529640811725,-0.15484733507424964,True,,,,0,-0.9939350541939523
24,2401,9401,unconstrained,raw_release,1,0.06920435689037635,0.07144847820147449,0.11616930784707771,0.4897623293474027,True,,,,0,-1.210771350600196
24,2401,9401,unconstrained,resident_predictive_authority,1,0.06920435689037635,0.07144847820147449,0.11616930784707771,0.4897623293474027,True,,,,0,-1.210771350600196
24,2401,9401,unconstrained,raw_release,2,0.14727808337350562,0.36998371357941073,0.14777248910451543,-0.8121339453853695,True,,,,0,-0.9718218659837016
24,2401,9401,unconstrained,resident_predictive_authority,2,0.14727808337350562,0.36998371357941073,0.14777248910451543,-0.8121339453853695,True,,,,0,-0.9718218659837016
24,2401,9401,unconstrained,raw_release,3,-0.010704258765710684,0.10000969241848134,0.14680290898248247,-0.289251668688683,True,,,,0,-0.9825227077972501
24,2401,9401,unconstrained,resident_predictive_authority,3,-0.010704258765710684,0.10000969241848134,0.14680290898248247,-0.289251668688683,True,,,,0,-0.9825227077972501
24,2401,9401,unconstrained,raw_release,4,0.07249626564372152,0.16451953428071797,-0.08217053401915081,-0.19923832537936992,True,,,,0,-0.9811046944145911
24,2401,9401,unconstrained,resident_predictive_authority,4,0.07249626564372152,0.16451953428071797,-0.08217053401915081,-0.19923832537936992,True,,,,0,-0.9811046944145911
24,2401,9401,unconstrained,raw_release,5,0.11889227713118222,-0.23517737698315877,-0.09351042217066699,-0.2014357922820167,True,,,,0,-1.0254725203827078
24,2401,9401,unconstrained,resident_predictive_authority,5,0.11889227713118222,-0.23517737698315877,-0.09351042217066699,-0.2014357922820167,True,,,,0,-1.0254725203827078
24,2401,9401,unconstrained,raw_release,6,-0.2439870156587738,-0.36687702954215373,-0.14496225221771822,-0.36201085698047053,True,9,9,,0,-1.2934957442102295
24,2401,9401,unconstrained,resident_predictive_authority,6,-0.2439870156587738,-0.36687702954215373,-0.14496225221771822,-0.36201085698047053,True,9,,5,107,-0.4882467990553924
24,2401,9401,unconstrained,raw_release,7,0.12911407956686893,-0.3697138448737549,0.13548310981615322,-0.6248780965591767,True,,,,0,-0.9420458461429444
24,2401,9401,unconstrained,resident_predictive_authority,7,0.12911407956686893,-0.3697138448737549,0.13548310981615322,-0.6248780965591767,True,,,,0,-0.9420458461429444
24,2401,9401,unconstrained,raw_release,8,0.20135322399020023,-0.43892112110259196,0.0975708467700778,0.44916058702127293,True,,,,0,-1.0254364292838287
24,2401,9401,unconstrained,resident_predictive_authority,8,0.20135322399020023,-0.43892112110259196,0.0975708467700778,0.44916058702127293,True,,,,0,-1.0254364292838287
24,2401,9401,unconstrained,raw_release,9,0.12177634507525636,-0.12149567339188627,-0.09124502321022732,0.7663169828139726,True,,,,0,-1.0045097716545417
24,2401,9401,unconstrained,resident_predictive_authority,9,0.12177634507525636,-0.12149567339188627,-0.09124502321022732,0.7663169828139726,True,,,,0,-1.0045097716545417
24,2401,9401,unconstrained,raw_release,10,-0.0779056251636947,0.2823863254082509,-0.054125899203239305,-0.4227046664320675,True,,,,0,-0.9893886119039762
24,2401,9401,unconstrained,resident_predictive_authority,10,-0.0779056251636947,0.2823863254082509,-0.054125899203239305,-0.4227046664320675,True,,,,0,-0.9893886119039762
24,2401,9401,unconstrained,raw_release,11,0.010523573881162873,0.3997617191589934,0.14661771170354218,-0.06824788021550554,True,,,,0,-1.1411118782171787
24,2401,9401,unconstrained,resident_predictive_authority,11,0.010523573881162873,0.3997617191589934,0.14661771170354218,-0.06824788021550554,True,,,,0,-1.1411118782171787
24,2401,9401,unconstrained,raw_release,12,0.19439286871374706,-0.323024706691841,-0.005837907938676806,-0.41711884639742314,True,,,,0,-0.9977729436574437
24,2401,9401,unconstrained,resident_predictive_authority,12,0.19439286871374706,-0.323024706691841,-0.005837907938676806,-0.41711884639742314,True,,,,0,-0.9977729436574437
24,2401,9401,unconstrained,raw_release,13,-0.12432070806349088,0.015218075931251018,0.05491292870663608,-0.2808474858935275,True,,,,0,-0.9458577852152793
24,2401,9401,unconstrained,resident_predictive_authority,13,-0.12432070806349088,0.015218075931251018,0.05491292870663608,-0.2808474858935275,True,,,,0,-0.9458577852152793
24,2401,9401,unconstrained,raw_release,14,-0.10077150701259163,0.18702143900713752,-0.03222797423863809,-0.6674751860458463,True,,,,0,-1.0211731514159916
24,2401,9401,unconstrained,resident_predictive_authority,14,-0.10077150701259163,0.18702143900713752,-0.03222797423863809,-0.6674751860458463,True,,,,0,-1.0211731514159916
24,2401,9401,unconstrained,raw_release,15,0.08155579424869869,-0.38284320420478846,-0.05327801570754098,-0.5770475069234109,True,9,9,,0,-1.1229359196790751
24,2401,9401,unconstrained,resident_predictive_authority,15,0.08155579424869869,-0.38284320420478846,-0.05327801570754098,-0.5770475069234109,True,9,,5,93,-0.3452785760238342
24,2401,9401,unconstrained,raw_release,16,-0.1980472899568287,0.17740529632638546,-0.06402607430792726,-0.02402139049358132,True,,,,0,-0.9717035980137477
24,2401,9401,unconstrained,resident_predictive_authority,16,-0.1980472899568287,0.17740529632638546,-0.06402607430792726,-0.02402139049358132,True,,,,0,-0.9717035980137477
24,2401,9401,unconstrained,raw_release,17,0.213065994567109,0.09833222036639022,-0.09534913988469484,-0.7517941430574975,True,,,,0,-1.0877936102389976
24,2401,9401,unconstrained,resident_predictive_authority,17,0.213065994567109,0.09833222036639022,-0.09534913988469484,-0.7517941430574975,True,,,,0,-1.0877936102389976
24,2401,9401,unconstrained,raw_release,18,0.05090590774513992,0.33226757868251844,0.0947376427640679,0.7019030356642335,True,,,,0,-1.4072587655005735
24,2401,9401,unconstrained,resident_predictive_authority,18,0.05090590774513992,0.33226757868251844,0.0947376427640679,0.7019030356642335,True,,,,0,-1.4072587655005735
24,2401,9401,unconstrained,raw_release,19,-0.14063040219712247,0.19455735392020412,0.14834183225085937,-0.08307515185266423,True,,,,0,-1.0415811340092473
24,2401,9401,unconstrained,resident_predictive_authority,19,-0.14063040219712247,0.19455735392020412,0.14834183225085937,-0.08307515185266423,True,,,,0,-1.0415811340092473
24,2401,9401,unconstrained,raw_release,20,0.14895049229072355,-0.3396905915587133,0.14500281511907867,0.38085054406388785,True,,,,0,-1.077691257286471
24,2401,9401,unconstrained,resident_predictive_authority,20,0.14895049229072355,-0.3396905915587133,0.14500281511907867,0.38085054406388785,True,,,,0,-1.077691257286471
24,2401,9401,unconstrained,raw_release,21,0.08770113765897453,0.11082935366747171,0.02317474396319591,0.8194041391992084,True,,,,0,-1.2220512261235967
24,2401,9401,unconstrained,resident_predictive_authority,21,0.08770113765897453,0.11082935366747171,0.02317474396319591,0.8194041391992084,True,,,,0,-1.2220512261235967
24,2401,9401,unconstrained,raw_release,22,-0.1893073524596307,0.10039698385182727,0.07131411438772908,0.11844519749318594,True,,,,0,-0.9961994842443146
24,2401,9401,unconstrained,resident_predictive_authority,22,-0.1893073524596307,0.10039698385182727,0.07131411438772908,0.11844519749318594,True,,,,0,-0.9961994842443146
24,2401,9401,unconstrained,raw_release,23,-0.1180492077113498,0.014630373926250884,-0.02897220768763295,-0.8813280943965975,True,11,11,,0,-1.1146404278660558
24,2401,9401,unconstrained,resident_predictive_authority,23,-0.1180492077113498,0.014630373926250884,-0.02897220768763295,-0.8813280943965975,True,11,,7,84,-0.38027446796561637
24,2401,9401,constrained,raw_release,0,0.2237449076719007,0.35079379488991713,-0.025591529640811725,-0.15484733507424964,True,,,,0,-0.5652804134222869
24,2401,9401,constrained,resident_predictive_authority,0,0.2237449076719007,0.35079379488991713,-0.025591529640811725,-0.15484733507424964,True,,,,0,-0.5652804134222869
24,2401,9401,constrained,raw_release,1,0.06920435689037635,0.07144847820147449,0.11616930784707771,0.4897623293474027,True,,,,0,-0.7691346247246093
24,2401,9401,constrained,resident_predictive_authority,1,0.06920435689037635,0.07144847820147449,0.11616930784707771,0.4897623293474027,True,,,,0,-0.7691346247246093
24,2401,9401,constrained,raw_release,2,0.14727808337350562,0.36998371357941073,0.14777248910451543,-0.8121339453853695,True,,,,0,-0.5684301145525912
24,2401,9401,constrained,resident_predictive_authority,2,0.14727808337350562,0.36998371357941073,0.14777248910451543,-0.8121339453853695,True,,,,0,-0.5684301145525912
24,2401,9401,constrained,raw_release,3,-0.010704258765710684,0.10000969241848134,0.14680290898248247,-0.289251668688683,True,,,,0,-0.5747632700627965
24,2401,9401,constrained,resident_predictive_authority,3,-0.010704258765710684,0.10000969241848134,0.14680290898248247,-0.289251668688683,True,,,,0,-0.5747632700627965
24,2401,9401,constrained,raw_release,4,0.07249626564372152,0.16451953428071797,-0.08217053401915081,-0.19923832537936992,True,,,,0,-0.5670560650057968
24,2401,9401,constrained,resident_predictive_authority,4,0.07249626564372152,0.16451953428071797,-0.08217053401915081,-0.19923832537936992,True,,,,0,-0.5670560650057968
24,2401,9401,constrained,raw_release,5,0.11889227713118222,-0.23517737698315877,-0.09351042217066699,-0.2014357922820167,True,,,,0,-0.6418041773828911
24,2401,9401,constrained,resident_predictive_authority,5,0.11889227713118222,-0.23517737698315877,-0.09351042217066699,-0.2014357922820167,True,,,,0,-0.6418041773828911
24,2401,9401,constrained,raw_release,6,-0.2439870156587738,-0.36687702954215373,-0.14496225221771822,-0.36201085698047053,True,10,10,,0,-0.9333392337291772
24,2401,9401,constrained,resident_predictive_authority,6,-0.2439870156587738,-0.36687702954215373,-0.14496225221771822,-0.36201085698047053,True,10,,6,106,-0.468706278617281
24,2401,9401,constrained,raw_release,7,0.12911407956686893,-0.3697138448737549,0.13548310981615322,-0.6248780965591767,True,,,,0,-0.5738876574087761
24,2401,9401,constrained,resident_predictive_authority,7,0.12911407956686893,-0.3697138448737549,0.13548310981615322,-0.6248780965591767,True,,,,0,-0.5738876574087761
24,2401,9401,constrained,raw_release,8,0.20135322399020023,-0.43892112110259196,0.0975708467700778,0.44916058702127293,True,,,,0,-0.618082972831093
24,2401,9401,constrained,resident_predictive_authority,8,0.20135322399020023,-0.43892112110259196,0.0975708467700778,0.44916058702127293,True,,,,0,-0.618082972831093
24,2401,9401,constrained,raw_release,9,0.12177634507525636,-0.12149567339188627,-0.09124502321022732,0.7663169828139726,True,,,,0,-0.5686725355141785
24,2401,9401,constrained,resident_predictive_authority,9,0.12177634507525636,-0.12149567339188627,-0.09124502321022732,0.7663169828139726,True,,,,0,-0.5686725355141785
24,2401,9401,constrained,raw_release,10,-0.0779056251636947,0.2823863254082509,-0.054125899203239305,-0.4227046664320675,True,,,,0,-0.5813060125991317
24,2401,9401,constrained,resident_predictive_authority,10,-0.0779056251636947,0.2823863254082509,-0.054125899203239305,-0.4227046664320675,True,,,,0,-0.5813060125991317
24,2401,9401,constrained,raw_release,11,0.010523573881162873,0.3997617191589934,0.14661771170354218,-0.06824788021550554,True,,,,0,-0.7036119191080504
24,2401,9401,constrained,resident_predictive_authority,11,0.010523573881162873,0.3997617191589934,0.14661771170354218,-0.06824788021550554,True,,,,0,-0.7036119191080504
24,2401,9401,constrained,raw_release,12,0.19439286871374706,-0.323024706691841,-0.005837907938676806,-0.41711884639742314,True,,,,0,-0.6208072013201673
24,2401,9401,constrained,resident_predictive_authority,12,0.19439286871374706,-0.323024706691841,-0.005837907938676806,-0.41711884639742314,True,,,,0,-0.6208072013201673
24,2401,9401,constrained,raw_release,13,-0.12432070806349088,0.015218075931251018,0.05491292870663608,-0.2808474858935275,True,,,,0,-0.5450331431831702
24,2401,9401,constrained,resident_predictive_authority,13,-0.12432070806349088,0.015218075931251018,0.05491292870663608,-0.2808474858935275,True,,,,0,-0.5450331431831702
24,2401,9401,constrained,raw_release,14,-0.10077150701259163,0.18702143900713752,-0.03222797423863809,-0.6674751860458463,True,,,,0,-0.6317772848632596
24,2401,9401,constrained,resident_predictive_authority,14,-0.10077150701259163,0.18702143900713752,-0.03222797423863809,-0.6674751860458463,True,,,,0,-0.6317772848632596
24,2401,9401,constrained,raw_release,15,0.08155579424869869,-0.38284320420478846,-0.05327801570754098,-0.5770475069234109,True,11,11,,0,-0.7666740937090116
24,2401,9401,constrained,resident_predictive_authority,15,0.08155579424869869,-0.38284320420478846,-0.05327801570754098,-0.5770475069234109,True,11,,7,87,-0.3517368091421957
24,2401,9401,constrained,raw_release,16,-0.1980472899568287,0.17740529632638546,-0.06402607430792726,-0.02402139049358132,True,,,,0,-0.5524371546136693
24,2401,9401,constrained,resident_predictive_authority,16,-0.1980472899568287,0.17740529632638546,-0.06402607430792726,-0.02402139049358132,True,,,,0,-0.5524371546136693
24,2401,9401,constrained,raw_release,17,0.213065994567109,0.09833222036639022,-0.09534913988469484,-0.7517941430574975,True,,,,0,-0.7138457574881087
24,2401,9401,constrained,resident_predictive_authority,17,0.213065994567109,0.09833222036639022,-0.09534913988469484,-0.7517941430574975,True,,,,0,-0.7138457574881087
24,2401,9401,constrained,raw_release,18,0.05090590774513992,0.33226757868251844,0.0947376427640679,0.7019030356642335,True,,,,0,-0.9387849151698805
24,2401,9401,constrained,resident_predictive_authority,18,0.05090590774513992,0.33226757868251844,0.0947376427640679,0.7019030356642335,True,,,,0,-0.9387849151698805
24,2401,9401,constrained,raw_release,19,-0.14063040219712247,0.19455735392020412,0.14834183225085937,-0.08307515185266423,True,,,,0,-0.6199189573752891
24,2401,9401,constrained,resident_predictive_authority,19,-0.14063040219712247,0.19455735392020412,0.14834183225085937,-0.08307515185266423,True,,,,0,-0.6199189573752891
24,2401,9401,constrained,raw_release,20,0.14895049229072355,-0.3396905915587133,0.14500281511907867,0.38085054406388785,True,,,,0,-0.6660454759782852
24,2401,9401,constrained,resident_predictive_authority,20,0.14895049229072355,-0.3396905915587133,0.14500281511907867,0.38085054406388785,True,,,,0,-0.6660454759782852
24,2401,9401,constrained,raw_release,21,0.08770113765897453,0.11082935366747171,0.02317474396319591,0.8194041391992084,True,,,,0,-0.7656765168045295
24,2401,9401,constrained,resident_predictive_authority,21,0.08770113765897453,0.11082935366747171,0.02317474396319591,0.8194041391992084,True,,,,0,-0.7656765168045295
24,2401,9401,constrained,raw_release,22,-0.1893073524596307,0.10039698385182727,0.07131411438772908,0.11844519749318594,True,,,,0,-0.5742056948187609
24,2401,9401,constrained,resident_predictive_authority,22,-0.1893073524596307,0.10039698385182727,0.07131411438772908,0.11844519749318594,True,,,,0,-0.5742056948187609
24,2401,9401,constrained,raw_release,23,-0.1180492077113498,0.014630373926250884,-0.02897220768763295,-0.8813280943965975,True,14,14,,0,-0.7492470504596137
24,2401,9401,constrained,resident_predictive_authority,23,-0.1180492077113498,0.014630373926250884,-0.02897220768763295,-0.8813280943965975,True,14,,10,74,-0.4001225291147987
24,2402,9402,clean,raw_release,0,-0.1615132658346754,-0.11550841429297021,0.022901916924437354,-0.19872794657738346,True,,,,0,-0.22217535734402252
24,2402,9402,clean,resident_predictive_authority,0,-0.1615132658346754,-0.11550841429297021,0.022901916924437354,-0.19872794657738346,True,,,,0,-0.22217535734402252
24,2402,9402,clean,raw_release,1,-0.23125258539530125,-0.4708958092866965,-0.08196714238104882,-0.012070195004850959,True,,,,0,-0.40030358156210494
24,2402,9402,clean,resident_predictive_authority,1,-0.23125258539530125,-0.4708958092866965,-0.08196714238104882,-0.012070195004850959,True,,,,0,-0.40030358156210494
24,2402,9402,clean,raw_release,2,0.2220813058257321,-0.35566005836398207,-0.09216345249958499,-0.8980457102004791,True,11,11,,0,-0.7326984080012576
24,2402,9402,clean,resident_predictive_authority,2,0.2220813058257321,-0.35566005836398207,-0.09216345249958499,-0.8980457102004791,True,11,,7,105,-0.4814822086223769
24,2402,9402,clean,raw_release,3,-0.22179393018453925,-0.07777225425505163,0.14248972857317013,-0.10588498526529166,True,,,,0,-0.22440501839445925
24,2402,9402,clean,resident_predictive_authority,3,-0.22179393018453925,-0.07777225425505163,0.14248972857317013,-0.10588498526529166,True,,,,0,-0.22440501839445925
24,2402,9402,clean,raw_release,4,-0.15422906142631143,0.19114444828931965,0.10415437768981164,-0.7061183821692663,True,,,,0,-0.21871259550604197
24,2402,9402,clean,resident_predictive_authority,4,-0.15422906142631143,0.19114444828931965,0.10415437768981164,-0.7061183821692663,True,,,,0,-0.21871259550604197
24,2402,9402,clean,raw_release,5,-0.16789680924529132,0.41142689389472853,0.12684019128832133,-0.3516263290394035,True,,,,0,-0.21883174429947674
24,2402,9402,clean,resident_predictive_authority,5,-0.16789680924529132,0.41142689389472853,0.12684019128832133,-0.3516263290394035,True,,,,0,-0.21883174429947674
24,2402,9402,clean,raw_release,6,0.14861907264167784,-0.1845502128166714,0.0959413297126687,-0.7141045553597423,True,,,,0,-0.26916476862365024
24,2402,9402,clean,resident_predictive_authority,6,0.14861907264167784,-0.1845502128166714,0.0959413297126687,-0.7141045553597423,True,,,,0,-0.26916476862365024
24,2402,9402,clean,raw_release,7,-0.10863980033178833,0.1644621432838459,0.14519679488271733,-0.0022260290963271867,True,,,,0,-0.2703027898640325
24,2402,9402,clean,resident_predictive_authority,7,-0.10863980033178833,0.1644621432838459,0.14519679488271733,-0.0022260290963271867,True,,,,0,-0.2703027898640325
24,2402,9402,clean,raw_release,8,0.1292871832895483,-0.13563608662713889,0.014668528429913397,-0.3319672756419818,True,,,,0,-0.2271834429051247
24,2402,9402,clean,resident_predictive_authority,8,0.1292871832895483,-0.13563608662713889,0.014668528429913397,-0.3319672756419818,True,,,,0,-0.2271834429051247
24,2402,9402,clean,raw_release,9,-0.07392579830891222,-0.10344817926059846,-0.10635514975180503,0.036486951081318386,True,,,,0,-0.24716978212924914
24,2402,9402,clean,resident_predictive_authority,9,-0.07392579830891222,-0.10344817926059846,-0.10635514975180503,0.036486951081318386,True,,,,0,-0.24716978212924914
24,2402,9402,clean,raw_release,10,-0.2074934045065741,0.20887486526909593,0.08965212477657003,-0.035037393249783166,True,,,,0,-0.2089771874261859
24,2402,9402,clean,resident_predictive_authority,10,-0.2074934045065741,0.20887486526909593,0.08965212477657003,-0.035037393249783166,True,,,,0,-0.2089771874261859
24,2402,9402,clean,raw_release,11,0.23275973662398242,-0.28224819137442847,-0.0700709139324361,0.8225530521316899,True,,,,0,-0.20714229049628996
24,2402,9402,clean,resident_predictive_authority,11,0.23275973662398242,-0.28224819137442847,-0.0700709139324361,0.8225530521316899,True,,,,0,-0.20714229049628996
24,2402,9402,clean,raw_release,12,0.00685196063295157,0.20588002511140913,0.029008948852395744,-0.8629475406840037,True,,,,0,-0.27785917897288415
24,2402,9402,clean,resident_predictive_authority,12,0.00685196063295157,0.20588002511140913,0.029008948852395744,-0.8629475406840037,True,,,,0,-0.27785917897288415
24,2402,9402,clean,raw_release,13,0.11333854629267465,0.14397166846365073,-0.031238134746449903,-0.3094731950025562,True,,,,0,-0.20152820038559177
24,2402,9402,clean,resident_predictive_authority,13,0.11333854629267465,0.14397166846365073,-0.031238134746449903,-0.3094731950025562,True,,,,0,-0.20152820038559177
24,2402,9402,clean,raw_release,14,-0.08238621927640682,0.007568370354010923,-0.1277880112880462,0.2973995599348773,True,,,,0,-0.1869259774060645
24,2402,9402,clean,resident_predictive_authority,14,-0.08238621927640682,0.007568370354010923,-0.1277880112880462,0.2973995599348773,True,,,,0,-0.1869259774060645
24,2402,9402,clean,raw_release,15,0.11282856626071919,-0.2651208771947059,0.09952221149725052,0.42884612520159315,True,,,,0,-0.2745271434864629
24,2402,9402,clean,resident_predictive_authority,15,0.11282856626071919,-0.2651208771947059,0.09952221149725052,0.42884612520159315,True,,,,0,-0.2745271434864629
24,2402,9402,clean,raw_release,16,0.16707912545216175,0.0956728368349915,-0.10094668999911502,0.24847753775744952,True,,,,0,-0.17197192542428563
24,2402,9402,clean,resident_predictive_authority,16,0.16707912545216175,0.0956728368349915,-0.10094668999911502,0.24847753775744952,True,,,,0,-0.17197192542428563
24,2402,9402,clean,raw_release,17,0.05577105872628407,-0.08460515714127925,0.03763781135757038,0.2626484573798624,True,,,,0,-0.20248214550094035
24,2402,9402,clean,resident_predictive_authority,17,0.05577105872628407,-0.08460515714127925,0.03763781135757038,0.2626484573798624,True,,,,0,-0.20248214550094035
24,2402,9402,clean,raw_release,18,-0.13431139974373457,0.17541266801285393,-0.054538764330049755,0.24269439551753313,True,,,,0,-0.16515621549776582
24,2402,9402,clean,resident_predictive_authority,18,-0.13431139974373457,0.17541266801285393,-0.054538764330049755,0.24269439551753313,True,,,,0,-0.16515621549776582
24,2402,9402,clean,raw_release,19,-0.21561016464278748,0.008923015284333147,-0.0011748710301789367,0.925454501858546,True,,,,0,-0.2865408149290059
24,2402,9402,clean,resident_predictive_authority,19,-0.21561016464278748,0.008923015284333147,-0.0011748710301789367,0.925454501858546,True,,,,0,-0.2865408149290059
24,2402,9402,clean,raw_release,20,0.11401875199531891,-0.13115462166531866,0.06983546283339762,-0.21960493302451756,True,,,,0,-0.20115751178962477
24,2402,9402,clean,resident_predictive_authority,20,0.11401875199531891,-0.13115462166531866,0.06983546283339762,-0.21960493302451756,True,,,,0,-0.20115751178962477
24,2402,9402,clean,raw_release,21,0.18962784207239597,-0.23035359537721956,-0.06171452407819776,-0.07400775096147716,True,,,,0,-0.23900085698502507
24,2402,9402,clean,resident_predictive_authority,21,0.18962784207239597,-0.23035359537721956,-0.06171452407819776,-0.07400775096147716,True,,,,0,-0.23900085698502507
24,2402,9402,clean,raw_release,22,-0.027635176060562316,0.18429915184075907,-0.12635256187958555,-0.2841485898875251,True,,,,0,-0.27737036990730174
24,2402,9402,clean,resident_predictive_authority,22,-0.027635176060562316,0.18429915184075907,-0.12635256187958555,-0.2841485898875251,True,,,,0,-0.27737036990730174
24,2402,9402,clean,raw_release,23,0.24561840129149276,-0.030448378743730076,0.13655800786421377,-0.9181172325571385,True,,,,0,-0.2555079740965805
24,2402,9402,clean,resident_predictive_authority,23,0.24561840129149276,-0.030448378743730076,0.13655800786421377,-0.9181172325571385,True,,,,0,-0.2555079740965805
24,2402,9402,unconstrained,raw_release,0,-0.1615132658346754,-0.11550841429297021,0.022901916924437354,-0.19872794657738346,True,,,,0,-0.9290944545706041
24,2402,9402,unconstrained,resident_predictive_authority,0,-0.1615132658346754,-0.11550841429297021,0.022901916924437354,-0.19872794657738346,True,,,,0,-0.9290944545706041
24,2402,9402,unconstrained,raw_release,1,-0.23125258539530125,-0.4708958092866965,-0.08196714238104882,-0.012070195004850959,True,9,9,,0,-1.0940703949389459
24,2402,9402,unconstrained,resident_predictive_authority,1,-0.23125258539530125,-0.4708958092866965,-0.08196714238104882,-0.012070195004850959,True,9,,5,91,-0.28203406726865105
24,2402,9402,unconstrained,raw_release,2,0.2220813058257321,-0.35566005836398207,-0.09216345249958499,-0.8980457102004791,True,5,5,,0,-1.3860036477170885
24,2402,9402,unconstrained,resident_predictive_authority,2,0.2220813058257321,-0.35566005836398207,-0.09216345249958499,-0.8980457102004791,True,5,,1,114,-0.46275801971695824
24,2402,9402,unconstrained,raw_release,3,-0.22179393018453925,-0.07777225425505163,0.14248972857317013,-0.10588498526529166,True,,,,0,-0.9296516178435598
24,2402,9402,unconstrained,resident_predictive_authority,3,-0.22179393018453925,-0.07777225425505163,0.14248972857317013,-0.10588498526529166,True,,,,0,-0.9296516178435598
24,2402,9402,unconstrained,raw_release,4,-0.15422906142631143,0.19114444828931965,0.10415437768981164,-0.7061183821692663,True,,,,0,-0.9266615590636929
24,2402,9402,unconstrained,resident_predictive_authority,4,-0.15422906142631143,0.19114444828931965,0.10415437768981164,-0.7061183821692663,True,,,,0,-0.9266615590636929
24,2402,9402,unconstrained,raw_release,5,-0.16789680924529132,0.41142689389472853,0.12684019128832133,-0.3516263290394035,True,,,,0,-0.9292439711074557
24,2402,9402,unconstrained,resident_predictive_authority,5,-0.16789680924529132,0.41142689389472853,0.12684019128832133,-0.3516263290394035,True,,,,0,-0.9292439711074557
24,2402,9402,unconstrained,raw_release,6,0.14861907264167784,-0.1845502128166714,0.0959413297126687,-0.7141045553597423,True,,,,0,-0.9738366281497544
24,2402,9402,unconstrained,resident_predictive_authority,6,0.14861907264167784,-0.1845502128166714,0.0959413297126687,-0.7141045553597423,True,,,,0,-0.9738366281497544
24,2402,9402,unconstrained,raw_release,7,-0.10863980033178833,0.1644621432838459,0.14519679488271733,-0.0022260290963271867,True,,,,0,-0.97812951363368
24,2402,9402,unconstrained,resident_predictive_authority,7,-0.10863980033178833,0.1644621432838459,0.14519679488271733,-0.0022260290963271867,True,,,,0,-0.97812951363368
24,2402,9402,unconstrained,raw_release,8,0.1292871832895483,-0.13563608662713889,0.014668528429913397,-0.3319672756419818,True,,,,0,-0.9359005138752731
24,2402,9402,unconstrained,resident_predictive_authority,8,0.1292871832895483,-0.13563608662713889,0.014668528429913397,-0.3319672756419818,True,,,,0,-0.9359005138752731
24,2402,9402,unconstrained,raw_release,9,-0.07392579830891222,-0.10344817926059846,-0.10635514975180503,0.036486951081318386,True,,,,0,-0.95152570582744
24,2402,9402,unconstrained,resident_predictive_authority,9,-0.07392579830891222,-0.10344817926059846,-0.10635514975180503,0.036486951081318386,True,,,,0,-0.95152570582744
24,2402,9402,unconstrained,raw_release,10,-0.2074934045065741,0.20887486526909593,0.08965212477657003,-0.035037393249783166,True,,,,0,-0.9193157641755907
24,2402,9402,unconstrained,resident_predictive_authority,10,-0.2074934045065741,0.20887486526909593,0.08965212477657003,-0.035037393249783166,True,,,,0,-0.9193157641755907
24,2402,9402,unconstrained,raw_release,11,0.23275973662398242,-0.28224819137442847,-0.0700709139324361,0.8225530521316899,True,,,,0,-0.9188406106490031
24,2402,9402,unconstrained,resident_predictive_authority,11,0.23275973662398242,-0.28224819137442847,-0.0700709139324361,0.8225530521316899,True,,,,0,-0.9188406106490031
24,2402,9402,unconstrained,raw_release,12,0.00685196063295157,0.20588002511140913,0.029008948852395744,-0.8629475406840037,True,,,,0,-0.9771233159295242
24,2402,9402,unconstrained,resident_predictive_authority,12,0.00685196063295157,0.20588002511140913,0.029008948852395744,-0.8629475406840037,True,,,,0,-0.9771233159295242
24,2402,9402,unconstrained,raw_release,13,0.11333854629267465,0.14397166846365073,-0.031238134746449903,-0.3094731950025562,True,,,,0,-0.9128609828922941
24,2402,9402,unconstrained,resident_predictive_authority,13,0.11333854629267465,0.14397166846365073,-0.031238134746449903,-0.3094731950025562,True,,,,0,-0.9128609828922941
24,2402,9402,unconstrained,raw_release,14,-0.08238621927640682,0.007568370354010923,-0.1277880112880462,0.2973995599348773,True,,,,0,-0.8934511557385295
24,2402,9402,unconstrained,resident_predictive_authority,14,-0.08238621927640682,0.007568370354010923,-0.1277880112880462,0.2973995599348773,True,,,,0,-0.8934511557385295
24,2402,9402,unconstrained,raw_release,15,0.11282856626071919,-0.2651208771947059,0.09952221149725052,0.42884612520159315,True,,,,0,-0.9840691793591068
24,2402,9402,unconstrained,resident_predictive_authority,15,0.11282856626071919,-0.2651208771947059,0.09952221149725052,0.42884612520159315,True,,,,0,-0.9840691793591068
24,2402,9402,unconstrained,raw_release,16,0.16707912545216175,0.0956728368349915,-0.10094668999911502,0.24847753775744952,True,,,,0,-0.8827267106209756
24,2402,9402,unconstrained,resident_predictive_authority,16,0.16707912545216175,0.0956728368349915,-0.10094668999911502,0.24847753775744952,True,,,,0,-0.8827267106209756
24,2402,9402,unconstrained,raw_release,17,0.05577105872628407,-0.08460515714127925,0.03763781135757038,0.2626484573798624,True,,,,0,-0.9145459845872942
24,2402,9402,unconstrained,resident_predictive_authority,17,0.05577105872628407,-0.08460515714127925,0.03763781135757038,0.2626484573798624,True,,,,0,-0.9145459845872942
24,2402,9402,unconstrained,raw_release,18,-0.13431139974373457,0.17541266801285393,-0.054538764330049755,0.24269439551753313,True,,,,0,-0.8762948736225697
24,2402,9402,unconstrained,resident_predictive_authority,18,-0.13431139974373457,0.17541266801285393,-0.054538764330049755,0.24269439551753313,True,,,,0,-0.8762948736225697
24,2402,9402,unconstrained,raw_release,19,-0.21561016464278748,0.008923015284333147,-0.0011748710301789367,0.925454501858546,True,,,,0,-0.995445661046414
24,2402,9402,unconstrained,resident_predictive_authority,19,-0.21561016464278748,0.008923015284333147,-0.0011748710301789367,0.925454501858546,True,,,,0,-0.995445661046414
24,2402,9402,unconstrained,raw_release,20,0.11401875199531891,-0.13115462166531866,0.06983546283339762,-0.21960493302451756,True,,,,0,-0.9112125020362617
24,2402,9402,unconstrained,resident_predictive_authority,20,0.11401875199531891,-0.13115462166531866,0.06983546283339762,-0.21960493302451756,True,,,,0,-0.9112125020362617
24,2402,9402,unconstrained,raw_release,21,0.18962784207239597,-0.23035359537721956,-0.06171452407819776,-0.07400775096147716,True,,,,0,-0.9461645239942885
24,2402,9402,unconstrained,resident_predictive_authority,21,0.18962784207239597,-0.23035359537721956,-0.06171452407819776,-0.07400775096147716,True,,,,0,-0.9461645239942885
24,2402,9402,unconstrained,raw_release,22,-0.027635176060562316,0.18429915184075907,-0.12635256187958555,-0.2841485898875251,True,,,,0,-0.9750386626321013
24,2402,9402,unconstrained,resident_predictive_authority,22,-0.027635176060562316,0.18429915184075907,-0.12635256187958555,-0.2841485898875251,True,,,,0,-0.9750386626321013
24,2402,9402,unconstrained,raw_release,23,0.24561840129149276,-0.030448378743730076,0.13655800786421377,-0.9181172325571385,True,,,,0,-0.962012072429413
24,2402,9402,unconstrained,resident_predictive_authority,23,0.24561840129149276,-0.030448378743730076,0.13655800786421377,-0.9181172325571385,True,,,,0,-0.962012072429413
24,2402,9402,constrained,raw_release,0,-0.1615132658346754,-0.11550841429297021,0.022901916924437354,-0.19872794657738346,True,,,,0,-0.956772520807913
24,2402,9402,constrained,resident_predictive_authority,0,-0.1615132658346754,-0.11550841429297021,0.022901916924437354,-0.19872794657738346,True,,,,0,-0.956772520807913
24,2402,9402,constrained,raw_release,1,-0.23125258539530125,-0.4708958092866965,-0.08196714238104882,-0.012070195004850959,True,9,9,,0,-1.117310515356005
24,2402,9402,constrained,resident_predictive_authority,1,-0.23125258539530125,-0.4708958092866965,-0.08196714238104882,-0.012070195004850959,True,9,,5,90,-0.2876435706964564
24,2402,9402,constrained,raw_release,2,0.2220813058257321,-0.35566005836398207,-0.09216345249958499,-0.8980457102004791,True,5,5,,0,-1.4004245735848058
24,2402,9402,constrained,resident_predictive_authority,2,0.2220813058257321,-0.35566005836398207,-0.09216345249958499,-0.8980457102004791,True,5,,1,114,-0.46275801971695824
24,2402,9402,constrained,raw_release,3,-0.22179393018453925,-0.07777225425505163,0.14248972857317013,-0.10588498526529166,True,,,,0,-0.9583828908422636
24,2402,9402,constrained,resident_predictive_authority,3,-0.22179393018453925,-0.07777225425505163,0.14248972857317013,-0.10588498526529166,True,,,,0,-0.9583828908422636
24,2402,9402,constrained,raw_release,4,-0.15422906142631143,0.19114444828931965,0.10415437768981164,-0.7061183821692663,True,,,,0,-0.9540189042391897
24,2402,9402,constrained,resident_predictive_authority,4,-0.15422906142631143,0.19114444828931965,0.10415437768981164,-0.7061183821692663,True,,,,0,-0.9540189042391897
24,2402,9402,constrained,raw_release,5,-0.16789680924529132,0.41142689389472853,0.12684019128832133,-0.3516263290394035,True,,,,0,-0.9617742457787083
24,2402,9402,constrained,resident_predictive_authority,5,-0.16789680924529132,0.41142689389472853,0.12684019128832133,-0.3516263290394035,True,,,,0,-0.9617742457787083
24,2402,9402,constrained,raw_release,6,0.14861907264167784,-0.1845502128166714,0.0959413297126687,-0.7141045553597423,True,,,,0,-0.9971917032910198
24,2402,9402,constrained,resident_predictive_authority,6,0.14861907264167784,-0.1845502128166714,0.0959413297126687,-0.7141045553597423,True,,,,0,-0.9971917032910198
24,2402,9402,constrained,raw_release,7,-0.10863980033178833,0.1644621432838459,0.14519679488271733,-0.0022260290963271867,True,,,,0,-1.010596159514947
24,2402,9402,constrained,resident_predictive_authority,7,-0.10863980033178833,0.1644621432838459,0.14519679488271733,-0.0022260290963271867,True,,,,0,-1.010596159514947
24,2402,9402,constrained,raw_release,8,0.1292871832895483,-0.13563608662713889,0.014668528429913397,-0.3319672756419818,True,,,,0,-0.9628960620363585
24,2402,9402,constrained,resident_predictive_authority,8,0.1292871832895483,-0.13563608662713889,0.014668528429913397,-0.3319672756419818,True,,,,0,-0.9628960620363585
24,2402,9402,constrained,raw_release,9,-0.07392579830891222,-0.10344817926059846,-0.10635514975180503,0.036486951081318386,True,,,,0,-0.9808269503621827
24,2402,9402,constrained,resident_predictive_authority,9,-0.07392579830891222,-0.10344817926059846,-0.10635514975180503,0.036486951081318386,True,,,,0,-0.9808269503621827
24,2402,9402,constrained,raw_release,10,-0.2074934045065741,0.20887486526909593,0.08965212477657003,-0.035037393249783166,True,,,,0,-0.9519180415405313
24,2402,9402,constrained,resident_predictive_authority,10,-0.2074934045065741,0.20887486526909593,0.08965212477657003,-0.035037393249783166,True,,,,0,-0.9519180415405313
24,2402,9402,constrained,raw_release,11,0.23275973662398242,-0.28224819137442847,-0.0700709139324361,0.8225530521316899,True,,,,0,-0.9529677183504445
24,2402,9402,constrained,resident_predictive_authority,11,0.23275973662398242,-0.28224819137442847,-0.0700709139324361,0.8225530521316899,True,,,,0,-0.9529677183504445
24,2402,9402,constrained,raw_release,12,0.00685196063295157,0.20588002511140913,0.029008948852395744,-0.8629475406840037,True,,,,0,-1.003249902299021
24,2402,9402,constrained,resident_predictive_authority,12,0.00685196063295157,0.20588002511140913,0.029008948852395744,-0.8629475406840037,True,,,,0,-1.003249902299021
24,2402,9402,constrained,raw_release,13,0.11333854629267465,0.14397166846365073,-0.031238134746449903,-0.3094731950025562,True,,,,0,-0.9431294465121363
24,2402,9402,constrained,resident_predictive_authority,13,0.11333854629267465,0.14397166846365073,-0.031238134746449903,-0.3094731950025562,True,,,,0,-0.9431294465121363
24,2402,9402,constrained,raw_release,14,-0.08238621927640682,0.007568370354010923,-0.1277880112880462,0.2973995599348773,True,,,,0,-0.9259408376508181
24,2402,9402,constrained,resident_predictive_authority,14,-0.08238621927640682,0.007568370354010923,-0.1277880112880462,0.2973995599348773,True,,,,0,-0.9259408376508181
24,2402,9402,constrained,raw_release,15,0.11282856626071919,-0.2651208771947059,0.09952221149725052,0.42884612520159315,True,,,,0,-1.0154981610367029
24,2402,9402,constrained,resident_predictive_authority,15,0.11282856626071919,-0.2651208771947059,0.09952221149725052,0.42884612520159315,True,,,,0,-1.0154981610367029
24,2402,9402,constrained,raw_release,16,0.16707912545216175,0.0956728368349915,-0.10094668999911502,0.24847753775744952,True,,,,0,-0.9164631709620376
24,2402,9402,constrained,resident_predictive_authority,16,0.16707912545216175,0.0956728368349915,-0.10094668999911502,0.24847753775744952,True,,,,0,-0.9164631709620376
24,2402,9402,constrained,raw_release,17,0.05577105872628407,-0.08460515714127925,0.03763781135757038,0.2626484573798624,True,,,,0,-0.9466346476362342
24,2402,9402,constrained,resident_predictive_authority,17,0.05577105872628407,-0.08460515714127925,0.03763781135757038,0.2626484573798624,True,,,,0,-0.9466346476362342
24,2402,9402,constrained,raw_release,18,-0.13431139974373457,0.17541266801285393,-0.054538764330049755,0.24269439551753313,True,,,,0,-0.9105018573732814
24,2402,9402,constrained,resident_predictive_authority,18,-0.13431139974373457,0.17541266801285393,-0.054538764330049755,0.24269439551753313,True,,,,0,-0.9105018573732814
24,2402,9402,constrained,raw_release,19,-0.21561016464278748,0.008923015284333147,-0.0011748710301789367,0.925454501858546,True,,,,0,-1.0326882826512433
24,2402,9402,constrained,resident_predictive_authority,19,-0.21561016464278748,0.008923015284333147,-0.0011748710301789367,0.925454501858546,True,,,,0,-1.0326882826512433
24,2402,9402,constrained,raw_release,20,0.11401875199531891,-0.13115462166531866,0.06983546283339762,-0.21960493302451756,True,,,,0,-0.9392307881592179
24,2402,9402,constrained,resident_predictive_authority,20,0.11401875199531891,-0.13115462166531866,0.06983546283339762,-0.21960493302451756,True,,,,0,-0.9392307881592179
24,2402,9402,constrained,raw_release,21,0.18962784207239597,-0.23035359537721956,-0.06171452407819776,-0.07400775096147716,True,,,,0,-0.9739313878014848
24,2402,9402,constrained,resident_predictive_authority,21,0.18962784207239597,-0.23035359537721956,-0.06171452407819776,-0.07400775096147716,True,,,,0,-0.9739313878014848
24,2402,9402,constrained,raw_release,22,-0.027635176060562316,0.18429915184075907,-0.12635256187958555,-0.2841485898875251,True,,,,0,-1.004080148503511
24,2402,9402,constrained,resident_predictive_authority,22,-0.027635176060562316,0.18429915184075907,-0.12635256187958555,-0.2841485898875251,True,,,,0,-1.004080148503511
24,2402,9402,constrained,raw_release,23,0.24561840129149276,-0.030448378743730076,0.13655800786421377,-0.9181172325571385,True,,,,0,-0.9858292478544113
24,2402,9402,constrained,resident_predictive_authority,23,0.24561840129149276,-0.030448378743730076,0.13655800786421377,-0.9181172325571385,True,,,,0,-0.9858292478544113
24,2403,9403,clean,raw_release,0,0.04237540386041805,0.26447256543997144,0.03623107304013773,0.15298973558639295,True,,,,0,-0.8717135010021148
24,2403,9403,clean,resident_predictive_authority,0,0.04237540386041805,0.26447256543997144,0.03623107304013773,0.15298973558639295,True,,,,0,-0.8717135010021148
24,2403,9403,clean,raw_release,1,0.05971924862433492,-0.47088839794698634,-0.134663015902147,-0.13038366488445718,True,10,10,,0,-1.0387904551803684
24,2403,9403,clean,resident_predictive_authority,1,0.05971924862433492,-0.47088839794698634,-0.134663015902147,-0.13038366488445718,True,10,,6,89,-0.3491079167219786
24,2403,9403,clean,raw_release,2,0.16102137161155777,-0.3138271220486466,-0.12343455370860118,-0.27766711089340346,True,11,11,,0,-0.999728346251536
24,2403,9403,clean,resident_predictive_authority,2,0.16102137161155777,-0.3138271220486466,-0.12343455370860118,-0.27766711089340346,True,11,,7,74,-0.3691830244893853
24,2403,9403,clean,raw_release,3,-0.0837765659588095,0.05815652852624831,-0.031714561617589204,0.17128902420975511,True,,,,0,-0.8091410131783751
24,2403,9403,clean,resident_predictive_authority,3,-0.0837765659588095,0.05815652852624831,-0.031714561617589204,0.17128902420975511,True,,,,0,-0.8091410131783751
24,2403,9403,clean,raw_release,4,0.040034264443295164,0.12174459266372195,0.04394110610039689,-0.9804559548095892,True,,,,0,-0.9116963944551195
24,2403,9403,clean,resident_predictive_authority,4,0.040034264443295164,0.12174459266372195,0.04394110610039689,-0.9804559548095892,True,,,,0,-0.9116963944551195
24,2403,9403,clean,raw_release,5,0.21789206300441405,-0.3932372277009709,-0.05699049730981888,0.24712551906842894,True,,,,0,-0.8305405903726543
24,2403,9403,clean,resident_predictive_authority,5,0.21789206300441405,-0.3932372277009709,-0.05699049730981888,0.24712551906842894,True,,,,0,-0.8305405903726543
24,2403,9403,clean,raw_release,6,0.1650303137739168,-0.2918379492226164,-0.09568885642082806,0.7748641172638968,True,,,,0,-0.8233212336046729
24,2403,9403,clean,resident_predictive_authority,6,0.1650303137739168,-0.2918379492226164,-0.09568885642082806,0.7748641172638968,True,,,,0,-0.8233212336046729
24,2403,9403,clean,raw_release,7,-0.028271732529076,-0.019272369115803767,-0.10237237861244469,-0.31961648057736314,True,,,,0,-0.9249377065407522
24,2403,9403,clean,resident_predictive_authority,7,-0.028271732529076,-0.019272369115803767,-0.10237237861244469,-0.31961648057736314,True,,,,0,-0.9249377065407522
24,2403,9403,clean,raw_release,8,-0.11543830144010397,0.22403732187844405,0.016489304014767614,-0.5905014221288962,True,,,,0,-0.8510547614986829
24,2403,9403,clean,resident_predictive_authority,8,-0.11543830144010397,0.22403732187844405,0.016489304014767614,-0.5905014221288962,True,,,,0,-0.8510547614986829
24,2403,9403,clean,raw_release,9,-0.016567574069167923,0.19741663010363597,-0.12939531898723602,-0.46979901357263887,True,,,,0,-0.9442104033067892
24,2403,9403,clean,resident_predictive_authority,9,-0.016567574069167923,0.19741663010363597,-0.12939531898723602,-0.46979901357263887,True,,,,0,-0.9442104033067892
24,2403,9403,clean,raw_release,10,0.1745907873834769,-0.1048824166141169,0.08909567750064087,0.5859942362164421,True,,,,0,-0.9954038489095116
24,2403,9403,clean,resident_predictive_authority,10,0.1745907873834769,-0.1048824166141169,0.08909567750064087,0.5859942362164421,True,,,,0,-0.9954038489095116
24,2403,9403,clean,raw_release,11,-0.03847045771985175,0.43176293434981516,0.007970863726065064,0.44778667702476516,True,,,,0,-0.9449842568385814
24,2403,9403,clean,resident_predictive_authority,11,-0.03847045771985175,0.43176293434981516,0.007970863726065064,0.44778667702476516,True,,,,0,-0.9449842568385814
24,2403,9403,clean,raw_release,12,-0.22444605760822894,0.10817681887231889,0.01948681031519703,-0.5150388217823576,True,,,,0,-0.8661948905481878
24,2403,9403,clean,resident_predictive_authority,12,-0.22444605760822894,0.10817681887231889,0.01948681031519703,-0.5150388217823576,True,,,,0,-0.8661948905481878
24,2403,9403,clean,raw_release,13,0.17774691954406024,0.22527938931914238,0.08330843071574281,0.22286110083895538,True,,,,0,-0.9621046169309556
24,2403,9403,clean,resident_predictive_authority,13,0.17774691954406024,0.22527938931914238,0.08330843071574281,0.22286110083895538,True,,,,0,-0.9621046169309556
24,2403,9403,clean,raw_release,14,-0.10850998223149316,0.4354622304700557,0.10088329066952492,0.18159718063124686,True,,,,0,-0.9748203494272085
24,2403,9403,clean,resident_predictive_authority,14,-0.10850998223149316,0.4354622304700557,0.10088329066952492,0.18159718063124686,True,,,,0,-0.9748203494272085
24,2403,9403,clean,raw_release,15,-0.009247772071316496,-0.34897273229927506,-0.06621511103122212,-0.9006727257516152,True,9,9,,0,-1.2574155856557279
24,2403,9403,clean,resident_predictive_authority,15,-0.009247772071316496,-0.34897273229927506,-0.06621511103122212,-0.9006727257516152,True,9,,5,108,-0.4997209246233727
24,2403,9403,clean,raw_release,16,0.20905149789891092,0.14519468408374148,-0.005466949347711719,0.10214163432225543,True,,,,0,-0.8394011564508502
24,2403,9403,clean,resident_predictive_authority,16,0.20905149789891092,0.14519468408374148,-0.005466949347711719,0.10214163432225543,True,,,,0,-0.8394011564508502
24,2403,9403,clean,raw_release,17,-0.056677354911770894,0.24040346367663534,0.018577432708950098,0.9064956673197597,True,,,,0,-1.0680478663440136
24,2403,9403,clean,resident_predictive_authority,17,-0.056677354911770894,0.24040346367663534,0.018577432708950098,0.9064956673197597,True,,,,0,-1.0680478663440136
24,2403,9403,clean,raw_release,18,0.05727457937952235,0.2610902307289855,0.03738319937221546,0.37853515039552543,True,,,,0,-0.9321736233026994
24,2403,9403,clean,resident_predictive_authority,18,0.05727457937952235,0.2610902307289855,0.03738319937221546,0.37853515039552543,True,,,,0,-0.9321736233026994
24,2403,9403,clean,raw_release,19,-0.20981402525047205,-0.12381459613790236,0.06792588099877467,-0.33768336739643123,True,,,,0,-0.844482909266748
24,2403,9403,clean,resident_predictive_authority,19,-0.20981402525047205,-0.12381459613790236,0.06792588099877467,-0.33768336739643123,True,,,,0,-0.844482909266748
24,2403,9403,clean,raw_release,20,0.053591948688482494,0.12977728171103486,0.008325031155409779,0.0033361960191899964,True,,,,0,-0.8187382507007126
24,2403,9403,clean,resident_predictive_authority,20,0.053591948688482494,0.12977728171103486,0.008325031155409779,0.0033361960191899964,True,,,,0,-0.8187382507007126
24,2403,9403,clean,raw_release,21,-0.2169336328542284,-0.31546536001737124,-0.05444445267791115,-0.4666973787726263,True,9,9,,0,-1.056664855877532
24,2403,9403,clean,resident_predictive_authority,21,-0.2169336328542284,-0.31546536001737124,-0.05444445267791115,-0.4666973787726263,True,9,,5,97,-0.3351421087451456
24,2403,9403,clean,raw_release,22,-0.14924329803794767,0.3501669178335435,0.11694937582200846,-0.7610449462007536,True,,,,0,-0.8282395295665343
24,2403,9403,clean,resident_predictive_authority,22,-0.14924329803794767,0.3501669178335435,0.11694937582200846,-0.7610449462007536,True,,,,0,-0.8282395295665343
24,2403,9403,clean,raw_release,23,-0.13877475020572827,-0.2989891435578236,0.09364178924583857,0.9168605477708485,True,,,,0,-1.0076297027574508
24,2403,9403,clean,resident_predictive_authority,23,-0.13877475020572827,-0.2989891435578236,0.09364178924583857,0.9168605477708485,True,,,,0,-1.0076297027574508
24,2403,9403,unconstrained,raw_release,0,0.04237540386041805,0.26447256543997144,0.03623107304013773,0.15298973558639295,True,,,,0,-1.0501891590757744
24,2403,9403,unconstrained,resident_predictive_authority,0,0.04237540386041805,0.26447256543997144,0.03623107304013773,0.15298973558639295,True,,,,0,-1.0501891590757744
24,2403,9403,unconstrained,raw_release,1,0.05971924862433492,-0.47088839794698634,-0.134663015902147,-0.13038366488445718,True,10,10,,0,-1.1874444280464185
24,2403,9403,unconstrained,resident_predictive_authority,1,0.05971924862433492,-0.47088839794698634,-0.134663015902147,-0.13038366488445718,True,10,,6,87,-0.3753983484273373
24,2403,9403,unconstrained,raw_release,2,0.16102137161155777,-0.3138271220486466,-0.12343455370860118,-0.27766711089340346,True,11,11,,0,-1.1489592824689268
24,2403,9403,unconstrained,resident_predictive_authority,2,0.16102137161155777,-0.3138271220486466,-0.12343455370860118,-0.27766711089340346,True,11,,7,70,-0.4117815232322342
24,2403,9403,unconstrained,raw_release,3,-0.0837765659588095,0.05815652852624831,-0.031714561617589204,0.17128902420975511,True,,,,0,-0.981189884241733
24,2403,9403,unconstrained,resident_predictive_authority,3,-0.0837765659588095,0.05815652852624831,-0.031714561617589204,0.17128902420975511,True,,,,0,-0.981189884241733
24,2403,9403,unconstrained,raw_release,4,0.040034264443295164,0.12174459266372195,0.04394110610039689,-0.9804559548095892,True,,,,0,-1.0630535554197478
24,2403,9403,unconstrained,resident_predictive_authority,4,0.040034264443295164,0.12174459266372195,0.04394110610039689,-0.9804559548095892,True,,,,0,-1.0630535554197478
24,2403,9403,unconstrained,raw_release,5,0.21789206300441405,-0.3932372277009709,-0.05699049730981888,0.24712551906842894,True,,,,0,-0.992817634994977
24,2403,9403,unconstrained,resident_predictive_authority,5,0.21789206300441405,-0.3932372277009709,-0.05699049730981888,0.24712551906842894,True,,,,0,-0.992817634994977
24,2403,9403,unconstrained,raw_release,6,0.1650303137739168,-0.2918379492226164,-0.09568885642082806,0.7748641172638968,True,,,,0,-0.9975717814358873
24,2403,9403,unconstrained,resident_predictive_authority,6,0.1650303137739168,-0.2918379492226164,-0.09568885642082806,0.7748641172638968,True,,,,0,-0.9975717814358873
24,2403,9403,unconstrained,raw_release,7,-0.028271732529076,-0.019272369115803767,-0.10237237861244469,-0.31961648057736314,True,,,,0,-1.0823624988031872
24,2403,9403,unconstrained,resident_predictive_authority,7,-0.028271732529076,-0.019272369115803767,-0.10237237861244469,-0.31961648057736314,True,,,,0,-1.0823624988031872
24,2403,9403,unconstrained,raw_release,8,-0.11543830144010397,0.22403732187844405,0.016489304014767614,-0.5905014221288962,True,,,,0,-1.0137288449393418
24,2403,9403,unconstrained,resident_predictive_authority,8,-0.11543830144010397,0.22403732187844405,0.016489304014767614,-0.5905014221288962,True,,,,0,-1.0137288449393418
24,2403,9403,unconstrained,raw_release,9,-0.016567574069167923,0.19741663010363597,-0.12939531898723602,-0.46979901357263887,True,,,,0,-1.1003694969002915
24,2403,9403,unconstrained,resident_predictive_authority,9,-0.016567574069167923,0.19741663010363597,-0.12939531898723602,-0.46979901357263887,True,,,,0,-1.1003694969002915
24,2403,9403,unconstrained,raw_release,10,0.1745907873834769,-0.1048824166141169,0.08909567750064087,0.5859942362164421,True,,,,0,-1.1730179230859088
24,2403,9403,unconstrained,resident_predictive_authority,10,0.1745907873834769,-0.1048824166141169,0.08909567750064087,0.5859942362164421,True,,,,0,-1.1730179230859088
24,2403,9403,unconstrained,raw_release,11,-0.03847045771985175,0.43176293434981516,0.007970863726065064,0.44778667702476516,True,,,,0,-1.1334601223772014
24,2403,9403,unconstrained,resident_predictive_authority,11,-0.03847045771985175,0.43176293434981516,0.007970863726065064,0.44778667702476516,True,,,,0,-1.1334601223772014
24,2403,9403,unconstrained,raw_release,12,-0.22444605760822894,0.10817681887231889,0.01948681031519703,-0.5150388217823576,True,,,,0,-1.026691353303306
24,2403,9403,unconstrained,resident_predictive_authority,12,-0.22444605760822894,0.10817681887231889,0.01948681031519703,-0.5150388217823576,True,,,,0,-1.026691353303306
24,2403,9403,unconstrained,raw_release,13,0.17774691954406024,0.22527938931914238,0.08330843071574281,0.22286110083895538,True,,,,0,-1.1419250347413756
24,2403,9403,unconstrained,resident_predictive_authority,13,0.17774691954406024,0.22527938931914238,0.08330843071574281,0.22286110083895538,True,,,,0,-1.1419250347413756
24,2403,9403,unconstrained,raw_release,14,-0.10850998223149316,0.4354622304700557,0.10088329066952492,0.18159718063124686,True,,,,0,-1.1586887038469482
24,2403,9403,unconstrained,resident_predictive_authority,14,-0.10850998223149316,0.4354622304700557,0.10088329066952492,0.18159718063124686,True,,,,0,-1.1586887038469482
24,2403,9403,unconstrained,raw_release,15,-0.009247772071316496,-0.34897273229927506,-0.06621511103122212,-0.9006727257516152,True,9,9,,0,-1.388674506909888
24,2403,9403,unconstrained,resident_predictive_authority,15,-0.009247772071316496,-0.34897273229927506,-0.06621511103122212,-0.9006727257516152,True,9,,5,108,-0.5061434096877389
24,2403,9403,unconstrained,raw_release,16,0.20905149789891092,0.14519468408374148,-0.005466949347711719,0.10214163432225543,True,,,,0,-1.0140075439768554
24,2403,9403,unconstrained,resident_predictive_authority,16,0.20905149789891092,0.14519468408374148,-0.005466949347711719,0.10214163432225543,True,,,,0,-1.0140075439768554
24,2403,9403,unconstrained,raw_release,17,-0.056677354911770894,0.24040346367663534,0.018577432708950098,0.9064956673197597,True,,,,0,-1.260227376434757
24,2403,9403,unconstrained,resident_predictive_authority,17,-0.056677354911770894,0.24040346367663534,0.018577432708950098,0.9064956673197597,True,,,,0,-1.260227376434757
24,2403,9403,unconstrained,raw_release,18,0.05727457937952235,0.2610902307289855,0.03738319937221546,0.37853515039552543,True,,,,0,-1.115087595643438
24,2403,9403,unconstrained,resident_predictive_authority,18,0.05727457937952235,0.2610902307289855,0.03738319937221546,0.37853515039552543,True,,,,0,-1.115087595643438
24,2403,9403,unconstrained,raw_release,19,-0.20981402525047205,-0.12381459613790236,0.06792588099877467,-0.33768336739643123,True,,,,0,-1.0020193461199525
24,2403,9403,unconstrained,resident_predictive_authority,19,-0.20981402525047205,-0.12381459613790236,0.06792588099877467,-0.33768336739643123,True,,,,0,-1.0020193461199525
24,2403,9403,unconstrained,raw_release,20,0.053591948688482494,0.12977728171103486,0.008325031155409779,0.0033361960191899964,True,,,,0,-0.9904299317068601
24,2403,9403,unconstrained,resident_predictive_authority,20,0.053591948688482494,0.12977728171103486,0.008325031155409779,0.0033361960191899964,True,,,,0,-0.9904299317068601
24,2403,9403,unconstrained,raw_release,21,-0.2169336328542284,-0.31546536001737124,-0.05444445267791115,-0.4666973787726263,True,9,9,,0,-1.202595942756391
24,2403,9403,unconstrained,resident_predictive_authority,21,-0.2169336328542284,-0.31546536001737124,-0.05444445267791115,-0.4666973787726263,True,9,,5,96,-0.34983212150895704
24,2403,9403,unconstrained,raw_release,22,-0.14924329803794767,0.3501669178335435,0.11694937582200846,-0.7610449462007536,True,,,,0,-0.9911352691957359
24,2403,9403,unconstrained,resident_predictive_authority,22,-0.14924329803794767,0.3501669178335435,0.11694937582200846,-0.7610449462007536,True,,,,0,-0.9911352691957359
24,2403,9403,unconstrained,raw_release,23,-0.13877475020572827,-0.2989891435578236,0.09364178924583857,0.9168605477708485,True,,,,0,-1.184904723155789
24,2403,9403,unconstrained,resident_predictive_authority,23,-0.13877475020572827,-0.2989891435578236,0.09364178924583857,0.9168605477708485,True,,,,0,-1.184904723155789
24,2403,9403,constrained,raw_release,0,0.04237540386041805,0.26447256543997144,0.03623107304013773,0.15298973558639295,True,,,,0,-1.0191051108788907
24,2403,9403,constrained,resident_predictive_authority,0,0.04237540386041805,0.26447256543997144,0.03623107304013773,0.15298973558639295,True,,,,0,-1.0191051108788907
24,2403,9403,constrained,raw_release,1,0.05971924862433492,-0.47088839794698634,-0.134663015902147,-0.13038366488445718,True,10,10,,0,-1.135071007938665
24,2403,9403,constrained,resident_predictive_authority,1,0.05971924862433492,-0.47088839794698634,-0.134663015902147,-0.13038366488445718,True,10,,6,87,-0.3755599562504171
24,2403,9403,constrained,raw_release,2,0.16102137161155777,-0.3138271220486466,-0.12343455370860118,-0.27766711089340346,True,11,11,,0,-1.0976437962723702
24,2403,9403,constrained,resident_predictive_authority,2,0.16102137161155777,-0.3138271220486466,-0.12343455370860118,-0.27766711089340346,True,11,,7,71,-0.40473548339664783
24,2403,9403,constrained,raw_release,3,-0.0837765659588095,0.05815652852624831,-0.031714561617589204,0.17128902420975511,True,,,,0,-0.9453553188193182
24,2403,9403,constrained,resident_predictive_authority,3,-0.0837765659588095,0.05815652852624831,-0.031714561617589204,0.17128902420975511,True,,,,0,-0.9453553188193182
24,2403,9403,constrained,raw_release,4,0.040034264443295164,0.12174459266372195,0.04394110610039689,-0.9804559548095892,True,,,,0,-1.0126525046698418
24,2403,9403,constrained,resident_predictive_authority,4,0.040034264443295164,0.12174459266372195,0.04394110610039689,-0.9804559548095892,True,,,,0,-1.0126525046698418
24,2403,9403,constrained,raw_release,5,0.21789206300441405,-0.3932372277009709,-0.05699049730981888,0.24712551906842894,True,,,,0,-0.949088629033698
24,2403,9403,constrained,resident_predictive_authority,5,0.21789206300441405,-0.3932372277009709,-0.05699049730981888,0.24712551906842894,True,,,,0,-0.949088629033698
24,2403,9403,constrained,raw_release,6,0.1650303137739168,-0.2918379492226164,-0.09568885642082806,0.7748641172638968,True,,,,0,-0.9636459267013369
24,2403,9403,constrained,resident_predictive_authority,6,0.1650303137739168,-0.2918379492226164,-0.09568885642082806,0.7748641172638968,True,,,,0,-0.9636459267013369
24,2403,9403,constrained,raw_release,7,-0.028271732529076,-0.019272369115803767,-0.10237237861244469,-0.31961648057736314,True,,,,0,-1.0372584174027575
24,2403,9403,constrained,resident_predictive_authority,7,-0.028271732529076,-0.019272369115803767,-0.10237237861244469,-0.31961648057736314,True,,,,0,-1.0372584174027575
24,2403,9403,constrained,raw_release,8,-0.11543830144010397,0.22403732187844405,0.016489304014767614,-0.5905014221288962,True,,,,0,-0.9701580408599831
24,2403,9403,constrained,resident_predictive_authority,8,-0.11543830144010397,0.22403732187844405,0.016489304014767614,-0.5905014221288962,True,,,,0,-0.9701580408599831
24,2403,9403,constrained,raw_release,9,-0.016567574069167923,0.19741663010363597,-0.12939531898723602,-0.46979901357263887,True,,,,0,-1.056688505244748
24,2403,9403,constrained,resident_predictive_authority,9,-0.016567574069167923,0.19741663010363597,-0.12939531898723602,-0.46979901357263887,True,,,,0,-1.056688505244748
24,2403,9403,constrained,raw_release,10,0.1745907873834769,-0.1048824166141169,0.08909567750064087,0.5859942362164421,True,,,,0,-1.1412426422297473
24,2403,9403,constrained,resident_predictive_authority,10,0.1745907873834769,-0.1048824166141169,0.08909567750064087,0.5859942362164421,True,,,,0,-1.1412426422297473
24,2403,9403,constrained,raw_release,11,-0.03847045771985175,0.43176293434981516,0.007970863726065064,0.44778667702476516,True,,,,0,-1.1103430716515919
24,2403,9403,constrained,resident_predictive_authority,11,-0.03847045771985175,0.43176293434981516,0.007970863726065064,0.44778667702476516,True,,,,0,-1.1103430716515919
24,2403,9403,constrained,raw_release,12,-0.22444605760822894,0.10817681887231889,0.01948681031519703,-0.5150388217823576,True,,,,0,-0.9815028303672074
24,2403,9403,constrained,resident_predictive_authority,12,-0.22444605760822894,0.10817681887231889,0.01948681031519703,-0.5150388217823576,True,,,,0,-0.9815028303672074
24,2403,9403,constrained,raw_release,13,0.17774691954406024,0.22527938931914238,0.08330843071574281,0.22286110083895538,True,,,,0,-1.111740007477956
24,2403,9403,constrained,resident_predictive_authority,13,0.17774691954406024,0.22527938931914238,0.08330843071574281,0.22286110083895538,True,,,,0,-1.111740007477956
24,2403,9403,constrained,raw_release,14,-0.10850998223149316,0.4354622304700557,0.10088329066952492,0.18159718063124686,True,,,,0,-1.1319143630803987
24,2403,9403,constrained,resident_predictive_authority,14,-0.10850998223149316,0.4354622304700557,0.10088329066952492,0.18159718063124686,True,,,,0,-1.1319143630803987
24,2403,9403,constrained,raw_release,15,-0.009247772071316496,-0.34897273229927506,-0.06621511103122212,-0.9006727257516152,True,9,9,,0,-1.3264108567966721
24,2403,9403,constrained,resident_predictive_authority,15,-0.009247772071316496,-0.34897273229927506,-0.06621511103122212,-0.9006727257516152,True,9,,5,108,-0.506240210815534
24,2403,9403,constrained,raw_release,16,0.20905149789891092,0.14519468408374148,-0.005466949347711719,0.10214163432225543,True,,,,0,-0.9798126895309044
24,2403,9403,constrained,resident_predictive_authority,16,0.20905149789891092,0.14519468408374148,-0.005466949347711719,0.10214163432225543,True,,,,0,-0.9798126895309044
24,2403,9403,constrained,raw_release,17,-0.056677354911770894,0.24040346367663534,0.018577432708950098,0.9064956673197597,True,,,,0,-1.2401423019678994
24,2403,9403,constrained,resident_predictive_authority,17,-0.056677354911770894,0.24040346367663534,0.018577432708950098,0.9064956673197597,True,,,,0,-1.2401423019678994
24,2403,9403,constrained,raw_release,18,0.05727457937952235,0.2610902307289855,0.03738319937221546,0.37853515039552543,True,,,,0,-1.0875011036334563
24,2403,9403,constrained,resident_predictive_authority,18,0.05727457937952235,0.2610902307289855,0.03738319937221546,0.37853515039552543,True,,,,0,-1.0875011036334563
24,2403,9403,constrained,raw_release,19,-0.20981402525047205,-0.12381459613790236,0.06792588099877467,-0.33768336739643123,True,,,,0,-0.9545471713705782
24,2403,9403,constrained,resident_predictive_authority,19,-0.20981402525047205,-0.12381459613790236,0.06792588099877467,-0.33768336739643123,True,,,,0,-0.9545471713705782
24,2403,9403,constrained,raw_release,20,0.053591948688482494,0.12977728171103486,0.008325031155409779,0.0033361960191899964,True,,,,0,-0.9540493990372774
24,2403,9403,constrained,resident_predictive_authority,20,0.053591948688482494,0.12977728171103486,0.008325031155409779,0.0033361960191899964,True,,,,0,-0.9540493990372774
24,2403,9403,constrained,raw_release,21,-0.2169336328542284,-0.31546536001737124,-0.05444445267791115,-0.4666973787726263,True,9,9,,0,-1.1486969942278227
24,2403,9403,constrained,resident_predictive_authority,21,-0.2169336328542284,-0.31546536001737124,-0.05444445267791115,-0.4666973787726263,True,9,,5,96,-0.34863616941349007
24,2403,9403,constrained,raw_release,22,-0.14924329803794767,0.3501669178335435,0.11694937582200846,-0.7610449462007536,True,,,,0,-0.9477540055954256
24,2403,9403,constrained,resident_predictive_authority,22,-0.14924329803794767,0.3501669178335435,0.11694937582200846,-0.7610449462007536,True,,,,0,-0.9477540055954256
24,2403,9403,constrained,raw_release,23,-0.13877475020572827,-0.2989891435578236,0.09364178924583857,0.9168605477708485,True,,,,0,-1.153242677253494
24,2403,9403,constrained,resident_predictive_authority,23,-0.13877475020572827,-0.2989891435578236,0.09364178924583857,0.9168605477708485,True,,,,0,-1.153242677253494
24,2404,9404,clean,raw_release,0,0.20494857393335447,0.0898250022470366,-0.04392750025828583,-0.8002293313399529,True,,,,0,-0.13435564857691887
24,2404,9404,clean,resident_predictive_authority,0,0.20494857393335447,0.0898250022470366,-0.04392750025828583,-0.8002293313399529,True,,,,0,-0.13435564857691887
24,2404,9404,clean,raw_release,1,-0.12024991508859267,0.10779492088395848,-0.0971185917828507,0.12650020466706624,True,,,,0,-0.015764742762726304
24,2404,9404,clean,resident_predictive_authority,1,-0.12024991508859267,0.10779492088395848,-0.0971185917828507,0.12650020466706624,True,,,,0,-0.015764742762726304
24,2404,9404,clean,raw_release,2,0.06601761092449254,-0.15747615823022187,0.1494687068052624,-0.6762888112628482,True,,,,0,-0.012801527268060999
24,2404,9404,clean,resident_predictive_authority,2,0.06601761092449254,-0.15747615823022187,0.1494687068052624,-0.6762888112628482,True,,,,0,-0.012801527268060999
24,2404,9404,clean,raw_release,3,-0.029231091027740186,0.20439035126009164,-0.0422007585884899,0.9895538420389025,True,,,,0,-0.2440049556319155
24,2404,9404,clean,resident_predictive_authority,3,-0.029231091027740186,0.20439035126009164,-0.0422007585884899,0.9895538420389025,True,,,,0,-0.2440049556319155
24,2404,9404,clean,raw_release,4,-0.1683585189580648,-0.2580752044175664,0.05330610344474962,-0.903608467130042,True,,,,0,-0.21054729267907202
24,2404,9404,clean,resident_predictive_authority,4,-0.1683585189580648,-0.2580752044175664,0.05330610344474962,-0.903608467130042,True,,,,0,-0.21054729267907202
24,2404,9404,clean,raw_release,5,-0.20282492353313392,-0.33914490608508874,0.13233698152167697,0.026048205406692615,True,,,,0,-0.024675840064580765
24,2404,9404,clean,resident_predictive_authority,5,-0.20282492353313392,-0.33914490608508874,0.13233698152167697,0.026048205406692615,True,,,,0,-0.024675840064580765
24,2404,9404,clean,raw_release,6,-0.17303832981079476,-0.09038332155864781,0.12078746274985566,-0.6279637103727436,True,,,,0,-0.02986551025892935
24,2404,9404,clean,resident_predictive_authority,6,-0.17303832981079476,-0.09038332155864781,0.12078746274985566,-0.6279637103727436,True,,,,0,-0.02986551025892935
24,2404,9404,clean,raw_release,7,0.22313750200830434,0.45245364096631624,-0.01593414387653666,-0.2824467142010376,True,,,,0,-0.042531969091836576
24,2404,9404,clean,resident_predictive_authority,7,0.22313750200830434,0.45245364096631624,-0.01593414387653666,-0.2824467142010376,True,,,,0,-0.042531969091836576
24,2404,9404,clean,raw_release,8,0.016777298290890197,0.40744791538809777,-0.08132816172371167,0.1029235615485875,True,,,,0,-0.014344639548214796
24,2404,9404,clean,resident_predictive_authority,8,0.016777298290890197,0.40744791538809777,-0.08132816172371167,0.1029235615485875,True,,,,0,-0.014344639548214796
24,2404,9404,clean,raw_release,9,0.03170050731571172,-0.3726981953647167,-0.06188085381823166,-0.1712880576137108,True,,,,0,-0.10898107967200658
24,2404,9404,clean,resident_predictive_authority,9,0.03170050731571172,-0.3726981953647167,-0.06188085381823166,-0.1712880576137108,True,,,,0,-0.10898107967200658
24,2404,9404,clean,raw_release,10,-0.040243284611834684,-0.20554110539484394,0.005761165454269024,0.31493431096979396,True,,,,0,-0.050788871531852575
24,2404,9404,clean,resident_predictive_authority,10,-0.040243284611834684,-0.20554110539484394,0.005761165454269024,0.31493431096979396,True,,,,0,-0.050788871531852575
24,2404,9404,clean,raw_release,11,-0.13138186358430637,-0.4705918727314794,0.06505809051368117,-0.9371993459109407,True,,,,0,-0.2789932656909579
24,2404,9404,clean,resident_predictive_authority,11,-0.13138186358430637,-0.4705918727314794,0.06505809051368117,-0.9371993459109407,True,,,,0,-0.2789932656909579
24,2404,9404,clean,raw_release,12,-0.04303809242447193,-0.40043893404067066,0.044614119583246514,-0.6967485506871187,True,,,,0,-0.16401410522089205
24,2404,9404,clean,resident_predictive_authority,12,-0.04303809242447193,-0.40043893404067066,0.044614119583246514,-0.6967485506871187,True,,,,0,-0.16401410522089205
24,2404,9404,clean,raw_release,13,0.11338307627160849,-0.04674917394772382,0.07840140785613628,0.7119934945324524,True,,,,0,-0.2656094166416496
24,2404,9404,clean,resident_predictive_authority,13,0.11338307627160849,-0.04674917394772382,0.07840140785613628,0.7119934945324524,True,,,,0,-0.2656094166416496
24,2404,9404,clean,raw_release,14,-0.16319495041622895,0.23552085678289236,0.0005549925370011144,0.3170034714055081,True,,,,0,-0.04226458340833838
24,2404,9404,clean,resident_predictive_authority,14,-0.16319495041622895,0.23552085678289236,0.0005549925370011144,0.3170034714055081,True,,,,0,-0.04226458340833838
24,2404,9404,clean,raw_release,15,-0.1833212176941194,-0.18479950323097738,0.05643909569660677,0.7499949500732697,True,,,,0,-0.11578593506835426
24,2404,9404,clean,resident_predictive_authority,15,-0.1833212176941194,-0.18479950323097738,0.05643909569660677,0.7499949500732697,True,,,,0,-0.11578593506835426
24,2404,9404,clean,raw_release,16,0.15866216638378722,-0.36673979004392043,-0.021326391033672842,-0.651233623604621,True,,,,0,-0.18979319227858607
24,2404,9404,clean,resident_predictive_authority,16,0.15866216638378722,-0.36673979004392043,-0.021326391033672842,-0.651233623604621,True,,,,0,-0.18979319227858607
24,2404,9404,clean,raw_release,17,0.11203557822311488,-0.3676326565188197,0.032735253018602334,-0.07207214659174799,True,,,,0,-0.013517453418632763
24,2404,9404,clean,resident_predictive_authority,17,0.11203557822311488,-0.3676326565188197,0.032735253018602334,-0.07207214659174799,True,,,,0,-0.013517453418632763
24,2404,9404,clean,raw_release,18,-0.23743326026996753,0.11489504871248479,-0.06341890343945035,-0.46711328693644116,True,,,,0,-0.12066322093599867
24,2404,9404,clean,resident_predictive_authority,18,-0.23743326026996753,0.11489504871248479,-0.06341890343945035,-0.46711328693644116,True,,,,0,-0.12066322093599867
24,2404,9404,clean,raw_release,19,0.12227350939174747,-0.20221401335583056,0.03646929458442663,0.7808473113051881,True,,,,0,-0.17569699823624238
24,2404,9404,clean,resident_predictive_authority,19,0.12227350939174747,-0.20221401335583056,0.03646929458442663,0.7808473113051881,True,,,,0,-0.17569699823624238
24,2404,9404,clean,raw_release,20,-0.10877066905253485,0.03224041355516016,0.06771903309143906,-0.42508551612371615,True,,,,0,-0.010884103646071787
24,2404,9404,clean,resident_predictive_authority,20,-0.10877066905253485,0.03224041355516016,0.06771903309143906,-0.42508551612371615,True,,,,0,-0.010884103646071787
24,2404,9404,clean,raw_release,21,0.1752394995401365,-0.4823532675870893,0.034923315877759764,-0.2831666897558729,True,,,,0,-0.05122688118881591
24,2404,9404,clean,resident_predictive_authority,21,0.1752394995401365,-0.4823532675870893,0.034923315877759764,-0.2831666897558729,True,,,,0,-0.05122688118881591
24,2404,9404,clean,raw_release,22,-0.2187598628276229,-0.06693670476965696,0.06831655423548702,-0.757109440439196,True,,,,0,-0.097013710913134
24,2404,9404,clean,resident_predictive_authority,22,-0.2187598628276229,-0.06693670476965696,0.06831655423548702,-0.757109440439196,True,,,,0,-0.097013710913134
24,2404,9404,clean,raw_release,23,0.018086483544280274,0.18106992912055586,0.05902659596694995,-0.7742643010871215,True,,,,0,-0.033224133818355234
24,2404,9404,clean,resident_predictive_authority,23,0.018086483544280274,0.18106992912055586,0.05902659596694995,-0.7742643010871215,True,,,,0,-0.033224133818355234
24,2404,9404,unconstrained,raw_release,0,0.20494857393335447,0.0898250022470366,-0.04392750025828583,-0.8002293313399529,True,,,,0,-0.8407306895931747
24,2404,9404,unconstrained,resident_predictive_authority,0,0.20494857393335447,0.0898250022470366,-0.04392750025828583,-0.8002293313399529,True,,,,0,-0.8407306895931747
24,2404,9404,unconstrained,raw_release,1,-0.12024991508859267,0.10779492088395848,-0.0971185917828507,0.12650020466706624,True,,,,0,-0.7021462428628996
24,2404,9404,unconstrained,resident_predictive_authority,1,-0.12024991508859267,0.10779492088395848,-0.0971185917828507,0.12650020466706624,True,,,,0,-0.7021462428628996
24,2404,9404,unconstrained,raw_release,2,0.06601761092449254,-0.15747615823022187,0.1494687068052624,-0.6762888112628482,True,,,,0,-0.7367293094626379
24,2404,9404,unconstrained,resident_predictive_authority,2,0.06601761092449254,-0.15747615823022187,0.1494687068052624,-0.6762888112628482,True,,,,0,-0.7367293094626379
24,2404,9404,unconstrained,raw_release,3,-0.029231091027740186,0.20439035126009164,-0.0422007585884899,0.9895538420389025,True,,,,0,-0.8610368443003116
24,2404,9404,unconstrained,resident_predictive_authority,3,-0.029231091027740186,0.20439035126009164,-0.0422007585884899,0.9895538420389025,True,,,,0,-0.8610368443003116
24,2404,9404,unconstrained,raw_release,4,-0.1683585189580648,-0.2580752044175664,0.05330610344474962,-0.903608467130042,True,8,8,,0,-0.9366137065217567
24,2404,9404,unconstrained,resident_predictive_authority,4,-0.1683585189580648,-0.2580752044175664,0.05330610344474962,-0.903608467130042,True,8,,4,98,-0.2838132990822427
24,2404,9404,unconstrained,raw_release,5,-0.20282492353313392,-0.33914490608508874,0.13233698152167697,0.026048205406692615,True,,,,0,-0.734122548176155
24,2404,9404,unconstrained,resident_predictive_authority,5,-0.20282492353313392,-0.33914490608508874,0.13233698152167697,0.026048205406692615,True,,,,0,-0.734122548176155
24,2404,9404,unconstrained,raw_release,6,-0.17303832981079476,-0.09038332155864781,0.12078746274985566,-0.6279637103727436,True,,,,0,-0.7487768793878113
24,2404,9404,unconstrained,resident_predictive_authority,6,-0.17303832981079476,-0.09038332155864781,0.12078746274985566,-0.6279637103727436,True,,,,0,-0.7487768793878113
24,2404,9404,unconstrained,raw_release,7,0.22313750200830434,0.45245364096631624,-0.01593414387653666,-0.2824467142010376,True,,,,0,-0.7190660943144122
24,2404,9404,unconstrained,resident_predictive_authority,7,0.22313750200830434,0.45245364096631624,-0.01593414387653666,-0.2824467142010376,True,,,,0,-0.7190660943144122
24,2404,9404,unconstrained,raw_release,8,0.016777298290890197,0.40744791538809777,-0.08132816172371167,0.1029235615485875,True,,,,0,-0.6930109810313778
24,2404,9404,unconstrained,resident_predictive_authority,8,0.016777298290890197,0.40744791538809777,-0.08132816172371167,0.1029235615485875,True,,,,0,-0.6930109810313778
24,2404,9404,unconstrained,raw_release,9,0.03170050731571172,-0.3726981953647167,-0.06188085381823166,-0.1712880576137108,True,,,,0,-0.8244376025228436
24,2404,9404,unconstrained,resident_predictive_authority,9,0.03170050731571172,-0.3726981953647167,-0.06188085381823166,-0.1712880576137108,True,,,,0,-0.8244376025228436
24,2404,9404,unconstrained,raw_release,10,-0.040243284611834684,-0.20554110539484394,0.005761165454269024,0.31493431096979396,True,,,,0,-0.7028692479049082
24,2404,9404,unconstrained,resident_predictive_authority,10,-0.040243284611834684,-0.20554110539484394,0.005761165454269024,0.31493431096979396,True,,,,0,-0.7028692479049082
24,2404,9404,unconstrained,raw_release,11,-0.13138186358430637,-0.4705918727314794,0.06505809051368117,-0.9371993459109407,True,7,7,,0,-1.017386713488598
24,2404,9404,unconstrained,resident_predictive_authority,11,-0.13138186358430637,-0.4705918727314794,0.06505809051368117,-0.9371993459109407,True,7,,3,105,-0.3322527095682674
24,2404,9404,unconstrained,raw_release,12,-0.04303809242447193,-0.40043893404067066,0.044614119583246514,-0.6967485506871187,True,8,8,,0,-0.8925929634263714
24,2404,9404,unconstrained,resident_predictive_authority,12,-0.04303809242447193,-0.40043893404067066,0.044614119583246514,-0.6967485506871187,True,8,,4,92,-0.24708098221827413
24,2404,9404,unconstrained,raw_release,13,0.11338307627160849,-0.04674917394772382,0.07840140785613628,0.7119934945324524,True,,,,0,-0.9066606230700622
24,2404,9404,unconstrained,resident_predictive_authority,13,0.11338307627160849,-0.04674917394772382,0.07840140785613628,0.7119934945324524,True,,,,0,-0.9066606230700622
24,2404,9404,unconstrained,raw_release,14,-0.16319495041622895,0.23552085678289236,0.0005549925370011144,0.3170034714055081,True,,,,0,-0.7218508563072791
24,2404,9404,unconstrained,resident_predictive_authority,14,-0.16319495041622895,0.23552085678289236,0.0005549925370011144,0.3170034714055081,True,,,,0,-0.7218508563072791
24,2404,9404,unconstrained,raw_release,15,-0.1833212176941194,-0.18479950323097738,0.05643909569660677,0.7499949500732697,True,,,,0,-0.7994953011157159
24,2404,9404,unconstrained,resident_predictive_authority,15,-0.1833212176941194,-0.18479950323097738,0.05643909569660677,0.7499949500732697,True,,,,0,-0.7994953011157159
24,2404,9404,unconstrained,raw_release,16,0.15866216638378722,-0.36673979004392043,-0.021326391033672842,-0.651233623604621,True,10,10,,0,-0.9127824909335585
24,2404,9404,unconstrained,resident_predictive_authority,16,0.15866216638378722,-0.36673979004392043,-0.021326391033672842,-0.651233623604621,True,10,,6,83,-0.3184250909268765
24,2404,9404,unconstrained,raw_release,17,0.11203557822311488,-0.3676326565188197,0.032735253018602334,-0.07207214659174799,True,,,,0,-0.7256496715382046
24,2404,9404,unconstrained,resident_predictive_authority,17,0.11203557822311488,-0.3676326565188197,0.032735253018602334,-0.07207214659174799,True,,,,0,-0.7256496715382046
24,2404,9404,unconstrained,raw_release,18,-0.23743326026996753,0.11489504871248479,-0.06341890343945035,-0.46711328693644116,True,,,,0,-0.8183040367949123
24,2404,9404,unconstrained,resident_predictive_authority,18,-0.23743326026996753,0.11489504871248479,-0.06341890343945035,-0.46711328693644116,True,,,,0,-0.8183040367949123
24,2404,9404,unconstrained,raw_release,19,0.12227350939174747,-0.20221401335583056,0.03646929458442663,0.7808473113051881,True,,,,0,-0.8241576209460688
24,2404,9404,unconstrained,resident_predictive_authority,19,0.12227350939174747,-0.20221401335583056,0.03646929458442663,0.7808473113051881,True,,,,0,-0.8241576209460688
24,2404,9404,unconstrained,raw_release,20,-0.10877066905253485,0.03224041355516016,0.06771903309143906,-0.42508551612371615,True,,,,0,-0.7179910257037655
24,2404,9404,unconstrained,resident_predictive_authority,20,-0.10877066905253485,0.03224041355516016,0.06771903309143906,-0.42508551612371615,True,,,,0,-0.7179910257037655
24,2404,9404,unconstrained,raw_release,21,0.1752394995401365,-0.4823532675870893,0.034923315877759764,-0.2831666897558729,True,,,,0,-0.7754029058740314
24,2404,9404,unconstrained,resident_predictive_authority,21,0.1752394995401365,-0.4823532675870893,0.034923315877759764,-0.2831666897558729,True,,,,0,-0.7754029058740314
24,2404,9404,unconstrained,raw_release,22,-0.2187598628276229,-0.06693670476965696,0.06831655423548702,-0.757109440439196,True,,,,0,-0.8168580654369257
24,2404,9404,unconstrained,resident_predictive_authority,22,-0.2187598628276229,-0.06693670476965696,0.06831655423548702,-0.757109440439196,True,,,,0,-0.8168580654369257
24,2404,9404,unconstrained,raw_release,23,0.018086483544280274,0.18106992912055586,0.05902659596694995,-0.7742643010871215,True,,,,0,-0.7453435579753104
24,2404,9404,unconstrained,resident_predictive_authority,23,0.018086483544280274,0.18106992912055586,0.05902659596694995,-0.7742643010871215,True,,,,0,-0.7453435579753104
24,2404,9404,constrained,raw_release,0,0.20494857393335447,0.0898250022470366,-0.04392750025828583,-0.8002293313399529,True,,,,0,-0.5631522947775291
24,2404,9404,constrained,resident_predictive_authority,0,0.20494857393335447,0.0898250022470366,-0.04392750025828583,-0.8002293313399529,True,,,,0,-0.5631522947775291
24,2404,9404,constrained,raw_release,1,-0.12024991508859267,0.10779492088395848,-0.0971185917828507,0.12650020466706624,True,,,,0,-0.44631163227191484
24,2404,9404,constrained,resident_predictive_authority,1,-0.12024991508859267,0.10779492088395848,-0.0971185917828507,0.12650020466706624,True,,,,0,-0.44631163227191484
24,2404,9404,constrained,raw_release,2,0.06601761092449254,-0.15747615823022187,0.1494687068052624,-0.6762888112628482,True,,,,0,-0.4500513565125531
24,2404,9404,constrained,resident_predictive_authority,2,0.06601761092449254,-0.15747615823022187,0.1494687068052624,-0.6762888112628482,True,,,,0,-0.4500513565125531
24,2404,9404,constrained,raw_release,3,-0.029231091027740186,0.20439035126009164,-0.0422007585884899,0.9895538420389025,True,,,,0,-0.6297701015128915
24,2404,9404,constrained,resident_predictive_authority,3,-0.029231091027740186,0.20439035126009164,-0.0422007585884899,0.9895538420389025,True,,,,0,-0.6297701015128915
24,2404,9404,constrained,raw_release,4,-0.1683585189580648,-0.2580752044175664,0.05330610344474962,-0.903608467130042,True,10,10,,0,-0.6401030326160824
24,2404,9404,constrained,resident_predictive_authority,4,-0.1683585189580648,-0.2580752044175664,0.05330610344474962,-0.903608467130042,True,10,,6,93,-0.29060540539889007
24,2404,9404,constrained,raw_release,5,-0.20282492353313392,-0.33914490608508874,0.13233698152167697,0.026048205406692615,True,,,,0,-0.4586448126419915
24,2404,9404,constrained,resident_predictive_authority,5,-0.20282492353313392,-0.33914490608508874,0.13233698152167697,0.026048205406692615,True,,,,0,-0.4586448126419915
24,2404,9404,constrained,raw_release,6,-0.17303832981079476,-0.09038332155864781,0.12078746274985566,-0.6279637103727436,True,,,,0,-0.46500015246986154
24,2404,9404,constrained,resident_predictive_authority,6,-0.17303832981079476,-0.09038332155864781,0.12078746274985566,-0.6279637103727436,True,,,,0,-0.46500015246986154
24,2404,9404,constrained,raw_release,7,0.22313750200830434,0.45245364096631624,-0.01593414387653666,-0.2824467142010376,True,,,,0,-0.46674660115701566
24,2404,9404,constrained,resident_predictive_authority,7,0.22313750200830434,0.45245364096631624,-0.01593414387653666,-0.2824467142010376,True,,,,0,-0.46674660115701566
24,2404,9404,constrained,raw_release,8,0.016777298290890197,0.40744791538809777,-0.08132816172371167,0.1029235615485875,True,,,,0,-0.44780369101734024
24,2404,9404,constrained,resident_predictive_authority,8,0.016777298290890197,0.40744791538809777,-0.08132816172371167,0.1029235615485875,True,,,,0,-0.44780369101734024
24,2404,9404,constrained,raw_release,9,0.03170050731571172,-0.3726981953647167,-0.06188085381823166,-0.1712880576137108,True,,,,0,-0.5419300083510106
24,2404,9404,constrained,resident_predictive_authority,9,0.03170050731571172,-0.3726981953647167,-0.06188085381823166,-0.1712880576137108,True,,,,0,-0.5419300083510106
24,2404,9404,constrained,raw_release,10,-0.040243284611834684,-0.20554110539484394,0.005761165454269024,0.31493431096979396,True,,,,0,-0.44115511595797247
24,2404,9404,constrained,resident_predictive_authority,10,-0.040243284611834684,-0.20554110539484394,0.005761165454269024,0.31493431096979396,True,,,,0,-0.44115511595797247
24,2404,9404,constrained,raw_release,11,-0.13138186358430637,-0.4705918727314794,0.06505809051368117,-0.9371993459109407,True,8,8,,0,-0.7103432650905127
24,2404,9404,constrained,resident_predictive_authority,11,-0.13138186358430637,-0.4705918727314794,0.06505809051368117,-0.9371993459109407,True,8,,4,104,-0.33047654174206675
24,2404,9404,constrained,raw_release,12,-0.04303809242447193,-0.40043893404067066,0.044614119583246514,-0.6967485506871187,True,11,11,,0,-0.5971256267341547
24,2404,9404,constrained,resident_predictive_authority,12,-0.04303809242447193,-0.40043893404067066,0.044614119583246514,-0.6967485506871187,True,11,,7,83,-0.26881406744292524
24,2404,9404,constrained,raw_release,13,0.11338307627160849,-0.04674917394772382,0.07840140785613628,0.7119934945324524,True,,,,0,-0.6607188205443427
24,2404,9404,constrained,resident_predictive_authority,13,0.11338307627160849,-0.04674917394772382,0.07840140785613628,0.7119934945324524,True,,,,0,-0.6607188205443427
24,2404,9404,constrained,raw_release,14,-0.16319495041622895,0.23552085678289236,0.0005549925370011144,0.3170034714055081,True,,,,0,-0.47552196375144906
24,2404,9404,constrained,resident_predictive_authority,14,-0.16319495041622895,0.23552085678289236,0.0005549925370011144,0.3170034714055081,True,,,,0,-0.47552196375144906
24,2404,9404,constrained,raw_release,15,-0.1833212176941194,-0.18479950323097738,0.05643909569660677,0.7499949500732697,True,,,,0,-0.5489039834239168
24,2404,9404,constrained,resident_predictive_authority,15,-0.1833212176941194,-0.18479950323097738,0.05643909569660677,0.7499949500732697,True,,,,0,-0.5489039834239168
24,2404,9404,constrained,raw_release,16,0.15866216638378722,-0.36673979004392043,-0.021326391033672842,-0.651233623604621,True,,,,0,-0.6196604848253819
24,2404,9404,constrained,resident_predictive_authority,16,0.15866216638378722,-0.36673979004392043,-0.021326391033672842,-0.651233623604621,True,,,,0,-0.6196604848253819
24,2404,9404,constrained,raw_release,17,0.11203557822311488,-0.3676326565188197,0.032735253018602334,-0.07207214659174799,True,,,,0,-0.4478174312379902
24,2404,9404,constrained,resident_predictive_authority,17,0.11203557822311488,-0.3676326565188197,0.032735253018602334,-0.07207214659174799,True,,,,0,-0.4478174312379902
24,2404,9404,constrained,raw_release,18,-0.23743326026996753,0.11489504871248479,-0.06341890343945035,-0.46711328693644116,True,,,,0,-0.5488820696115758
24,2404,9404,constrained,resident_predictive_authority,18,-0.23743326026996753,0.11489504871248479,-0.06341890343945035,-0.46711328693644116,True,,,,0,-0.5488820696115758
24,2404,9404,constrained,raw_release,19,0.12227350939174747,-0.20221401335583056,0.03646929458442663,0.7808473113051881,True,,,,0,-0.5746957632835307
24,2404,9404,constrained,resident_predictive_authority,19,0.12227350939174747,-0.20221401335583056,0.03646929458442663,0.7808473113051881,True,,,,0,-0.5746957632835307
24,2404,9404,constrained,raw_release,20,-0.10877066905253485,0.03224041355516016,0.06771903309143906,-0.42508551612371615,True,,,,0,-0.44532021466564514
24,2404,9404,constrained,resident_predictive_authority,20,-0.10877066905253485,0.03224041355516016,0.06771903309143906,-0.42508551612371615,True,,,,0,-0.44532021466564514
24,2404,9404,constrained,raw_release,21,0.1752394995401365,-0.4823532675870893,0.034923315877759764,-0.2831666897558729,True,,,,0,-0.4867762577401001
24,2404,9404,constrained,resident_predictive_authority,21,0.1752394995401365,-0.4823532675870893,0.034923315877759764,-0.2831666897558729,True,,,,0,-0.4867762577401001
24,2404,9404,constrained,raw_release,22,-0.2187598628276229,-0.06693670476965696,0.06831655423548702,-0.757109440439196,True,,,,0,-0.5317406244604604
24,2404,9404,constrained,resident_predictive_authority,22,-0.2187598628276229,-0.06693670476965696,0.06831655423548702,-0.757109440439196,True,,,,0,-0.5317406244604604
24,2404,9404,constrained,raw_release,23,0.018086483544280274,0.18106992912055586,0.05902659596694995,-0.7742643010871215,True,,,,0,-0.46938663151484217
24,2404,9404,constrained,resident_predictive_authority,23,0.018086483544280274,0.18106992912055586,0.05902659596694995,-0.7742643010871215,True,,,,0,-0.46938663151484217
48,2400,9400,clean,raw_release,0,-0.20457030257357556,0.3122183714121225,0.13797305764757425,-0.20149906101577741,True,,,,0,-0.52707480854784
48,2400,9400,clean,resident_predictive_authority,0,-0.20457030257357556,0.3122183714121225,0.13797305764757425,-0.20149906101577741,True,,,,0,-0.52707480854784
48,2400,9400,clean,raw_release,1,-0.18507064985575206,0.4655501241356006,-0.032931744614526554,0.3915259142609302,True,,,,0,-0.5705650696235746
48,2400,9400,clean,resident_predictive_authority,1,-0.18507064985575206,0.4655501241356006,-0.032931744614526554,0.3915259142609302,True,,,,0,-0.5705650696235746
48,2400,9400,clean,raw_release,2,0.018770695754169453,-0.15123468955348707,-0.03184137000020151,-0.7236099756456811,True,,,,0,-0.5969525316707114
48,2400,9400,clean,resident_predictive_authority,2,0.018770695754169453,-0.15123468955348707,-0.03184137000020151,-0.7236099756456811,True,,,,0,-0.5969525316707114
48,2400,9400,clean,raw_release,3,0.2426498335695204,-0.23893712247139653,-0.13613023150202916,-0.7456082364618895,True,12,12,,0,-0.784475654755615
48,2400,9400,clean,resident_predictive_authority,3,0.2426498335695204,-0.23893712247139653,-0.13613023150202916,-0.7456082364618895,True,12,,8,96,-0.5031893956724349
48,2400,9400,clean,raw_release,4,0.18760208180564814,0.4975976321097113,-0.08604830033435232,-0.6295011259086787,True,,,,0,-0.5209573630011032
48,2400,9400,clean,resident_predictive_authority,4,0.18760208180564814,0.4975976321097113,-0.08604830033435232,-0.6295011259086787,True,,,,0,-0.5209573630011032
48,2400,9400,clean,raw_release,5,0.05913988638347273,-0.2061283095732509,0.07435560999773366,-0.6141801979984394,True,,,,0,-0.46290521771894255
48,2400,9400,clean,resident_predictive_authority,5,0.05913988638347273,-0.2061283095732509,0.07435560999773366,-0.6141801979984394,True,,,,0,-0.46290521771894255
48,2400,9400,clean,raw_release,6,0.09167581285677828,-0.024432328628856248,-0.10962517928220314,0.7727628784654466,True,,,,0,-0.5158565808826305
48,2400,9400,clean,resident_predictive_authority,6,0.09167581285677828,-0.024432328628856248,-0.10962517928220314,0.7727628784654466,True,,,,0,-0.5158565808826305
48,2400,9400,clean,raw_release,7,-0.060267440135725214,0.4437352475873122,-0.004560556153496126,-0.8831635110016007,True,,,,0,-0.5110658119320571
48,2400,9400,clean,resident_predictive_authority,7,-0.060267440135725214,0.4437352475873122,-0.004560556153496126,-0.8831635110016007,True,,,,0,-0.5110658119320571
48,2400,9400,clean,raw_release,8,0.04892326149585713,-0.3355501951099312,-0.005929765938875009,0.9492822050596421,True,,,,0,-0.569223529326305
48,2400,9400,clean,resident_predictive_authority,8,0.04892326149585713,-0.3355501951099312,-0.005929765938875009,0.9492822050596421,True,,,,0,-0.569223529326305
48,2400,9400,clean,raw_release,9,0.018554508767426148,0.02797754868957647,0.14019541919966957,0.0646685903842743,True,,,,0,-0.5547962497798486
48,2400,9400,clean,resident_predictive_authority,9,0.018554508767426148,0.02797754868957647,0.14019541919966957,0.0646685903842743,True,,,,0,-0.5547962497798486
48,2400,9400,clean,raw_release,10,0.01975142987483197,-0.3482235903552159,-0.08497795447855237,-0.8976920586021095,True,10,10,,0,-0.8630398599076815
48,2400,9400,clean,resident_predictive_authority,10,0.01975142987483197,-0.3482235903552159,-0.08497795447855237,-0.8976920586021095,True,10,,6,108,-0.5367740200209156
48,2400,9400,clean,raw_release,11,-0.12177287020237798,0.005498905286868361,0.0017202836674446997,0.7346022516024586,True,,,,0,-0.5813358286178596
48,2400,9400,clean,resident_predictive_authority,11,-0.12177287020237798,0.005498905286868361,0.0017202836674446997,0.7346022516024586,True,,,,0,-0.5813358286178596
48,2400,9400,clean,raw_release,12,0.09918425289850513,0.4032191618088443,-0.016630220120760986,0.1472789484169592,True,,,,0,-0.5462598063077647
48,2400,9400,clean,resident_predictive_authority,12,0.09918425289850513,0.4032191618088443,-0.016630220120760986,0.1472789484169592,True,,,,0,-0.5462598063077647
48,2400,9400,clean,raw_release,13,0.10186162864662518,-0.03456632063333476,-0.11451852163023567,-0.8296249814982823,True,,,,0,-0.7292341925214487
48,2400,9400,clean,resident_predictive_authority,13,0.10186162864662518,-0.03456632063333476,-0.11451852163023567,-0.8296249814982823,True,,,,0,-0.7292341925214487
48,2400,9400,clean,raw_release,14,-0.04536418302359235,0.20540910049495442,-0.08002305228784491,-0.7522210312851085,True,,,,0,-0.594341286309804
48,2400,9400,clean,resident_predictive_authority,14,-0.04536418302359235,0.20540910049495442,-0.08002305228784491,-0.7522210312851085,True,,,,0,-0.594341286309804
48,2400,9400,clean,raw_release,15,-0.15694455346394243,-0.19693391747700495,0.01554218033750332,-0.8056848670012,True,,,,0,-0.6074113666746608
48,2400,9400,clean,resident_predictive_authority,15,-0.15694455346394243,-0.19693391747700495,0.01554218033750332,-0.8056848670012,True,,,,0,-0.6074113666746608
48,2400,9400,clean,raw_release,16,0.002240213538389768,-0.26607459213354767,-0.10115779221502144,-0.8544935893735204,True,11,11,,0,-0.8433409945443783
48,2400,9400,clean,resident_predictive_authority,16,0.002240213538389768,-0.26607459213354767,-0.10115779221502144,-0.8544935893735204,True,11,,7,104,-0.5319347058973691
48,2400,9400,clean,raw_release,17,-0.08517635508033822,-0.04703670327352316,-0.028264999918161143,-0.27800220037201484,True,,,,0,-0.483749168069649
48,2400,9400,clean,resident_predictive_authority,17,-0.08517635508033822,-0.04703670327352316,-0.028264999918161143,-0.27800220037201484,True,,,,0,-0.483749168069649
48,2400,9400,clean,raw_release,18,-0.2485326459798909,0.2387886271848313,-0.05482105870258819,0.49947193213100194,True,,,,0,-0.5187039381244295
48,2400,9400,clean,resident_predictive_authority,18,-0.2485326459798909,0.2387886271848313,-0.05482105870258819,0.49947193213100194,True,,,,0,-0.5187039381244295
48,2400,9400,clean,raw_release,19,-0.20859379796102456,-0.17139479282030856,-0.015383305294635635,0.6159247980257037,True,,,,0,-0.49322331940663905
48,2400,9400,clean,resident_predictive_authority,19,-0.20859379796102456,-0.17139479282030856,-0.015383305294635635,0.6159247980257037,True,,,,0,-0.49322331940663905
48,2400,9400,clean,raw_release,20,-0.004083305160981265,0.4812065829680897,0.06314954198663186,-0.6909732317951289,True,,,,0,-0.46882830082683646
48,2400,9400,clean,resident_predictive_authority,20,-0.004083305160981265,0.4812065829680897,0.06314954198663186,-0.6909732317951289,True,,,,0,-0.46882830082683646
48,2400,9400,clean,raw_release,21,0.10547213500696079,-0.17715788696503154,0.007848571668126858,0.4951985881637646,True,,,,0,-0.5044893720041462
48,2400,9400,clean,resident_predictive_authority,21,0.10547213500696079,-0.17715788696503154,0.007848571668126858,0.4951985881637646,True,,,,0,-0.5044893720041462
48,2400,9400,clean,raw_release,22,-0.045737319864144865,-0.2813796654251627,0.14312426940169617,0.28787492606218845,True,,,,0,-0.5335107260827883
48,2400,9400,clean,resident_predictive_authority,22,-0.045737319864144865,-0.2813796654251627,0.14312426940169617,0.28787492606218845,True,,,,0,-0.5335107260827883
48,2400,9400,clean,raw_release,23,0.11470748407873571,-0.34747283113118177,0.04609096158832826,-0.7336032949778799,True,,,,0,-0.5319278458077399
48,2400,9400,clean,resident_predictive_authority,23,0.11470748407873571,-0.34747283113118177,0.04609096158832826,-0.7336032949778799,True,,,,0,-0.5319278458077399
48,2400,9400,unconstrained,raw_release,0,-0.20457030257357556,0.3122183714121225,0.13797305764757425,-0.20149906101577741,True,105,105,,0,-1.1782667988265358
48,2400,9400,unconstrained,resident_predictive_authority,0,-0.20457030257357556,0.3122183714121225,0.13797305764757425,-0.20149906101577741,True,105,102,101,19,-1.2463446610277904
48,2400,9400,unconstrained,raw_release,1,-0.18507064985575206,0.4655501241356006,-0.032931744614526554,0.3915259142609302,True,93,93,,0,-1.3309520413623475
48,2400,9400,unconstrained,resident_predictive_authority,1,-0.18507064985575206,0.4655501241356006,-0.032931744614526554,0.3915259142609302,True,93,91,89,31,-1.3770147006355018
48,2400,9400,unconstrained,raw_release,2,0.018770695754169453,-0.15123468955348707,-0.03184137000020151,-0.7236099756456811,True,,,,0,-1.086813805365009
48,2400,9400,unconstrained,resident_predictive_authority,2,0.018770695754169453,-0.15123468955348707,-0.03184137000020151,-0.7236099756456811,True,,,,0,-1.086813805365009
48,2400,9400,unconstrained,raw_release,3,0.2426498335695204,-0.23893712247139653,-0.13613023150202916,-0.7456082364618895,True,5,5,,0,-1.2363417167369524
48,2400,9400,unconstrained,resident_predictive_authority,3,0.2426498335695204,-0.23893712247139653,-0.13613023150202916,-0.7456082364618895,True,5,,1,112,-0.421818130518362
48,2400,9400,unconstrained,raw_release,4,0.18760208180564814,0.4975976321097113,-0.08604830033435232,-0.6295011259086787,True,119,119,,0,-1.1350376131286553
48,2400,9400,unconstrained,resident_predictive_authority,4,0.18760208180564814,0.4975976321097113,-0.08604830033435232,-0.6295011259086787,True,119,116,115,5,-1.1572749936726763
48,2400,9400,unconstrained,raw_release,5,0.05913988638347273,-0.2061283095732509,0.07435560999773366,-0.6141801979984394,True,,,,0,-0.970533146965973
48,2400,9400,unconstrained,resident_predictive_authority,5,0.05913988638347273,-0.2061283095732509,0.07435560999773366,-0.6141801979984394,True,,119,118,2,-0.9851078666499812
48,2400,9400,unconstrained,raw_release,6,0.09167581285677828,-0.024432328628856248,-0.10962517928220314,0.7727628784654466,True,104,104,,0,-1.2342671491552926
48,2400,9400,unconstrained,resident_predictive_authority,6,0.09167581285677828,-0.024432328628856248,-0.10962517928220314,0.7727628784654466,True,104,101,100,20,-1.3025341729823123
48,2400,9400,unconstrained,raw_release,7,-0.060267440135725214,0.4437352475873122,-0.004560556153496126,-0.8831635110016007,True,118,118,,0,-1.0869685853022495
48,2400,9400,unconstrained,resident_predictive_authority,7,-0.060267440135725214,0.4437352475873122,-0.004560556153496126,-0.8831635110016007,True,118,115,114,6,-1.1135925026391746
48,2400,9400,unconstrained,raw_release,8,0.04892326149585713,-0.3355501951099312,-0.005929765938875009,0.9492822050596421,True,103,103,,0,-1.2476553074269456
48,2400,9400,unconstrained,resident_predictive_authority,8,0.04892326149585713,-0.3355501951099312,-0.005929765938875009,0.9492822050596421,True,103,100,99,21,-1.3163530569737871
48,2400,9400,unconstrained,raw_release,9,0.018554508767426148,0.02797754868957647,0.14019541919966957,0.0646685903842743,True,107,107,,0,-1.1939829377812687
48,2400,9400,unconstrained,resident_predictive_authority,9,0.018554508767426148,0.02797754868957647,0.14019541919966957,0.0646685903842743,True,107,104,103,17,-1.2581000653706826
48,2400,9400,unconstrained,raw_release,10,0.01975142987483197,-0.3482235903552159,-0.08497795447855237,-0.8976920586021095,False,4,,,0,0.0
48,2400,9400,unconstrained,resident_predictive_authority,10,0.01975142987483197,-0.3482235903552159,-0.08497795447855237,-0.8976920586021095,False,4,,,0,0.0
48,2400,9400,unconstrained,raw_release,11,-0.12177287020237798,0.005498905286868361,0.0017202836674446997,0.7346022516024586,True,97,97,,0,-1.2959830952087217
48,2400,9400,unconstrained,resident_predictive_authority,11,-0.12177287020237798,0.005498905286868361,0.0017202836674446997,0.7346022516024586,True,97,95,93,27,-1.3576268638775106
48,2400,9400,unconstrained,raw_release,12,0.09918425289850513,0.4032191618088443,-0.016630220120760986,0.1472789484169592,True,101,101,,0,-1.2652527387210426
48,2400,9400,unconstrained,resident_predictive_authority,12,0.09918425289850513,0.4032191618088443,-0.016630220120760986,0.1472789484169592,True,101,98,97,23,-1.3331654203852956
48,2400,9400,unconstrained,raw_release,13,0.10186162864662518,-0.03456632063333476,-0.11451852163023567,-0.8296249814982823,True,11,11,,0,-1.2067368886304772
48,2400,9400,unconstrained,resident_predictive_authority,13,0.10186162864662518,-0.03456632063333476,-0.11451852163023567,-0.8296249814982823,True,11,,7,90,-0.5234602497312294
48,2400,9400,unconstrained,raw_release,14,-0.04536418302359235,0.20540910049495442,-0.08002305228784491,-0.7522210312851085,True,,,,0,-1.130894290810746
48,2400,9400,unconstrained,resident_predictive_authority,14,-0.04536418302359235,0.20540910049495442,-0.08002305228784491,-0.7522210312851085,True,,119,118,2,-1.1455631468907417
48,2400,9400,unconstrained,raw_release,15,-0.15694455346394243,-0.19693391747700495,0.01554218033750332,-0.8056848670012,True,,,,0,-1.0891437606471925
48,2400,9400,unconstrained,resident_predictive_authority,15,-0.15694455346394243,-0.19693391747700495,0.01554218033750332,-0.8056848670012,True,,,118,2,-1.1039590581760814
48,2400,9400,unconstrained,raw_release,16,0.002240213538389768,-0.26607459213354767,-0.10115779221502144,-0.8544935893735204,False,4,,,0,0.0
48,2400,9400,unconstrained,resident_predictive_authority,16,0.002240213538389768,-0.26607459213354767,-0.10115779221502144,-0.8544935893735204,False,4,,,0,0.0
48,2400,9400,unconstrained,raw_release,17,-0.08517635508033822,-0.04703670327352316,-0.028264999918161143,-0.27800220037201484,True,118,118,,0,-1.056362011769637
48,2400,9400,unconstrained,resident_predictive_authority,17,-0.08517635508033822,-0.04703670327352316,-0.028264999918161143,-0.27800220037201484,True,118,115,114,6,-1.0830857514584116
48,2400,9400,unconstrained,raw_release,18,-0.2485326459798909,0.2387886271848313,-0.05482105870258819,0.49947193213100194,True,100,100,,0,-1.2421420652231214
48,2400,9400,unconstrained,resident_predictive_authority,18,-0.2485326459798909,0.2387886271848313,-0.05482105870258819,0.49947193213100194,True,100,97,96,24,-1.310550426640502
48,2400,9400,unconstrained,raw_release,19,-0.20859379796102456,-0.17139479282030856,-0.015383305294635635,0.6159247980257037,True,107,107,,0,-1.150029208420382
48,2400,9400,unconstrained,resident_predictive_authority,19,-0.20859379796102456,-0.17139479282030856,-0.015383305294635635,0.6159247980257037,True,107,104,103,17,-1.2156853350709116
48,2400,9400,unconstrained,raw_release,20,-0.004083305160981265,0.4812065829680897,0.06314954198663186,-0.6909732317951289,True,114,114,,0,-1.0836305434563025
48,2400,9400,unconstrained,resident_predictive_authority,20,-0.004083305160981265,0.4812065829680897,0.06314954198663186,-0.6909732317951289,True,114,111,110,10,-1.126763577215524
48,2400,9400,unconstrained,raw_release,21,0.10547213500696079,-0.17715788696503154,0.007848571668126858,0.4951985881637646,True,109,109,,0,-1.1521281143986282
48,2400,9400,unconstrained,resident_predictive_authority,21,0.10547213500696079,-0.17715788696503154,0.007848571668126858,0.4951985881637646,True,109,106,105,15,-1.2118192235115355
48,2400,9400,unconstrained,raw_release,22,-0.045737319864144865,-0.2813796654251627,0.14312426940169617,0.28787492606218845,True,110,110,,0,-1.1425016160670813
48,2400,9400,unconstrained,resident_predictive_authority,22,-0.045737319864144865,-0.2813796654251627,0.14312426940169617,0.28787492606218845,True,110,107,106,14,-1.199788782730362
48,2400,9400,unconstrained,raw_release,23,0.11470748407873571,-0.34747283113118177,0.04609096158832826,-0.7336032949778799,True,,,,0,-1.0037927306468133
48,2400,9400,unconstrained,resident_predictive_authority,23,0.11470748407873571,-0.34747283113118177,0.04609096158832826,-0.7336032949778799,True,,,,0,-1.0037927306468133
48,2400,9400,constrained,raw_release,0,-0.20457030257357556,0.3122183714121225,0.13797305764757425,-0.20149906101577741,True,103,103,,0,-1.173384596662777
48,2400,9400,constrained,resident_predictive_authority,0,-0.20457030257357556,0.3122183714121225,0.13797305764757425,-0.20149906101577741,True,103,100,99,21,-1.2440322833117006
48,2400,9400,constrained,raw_release,1,-0.18507064985575206,0.4655501241356006,-0.032931744614526554,0.3915259142609302,True,91,91,,0,-1.343634797655338
48,2400,9400,constrained,resident_predictive_authority,1,-0.18507064985575206,0.4655501241356006,-0.032931744614526554,0.3915259142609302,True,91,88,87,33,-1.3785934717761483
48,2400,9400,constrained,raw_release,2,0.018770695754169453,-0.15123468955348707,-0.03184137000020151,-0.7236099756456811,True,,,,0,-1.0616701442001641
48,2400,9400,constrained,resident_predictive_authority,2,0.018770695754169453,-0.15123468955348707,-0.03184137000020151,-0.7236099756456811,True,,,119,1,-1.072787811294216
48,2400,9400,constrained,raw_release,3,0.2426498335695204,-0.23893712247139653,-0.13613023150202916,-0.7456082364618895,False,4,,,0,0.0
48,2400,9400,constrained,resident_predictive_authority,3,0.2426498335695204,-0.23893712247139653,-0.13613023150202916,-0.7456082364618895,False,4,,,0,0.0
48,2400,9400,constrained,raw_release,4,0.18760208180564814,0.4975976321097113,-0.08604830033435232,-0.6295011259086787,True,117,117,,0,-1.1258586649764903
48,2400,9400,constrained,resident_predictive_authority,4,0.18760208180564814,0.4975976321097113,-0.08604830033435232,-0.6295011259086787,True,117,114,113,7,-1.1569158303495177
48,2400,9400,constrained,raw_release,5,0.05913988638347273,-0.2061283095732509,0.07435560999773366,-0.6141801979984394,True,,,,0,-0.9439867706984972
48,2400,9400,constrained,resident_predictive_authority,5,0.05913988638347273,-0.2061283095732509,0.07435560999773366,-0.6141801979984394,True,,119,117,3,-0.9612529867803642
48,2400,9400,constrained,raw_release,6,0.09167581285677828,-0.024432328628856248,-0.10962517928220314,0.7727628784654466,True,101,101,,0,-1.2407292585717253
48,2400,9400,constrained,resident_predictive_authority,6,0.09167581285677828,-0.024432328628856248,-0.10962517928220314,0.7727628784654466,True,101,98,97,23,-1.31002728409865
48,2400,9400,constrained,raw_release,7,-0.060267440135725214,0.4437352475873122,-0.004560556153496126,-0.8831635110016007,True,117,117,,0,-1.0718988332083996
48,2400,9400,constrained,resident_predictive_authority,7,-0.060267440135725214,0.4437352475873122,-0.004560556153496126,-0.8831635110016007,True,117,114,113,7,-1.1037136289944358
48,2400,9400,constrained,raw_release,8,0.04892326149585713,-0.3355501951099312,-0.005929765938875009,0.9492822050596421,True,101,101,,0,-1.2468937976685666
48,2400,9400,constrained,resident_predictive_authority,8,0.04892326149585713,-0.3355501951099312,-0.005929765938875009,0.9492822050596421,True,101,98,97,23,-1.3161364209284698
48,2400,9400,constrained,raw_release,9,0.018554508767426148,0.02797754868957647,0.14019541919966957,0.0646685903842743,True,105,105,,0,-1.1873739945807225
48,2400,9400,constrained,resident_predictive_authority,9,0.018554508767426148,0.02797754868957647,0.14019541919966957,0.0646685903842743,True,105,102,101,19,-1.2557112860921944
48,2400,9400,constrained,raw_release,10,0.01975142987483197,-0.3482235903552159,-0.08497795447855237,-0.8976920586021095,False,4,,,0,0.0
48,2400,9400,constrained,resident_predictive_authority,10,0.01975142987483197,-0.3482235903552159,-0.08497795447855237,-0.8976920586021095,False,4,,,0,0.0
48,2400,9400,constrained,raw_release,11,-0.12177287020237798,0.005498905286868361,0.0017202836674446997,0.7346022516024586,True,95,95,,0,-1.3010344029135004
48,2400,9400,constrained,resident_predictive_authority,11,-0.12177287020237798,0.005498905286868361,0.0017202836674446997,0.7346022516024586,True,95,93,91,29,-1.35648778205962
48,2400,9400,constrained,raw_release,12,0.09918425289850513,0.4032191618088443,-0.016630220120760986,0.1472789484169592,True,98,98,,0,-1.2709326705095056
48,2400,9400,constrained,resident_predictive_authority,12,0.09918425289850513,0.4032191618088443,-0.016630220120760986,0.1472789484169592,True,98,95,94,26,-1.3352528594734578
48,2400,9400,constrained,raw_release,13,0.10186162864662518,-0.03456632063333476,-0.11451852163023567,-0.8296249814982823,True,12,12,,0,-1.1811226913576571
48,2400,9400,constrained,resident_predictive_authority,13,0.10186162864662518,-0.03456632063333476,-0.11451852163023567,-0.8296249814982823,True,12,,8,85,-0.5568678826404075
48,2400,9400,constrained,raw_release,14,-0.04536418302359235,0.20540910049495442,-0.08002305228784491,-0.7522210312851085,True,,,,0,-1.1111603296525763
48,2400,9400,constrained,resident_predictive_authority,14,-0.04536418302359235,0.20540910049495442,-0.08002305228784491,-0.7522210312851085,True,,118,117,3,-1.1285928195820958
48,2400,9400,constrained,raw_release,15,-0.15694455346394243,-0.19693391747700495,0.01554218033750332,-0.8056848670012,True,,,,0,-1.0621518857895518
48,2400,9400,constrained,resident_predictive_authority,15,-0.15694455346394243,-0.19693391747700495,0.01554218033750332,-0.8056848670012,True,,,118,2,-1.0773476587383337
48,2400,9400,constrained,raw_release,16,0.002240213538389768,-0.26607459213354767,-0.10115779221502144,-0.8544935893735204,False,4,,,0,0.0
48,2400,9400,constrained,resident_predictive_authority,16,0.002240213538389768,-0.26607459213354767,-0.10115779221502144,-0.8544935893735204,False,4,,,0,0.0
48,2400,9400,constrained,raw_release,17,-0.08517635508033822,-0.04703670327352316,-0.028264999918161143,-0.27800220037201484,True,117,117,,0,-1.0390707338834653
48,2400,9400,constrained,resident_predictive_authority,17,-0.08517635508033822,-0.04703670327352316,-0.028264999918161143,-0.27800220037201484,True,117,114,113,7,-1.0710521337569192
48,2400,9400,constrained,raw_release,18,-0.2485326459798909,0.2387886271848313,-0.05482105870258819,0.49947193213100194,True,97,97,,0,-1.2488356725327825
48,2400,9400,constrained,resident_predictive_authority,18,-0.2485326459798909,0.2387886271848313,-0.05482105870258819,0.49947193213100194,True,97,95,93,27,-1.3117905411325836
48,2400,9400,constrained,raw_release,19,-0.20859379796102456,-0.17139479282030856,-0.015383305294635635,0.6159247980257037,True,105,105,,0,-1.1457850365294981
48,2400,9400,constrained,resident_predictive_authority,19,-0.20859379796102456,-0.17139479282030856,-0.015383305294635635,0.6159247980257037,True,105,102,101,19,-1.2158566067124343
48,2400,9400,constrained,raw_release,20,-0.004083305160981265,0.4812065829680897,0.06314954198663186,-0.6909732317951289,True,112,112,,0,-1.0723694001655517
48,2400,9400,constrained,resident_predictive_authority,20,-0.004083305160981265,0.4812065829680897,0.06314954198663186,-0.6909732317951289,True,112,109,108,12,-1.1245027081189138
48,2400,9400,constrained,raw_release,21,0.10547213500696079,-0.17715788696503154,0.007848571668126858,0.4951985881637646,True,107,107,,0,-1.146288208773277
48,2400,9400,constrained,resident_predictive_authority,21,0.10547213500696079,-0.17715788696503154,0.007848571668126858,0.4951985881637646,True,107,104,103,17,-1.211738720284131
48,2400,9400,constrained,raw_release,22,-0.045737319864144865,-0.2813796654251627,0.14312426940169617,0.28787492606218845,True,109,109,,0,-1.13139991979247
48,2400,9400,constrained,resident_predictive_authority,22,-0.045737319864144865,-0.2813796654251627,0.14312426940169617,0.28787492606218845,True,109,106,104,16,-1.1952789312613628
48,2400,9400,constrained,raw_release,23,0.11470748407873571,-0.34747283113118177,0.04609096158832826,-0.7336032949778799,True,,,,0,-0.974341311342122
48,2400,9400,constrained,resident_predictive_authority,23,0.11470748407873571,-0.34747283113118177,0.04609096158832826,-0.7336032949778799,True,,,,0,-0.974341311342122
48,2401,9401,clean,raw_release,0,0.2237449076719007,0.35079379488991713,-0.025591529640811725,-0.15484733507424964,True,,,,0,-0.43841225154768065
48,2401,9401,clean,resident_predictive_authority,0,0.2237449076719007,0.35079379488991713,-0.025591529640811725,-0.15484733507424964,True,,,,0,-0.43841225154768065
48,2401,9401,clean,raw_release,1,0.06920435689037635,0.07144847820147449,0.11616930784707771,0.4897623293474027,True,14,14,,0,-0.6582069726565651
48,2401,9401,clean,resident_predictive_authority,1,0.06920435689037635,0.07144847820147449,0.11616930784707771,0.4897623293474027,True,14,,10,79,-0.3590245822478777
48,2401,9401,clean,raw_release,2,0.14727808337350562,0.36998371357941073,0.14777248910451543,-0.8121339453853695,True,,,,0,-0.4077210087139182
48,2401,9401,clean,resident_predictive_authority,2,0.14727808337350562,0.36998371357941073,0.14777248910451543,-0.8121339453853695,True,,,,0,-0.4077210087139182
48,2401,9401,clean,raw_release,3,-0.010704258765710684,0.10000969241848134,0.14680290898248247,-0.289251668688683,True,,,,0,-0.42375162085837786
48,2401,9401,clean,resident_predictive_authority,3,-0.010704258765710684,0.10000969241848134,0.14680290898248247,-0.289251668688683,True,,,,0,-0.42375162085837786
48,2401,9401,clean,raw_release,4,0.07249626564372152,0.16451953428071797,-0.08217053401915081,-0.19923832537936992,True,,,,0,-0.4284211293856818
48,2401,9401,clean,resident_predictive_authority,4,0.07249626564372152,0.16451953428071797,-0.08217053401915081,-0.19923832537936992,True,,,,0,-0.4284211293856818
48,2401,9401,clean,raw_release,5,0.11889227713118222,-0.23517737698315877,-0.09351042217066699,-0.2014357922820167,True,,,,0,-0.4802079048587532
48,2401,9401,clean,resident_predictive_authority,5,0.11889227713118222,-0.23517737698315877,-0.09351042217066699,-0.2014357922820167,True,,,,0,-0.4802079048587532
48,2401,9401,clean,raw_release,6,-0.2439870156587738,-0.36687702954215373,-0.14496225221771822,-0.36201085698047053,True,,,,0,-0.7722984769048336
48,2401,9401,clean,resident_predictive_authority,6,-0.2439870156587738,-0.36687702954215373,-0.14496225221771822,-0.36201085698047053,True,,,,0,-0.7722984769048336
48,2401,9401,clean,raw_release,7,0.12911407956686893,-0.3697138448737549,0.13548310981615322,-0.6248780965591767,True,,,,0,-0.3775529024842914
48,2401,9401,clean,resident_predictive_authority,7,0.12911407956686893,-0.3697138448737549,0.13548310981615322,-0.6248780965591767,True,,,,0,-0.3775529024842914
48,2401,9401,clean,raw_release,8,0.20135322399020023,-0.43892112110259196,0.0975708467700778,0.44916058702127293,True,,,,0,-0.4675784280279738
48,2401,9401,clean,resident_predictive_authority,8,0.20135322399020023,-0.43892112110259196,0.0975708467700778,0.44916058702127293,True,,,,0,-0.4675784280279738
48,2401,9401,clean,raw_release,9,0.12177634507525636,-0.12149567339188627,-0.09124502321022732,0.7663169828139726,True,,,,0,-0.46037512716850876
48,2401,9401,clean,resident_predictive_authority,9,0.12177634507525636,-0.12149567339188627,-0.09124502321022732,0.7663169828139726,True,,,,0,-0.46037512716850876
48,2401,9401,clean,raw_release,10,-0.0779056251636947,0.2823863254082509,-0.054125899203239305,-0.4227046664320675,True,,,,0,-0.4386432247260134
48,2401,9401,clean,resident_predictive_authority,10,-0.0779056251636947,0.2823863254082509,-0.054125899203239305,-0.4227046664320675,True,,,,0,-0.4386432247260134
48,2401,9401,clean,raw_release,11,0.010523573881162873,0.3997617191589934,0.14661771170354218,-0.06824788021550554,True,,,,0,-0.588152894350581
48,2401,9401,clean,resident_predictive_authority,11,0.010523573881162873,0.3997617191589934,0.14661771170354218,-0.06824788021550554,True,,,,0,-0.588152894350581
48,2401,9401,clean,raw_release,12,0.19439286871374706,-0.323024706691841,-0.005837907938676806,-0.41711884639742314,True,,,,0,-0.4386143708884215
48,2401,9401,clean,resident_predictive_authority,12,0.19439286871374706,-0.323024706691841,-0.005837907938676806,-0.41711884639742314,True,,,,0,-0.4386143708884215
48,2401,9401,clean,raw_release,13,-0.12432070806349088,0.015218075931251018,0.05491292870663608,-0.2808474858935275,True,,,,0,-0.3890259248264
48,2401,9401,clean,resident_predictive_authority,13,-0.12432070806349088,0.015218075931251018,0.05491292870663608,-0.2808474858935275,True,,,,0,-0.3890259248264
48,2401,9401,clean,raw_release,14,-0.10077150701259163,0.18702143900713752,-0.03222797423863809,-0.6674751860458463,True,,,,0,-0.47687852391066166
48,2401,9401,clean,resident_predictive_authority,14,-0.10077150701259163,0.18702143900713752,-0.03222797423863809,-0.6674751860458463,True,,,,0,-0.47687852391066166
48,2401,9401,clean,raw_release,15,0.08155579424869869,-0.38284320420478846,-0.05327801570754098,-0.5770475069234109,True,,,,0,-0.5855254919297193
48,2401,9401,clean,resident_predictive_authority,15,0.08155579424869869,-0.38284320420478846,-0.05327801570754098,-0.5770475069234109,True,,,,0,-0.5855254919297193
48,2401,9401,clean,raw_release,16,-0.1980472899568287,0.17740529632638546,-0.06402607430792726,-0.02402139049358132,True,,,,0,-0.4230904020364662
48,2401,9401,clean,resident_predictive_authority,16,-0.1980472899568287,0.17740529632638546,-0.06402607430792726,-0.02402139049358132,True,,,,0,-0.4230904020364662
48,2401,9401,clean,raw_release,17,0.213065994567109,0.09833222036639022,-0.09534913988469484,-0.7517941430574975,True,,,,0,-0.5603206762853554
48,2401,9401,clean,resident_predictive_authority,17,0.213065994567109,0.09833222036639022,-0.09534913988469484,-0.7517941430574975,True,,,,0,-0.5603206762853554
48,2401,9401,clean,raw_release,18,0.05090590774513992,0.33226757868251844,0.0947376427640679,0.7019030356642335,True,10,10,,0,-0.8715373313194116
48,2401,9401,clean,resident_predictive_authority,18,0.05090590774513992,0.33226757868251844,0.0947376427640679,0.7019030356642335,True,10,,6,106,-0.4433489246589663
48,2401,9401,clean,raw_release,19,-0.14063040219712247,0.19455735392020412,0.14834183225085937,-0.08307515185266423,True,,,,0,-0.48721842999682574
48,2401,9401,clean,resident_predictive_authority,19,-0.14063040219712247,0.19455735392020412,0.14834183225085937,-0.08307515185266423,True,,,,0,-0.48721842999682574
48,2401,9401,clean,raw_release,20,0.14895049229072355,-0.3396905915587133,0.14500281511907867,0.38085054406388785,True,,,,0,-0.5182568501013071
48,2401,9401,clean,resident_predictive_authority,20,0.14895049229072355,-0.3396905915587133,0.14500281511907867,0.38085054406388785,True,,,,0,-0.5182568501013071
48,2401,9401,clean,raw_release,21,0.08770113765897453,0.11082935366747171,0.02317474396319591,0.8194041391992084,True,12,12,,0,-0.6737851358982053
48,2401,9401,clean,resident_predictive_authority,21,0.08770113765897453,0.11082935366747171,0.02317474396319591,0.8194041391992084,True,12,,8,87,-0.32922420102834704
48,2401,9401,clean,raw_release,22,-0.1893073524596307,0.10039698385182727,0.07131411438772908,0.11844519749318594,True,,,,0,-0.4439922353874266
48,2401,9401,clean,resident_predictive_authority,22,-0.1893073524596307,0.10039698385182727,0.07131411438772908,0.11844519749318594,True,,,,0,-0.4439922353874266
48,2401,9401,clean,raw_release,23,-0.1180492077113498,0.014630373926250884,-0.02897220768763295,-0.8813280943965975,True,,,,0,-0.5825542522758707
48,2401,9401,clean,resident_predictive_authority,23,-0.1180492077113498,0.014630373926250884,-0.02897220768763295,-0.8813280943965975,True,,,,0,-0.5825542522758707
48,2401,9401,unconstrained,raw_release,0,0.2237449076719007,0.35079379488991713,-0.025591529640811725,-0.15484733507424964,True,,,,0,-0.9661316817571116
48,2401,9401,unconstrained,resident_predictive_authority,0,0.2237449076719007,0.35079379488991713,-0.025591529640811725,-0.15484733507424964,True,,,,0,-0.9661316817571116
48,2401,9401,unconstrained,raw_release,1,0.06920435689037635,0.07144847820147449,0.11616930784707771,0.4897623293474027,True,,,,0,-1.1911494440041879
48,2401,9401,unconstrained,resident_predictive_authority,1,0.06920435689037635,0.07144847820147449,0.11616930784707771,0.4897623293474027,True,,,,0,-1.1911494440041879
48,2401,9401,unconstrained,raw_release,2,0.14727808337350562,0.36998371357941073,0.14777248910451543,-0.8121339453853695,True,,,,0,-0.9291108070818929
48,2401,9401,unconstrained,resident_predictive_authority,2,0.14727808337350562,0.36998371357941073,0.14777248910451543,-0.8121339453853695,True,,,,0,-0.9291108070818929
48,2401,9401,unconstrained,raw_release,3,-0.010704258765710684,0.10000969241848134,0.14680290898248247,-0.289251668688683,True,,,,0,-0.9430219880360607
48,2401,9401,unconstrained,resident_predictive_authority,3,-0.010704258765710684,0.10000969241848134,0.14680290898248247,-0.289251668688683,True,,,,0,-0.9430219880360607
48,2401,9401,unconstrained,raw_release,4,0.07249626564372152,0.16451953428071797,-0.08217053401915081,-0.19923832537936992,True,,,,0,-0.945627362685425
48,2401,9401,unconstrained,resident_predictive_authority,4,0.07249626564372152,0.16451953428071797,-0.08217053401915081,-0.19923832537936992,True,,,,0,-0.945627362685425
48,2401,9401,unconstrained,raw_release,5,0.11889227713118222,-0.23517737698315877,-0.09351042217066699,-0.2014357922820167,True,,,,0,-0.9764536276930151
48,2401,9401,unconstrained,resident_predictive_authority,5,0.11889227713118222,-0.23517737698315877,-0.09351042217066699,-0.2014357922820167,True,,,,0,-0.9764536276930151
48,2401,9401,unconstrained,raw_release,6,-0.2439870156587738,-0.36687702954215373,-0.14496225221771822,-0.36201085698047053,True,9,9,,0,-1.234194052687885
48,2401,9401,unconstrained,resident_predictive_authority,6,-0.2439870156587738,-0.36687702954215373,-0.14496225221771822,-0.36201085698047053,True,9,,5,106,-0.4947077879703206
48,2401,9401,unconstrained,raw_release,7,0.12911407956686893,-0.3697138448737549,0.13548310981615322,-0.6248780965591767,True,,,,0,-0.8795867856429423
48,2401,9401,unconstrained,resident_predictive_authority,7,0.12911407956686893,-0.3697138448737549,0.13548310981615322,-0.6248780965591767,True,,,,0,-0.8795867856429423
48,2401,9401,unconstrained,raw_release,8,0.20135322399020023,-0.43892112110259196,0.0975708467700778,0.44916058702127293,True,,,,0,-0.9856304770632753
48,2401,9401,unconstrained,resident_predictive_authority,8,0.20135322399020023,-0.43892112110259196,0.0975708467700778,0.44916058702127293,True,,,,0,-0.9856304770632753
48,2401,9401,unconstrained,raw_release,9,0.12177634507525636,-0.12149567339188627,-0.09124502321022732,0.7663169828139726,True,,,,0,-0.9821312406903432
48,2401,9401,unconstrained,resident_predictive_authority,9,0.12177634507525636,-0.12149567339188627,-0.09124502321022732,0.7663169828139726,True,,,,0,-0.9821312406903432
48,2401,9401,unconstrained,raw_release,10,-0.0779056251636947,0.2823863254082509,-0.054125899203239305,-0.4227046664320675,True,,,,0,-0.9516339477039104
48,2401,9401,unconstrained,resident_predictive_authority,10,-0.0779056251636947,0.2823863254082509,-0.054125899203239305,-0.4227046664320675,True,,,,0,-0.9516339477039104
48,2401,9401,unconstrained,raw_release,11,0.010523573881162873,0.3997617191589934,0.14661771170354218,-0.06824788021550554,True,,,,0,-1.1189286648286212
48,2401,9401,unconstrained,resident_predictive_authority,11,0.010523573881162873,0.3997617191589934,0.14661771170354218,-0.06824788021550554,True,,,,0,-1.1189286648286212
48,2401,9401,unconstrained,raw_release,12,0.19439286871374706,-0.323024706691841,-0.005837907938676806,-0.41711884639742314,True,,,,0,-0.9419945864119339
48,2401,9401,unconstrained,resident_predictive_authority,12,0.19439286871374706,-0.323024706691841,-0.005837907938676806,-0.41711884639742314,True,,,,0,-0.9419945864119339
48,2401,9401,unconstrained,raw_release,13,-0.12432070806349088,0.015218075931251018,0.05491292870663608,-0.2808474858935275,True,,,,0,-0.9023151951598
48,2401,9401,unconstrained,resident_predictive_authority,13,-0.12432070806349088,0.015218075931251018,0.05491292870663608,-0.2808474858935275,True,,,,0,-0.9023151951598
48,2401,9401,unconstrained,raw_release,14,-0.10077150701259163,0.18702143900713752,-0.03222797423863809,-0.6674751860458463,True,,,,0,-0.9751718623000397
48,2401,9401,unconstrained,resident_predictive_authority,14,-0.10077150701259163,0.18702143900713752,-0.03222797423863809,-0.6674751860458463,True,,,,0,-0.9751718623000397
48,2401,9401,unconstrained,raw_release,15,0.08155579424869869,-0.38284320420478846,-0.05327801570754098,-0.5770475069234109,True,10,10,,0,-1.0615387522502153
48,2401,9401,unconstrained,resident_predictive_authority,15,0.08155579424869869,-0.38284320420478846,-0.05327801570754098,-0.5770475069234109,True,10,,6,88,-0.37207133893101796
48,2401,9401,unconstrained,raw_release,16,-0.1980472899568287,0.17740529632638546,-0.06402607430792726,-0.02402139049358132,True,,,,0,-0.9395744042564547
48,2401,9401,unconstrained,resident_predictive_authority,16,-0.1980472899568287,0.17740529632638546,-0.06402607430792726,-0.02402139049358132,True,,,,0,-0.9395744042564547
48,2401,9401,unconstrained,raw_release,17,0.213065994567109,0.09833222036639022,-0.09534913988469484,-0.7517941430574975,True,,,,0,-1.0368547195782785
48,2401,9401,unconstrained,resident_predictive_authority,17,0.213065994567109,0.09833222036639022,-0.09534913988469484,-0.7517941430574975,True,,,,0,-1.0368547195782785
48,2401,9401,unconstrained,raw_release,18,0.05090590774513992,0.33226757868251844,0.0947376427640679,0.7019030356642335,True,,,,0,-1.4041512097898716
48,2401,9401,unconstrained,resident_predictive_authority,18,0.05090590774513992,0.33226757868251844,0.0947376427640679,0.7019030356642335,True,,,,0,-1.4041512097898716
48,2401,9401,unconstrained,raw_release,19,-0.14063040219712247,0.19455735392020412,0.14834183225085937,-0.08307515185266423,True,,,,0,-1.0104682010365114
48,2401,9401,unconstrained,resident_predictive_authority,19,-0.14063040219712247,0.19455735392020412,0.14834183225085937,-0.08307515185266423,True,,,,0,-1.0104682010365114
48,2401,9401,unconstrained,raw_release,20,0.14895049229072355,-0.3396905915587133,0.14500281511907867,0.38085054406388785,True,,,,0,-1.0406206338152102
48,2401,9401,unconstrained,resident_predictive_authority,20,0.14895049229072355,-0.3396905915587133,0.14500281511907867,0.38085054406388785,True,,,,0,-1.0406206338152102
48,2401,9401,unconstrained,raw_release,21,0.08770113765897453,0.11082935366747171,0.02317474396319591,0.8194041391992084,True,,,,0,-1.2111553331040734
48,2401,9401,unconstrained,resident_predictive_authority,21,0.08770113765897453,0.11082935366747171,0.02317474396319591,0.8194041391992084,True,,,,0,-1.2111553331040734
48,2401,9401,unconstrained,raw_release,22,-0.1893073524596307,0.10039698385182727,0.07131411438772908,0.11844519749318594,True,,,,0,-0.9651874991649646
48,2401,9401,unconstrained,resident_predictive_authority,22,-0.1893073524596307,0.10039698385182727,0.07131411438772908,0.11844519749318594,True,,,,0,-0.9651874991649646
48,2401,9401,unconstrained,raw_release,23,-0.1180492077113498,0.014630373926250884,-0.02897220768763295,-0.8813280943965975,True,11,11,,0,-1.0588060068090726
48,2401,9401,unconstrained,resident_predictive_authority,23,-0.1180492077113498,0.014630373926250884,-0.02897220768763295,-0.8813280943965975,True,11,,7,84,-0.3778618058783739
48,2401,9401,constrained,raw_release,0,0.2237449076719007,0.35079379488991713,-0.025591529640811725,-0.15484733507424964,True,,,,0,-0.970688525459036
48,2401,9401,constrained,resident_predictive_authority,0,0.2237449076719007,0.35079379488991713,-0.025591529640811725,-0.15484733507424964,True,,,,0,-0.970688525459036
48,2401,9401,constrained,raw_release,1,0.06920435689037635,0.07144847820147449,0.11616930784707771,0.4897623293474027,True,,,,0,-1.1785805545058863
48,2401,9401,constrained,resident_predictive_authority,1,0.06920435689037635,0.07144847820147449,0.11616930784707771,0.4897623293474027,True,,,,0,-1.1785805545058863
48,2401,9401,constrained,raw_release,2,0.14727808337350562,0.36998371357941073,0.14777248910451543,-0.8121339453853695,True,,,,0,-0.9668670085438563
48,2401,9401,constrained,resident_predictive_authority,2,0.14727808337350562,0.36998371357941073,0.14777248910451543,-0.8121339453853695,True,,,,0,-0.9668670085438563
48,2401,9401,constrained,raw_release,3,-0.010704258765710684,0.10000969241848134,0.14680290898248247,-0.289251668688683,True,,,,0,-0.973990594909025
48,2401,9401,constrained,resident_predictive_authority,3,-0.010704258765710684,0.10000969241848134,0.14680290898248247,-0.289251668688683,True,,,,0,-0.973990594909025
48,2401,9401,constrained,raw_release,4,0.07249626564372152,0.16451953428071797,-0.08217053401915081,-0.19923832537936992,True,,,,0,-0.9677472125578033
48,2401,9401,constrained,resident_predictive_authority,4,0.07249626564372152,0.16451953428071797,-0.08217053401915081,-0.19923832537936992,True,,,,0,-0.9677472125578033
48,2401,9401,constrained,raw_release,5,0.11889227713118222,-0.23517737698315877,-0.09351042217066699,-0.2014357922820167,True,,,,0,-1.0302579786493327
48,2401,9401,constrained,resident_predictive_authority,5,0.11889227713118222,-0.23517737698315877,-0.09351042217066699,-0.2014357922820167,True,,,,0,-1.0302579786493327
48,2401,9401,constrained,raw_release,6,-0.2439870156587738,-0.36687702954215373,-0.14496225221771822,-0.36201085698047053,True,9,9,,0,-1.312868352807866
48,2401,9401,constrained,resident_predictive_authority,6,-0.2439870156587738,-0.36687702954215373,-0.14496225221771822,-0.36201085698047053,True,9,,5,107,-0.48192866421386243
48,2401,9401,constrained,raw_release,7,0.12911407956686893,-0.3697138448737549,0.13548310981615322,-0.6248780965591767,True,,,,0,-0.9625883706335913
48,2401,9401,constrained,resident_predictive_authority,7,0.12911407956686893,-0.3697138448737549,0.13548310981615322,-0.6248780965591767,True,,,,0,-0.9625883706335913
48,2401,9401,constrained,raw_release,8,0.20135322399020023,-0.43892112110259196,0.0975708467700778,0.44916058702127293,True,,,,0,-1.0171814530516723
48,2401,9401,constrained,resident_predictive_authority,8,0.20135322399020023,-0.43892112110259196,0.0975708467700778,0.44916058702127293,True,,,,0,-1.0171814530516723
48,2401,9401,constrained,raw_release,9,0.12177634507525636,-0.12149567339188627,-0.09124502321022732,0.7663169828139726,True,,,,0,-0.9751541487102291
48,2401,9401,constrained,resident_predictive_authority,9,0.12177634507525636,-0.12149567339188627,-0.09124502321022732,0.7663169828139726,True,,,,0,-0.9751541487102291
48,2401,9401,constrained,raw_release,10,-0.0779056251636947,0.2823863254082509,-0.054125899203239305,-0.4227046664320675,True,,,,0,-0.9795034892201302
48,2401,9401,constrained,resident_predictive_authority,10,-0.0779056251636947,0.2823863254082509,-0.054125899203239305,-0.4227046664320675,True,,,,0,-0.9795034892201302
48,2401,9401,constrained,raw_release,11,0.010523573881162873,0.3997617191589934,0.14661771170354218,-0.06824788021550554,True,,,,0,-1.111911056488905
48,2401,9401,constrained,resident_predictive_authority,11,0.010523573881162873,0.3997617191589934,0.14661771170354218,-0.06824788021550554,True,,,,0,-1.111911056488905
48,2401,9401,constrained,raw_release,12,0.19439286871374706,-0.323024706691841,-0.005837907938676806,-0.41711884639742314,True,,,,0,-1.010603987298633
48,2401,9401,constrained,resident_predictive_authority,12,0.19439286871374706,-0.323024706691841,-0.005837907938676806,-0.41711884639742314,True,,,,0,-1.010603987298633
48,2401,9401,constrained,raw_release,13,-0.12432070806349088,0.015218075931251018,0.05491292870663608,-0.2808474858935275,True,,,,0,-0.9420256303269615
48,2401,9401,constrained,resident_predictive_authority,13,-0.12432070806349088,0.015218075931251018,0.05491292870663608,-0.2808474858935275,True,,,,0,-0.9420256303269615
48,2401,9401,constrained,raw_release,14,-0.10077150701259163,0.18702143900713752,-0.03222797423863809,-0.6674751860458463,True,,,,0,-1.0217932200205067
48,2401,9401,constrained,resident_predictive_authority,14,-0.10077150701259163,0.18702143900713752,-0.03222797423863809,-0.6674751860458463,True,,,,0,-1.0217932200205067
48,2401,9401,constrained,raw_release,15,0.08155579424869869,-0.38284320420478846,-0.05327801570754098,-0.5770475069234109,True,9,9,,0,-1.1450607086554438
48,2401,9401,constrained,resident_predictive_authority,15,0.08155579424869869,-0.38284320420478846,-0.05327801570754098,-0.5770475069234109,True,9,,5,93,-0.342685875221174
48,2401,9401,constrained,raw_release,16,-0.1980472899568287,0.17740529632638546,-0.06402607430792726,-0.02402139049358132,True,,,,0,-0.954165686391791
48,2401,9401,constrained,resident_predictive_authority,16,-0.1980472899568287,0.17740529632638546,-0.06402607430792726,-0.02402139049358132,True,,,,0,-0.954165686391791
48,2401,9401,constrained,raw_release,17,0.213065994567109,0.09833222036639022,-0.09534913988469484,-0.7517941430574975,True,14,,,0,-1.0961820237783555
48,2401,9401,constrained,resident_predictive_authority,17,0.213065994567109,0.09833222036639022,-0.09534913988469484,-0.7517941430574975,True,14,,10,37,-0.7321216967635559
48,2401,9401,constrained,raw_release,18,0.05090590774513992,0.33226757868251844,0.0947376427640679,0.7019030356642335,True,,,,0,-1.3559963456047277
48,2401,9401,constrained,resident_predictive_authority,18,0.05090590774513992,0.33226757868251844,0.0947376427640679,0.7019030356642335,True,,,,0,-1.3559963456047277
48,2401,9401,constrained,raw_release,19,-0.14063040219712247,0.19455735392020412,0.14834183225085937,-0.08307515185266423,True,,,,0,-1.0230528084390502
48,2401,9401,constrained,resident_predictive_authority,19,-0.14063040219712247,0.19455735392020412,0.14834183225085937,-0.08307515185266423,True,,,,0,-1.0230528084390502
48,2401,9401,constrained,raw_release,20,0.14895049229072355,-0.3396905915587133,0.14500281511907867,0.38085054406388785,True,,,,0,-1.0665242753898088
48,2401,9401,constrained,resident_predictive_authority,20,0.14895049229072355,-0.3396905915587133,0.14500281511907867,0.38085054406388785,True,,,,0,-1.0665242753898088
48,2401,9401,constrained,raw_release,21,0.08770113765897453,0.11082935366747171,0.02317474396319591,0.8194041391992084,True,,,,0,-1.1792315741947783
48,2401,9401,constrained,resident_predictive_authority,21,0.08770113765897453,0.11082935366747171,0.02317474396319591,0.8194041391992084,True,,,,0,-1.1792315741947783
48,2401,9401,constrained,raw_release,22,-0.1893073524596307,0.10039698385182727,0.07131411438772908,0.11844519749318594,True,,,,0,-0.9770918963354646
48,2401,9401,constrained,resident_predictive_authority,22,-0.1893073524596307,0.10039698385182727,0.07131411438772908,0.11844519749318594,True,,,,0,-0.9770918963354646
48,2401,9401,constrained,raw_release,23,-0.1180492077113498,0.014630373926250884,-0.02897220768763295,-0.8813280943965975,True,10,10,,0,-1.1293607819617648
48,2401,9401,constrained,resident_predictive_authority,23,-0.1180492077113498,0.014630373926250884,-0.02897220768763295,-0.8813280943965975,True,10,,6,90,-0.34490979161102936
48,2402,9402,clean,raw_release,0,-0.1615132658346754,-0.11550841429297021,0.022901916924437354,-0.19872794657738346,True,,,,0,-0.02856073622277002
48,2402,9402,clean,resident_predictive_authority,0,-0.1615132658346754,-0.11550841429297021,0.022901916924437354,-0.19872794657738346,True,,,,0,-0.02856073622277002
48,2402,9402,clean,raw_release,1,-0.23125258539530125,-0.4708958092866965,-0.08196714238104882,-0.012070195004850959,True,,,,0,-0.1818167025181707
48,2402,9402,clean,resident_predictive_authority,1,-0.23125258539530125,-0.4708958092866965,-0.08196714238104882,-0.012070195004850959,True,,,,0,-0.1818167025181707
48,2402,9402,clean,raw_release,2,0.2220813058257321,-0.35566005836398207,-0.09216345249958499,-0.8980457102004791,True,15,15,,0,-0.4621860494256813
48,2402,9402,clean,resident_predictive_authority,2,0.2220813058257321,-0.35566005836398207,-0.09216345249958499,-0.8980457102004791,True,15,,11,103,-0.46710492831170214
48,2402,9402,clean,raw_release,3,-0.22179393018453925,-0.07777225425505163,0.14248972857317013,-0.10588498526529166,True,,,,0,-0.03382449998317085
48,2402,9402,clean,resident_predictive_authority,3,-0.22179393018453925,-0.07777225425505163,0.14248972857317013,-0.10588498526529166,True,,,,0,-0.03382449998317085
48,2402,9402,clean,raw_release,4,-0.15422906142631143,0.19114444828931965,0.10415437768981164,-0.7061183821692663,True,,,,0,-0.02191758673192464
48,2402,9402,clean,resident_predictive_authority,4,-0.15422906142631143,0.19114444828931965,0.10415437768981164,-0.7061183821692663,True,,,,0,-0.02191758673192464
48,2402,9402,clean,raw_release,5,-0.16789680924529132,0.41142689389472853,0.12684019128832133,-0.3516263290394035,True,,,,0,-0.048147070153420984
48,2402,9402,clean,resident_predictive_authority,5,-0.16789680924529132,0.41142689389472853,0.12684019128832133,-0.3516263290394035,True,,,,0,-0.048147070153420984
48,2402,9402,clean,raw_release,6,0.14861907264167784,-0.1845502128166714,0.0959413297126687,-0.7141045553597423,True,,,,0,-0.048385002492946506
48,2402,9402,clean,resident_predictive_authority,6,0.14861907264167784,-0.1845502128166714,0.0959413297126687,-0.7141045553597423,True,,,,0,-0.048385002492946506
48,2402,9402,clean,raw_release,7,-0.10863980033178833,0.1644621432838459,0.14519679488271733,-0.0022260290963271867,True,,,,0,-0.09745678194128668
48,2402,9402,clean,resident_predictive_authority,7,-0.10863980033178833,0.1644621432838459,0.14519679488271733,-0.0022260290963271867,True,,,,0,-0.09745678194128668
48,2402,9402,clean,raw_release,8,0.1292871832895483,-0.13563608662713889,0.014668528429913397,-0.3319672756419818,True,,,,0,-0.02903132294469156
48,2402,9402,clean,resident_predictive_authority,8,0.1292871832895483,-0.13563608662713889,0.014668528429913397,-0.3319672756419818,True,,,,0,-0.02903132294469156
48,2402,9402,clean,raw_release,9,-0.07392579830891222,-0.10344817926059846,-0.10635514975180503,0.036486951081318386,True,,,,0,-0.061889224002481834
48,2402,9402,clean,resident_predictive_authority,9,-0.07392579830891222,-0.10344817926059846,-0.10635514975180503,0.036486951081318386,True,,,,0,-0.061889224002481834
48,2402,9402,clean,raw_release,10,-0.2074934045065741,0.20887486526909593,0.08965212477657003,-0.035037393249783166,True,,,,0,-0.04026313471106732
48,2402,9402,clean,resident_predictive_authority,10,-0.2074934045065741,0.20887486526909593,0.08965212477657003,-0.035037393249783166,True,,,,0,-0.04026313471106732
48,2402,9402,clean,raw_release,11,0.23275973662398242,-0.28224819137442847,-0.0700709139324361,0.8225530521316899,True,,,,0,-0.04880506962721641
48,2402,9402,clean,resident_predictive_authority,11,0.23275973662398242,-0.28224819137442847,-0.0700709139324361,0.8225530521316899,True,,,,0,-0.04880506962721641
48,2402,9402,clean,raw_release,12,0.00685196063295157,0.20588002511140913,0.029008948852395744,-0.8629475406840037,True,,,,0,-0.07574597662793939
48,2402,9402,clean,resident_predictive_authority,12,0.00685196063295157,0.20588002511140913,0.029008948852395744,-0.8629475406840037,True,,,,0,-0.07574597662793939
48,2402,9402,clean,raw_release,13,0.11333854629267465,0.14397166846365073,-0.031238134746449903,-0.3094731950025562,True,,,,0,-0.08944167977068067
48,2402,9402,clean,resident_predictive_authority,13,0.11333854629267465,0.14397166846365073,-0.031238134746449903,-0.3094731950025562,True,,,,0,-0.08944167977068067
48,2402,9402,clean,raw_release,14,-0.08238621927640682,0.007568370354010923,-0.1277880112880462,0.2973995599348773,True,,,,0,-0.020089488621690983
48,2402,9402,clean,resident_predictive_authority,14,-0.08238621927640682,0.007568370354010923,-0.1277880112880462,0.2973995599348773,True,,,,0,-0.020089488621690983
48,2402,9402,clean,raw_release,15,0.11282856626071919,-0.2651208771947059,0.09952221149725052,0.42884612520159315,True,,,,0,-0.097946873012159
48,2402,9402,clean,resident_predictive_authority,15,0.11282856626071919,-0.2651208771947059,0.09952221149725052,0.42884612520159315,True,,,,0,-0.097946873012159
48,2402,9402,clean,raw_release,16,0.16707912545216175,0.0956728368349915,-0.10094668999911502,0.24847753775744952,True,,,,0,-0.010854372006407997
48,2402,9402,clean,resident_predictive_authority,16,0.16707912545216175,0.0956728368349915,-0.10094668999911502,0.24847753775744952,True,,,,0,-0.010854372006407997
48,2402,9402,clean,raw_release,17,0.05577105872628407,-0.08460515714127925,0.03763781135757038,0.2626484573798624,True,,,,0,-0.03225024236092264
48,2402,9402,clean,resident_predictive_authority,17,0.05577105872628407,-0.08460515714127925,0.03763781135757038,0.2626484573798624,True,,,,0,-0.03225024236092264
48,2402,9402,clean,raw_release,18,-0.13431139974373457,0.17541266801285393,-0.054538764330049755,0.24269439551753313,True,,,,0,-0.0076846765276162654
48,2402,9402,clean,resident_predictive_authority,18,-0.13431139974373457,0.17541266801285393,-0.054538764330049755,0.24269439551753313,True,,,,0,-0.0076846765276162654
48,2402,9402,clean,raw_release,19,-0.21561016464278748,0.008923015284333147,-0.0011748710301789367,0.925454501858546,True,,,,0,-0.14185994029650356
48,2402,9402,clean,resident_predictive_authority,19,-0.21561016464278748,0.008923015284333147,-0.0011748710301789367,0.925454501858546,True,,,,0,-0.14185994029650356
48,2402,9402,clean,raw_release,20,0.11401875199531891,-0.13115462166531866,0.06983546283339762,-0.21960493302451756,True,,,,0,-0.00865845253528445
48,2402,9402,clean,resident_predictive_authority,20,0.11401875199531891,-0.13115462166531866,0.06983546283339762,-0.21960493302451756,True,,,,0,-0.00865845253528445
48,2402,9402,clean,raw_release,21,0.18962784207239597,-0.23035359537721956,-0.06171452407819776,-0.07400775096147716,True,,,,0,-0.04504001860602428
48,2402,9402,clean,resident_predictive_authority,21,0.18962784207239597,-0.23035359537721956,-0.06171452407819776,-0.07400775096147716,True,,,,0,-0.04504001860602428
48,2402,9402,clean,raw_release,22,-0.027635176060562316,0.18429915184075907,-0.12635256187958555,-0.2841485898875251,True,,,,0,-0.09414255537518638
48,2402,9402,clean,resident_predictive_authority,22,-0.027635176060562316,0.18429915184075907,-0.12635256187958555,-0.2841485898875251,True,,,,0,-0.09414255537518638
48,2402,9402,clean,raw_release,23,0.24561840129149276,-0.030448378743730076,0.13655800786421377,-0.9181172325571385,True,,,,0,-0.03714532396277046
48,2402,9402,clean,resident_predictive_authority,23,0.24561840129149276,-0.030448378743730076,0.13655800786421377,-0.9181172325571385,True,,,,0,-0.03714532396277046
48,2402,9402,unconstrained,raw_release,0,-0.1615132658346754,-0.11550841429297021,0.022901916924437354,-0.19872794657738346,True,,,,0,-0.9584607348531663
48,2402,9402,unconstrained,resident_predictive_authority,0,-0.1615132658346754,-0.11550841429297021,0.022901916924437354,-0.19872794657738346,True,,,,0,-0.9584607348531663
48,2402,9402,unconstrained,raw_release,1,-0.23125258539530125,-0.4708958092866965,-0.08196714238104882,-0.012070195004850959,True,,,,0,-1.0745399330452718
48,2402,9402,unconstrained,resident_predictive_authority,1,-0.23125258539530125,-0.4708958092866965,-0.08196714238104882,-0.012070195004850959,True,,,,0,-1.0745399330452718
48,2402,9402,unconstrained,raw_release,2,0.2220813058257321,-0.35566005836398207,-0.09216345249958499,-0.8980457102004791,False,4,,,0,0.0
48,2402,9402,unconstrained,resident_predictive_authority,2,0.2220813058257321,-0.35566005836398207,-0.09216345249958499,-0.8980457102004791,False,4,,,0,0.0
48,2402,9402,unconstrained,raw_release,3,-0.22179393018453925,-0.07777225425505163,0.14248972857317013,-0.10588498526529166,True,,,,0,-0.979534782425956
48,2402,9402,unconstrained,resident_predictive_authority,3,-0.22179393018453925,-0.07777225425505163,0.14248972857317013,-0.10588498526529166,True,,,,0,-0.979534782425956
48,2402,9402,unconstrained,raw_release,4,-0.15422906142631143,0.19114444828931965,0.10415437768981164,-0.7061183821692663,True,,,,0,-0.9489590373877026
48,2402,9402,unconstrained,resident_predictive_authority,4,-0.15422906142631143,0.19114444828931965,0.10415437768981164,-0.7061183821692663,True,,,,0,-0.9489590373877026
48,2402,9402,unconstrained,raw_release,5,-0.16789680924529132,0.41142689389472853,0.12684019128832133,-0.3516263290394035,True,,,,0,-1.0382239900709316
48,2402,9402,unconstrained,resident_predictive_authority,5,-0.16789680924529132,0.41142689389472853,0.12684019128832133,-0.3516263290394035,True,,,,0,-1.0382239900709316
48,2402,9402,unconstrained,raw_release,6,0.14861907264167784,-0.1845502128166714,0.0959413297126687,-0.7141045553597423,True,,,,0,-0.933904809160664
48,2402,9402,unconstrained,resident_predictive_authority,6,0.14861907264167784,-0.1845502128166714,0.0959413297126687,-0.7141045553597423,True,,,,0,-0.933904809160664
48,2402,9402,unconstrained,raw_release,7,-0.10863980033178833,0.1644621432838459,0.14519679488271733,-0.0022260290963271867,True,,,,0,-1.0902072103589346
48,2402,9402,unconstrained,resident_predictive_authority,7,-0.10863980033178833,0.1644621432838459,0.14519679488271733,-0.0022260290963271867,True,,,,0,-1.0902072103589346
48,2402,9402,unconstrained,raw_release,8,0.1292871832895483,-0.13563608662713889,0.014668528429913397,-0.3319672756419818,True,,,,0,-0.9511940882820878
48,2402,9402,unconstrained,resident_predictive_authority,8,0.1292871832895483,-0.13563608662713889,0.014668528429913397,-0.3319672756419818,True,,,,0,-0.9511940882820878
48,2402,9402,unconstrained,raw_release,9,-0.07392579830891222,-0.10344817926059846,-0.10635514975180503,0.036486951081318386,True,,,,0,-1.0131365488482635
48,2402,9402,unconstrained,resident_predictive_authority,9,-0.07392579830891222,-0.10344817926059846,-0.10635514975180503,0.036486951081318386,True,,,,0,-1.0131365488482635
48,2402,9402,unconstrained,raw_release,10,-0.2074934045065741,0.20887486526909593,0.08965212477657003,-0.035037393249783166,True,,,,0,-1.0291084506304997
48,2402,9402,unconstrained,resident_predictive_authority,10,-0.2074934045065741,0.20887486526909593,0.08965212477657003,-0.035037393249783166,True,,,,0,-1.0291084506304997
48,2402,9402,unconstrained,raw_release,11,0.23275973662398242,-0.28224819137442847,-0.0700709139324361,0.8225530521316899,True,,,,0,-1.0527150411761768
48,2402,9402,unconstrained,resident_predictive_authority,11,0.23275973662398242,-0.28224819137442847,-0.0700709139324361,0.8225530521316899,True,,,,0,-1.0527150411761768
48,2402,9402,unconstrained,raw_release,12,0.00685196063295157,0.20588002511140913,0.029008948852395744,-0.8629475406840037,True,,,,0,-0.9862371984644708
48,2402,9402,unconstrained,resident_predictive_authority,12,0.00685196063295157,0.20588002511140913,0.029008948852395744,-0.8629475406840037,True,,,,0,-0.9862371984644708
48,2402,9402,unconstrained,raw_release,13,0.11333854629267465,0.14397166846365073,-0.031238134746449903,-0.3094731950025562,True,,,,0,-0.9808365307473537
48,2402,9402,unconstrained,resident_predictive_authority,13,0.11333854629267465,0.14397166846365073,-0.031238134746449903,-0.3094731950025562,True,,,,0,-0.9808365307473537
48,2402,9402,unconstrained,raw_release,14,-0.08238621927640682,0.007568370354010923,-0.1277880112880462,0.2973995599348773,True,,,,0,-1.0072817123593247
48,2402,9402,unconstrained,resident_predictive_authority,14,-0.08238621927640682,0.007568370354010923,-0.1277880112880462,0.2973995599348773,True,,,,0,-1.0072817123593247
48,2402,9402,unconstrained,raw_release,15,0.11282856626071919,-0.2651208771947059,0.09952221149725052,0.42884612520159315,True,,,,0,-1.0746954343533663
48,2402,9402,unconstrained,resident_predictive_authority,15,0.11282856626071919,-0.2651208771947059,0.09952221149725052,0.42884612520159315,True,,,,0,-1.0746954343533663
48,2402,9402,unconstrained,raw_release,16,0.16707912545216175,0.0956728368349915,-0.10094668999911502,0.24847753775744952,True,,,,0,-1.01214106616318
48,2402,9402,unconstrained,resident_predictive_authority,16,0.16707912545216175,0.0956728368349915,-0.10094668999911502,0.24847753775744952,True,,,,0,-1.01214106616318
48,2402,9402,unconstrained,raw_release,17,0.05577105872628407,-0.08460515714127925,0.03763781135757038,0.2626484573798624,True,,,,0,-1.0122923560818236
48,2402,9402,unconstrained,resident_predictive_authority,17,0.05577105872628407,-0.08460515714127925,0.03763781135757038,0.2626484573798624,True,,,,0,-1.0122923560818236
48,2402,9402,unconstrained,raw_release,18,-0.13431139974373457,0.17541266801285393,-0.054538764330049755,0.24269439551753313,True,,,,0,-1.0129105790989057
48,2402,9402,unconstrained,resident_predictive_authority,18,-0.13431139974373457,0.17541266801285393,-0.054538764330049755,0.24269439551753313,True,,,,0,-1.0129105790989057
48,2402,9402,unconstrained,raw_release,19,-0.21561016464278748,0.008923015284333147,-0.0011748710301789367,0.925454501858546,True,,,,0,-1.1898845764541937
48,2402,9402,unconstrained,resident_predictive_authority,19,-0.21561016464278748,0.008923015284333147,-0.0011748710301789367,0.925454501858546,True,,,,0,-1.1898845764541937
48,2402,9402,unconstrained,raw_release,20,0.11401875199531891,-0.13115462166531866,0.06983546283339762,-0.21960493302451756,True,,,,0,-0.9412745860866389
48,2402,9402,unconstrained,resident_predictive_authority,20,0.11401875199531891,-0.13115462166531866,0.06983546283339762,-0.21960493302451756,True,,,,0,-0.9412745860866389
48,2402,9402,unconstrained,raw_release,21,0.18962784207239597,-0.23035359537721956,-0.06171452407819776,-0.07400775096147716,True,,,,0,-0.9776069905668765
48,2402,9402,unconstrained,resident_predictive_authority,21,0.18962784207239597,-0.23035359537721956,-0.06171452407819776,-0.07400775096147716,True,,,,0,-0.9776069905668765
48,2402,9402,unconstrained,raw_release,22,-0.027635176060562316,0.18429915184075907,-0.12635256187958555,-0.2841485898875251,True,,,,0,-1.039660324485571
48,2402,9402,unconstrained,resident_predictive_authority,22,-0.027635176060562316,0.18429915184075907,-0.12635256187958555,-0.2841485898875251,True,,,,0,-1.039660324485571
48,2402,9402,unconstrained,raw_release,23,0.24561840129149276,-0.030448378743730076,0.13655800786421377,-0.9181172325571385,True,,,,0,-0.9265172403099716
48,2402,9402,unconstrained,resident_predictive_authority,23,0.24561840129149276,-0.030448378743730076,0.13655800786421377,-0.9181172325571385,True,,,,0,-0.9265172403099716
48,2402,9402,constrained,raw_release,0,-0.1615132658346754,-0.11550841429297021,0.022901916924437354,-0.19872794657738346,True,,,,0,-0.9458581702072705
48,2402,9402,constrained,resident_predictive_authority,0,-0.1615132658346754,-0.11550841429297021,0.022901916924437354,-0.19872794657738346,True,,,,0,-0.9458581702072705
48,2402,9402,constrained,raw_release,1,-0.23125258539530125,-0.4708958092866965,-0.08196714238104882,-0.012070195004850959,True,,,,0,-1.0625677545012924
48,2402,9402,constrained,resident_predictive_authority,1,-0.23125258539530125,-0.4708958092866965,-0.08196714238104882,-0.012070195004850959,True,,,,0,-1.0625677545012924
48,2402,9402,constrained,raw_release,2,0.2220813058257321,-0.35566005836398207,-0.09216345249958499,-0.8980457102004791,False,4,,,0,0.0
48,2402,9402,constrained,resident_predictive_authority,2,0.2220813058257321,-0.35566005836398207,-0.09216345249958499,-0.8980457102004791,False,4,,,0,0.0
48,2402,9402,constrained,raw_release,3,-0.22179393018453925,-0.07777225425505163,0.14248972857317013,-0.10588498526529166,True,,,,0,-0.9666920873604482
48,2402,9402,constrained,resident_predictive_authority,3,-0.22179393018453925,-0.07777225425505163,0.14248972857317013,-0.10588498526529166,True,,,,0,-0.9666920873604482
48,2402,9402,constrained,raw_release,4,-0.15422906142631143,0.19114444828931965,0.10415437768981164,-0.7061183821692663,True,,,,0,-0.9364428035886284
48,2402,9402,constrained,resident_predictive_authority,4,-0.15422906142631143,0.19114444828931965,0.10415437768981164,-0.7061183821692663,True,,,,0,-0.9364428035886284
48,2402,9402,constrained,raw_release,5,-0.16789680924529132,0.41142689389472853,0.12684019128832133,-0.3516263290394035,True,,,,0,-1.0246771223954443
48,2402,9402,constrained,resident_predictive_authority,5,-0.16789680924529132,0.41142689389472853,0.12684019128832133,-0.3516263290394035,True,,,,0,-1.0246771223954443
48,2402,9402,constrained,raw_release,6,0.14861907264167784,-0.1845502128166714,0.0959413297126687,-0.7141045553597423,True,,,,0,-0.922074224744827
48,2402,9402,constrained,resident_predictive_authority,6,0.14861907264167784,-0.1845502128166714,0.0959413297126687,-0.7141045553597423,True,,,,0,-0.922074224744827
48,2402,9402,constrained,raw_release,7,-0.10863980033178833,0.1644621432838459,0.14519679488271733,-0.0022260290963271867,True,,,,0,-1.0766092368210953
48,2402,9402,constrained,resident_predictive_authority,7,-0.10863980033178833,0.1644621432838459,0.14519679488271733,-0.0022260290963271867,True,,,,0,-1.0766092368210953
48,2402,9402,constrained,raw_release,8,0.1292871832895483,-0.13563608662713889,0.014668528429913397,-0.3319672756419818,True,,,,0,-0.9387517101530316
48,2402,9402,constrained,resident_predictive_authority,8,0.1292871832895483,-0.13563608662713889,0.014668528429913397,-0.3319672756419818,True,,,,0,-0.9387517101530316
48,2402,9402,constrained,raw_release,9,-0.07392579830891222,-0.10344817926059846,-0.10635514975180503,0.036486951081318386,True,,,,0,-1.000410049229895
48,2402,9402,constrained,resident_predictive_authority,9,-0.07392579830891222,-0.10344817926059846,-0.10635514975180503,0.036486951081318386,True,,,,0,-1.000410049229895
48,2402,9402,constrained,raw_release,10,-0.2074934045065741,0.20887486526909593,0.08965212477657003,-0.035037393249783166,True,,,,0,-1.0155626858412268
48,2402,9402,constrained,resident_predictive_authority,10,-0.2074934045065741,0.20887486526909593,0.08965212477657003,-0.035037393249783166,True,,,,0,-1.0155626858412268
48,2402,9402,constrained,raw_release,11,0.23275973662398242,-0.28224819137442847,-0.0700709139324361,0.8225530521316899,True,,,,0,-1.0388745552658374
48,2402,9402,constrained,resident_predictive_authority,11,0.23275973662398242,-0.28224819137442847,-0.0700709139324361,0.8225530521316899,True,,,,0,-1.0388745552658374
48,2402,9402,constrained,raw_release,12,0.00685196063295157,0.20588002511140913,0.029008948852395744,-0.8629475406840037,True,,,,0,-0.9740294359198874
48,2402,9402,constrained,resident_predictive_authority,12,0.00685196063295157,0.20588002511140913,0.029008948852395744,-0.8629475406840037,True,,,,0,-0.9740294359198874
48,2402,9402,constrained,raw_release,13,0.11333854629267465,0.14397166846365073,-0.031238134746449903,-0.3094731950025562,True,,,,0,-0.9677775989449403
48,2402,9402,constrained,resident_predictive_authority,13,0.11333854629267465,0.14397166846365073,-0.031238134746449903,-0.3094731950025562,True,,,,0,-0.9677775989449403
48,2402,9402,constrained,raw_release,14,-0.08238621927640682,0.007568370354010923,-0.1277880112880462,0.2973995599348773,True,,,,0,-0.9936500220782684
48,2402,9402,constrained,resident_predictive_authority,14,-0.08238621927640682,0.007568370354010923,-0.1277880112880462,0.2973995599348773,True,,,,0,-0.9936500220782684
48,2402,9402,constrained,raw_release,15,0.11282856626071919,-0.2651208771947059,0.09952221149725052,0.42884612520159315,True,,,,0,-1.0613724359253554
48,2402,9402,constrained,resident_predictive_authority,15,0.11282856626071919,-0.2651208771947059,0.09952221149725052,0.42884612520159315,True,,,,0,-1.0613724359253554
48,2402,9402,constrained,raw_release,16,0.16707912545216175,0.0956728368349915,-0.10094668999911502,0.24847753775744952,True,,,,0,-0.9983341675703844
48,2402,9402,constrained,resident_predictive_authority,16,0.16707912545216175,0.0956728368349915,-0.10094668999911502,0.24847753775744952,True,,,,0,-0.9983341675703844
48,2402,9402,constrained,raw_release,17,0.05577105872628407,-0.08460515714127925,0.03763781135757038,0.2626484573798624,True,,,,0,-0.9989007136412529
48,2402,9402,constrained,resident_predictive_authority,17,0.05577105872628407,-0.08460515714127925,0.03763781135757038,0.2626484573798624,True,,,,0,-0.9989007136412529
48,2402,9402,constrained,raw_release,18,-0.13431139974373457,0.17541266801285393,-0.054538764330049755,0.24269439551753313,True,,,,0,-0.999035554225799
48,2402,9402,constrained,resident_predictive_authority,18,-0.13431139974373457,0.17541266801285393,-0.054538764330049755,0.24269439551753313,True,,,,0,-0.999035554225799
48,2402,9402,constrained,raw_release,19,-0.21561016464278748,0.008923015284333147,-0.0011748710301789367,0.925454501858546,True,,,,0,-1.1752831387269533
48,2402,9402,constrained,resident_predictive_authority,19,-0.21561016464278748,0.008923015284333147,-0.0011748710301789367,0.925454501858546,True,,,,0,-1.1752831387269533
48,2402,9402,constrained,raw_release,20,0.11401875199531891,-0.13115462166531866,0.06983546283339762,-0.21960493302451756,True,,,,0,-0.9286810194283056
48,2402,9402,constrained,resident_predictive_authority,20,0.11401875199531891,-0.13115462166531866,0.06983546283339762,-0.21960493302451756,True,,,,0,-0.9286810194283056
48,2402,9402,constrained,raw_release,21,0.18962784207239597,-0.23035359537721956,-0.06171452407819776,-0.07400775096147716,True,,,,0,-0.9649535422562534
48,2402,9402,constrained,resident_predictive_authority,21,0.18962784207239597,-0.23035359537721956,-0.06171452407819776,-0.07400775096147716,True,,,,0,-0.9649535422562534
48,2402,9402,constrained,raw_release,22,-0.027635176060562316,0.18429915184075907,-0.12635256187958555,-0.2841485898875251,True,,,,0,-1.026764189476032
48,2402,9402,constrained,resident_predictive_authority,22,-0.027635176060562316,0.18429915184075907,-0.12635256187958555,-0.2841485898875251,True,,,,0,-1.026764189476032
48,2402,9402,constrained,raw_release,23,0.24561840129149276,-0.030448378743730076,0.13655800786421377,-0.9181172325571385,True,,,,0,-0.9146502953762375
48,2402,9402,constrained,resident_predictive_authority,23,0.24561840129149276,-0.030448378743730076,0.13655800786421377,-0.9181172325571385,True,,,,0,-0.9146502953762375
48,2403,9403,clean,raw_release,0,0.04237540386041805,0.26447256543997144,0.03623107304013773,0.15298973558639295,True,,,,0,-0.41265928481708286
48,2403,9403,clean,resident_predictive_authority,0,0.04237540386041805,0.26447256543997144,0.03623107304013773,0.15298973558639295,True,,,,0,-0.41265928481708286
48,2403,9403,clean,raw_release,1,0.05971924862433492,-0.47088839794698634,-0.134663015902147,-0.13038366488445718,True,,,,0,-0.5863926103991591
48,2403,9403,clean,resident_predictive_authority,1,0.05971924862433492,-0.47088839794698634,-0.134663015902147,-0.13038366488445718,True,,,,0,-0.5863926103991591
48,2403,9403,clean,raw_release,2,0.16102137161155777,-0.3138271220486466,-0.12343455370860118,-0.27766711089340346,True,,,,0,-0.5475367859675984
48,2403,9403,clean,resident_predictive_authority,2,0.16102137161155777,-0.3138271220486466,-0.12343455370860118,-0.27766711089340346,True,,,,0,-0.5475367859675984
48,2403,9403,clean,raw_release,3,-0.0837765659588095,0.05815652852624831,-0.031714561617589204,0.17128902420975511,True,,,,0,-0.351990879410848
48,2403,9403,clean,resident_predictive_authority,3,-0.0837765659588095,0.05815652852624831,-0.031714561617589204,0.17128902420975511,True,,,,0,-0.351990879410848
48,2403,9403,clean,raw_release,4,0.040034264443295164,0.12174459266372195,0.04394110610039689,-0.9804559548095892,True,,,,0,-0.45958803285935196
48,2403,9403,clean,resident_predictive_authority,4,0.040034264443295164,0.12174459266372195,0.04394110610039689,-0.9804559548095892,True,,,,0,-0.45958803285935196
48,2403,9403,clean,raw_release,5,0.21789206300441405,-0.3932372277009709,-0.05699049730981888,0.24712551906842894,True,,,,0,-0.3733544400780027
48,2403,9403,clean,resident_predictive_authority,5,0.21789206300441405,-0.3932372277009709,-0.05699049730981888,0.24712551906842894,True,,,,0,-0.3733544400780027
48,2403,9403,clean,raw_release,6,0.1650303137739168,-0.2918379492226164,-0.09568885642082806,0.7748641172638968,True,,,,0,-0.36647916492359656
48,2403,9403,clean,resident_predictive_authority,6,0.1650303137739168,-0.2918379492226164,-0.09568885642082806,0.7748641172638968,True,,,,0,-0.36647916492359656
48,2403,9403,clean,raw_release,7,-0.028271732529076,-0.019272369115803767,-0.10237237861244469,-0.31961648057736314,True,,,,0,-0.47398002053942645
48,2403,9403,clean,resident_predictive_authority,7,-0.028271732529076,-0.019272369115803767,-0.10237237861244469,-0.31961648057736314,True,,,,0,-0.47398002053942645
48,2403,9403,clean,raw_release,8,-0.11543830144010397,0.22403732187844405,0.016489304014767614,-0.5905014221288962,True,,,,0,-0.3933142317951625
48,2403,9403,clean,resident_predictive_authority,8,-0.11543830144010397,0.22403732187844405,0.016489304014767614,-0.5905014221288962,True,,,,0,-0.3933142317951625
48,2403,9403,clean,raw_release,9,-0.016567574069167923,0.19741663010363597,-0.12939531898723602,-0.46979901357263887,True,,,,0,-0.4948370588279778
48,2403,9403,clean,resident_predictive_authority,9,-0.016567574069167923,0.19741663010363597,-0.12939531898723602,-0.46979901357263887,True,,,,0,-0.4948370588279778
48,2403,9403,clean,raw_release,10,0.1745907873834769,-0.1048824166141169,0.08909567750064087,0.5859942362164421,True,,,,0,-0.5357598874738995
48,2403,9403,clean,resident_predictive_authority,10,0.1745907873834769,-0.1048824166141169,0.08909567750064087,0.5859942362164421,True,,,,0,-0.5357598874738995
48,2403,9403,clean,raw_release,11,-0.03847045771985175,0.43176293434981516,0.007970863726065064,0.44778667702476516,True,,,,0,-0.4848707942838357
48,2403,9403,clean,resident_predictive_authority,11,-0.03847045771985175,0.43176293434981516,0.007970863726065064,0.44778667702476516,True,,,,0,-0.4848707942838357
48,2403,9403,clean,raw_release,12,-0.22444605760822894,0.10817681887231889,0.01948681031519703,-0.5150388217823576,True,,,,0,-0.40877839548646144
48,2403,9403,clean,resident_predictive_authority,12,-0.22444605760822894,0.10817681887231889,0.01948681031519703,-0.5150388217823576,True,,,,0,-0.40877839548646144
48,2403,9403,clean,raw_release,13,0.17774691954406024,0.22527938931914238,0.08330843071574281,0.22286110083895538,True,,,,0,-0.5019102686560426
48,2403,9403,clean,resident_predictive_authority,13,0.17774691954406024,0.22527938931914238,0.08330843071574281,0.22286110083895538,True,,,,0,-0.5019102686560426
48,2403,9403,clean,raw_release,14,-0.10850998223149316,0.4354622304700557,0.10088329066952492,0.18159718063124686,True,,,,0,-0.5146654320970324
48,2403,9403,clean,resident_predictive_authority,14,-0.10850998223149316,0.4354622304700557,0.10088329066952492,0.18159718063124686,True,,,,0,-0.5146654320970324
48,2403,9403,clean,raw_release,15,-0.009247772071316496,-0.34897273229927506,-0.06621511103122212,-0.9006727257516152,True,10,10,,0,-0.8137122640840403
48,2403,9403,clean,resident_predictive_authority,15,-0.009247772071316496,-0.34897273229927506,-0.06621511103122212,-0.9006727257516152,True,10,,6,107,-0.4905615375896395
48,2403,9403,clean,raw_release,16,0.20905149789891092,0.14519468408374148,-0.005466949347711719,0.10214163432225543,True,,,,0,-0.38074806953143375
48,2403,9403,clean,resident_predictive_authority,16,0.20905149789891092,0.14519468408374148,-0.005466949347711719,0.10214163432225543,True,,,,0,-0.38074806953143375
48,2403,9403,clean,raw_release,17,-0.056677354911770894,0.24040346367663534,0.018577432708950098,0.9064956673197597,True,,,,0,-0.6074613939678144
48,2403,9403,clean,resident_predictive_authority,17,-0.056677354911770894,0.24040346367663534,0.018577432708950098,0.9064956673197597,True,,,,0,-0.6074613939678144
48,2403,9403,clean,raw_release,18,0.05727457937952235,0.2610902307289855,0.03738319937221546,0.37853515039552543,True,,,,0,-0.47243315118230583
48,2403,9403,clean,resident_predictive_authority,18,0.05727457937952235,0.2610902307289855,0.03738319937221546,0.37853515039552543,True,,,,0,-0.47243315118230583
48,2403,9403,clean,raw_release,19,-0.20981402525047205,-0.12381459613790236,0.06792588099877467,-0.33768336739643123,True,,,,0,-0.387206824721077
48,2403,9403,clean,resident_predictive_authority,19,-0.20981402525047205,-0.12381459613790236,0.06792588099877467,-0.33768336739643123,True,,,,0,-0.387206824721077
48,2403,9403,clean,raw_release,20,0.053591948688482494,0.12977728171103486,0.008325031155409779,0.0033361960191899964,True,,,,0,-0.36073291230362015
48,2403,9403,clean,resident_predictive_authority,20,0.053591948688482494,0.12977728171103486,0.008325031155409779,0.0033361960191899964,True,,,,0,-0.36073291230362015
48,2403,9403,clean,raw_release,21,-0.2169336328542284,-0.31546536001737124,-0.05444445267791115,-0.4666973787726263,True,12,12,,0,-0.60415350890999
48,2403,9403,clean,resident_predictive_authority,21,-0.2169336328542284,-0.31546536001737124,-0.05444445267791115,-0.4666973787726263,True,12,,8,92,-0.3284668129771348
48,2403,9403,clean,raw_release,22,-0.14924329803794767,0.3501669178335435,0.11694937582200846,-0.7610449462007536,True,,,,0,-0.37026662634214536
48,2403,9403,clean,resident_predictive_authority,22,-0.14924329803794767,0.3501669178335435,0.11694937582200846,-0.7610449462007536,True,,,,0,-0.37026662634214536
48,2403,9403,clean,raw_release,23,-0.13877475020572827,-0.2989891435578236,0.09364178924583857,0.9168605477708485,True,,,,0,-0.5490630611060929
48,2403,9403,clean,resident_predictive_authority,23,-0.13877475020572827,-0.2989891435578236,0.09364178924583857,0.9168605477708485,True,,,,0,-0.5490630611060929
48,2403,9403,unconstrained,raw_release,0,0.04237540386041805,0.26447256543997144,0.03623107304013773,0.15298973558639295,True,94,94,,0,-1.3167977235438613
48,2403,9403,unconstrained,resident_predictive_authority,0,0.04237540386041805,0.26447256543997144,0.03623107304013773,0.15298973558639295,True,94,91,90,30,-1.3673450431384808
48,2403,9403,unconstrained,raw_release,1,0.05971924862433492,-0.47088839794698634,-0.134663015902147,-0.13038366488445718,True,10,10,,0,-1.2927558875395297
48,2403,9403,unconstrained,resident_predictive_authority,1,0.05971924862433492,-0.47088839794698634,-0.134663015902147,-0.13038366488445718,True,10,,6,83,-0.4243845860692762
48,2403,9403,unconstrained,raw_release,2,0.16102137161155777,-0.3138271220486466,-0.12343455370860118,-0.27766711089340346,True,113,113,,0,-1.2629692684218716
48,2403,9403,unconstrained,resident_predictive_authority,2,0.16102137161155777,-0.3138271220486466,-0.12343455370860118,-0.27766711089340346,True,113,110,109,11,-1.3130721300582573
48,2403,9403,unconstrained,raw_release,3,-0.0837765659588095,0.05815652852624831,-0.031714561617589204,0.17128902420975511,True,101,101,,0,-1.211384158739805
48,2403,9403,unconstrained,resident_predictive_authority,3,-0.0837765659588095,0.05815652852624831,-0.031714561617589204,0.17128902420975511,True,101,99,97,23,-1.2816359064986367
48,2403,9403,unconstrained,raw_release,4,0.040034264443295164,0.12174459266372195,0.04394110610039689,-0.9804559548095892,True,111,111,,0,-1.1843156119734146
48,2403,9403,unconstrained,resident_predictive_authority,4,0.040034264443295164,0.12174459266372195,0.04394110610039689,-0.9804559548095892,True,111,108,107,13,-1.2415080839305195
48,2403,9403,unconstrained,raw_release,5,0.21789206300441405,-0.3932372277009709,-0.05699049730981888,0.24712551906842894,True,107,107,,0,-1.166609159985579
48,2403,9403,unconstrained,resident_predictive_authority,5,0.21789206300441405,-0.3932372277009709,-0.05699049730981888,0.24712551906842894,True,107,105,103,17,-1.233533108818361
48,2403,9403,unconstrained,raw_release,6,0.1650303137739168,-0.2918379492226164,-0.09568885642082806,0.7748641172638968,True,100,100,,0,-1.242930949469318
48,2403,9403,unconstrained,resident_predictive_authority,6,0.1650303137739168,-0.2918379492226164,-0.09568885642082806,0.7748641172638968,True,100,98,96,24,-1.3115231720916023
48,2403,9403,unconstrained,raw_release,7,-0.028271732529076,-0.019272369115803767,-0.10237237861244469,-0.31961648057736314,True,110,110,,0,-1.2416734187142042
48,2403,9403,unconstrained,resident_predictive_authority,7,-0.028271732529076,-0.019272369115803767,-0.10237237861244469,-0.31961648057736314,True,110,107,106,14,-1.3022873973984046
48,2403,9403,unconstrained,raw_release,8,-0.11543830144010397,0.22403732187844405,0.016489304014767614,-0.5905014221288962,True,106,106,,0,-1.1881792612067992
48,2403,9403,unconstrained,resident_predictive_authority,8,-0.11543830144010397,0.22403732187844405,0.016489304014767614,-0.5905014221288962,True,106,104,102,18,-1.2573948399324375
48,2403,9403,unconstrained,raw_release,9,-0.016567574069167923,0.19741663010363597,-0.12939531898723602,-0.46979901357263887,True,110,110,,0,-1.2656625157508306
48,2403,9403,unconstrained,resident_predictive_authority,9,-0.016567574069167923,0.19741663010363597,-0.12939531898723602,-0.46979901357263887,True,110,108,106,14,-1.3263225083952428
48,2403,9403,unconstrained,raw_release,10,0.1745907873834769,-0.1048824166141169,0.08909567750064087,0.5859942362164421,True,89,89,,0,-1.4365210598664606
48,2403,9403,unconstrained,resident_predictive_authority,10,0.1745907873834769,-0.1048824166141169,0.08909567750064087,0.5859942362164421,True,89,86,85,35,-1.456786980451356
48,2403,9403,unconstrained,raw_release,11,-0.03847045771985175,0.43176293434981516,0.007970863726065064,0.44778667702476516,True,84,84,,0,-1.4635033616113595
48,2403,9403,unconstrained,resident_predictive_authority,11,-0.03847045771985175,0.43176293434981516,0.007970863726065064,0.44778667702476516,True,84,82,80,40,-1.440431372127964
48,2403,9403,unconstrained,raw_release,12,-0.22444605760822894,0.10817681887231889,0.01948681031519703,-0.5150388217823576,True,107,107,,0,-1.1902136745650915
48,2403,9403,unconstrained,resident_predictive_authority,12,-0.22444605760822894,0.10817681887231889,0.01948681031519703,-0.5150388217823576,True,107,105,103,17,-1.2581328675994745
48,2403,9403,unconstrained,raw_release,13,0.17774691954406024,0.22527938931914238,0.08330843071574281,0.22286110083895538,True,89,89,,0,-1.417249695456919
48,2403,9403,unconstrained,resident_predictive_authority,13,0.17774691954406024,0.22527938931914238,0.08330843071574281,0.22286110083895538,True,89,86,85,35,-1.4376080399941054
48,2403,9403,unconstrained,raw_release,14,-0.10850998223149316,0.4354622304700557,0.10088329066952492,0.18159718063124686,True,85,85,,0,-1.4612683206295698
48,2403,9403,unconstrained,resident_predictive_authority,14,-0.10850998223149316,0.4354622304700557,0.10088329066952492,0.18159718063124686,True,85,83,81,39,-1.4478129791171326
48,2403,9403,unconstrained,raw_release,15,-0.009247772071316496,-0.34897273229927506,-0.06621511103122212,-0.9006727257516152,True,9,9,,0,-1.4354027608377464
48,2403,9403,unconstrained,resident_predictive_authority,15,-0.009247772071316496,-0.34897273229927506,-0.06621511103122212,-0.9006727257516152,True,9,,5,107,-0.5270072211099011
48,2403,9403,unconstrained,raw_release,16,0.20905149789891092,0.14519468408374148,-0.005466949347711719,0.10214163432225543,True,99,99,,0,-1.2565023071812937
48,2403,9403,unconstrained,resident_predictive_authority,16,0.20905149789891092,0.14519468408374148,-0.005466949347711719,0.10214163432225543,True,99,96,95,25,-1.3231899907342302
48,2403,9403,unconstrained,raw_release,17,-0.056677354911770894,0.24040346367663534,0.018577432708950098,0.9064956673197597,True,77,77,,0,-1.6158958330579314
48,2403,9403,unconstrained,resident_predictive_authority,17,-0.056677354911770894,0.24040346367663534,0.018577432708950098,0.9064956673197597,True,77,75,73,47,-1.5128636960832824
48,2403,9403,unconstrained,raw_release,18,0.05727457937952235,0.2610902307289855,0.03738319937221546,0.37853515039552543,True,88,88,,0,-1.409676278317378
48,2403,9403,unconstrained,resident_predictive_authority,18,0.05727457937952235,0.2610902307289855,0.03738319937221546,0.37853515039552543,True,88,86,84,36,-1.4223325023522322
48,2403,9403,unconstrained,raw_release,19,-0.20981402525047205,-0.12381459613790236,0.06792588099877467,-0.33768336739643123,True,107,107,,0,-1.1490258173136567
48,2403,9403,unconstrained,resident_predictive_authority,19,-0.20981402525047205,-0.12381459613790236,0.06792588099877467,-0.33768336739643123,True,107,104,103,17,-1.2168291142711678
48,2403,9403,unconstrained,raw_release,20,0.053591948688482494,0.12977728171103486,0.008325031155409779,0.0033361960191899964,True,101,101,,0,-1.2162086369914655
48,2403,9403,unconstrained,resident_predictive_authority,20,0.053591948688482494,0.12977728171103486,0.008325031155409779,0.0033361960191899964,True,101,98,97,23,-1.2860729052795397
48,2403,9403,unconstrained,raw_release,21,-0.2169336328542284,-0.31546536001737124,-0.05444445267791115,-0.4666973787726263,True,9,9,,0,-1.300537967329895
48,2403,9403,unconstrained,resident_predictive_authority,21,-0.2169336328542284,-0.31546536001737124,-0.05444445267791115,-0.4666973787726263,True,9,,5,95,-0.3683913349651562
48,2403,9403,unconstrained,raw_release,22,-0.14924329803794767,0.3501669178335435,0.11694937582200846,-0.7610449462007536,True,104,104,,0,-1.1662861149108261
48,2403,9403,unconstrained,resident_predictive_authority,22,-0.14924329803794767,0.3501669178335435,0.11694937582200846,-0.7610449462007536,True,104,102,100,20,-1.2371704795155336
48,2403,9403,unconstrained,raw_release,23,-0.13877475020572827,-0.2989891435578236,0.09364178924583857,0.9168605477708485,True,90,90,,0,-1.4498842285892501
48,2403,9403,unconstrained,resident_predictive_authority,23,-0.13877475020572827,-0.2989891435578236,0.09364178924583857,0.9168605477708485,True,90,87,86,34,-1.4775170681899938
48,2403,9403,constrained,raw_release,0,0.04237540386041805,0.26447256543997144,0.03623107304013773,0.15298973558639295,True,111,111,,0,-1.29392322162714
48,2403,9403,constrained,resident_predictive_authority,0,0.04237540386041805,0.26447256543997144,0.03623107304013773,0.15298973558639295,True,111,108,107,13,-1.3457635866719093
48,2403,9403,constrained,raw_release,1,0.05971924862433492,-0.47088839794698634,-0.134663015902147,-0.13038366488445718,True,9,9,,0,-1.3557605034040328
48,2403,9403,constrained,resident_predictive_authority,1,0.05971924862433492,-0.47088839794698634,-0.134663015902147,-0.13038366488445718,True,9,,5,90,-0.3718723279118127
48,2403,9403,constrained,raw_release,2,0.16102137161155777,-0.3138271220486466,-0.12343455370860118,-0.27766711089340346,True,10,10,,0,-1.3211990765271284
48,2403,9403,constrained,resident_predictive_authority,2,0.16102137161155777,-0.3138271220486466,-0.12343455370860118,-0.27766711089340346,True,10,,6,75,-0.3997558782471125
48,2403,9403,constrained,raw_release,3,-0.0837765659588095,0.05815652852624831,-0.031714561617589204,0.17128902420975511,True,118,118,,0,-1.2091358929484637
48,2403,9403,constrained,resident_predictive_authority,3,-0.0837765659588095,0.05815652852624831,-0.031714561617589204,0.17128902420975511,True,118,115,114,6,-1.2343407903217705
48,2403,9403,constrained,raw_release,4,0.040034264443295164,0.12174459266372195,0.04394110610039689,-0.9804559548095892,True,,,,0,-1.241700870558806
48,2403,9403,constrained,resident_predictive_authority,4,0.040034264443295164,0.12174459266372195,0.04394110610039689,-0.9804559548095892,True,,,,0,-1.241700870558806
48,2403,9403,constrained,raw_release,5,0.21789206300441405,-0.3932372277009709,-0.05699049730981888,0.24712551906842894,True,,,,0,-1.1961568015880013
48,2403,9403,constrained,resident_predictive_authority,5,0.21789206300441405,-0.3932372277009709,-0.05699049730981888,0.24712551906842894,True,,119,118,2,-1.2105580017544142
48,2403,9403,constrained,raw_release,6,0.1650303137739168,-0.2918379492226164,-0.09568885642082806,0.7748641172638968,True,117,117,,0,-1.2315871120255888
48,2403,9403,constrained,resident_predictive_authority,6,0.1650303137739168,-0.2918379492226164,-0.09568885642082806,0.7748641172638968,True,117,114,113,7,-1.260673377985763
48,2403,9403,constrained,raw_release,7,-0.028271732529076,-0.019272369115803767,-0.10237237861244469,-0.31961648057736314,True,,,,0,-1.2776807627644327
48,2403,9403,constrained,resident_predictive_authority,7,-0.028271732529076,-0.019272369115803767,-0.10237237861244469,-0.31961648057736314,True,,,,0,-1.2776807627644327
48,2403,9403,constrained,raw_release,8,-0.11543830144010397,0.22403732187844405,0.016489304014767614,-0.5905014221288962,True,,,,0,-1.2175702512498907
48,2403,9403,constrained,resident_predictive_authority,8,-0.11543830144010397,0.22403732187844405,0.016489304014767614,-0.5905014221288962,True,,119,118,2,-1.2319535212801658
48,2403,9403,constrained,raw_release,9,-0.016567574069167923,0.19741663010363597,-0.12939531898723602,-0.46979901357263887,True,,,,0,-1.2953607835289314
48,2403,9403,constrained,resident_predictive_authority,9,-0.016567574069167923,0.19741663010363597,-0.12939531898723602,-0.46979901357263887,True,,,,0,-1.2953607835289314
48,2403,9403,constrained,raw_release,10,0.1745907873834769,-0.1048824166141169,0.08909567750064087,0.5859942362164421,True,106,106,,0,-1.4149969076207123
48,2403,9403,constrained,resident_predictive_authority,10,0.1745907873834769,-0.1048824166141169,0.08909567750064087,0.5859942362164421,True,106,103,102,18,-1.4784942823810885
48,2403,9403,constrained,raw_release,11,-0.03847045771985175,0.43176293434981516,0.007970863726065064,0.44778667702476516,True,104,104,,0,-1.4036313767962487
48,2403,9403,constrained,resident_predictive_authority,11,-0.03847045771985175,0.43176293434981516,0.007970863726065064,0.44778667702476516,True,104,101,100,20,-1.4693974252727224
48,2403,9403,constrained,raw_release,12,-0.22444605760822894,0.10817681887231889,0.01948681031519703,-0.5150388217823576,True,,,,0,-1.2256843270525575
48,2403,9403,constrained,resident_predictive_authority,12,-0.22444605760822894,0.10817681887231889,0.01948681031519703,-0.5150388217823576,True,,119,118,2,-1.2400556287724707
48,2403,9403,constrained,raw_release,13,0.17774691954406024,0.22527938931914238,0.08330843071574281,0.22286110083895538,True,106,106,,0,-1.3891537916126346
48,2403,9403,constrained,resident_predictive_authority,13,0.17774691954406024,0.22527938931914238,0.08330843071574281,0.22286110083895538,True,106,103,102,18,-1.452640730117561
48,2403,9403,constrained,raw_release,14,-0.10850998223149316,0.4354622304700557,0.10088329066952492,0.18159718063124686,True,103,103,,0,-1.4171072654854726
48,2403,9403,constrained,resident_predictive_authority,14,-0.10850998223149316,0.4354622304700557,0.10088329066952492,0.18159718063124686,True,103,100,99,21,-1.4833604214532305
48,2403,9403,constrained,raw_release,15,-0.009247772071316496,-0.34897273229927506,-0.06621511103122212,-0.9006727257516152,True,9,9,,0,-1.5273271199344127
48,2403,9403,constrained,resident_predictive_authority,15,-0.009247772071316496,-0.34897273229927506,-0.06621511103122212,-0.9006727257516152,True,9,,5,107,-0.521271703466174
48,2403,9403,constrained,raw_release,16,0.20905149789891092,0.14519468408374148,-0.005466949347711719,0.10214163432225543,True,116,116,,0,-1.2475702446770474
48,2403,9403,constrained,resident_predictive_authority,16,0.20905149789891092,0.14519468408374148,-0.005466949347711719,0.10214163432225543,True,116,113,112,8,-1.280670928669934
48,2403,9403,constrained,raw_release,17,-0.056677354911770894,0.24040346367663534,0.018577432708950098,0.9064956673197597,True,95,96,,0,-1.5407367276929755
48,2403,9403,constrained,resident_predictive_authority,17,-0.056677354911770894,0.24040346367663534,0.018577432708950098,0.9064956673197597,True,95,93,92,28,-1.596841353925364
48,2403,9403,constrained,raw_release,18,0.05727457937952235,0.2610902307289855,0.03738319937221546,0.37853515039552543,True,106,107,,0,-1.3704935431737064
48,2403,9403,constrained,resident_predictive_authority,18,0.05727457937952235,0.2610902307289855,0.03738319937221546,0.37853515039552543,True,106,104,103,17,-1.4323824090506365
48,2403,9403,constrained,raw_release,19,-0.20981402525047205,-0.12381459613790236,0.06792588099877467,-0.33768336739643123,True,,,,0,-1.1937248340234048
48,2403,9403,constrained,resident_predictive_authority,19,-0.20981402525047205,-0.12381459613790236,0.06792588099877467,-0.33768336739643123,True,,119,118,2,-1.2081012905648385
48,2403,9403,constrained,raw_release,20,0.053591948688482494,0.12977728171103486,0.008325031155409779,0.0033361960191899964,True,117,117,,0,-1.2167989384559459
48,2403,9403,constrained,resident_predictive_authority,20,0.053591948688482494,0.12977728171103486,0.008325031155409779,0.0033361960191899964,True,117,114,113,7,-1.2458924068323218
48,2403,9403,constrained,raw_release,21,-0.2169336328542284,-0.31546536001737124,-0.05444445267791115,-0.4666973787726263,True,9,9,,0,-1.3674939351473985
48,2403,9403,constrained,resident_predictive_authority,21,-0.2169336328542284,-0.31546536001737124,-0.05444445267791115,-0.4666973787726263,True,9,,5,95,-0.36586481218390104
48,2403,9403,constrained,raw_release,22,-0.14924329803794767,0.3501669178335435,0.11694937582200846,-0.7610449462007536,True,119,,,0,-1.1954930683273262
48,2403,9403,constrained,resident_predictive_authority,22,-0.14924329803794767,0.3501669178335435,0.11694937582200846,-0.7610449462007536,True,119,117,116,4,-1.214203179102689
48,2403,9403,constrained,raw_release,23,-0.13877475020572827,-0.2989891435578236,0.09364178924583857,0.9168605477708485,True,106,106,,0,-1.4270721939304134
48,2403,9403,constrained,resident_predictive_authority,23,-0.13877475020572827,-0.2989891435578236,0.09364178924583857,0.9168605477708485,True,106,103,102,18,-1.4907891102194055
48,2404,9404,clean,raw_release,0,0.20494857393335447,0.0898250022470366,-0.04392750025828583,-0.8002293313399529,True,,,,0,-0.17984248681184195
48,2404,9404,clean,resident_predictive_authority,0,0.20494857393335447,0.0898250022470366,-0.04392750025828583,-0.8002293313399529,True,,,,0,-0.17984248681184195
48,2404,9404,clean,raw_release,1,-0.12024991508859267,0.10779492088395848,-0.0971185917828507,0.12650020466706624,True,,,,0,-0.0765660040857365
48,2404,9404,clean,resident_predictive_authority,1,-0.12024991508859267,0.10779492088395848,-0.0971185917828507,0.12650020466706624,True,,,,0,-0.0765660040857365
48,2404,9404,clean,raw_release,2,0.06601761092449254,-0.15747615823022187,0.1494687068052624,-0.6762888112628482,True,,,,0,-0.05422958223231831
48,2404,9404,clean,resident_predictive_authority,2,0.06601761092449254,-0.15747615823022187,0.1494687068052624,-0.6762888112628482,True,,,,0,-0.05422958223231831
48,2404,9404,clean,raw_release,3,-0.029231091027740186,0.20439035126009164,-0.0422007585884899,0.9895538420389025,True,,,,0,-0.28551921514249146
48,2404,9404,clean,resident_predictive_authority,3,-0.029231091027740186,0.20439035126009164,-0.0422007585884899,0.9895538420389025,True,,,,0,-0.28551921514249146
48,2404,9404,clean,raw_release,4,-0.1683585189580648,-0.2580752044175664,0.05330610344474962,-0.903608467130042,True,,,,0,-0.24989301428467417
48,2404,9404,clean,resident_predictive_authority,4,-0.1683585189580648,-0.2580752044175664,0.05330610344474962,-0.903608467130042,True,,,,0,-0.24989301428467417
48,2404,9404,clean,raw_release,5,-0.20282492353313392,-0.33914490608508874,0.13233698152167697,0.026048205406692615,True,,,,0,-0.07336057574519703
48,2404,9404,clean,resident_predictive_authority,5,-0.20282492353313392,-0.33914490608508874,0.13233698152167697,0.026048205406692615,True,,,,0,-0.07336057574519703
48,2404,9404,clean,raw_release,6,-0.17303832981079476,-0.09038332155864781,0.12078746274985566,-0.6279637103727436,True,,,,0,-0.07267184621496163
48,2404,9404,clean,resident_predictive_authority,6,-0.17303832981079476,-0.09038332155864781,0.12078746274985566,-0.6279637103727436,True,,,,0,-0.07267184621496163
48,2404,9404,clean,raw_release,7,0.22313750200830434,0.45245364096631624,-0.01593414387653666,-0.2824467142010376,True,,,,0,-0.09304247870298336
48,2404,9404,clean,resident_predictive_authority,7,0.22313750200830434,0.45245364096631624,-0.01593414387653666,-0.2824467142010376,True,,,,0,-0.09304247870298336
48,2404,9404,clean,raw_release,8,0.016777298290890197,0.40744791538809777,-0.08132816172371167,0.1029235615485875,True,,,,0,-0.08541555648320269
48,2404,9404,clean,resident_predictive_authority,8,0.016777298290890197,0.40744791538809777,-0.08132816172371167,0.1029235615485875,True,,,,0,-0.08541555648320269
48,2404,9404,clean,raw_release,9,0.03170050731571172,-0.3726981953647167,-0.06188085381823166,-0.1712880576137108,True,,,,0,-0.15429416793023246
48,2404,9404,clean,resident_predictive_authority,9,0.03170050731571172,-0.3726981953647167,-0.06188085381823166,-0.1712880576137108,True,,,,0,-0.15429416793023246
48,2404,9404,clean,raw_release,10,-0.040243284611834684,-0.20554110539484394,0.005761165454269024,0.31493431096979396,True,,,,0,-0.06296453062504499
48,2404,9404,clean,resident_predictive_authority,10,-0.040243284611834684,-0.20554110539484394,0.005761165454269024,0.31493431096979396,True,,,,0,-0.06296453062504499
48,2404,9404,clean,raw_release,11,-0.13138186358430637,-0.4705918727314794,0.06505809051368117,-0.9371993459109407,True,,,,0,-0.3179015126932429
48,2404,9404,clean,resident_predictive_authority,11,-0.13138186358430637,-0.4705918727314794,0.06505809051368117,-0.9371993459109407,True,,,,0,-0.3179015126932429
48,2404,9404,clean,raw_release,12,-0.04303809242447193,-0.40043893404067066,0.044614119583246514,-0.6967485506871187,True,,,,0,-0.2026940230877043
48,2404,9404,clean,resident_predictive_authority,12,-0.04303809242447193,-0.40043893404067066,0.044614119583246514,-0.6967485506871187,True,,,,0,-0.2026940230877043
48,2404,9404,clean,raw_release,13,0.11338307627160849,-0.04674917394772382,0.07840140785613628,0.7119934945324524,True,,,,0,-0.3002482940002403
48,2404,9404,clean,resident_predictive_authority,13,0.11338307627160849,-0.04674917394772382,0.07840140785613628,0.7119934945324524,True,,,,0,-0.3002482940002403
48,2404,9404,clean,raw_release,14,-0.16319495041622895,0.23552085678289236,0.0005549925370011144,0.3170034714055081,True,,,,0,-0.111230028974914
48,2404,9404,clean,resident_predictive_authority,14,-0.16319495041622895,0.23552085678289236,0.0005549925370011144,0.3170034714055081,True,,,,0,-0.111230028974914
48,2404,9404,clean,raw_release,15,-0.1833212176941194,-0.18479950323097738,0.05643909569660677,0.7499949500732697,True,,,,0,-0.18290366377581416
48,2404,9404,clean,resident_predictive_authority,15,-0.1833212176941194,-0.18479950323097738,0.05643909569660677,0.7499949500732697,True,,,,0,-0.18290366377581416
48,2404,9404,clean,raw_release,16,0.15866216638378722,-0.36673979004392043,-0.021326391033672842,-0.651233623604621,True,,,,0,-0.23016612552833665
48,2404,9404,clean,resident_predictive_authority,16,0.15866216638378722,-0.36673979004392043,-0.021326391033672842,-0.651233623604621,True,,,,0,-0.23016612552833665
48,2404,9404,clean,raw_release,17,0.11203557822311488,-0.3676326565188197,0.032735253018602334,-0.07207214659174799,True,,,,0,-0.057423013707960234
48,2404,9404,clean,resident_predictive_authority,17,0.11203557822311488,-0.3676326565188197,0.032735253018602334,-0.07207214659174799,True,,,,0,-0.057423013707960234
48,2404,9404,clean,raw_release,18,-0.23743326026996753,0.11489504871248479,-0.06341890343945035,-0.46711328693644116,True,,,,0,-0.17126783837859036
48,2404,9404,clean,resident_predictive_authority,18,-0.23743326026996753,0.11489504871248479,-0.06341890343945035,-0.46711328693644116,True,,,,0,-0.17126783837859036
48,2404,9404,clean,raw_release,19,0.12227350939174747,-0.20221401335583056,0.03646929458442663,0.7808473113051881,True,,,,0,-0.2075489874038729
48,2404,9404,clean,resident_predictive_authority,19,0.12227350939174747,-0.20221401335583056,0.03646929458442663,0.7808473113051881,True,,,,0,-0.2075489874038729
48,2404,9404,clean,raw_release,20,-0.10877066905253485,0.03224041355516016,0.06771903309143906,-0.42508551612371615,True,,,,0,-0.0579465873203264
48,2404,9404,clean,resident_predictive_authority,20,-0.10877066905253485,0.03224041355516016,0.06771903309143906,-0.42508551612371615,True,,,,0,-0.0579465873203264
48,2404,9404,clean,raw_release,21,0.1752394995401365,-0.4823532675870893,0.034923315877759764,-0.2831666897558729,True,,,,0,-0.09078850091087308
48,2404,9404,clean,resident_predictive_authority,21,0.1752394995401365,-0.4823532675870893,0.034923315877759764,-0.2831666897558729,True,,,,0,-0.09078850091087308
48,2404,9404,clean,raw_release,22,-0.2187598628276229,-0.06693670476965696,0.06831655423548702,-0.757109440439196,True,,,,0,-0.1385032846909548
48,2404,9404,clean,resident_predictive_authority,22,-0.2187598628276229,-0.06693670476965696,0.06831655423548702,-0.757109440439196,True,,,,0,-0.1385032846909548
48,2404,9404,clean,raw_release,23,0.018086483544280274,0.18106992912055586,0.05902659596694995,-0.7742643010871215,True,,,,0,-0.07807548404166376
48,2404,9404,clean,resident_predictive_authority,23,0.018086483544280274,0.18106992912055586,0.05902659596694995,-0.7742643010871215,True,,,,0,-0.07807548404166376
48,2404,9404,unconstrained,raw_release,0,0.20494857393335447,0.0898250022470366,-0.04392750025828583,-0.8002293313399529,True,12,12,,0,-1.3695746445833605
48,2404,9404,unconstrained,resident_predictive_authority,0,0.20494857393335447,0.0898250022470366,-0.04392750025828583,-0.8002293313399529,True,12,,8,33,-0.7031713254525251
48,2404,9404,unconstrained,raw_release,1,-0.12024991508859267,0.10779492088395848,-0.0971185917828507,0.12650020466706624,True,,,,0,-1.250128936009658
48,2404,9404,unconstrained,resident_predictive_authority,1,-0.12024991508859267,0.10779492088395848,-0.0971185917828507,0.12650020466706624,True,,,,0,-1.250128936009658
48,2404,9404,unconstrained,raw_release,2,0.06601761092449254,-0.15747615823022187,0.1494687068052624,-0.6762888112628482,True,,,,0,-1.2786234231204725
48,2404,9404,unconstrained,resident_predictive_authority,2,0.06601761092449254,-0.15747615823022187,0.1494687068052624,-0.6762888112628482,True,,,,0,-1.2786234231204725
48,2404,9404,unconstrained,raw_release,3,-0.029231091027740186,0.20439035126009164,-0.0422007585884899,0.9895538420389025,True,,,,0,-1.4178935258262537
48,2404,9404,unconstrained,resident_predictive_authority,3,-0.029231091027740186,0.20439035126009164,-0.0422007585884899,0.9895538420389025,True,,,,0,-1.4178935258262537
48,2404,9404,unconstrained,raw_release,4,-0.1683585189580648,-0.2580752044175664,0.05330610344474962,-0.903608467130042,True,7,7,,0,-1.4668167913903565
48,2404,9404,unconstrained,resident_predictive_authority,4,-0.1683585189580648,-0.2580752044175664,0.05330610344474962,-0.903608467130042,True,7,,3,100,-0.28277898453990064
48,2404,9404,unconstrained,raw_release,5,-0.20282492353313392,-0.33914490608508874,0.13233698152167697,0.026048205406692615,True,,,,0,-1.2776187161351331
48,2404,9404,unconstrained,resident_predictive_authority,5,-0.20282492353313392,-0.33914490608508874,0.13233698152167697,0.026048205406692615,True,,,,0,-1.2776187161351331
48,2404,9404,unconstrained,raw_release,6,-0.17303832981079476,-0.09038332155864781,0.12078746274985566,-0.6279637103727436,True,9,9,,0,-1.2911626139637984
48,2404,9404,unconstrained,resident_predictive_authority,6,-0.17303832981079476,-0.09038332155864781,0.12078746274985566,-0.6279637103727436,True,9,,5,39,-0.3230659936603759
48,2404,9404,unconstrained,raw_release,7,0.22313750200830434,0.45245364096631624,-0.01593414387653666,-0.2824467142010376,True,,,,0,-1.270132359763916
48,2404,9404,unconstrained,resident_predictive_authority,7,0.22313750200830434,0.45245364096631624,-0.01593414387653666,-0.2824467142010376,True,,,,0,-1.270132359763916
48,2404,9404,unconstrained,raw_release,8,0.016777298290890197,0.40744791538809777,-0.08132816172371167,0.1029235615485875,True,,,,0,-1.2448485154450628
48,2404,9404,unconstrained,resident_predictive_authority,8,0.016777298290890197,0.40744791538809777,-0.08132816172371167,0.1029235615485875,True,,,,0,-1.2448485154450628
48,2404,9404,unconstrained,raw_release,9,0.03170050731571172,-0.3726981953647167,-0.06188085381823166,-0.1712880576137108,True,9,9,,0,-1.361230247397651
48,2404,9404,unconstrained,resident_predictive_authority,9,0.03170050731571172,-0.3726981953647167,-0.06188085381823166,-0.1712880576137108,True,9,,5,69,-0.29719277823188633
48,2404,9404,unconstrained,raw_release,10,-0.040243284611834684,-0.20554110539484394,0.005761165454269024,0.31493431096979396,True,,,,0,-1.2495435211861599
48,2404,9404,unconstrained,resident_predictive_authority,10,-0.040243284611834684,-0.20554110539484394,0.005761165454269024,0.31493431096979396,True,,,,0,-1.2495435211861599
48,2404,9404,unconstrained,raw_release,11,-0.13138186358430637,-0.4705918727314794,0.06505809051368117,-0.9371993459109407,True,7,6,,0,-1.543899441193607
48,2404,9404,unconstrained,resident_predictive_authority,11,-0.13138186358430637,-0.4705918727314794,0.06505809051368117,-0.9371993459109407,True,7,,2,108,-0.31492070568371394
48,2404,9404,unconstrained,raw_release,12,-0.04303809242447193,-0.40043893404067066,0.044614119583246514,-0.6967485506871187,True,7,7,,0,-1.4267513008305348
48,2404,9404,unconstrained,resident_predictive_authority,12,-0.04303809242447193,-0.40043893404067066,0.044614119583246514,-0.6967485506871187,True,7,,3,95,-0.2487598010392689
48,2404,9404,unconstrained,raw_release,13,0.11338307627160849,-0.04674917394772382,0.07840140785613628,0.7119934945324524,True,,,,0,-1.4598745560549025
48,2404,9404,unconstrained,resident_predictive_authority,13,0.11338307627160849,-0.04674917394772382,0.07840140785613628,0.7119934945324524,True,,,,0,-1.4598745560549025
48,2404,9404,unconstrained,raw_release,14,-0.16319495041622895,0.23552085678289236,0.0005549925370011144,0.3170034714055081,True,,,,0,-1.2731289625856612
48,2404,9404,unconstrained,resident_predictive_authority,14,-0.16319495041622895,0.23552085678289236,0.0005549925370011144,0.3170034714055081,True,,,,0,-1.2731289625856612
48,2404,9404,unconstrained,raw_release,15,-0.1833212176941194,-0.18479950323097738,0.05643909569660677,0.7499949500732697,True,,,,0,-1.349482640934154
48,2404,9404,unconstrained,resident_predictive_authority,15,-0.1833212176941194,-0.18479950323097738,0.05643909569660677,0.7499949500732697,True,,,,0,-1.349482640934154
48,2404,9404,unconstrained,raw_release,16,0.15866216638378722,-0.36673979004392043,-0.021326391033672842,-0.651233623604621,True,8,8,,0,-1.443460090703676
48,2404,9404,unconstrained,resident_predictive_authority,16,0.15866216638378722,-0.36673979004392043,-0.021326391033672842,-0.651233623604621,True,8,,4,90,-0.30232042370476203
48,2404,9404,unconstrained,raw_release,17,0.11203557822311488,-0.3676326565188197,0.032735253018602334,-0.07207214659174799,True,,,,0,-1.26930175307966
48,2404,9404,unconstrained,resident_predictive_authority,17,0.11203557822311488,-0.3676326565188197,0.032735253018602334,-0.07207214659174799,True,,,,0,-1.26930175307966
48,2404,9404,unconstrained,raw_release,18,-0.23743326026996753,0.11489504871248479,-0.06341890343945035,-0.46711328693644116,True,12,12,,0,-1.3555757539674222
48,2404,9404,unconstrained,resident_predictive_authority,18,-0.23743326026996753,0.11489504871248479,-0.06341890343945035,-0.46711328693644116,True,12,,8,47,-0.5136129099233626
48,2404,9404,unconstrained,raw_release,19,0.12227350939174747,-0.20221401335583056,0.03646929458442663,0.7808473113051881,True,,,,0,-1.3753133309217351
48,2404,9404,unconstrained,resident_predictive_authority,19,0.12227350939174747,-0.20221401335583056,0.03646929458442663,0.7808473113051881,True,,,,0,-1.3753133309217351
48,2404,9404,unconstrained,raw_release,20,-0.10877066905253485,0.03224041355516016,0.06771903309143906,-0.42508551612371615,True,,,,0,-1.2626619818244578
48,2404,9404,unconstrained,resident_predictive_authority,20,-0.10877066905253485,0.03224041355516016,0.06771903309143906,-0.42508551612371615,True,,,,0,-1.2626619818244578
48,2404,9404,unconstrained,raw_release,21,0.1752394995401365,-0.4823532675870893,0.034923315877759764,-0.2831666897558729,True,8,8,,0,-1.3176854743497448
48,2404,9404,unconstrained,resident_predictive_authority,21,0.1752394995401365,-0.4823532675870893,0.034923315877759764,-0.2831666897558729,True,8,,4,38,-0.3427895275319135
48,2404,9404,unconstrained,raw_release,22,-0.2187598628276229,-0.06693670476965696,0.06831655423548702,-0.757109440439196,True,8,8,,0,-1.3518830640034472
48,2404,9404,unconstrained,resident_predictive_authority,22,-0.2187598628276229,-0.06693670476965696,0.06831655423548702,-0.757109440439196,True,8,,4,79,-0.22915335682394716
48,2404,9404,unconstrained,raw_release,23,0.018086483544280274,0.18106992912055586,0.05902659596694995,-0.7742643010871215,True,,,,0,-1.2875414055125995
48,2404,9404,unconstrained,resident_predictive_authority,23,0.018086483544280274,0.18106992912055586,0.05902659596694995,-0.7742643010871215,True,,,,0,-1.2875414055125995
48,2404,9404,constrained,raw_release,0,0.20494857393335447,0.0898250022470366,-0.04392750025828583,-0.8002293313399529,True,11,11,,0,-1.3796373832680435
48,2404,9404,constrained,resident_predictive_authority,0,0.20494857393335447,0.0898250022470366,-0.04392750025828583,-0.8002293313399529,True,11,,7,35,-0.6397010459148564
48,2404,9404,constrained,raw_release,1,-0.12024991508859267,0.10779492088395848,-0.0971185917828507,0.12650020466706624,True,,,,0,-1.2517215309063785
48,2404,9404,constrained,resident_predictive_authority,1,-0.12024991508859267,0.10779492088395848,-0.0971185917828507,0.12650020466706624,True,,,,0,-1.2517215309063785
48,2404,9404,constrained,raw_release,2,0.06601761092449254,-0.15747615823022187,0.1494687068052624,-0.6762888112628482,True,9,9,,0,-1.2901504519287479
48,2404,9404,constrained,resident_predictive_authority,2,0.06601761092449254,-0.15747615823022187,0.1494687068052624,-0.6762888112628482,True,9,,5,79,-0.15214372055063005
48,2404,9404,constrained,raw_release,3,-0.029231091027740186,0.20439035126009164,-0.0422007585884899,0.9895538420389025,True,,,,0,-1.4107940541066641
48,2404,9404,constrained,resident_predictive_authority,3,-0.029231091027740186,0.20439035126009164,-0.0422007585884899,0.9895538420389025,True,,,,0,-1.4107940541066641
48,2404,9404,constrained,raw_release,4,-0.1683585189580648,-0.2580752044175664,0.05330610344474962,-0.903608467130042,True,7,7,,0,-1.4826256735200474
48,2404,9404,constrained,resident_predictive_authority,4,-0.1683585189580648,-0.2580752044175664,0.05330610344474962,-0.903608467130042,True,7,,3,100,-0.282943307606344
48,2404,9404,constrained,raw_release,5,-0.20282492353313392,-0.33914490608508874,0.13233698152167697,0.026048205406692615,True,,,,0,-1.2856528563074425
48,2404,9404,constrained,resident_predictive_authority,5,-0.20282492353313392,-0.33914490608508874,0.13233698152167697,0.026048205406692615,True,,,,0,-1.2856528563074425
48,2404,9404,constrained,raw_release,6,-0.17303832981079476,-0.09038332155864781,0.12078746274985566,-0.6279637103727436,True,8,8,,0,-1.3018524649955983
48,2404,9404,constrained,resident_predictive_authority,6,-0.17303832981079476,-0.09038332155864781,0.12078746274985566,-0.6279637103727436,True,8,,4,43,-0.26407825661010226
48,2404,9404,constrained,raw_release,7,0.22313750200830434,0.45245364096631624,-0.01593414387653666,-0.2824467142010376,True,,,,0,-1.2700617062514248
48,2404,9404,constrained,resident_predictive_authority,7,0.22313750200830434,0.45245364096631624,-0.01593414387653666,-0.2824467142010376,True,,,,0,-1.2700617062514248
48,2404,9404,constrained,raw_release,8,0.016777298290890197,0.40744791538809777,-0.08132816172371167,0.1029235615485875,True,,,,0,-1.2426218764624326
48,2404,9404,constrained,resident_predictive_authority,8,0.016777298290890197,0.40744791538809777,-0.08132816172371167,0.1029235615485875,True,,,,0,-1.2426218764624326
48,2404,9404,constrained,raw_release,9,0.03170050731571172,-0.3726981953647167,-0.06188085381823166,-0.1712880576137108,True,9,9,,0,-1.3718390626269406
48,2404,9404,constrained,resident_predictive_authority,9,0.03170050731571172,-0.3726981953647167,-0.06188085381823166,-0.1712880576137108,True,9,,5,69,-0.2967666588656772
48,2404,9404,constrained,raw_release,10,-0.040243284611834684,-0.20554110539484394,0.005761165454269024,0.31493431096979396,True,,,,0,-1.2530273540512666
48,2404,9404,constrained,resident_predictive_authority,10,-0.040243284611834684,-0.20554110539484394,0.005761165454269024,0.31493431096979396,True,,,,0,-1.2530273540512666
48,2404,9404,constrained,raw_release,11,-0.13138186358430637,-0.4705918727314794,0.06505809051368117,-0.9371993459109407,True,6,6,,0,-1.5633378818541066
48,2404,9404,constrained,resident_predictive_authority,11,-0.13138186358430637,-0.4705918727314794,0.06505809051368117,-0.9371993459109407,True,6,,2,108,-0.31492070568371394
48,2404,9404,constrained,raw_release,12,-0.04303809242447193,-0.40043893404067066,0.044614119583246514,-0.6967485506871187,True,7,7,,0,-1.4423738587400534
48,2404,9404,constrained,resident_predictive_authority,12,-0.04303809242447193,-0.40043893404067066,0.044614119583246514,-0.6967485506871187,True,7,,3,95,-0.24913435302743853
48,2404,9404,constrained,raw_release,13,0.11338307627160849,-0.04674917394772382,0.07840140785613628,0.7119934945324524,True,,,,0,-1.4576078184338679
48,2404,9404,constrained,resident_predictive_authority,13,0.11338307627160849,-0.04674917394772382,0.07840140785613628,0.7119934945324524,True,,,,0,-1.4576078184338679
48,2404,9404,constrained,raw_release,14,-0.16319495041622895,0.23552085678289236,0.0005549925370011144,0.3170034714055081,True,,,,0,-1.2713227088982264
48,2404,9404,constrained,resident_predictive_authority,14,-0.16319495041622895,0.23552085678289236,0.0005549925370011144,0.3170034714055081,True,,,,0,-1.2713227088982264
48,2404,9404,constrained,raw_release,15,-0.1833212176941194,-0.18479950323097738,0.05643909569660677,0.7499949500732697,True,,,,0,-1.3491476323732394
48,2404,9404,constrained,resident_predictive_authority,15,-0.1833212176941194,-0.18479950323097738,0.05643909569660677,0.7499949500732697,True,,,,0,-1.3491476323732394
48,2404,9404,constrained,raw_release,16,0.15866216638378722,-0.36673979004392043,-0.021326391033672842,-0.651233623604621,True,8,8,,0,-1.458412613709919
48,2404,9404,constrained,resident_predictive_authority,16,0.15866216638378722,-0.36673979004392043,-0.021326391033672842,-0.651233623604621,True,8,,4,90,-0.30215312329236194
48,2404,9404,constrained,raw_release,17,0.11203557822311488,-0.3676326565188197,0.032735253018602334,-0.07207214659174799,True,,,,0,-1.278047464484976
48,2404,9404,constrained,resident_predictive_authority,17,0.11203557822311488,-0.3676326565188197,0.032735253018602334,-0.07207214659174799,True,,,,0,-1.278047464484976
48,2404,9404,constrained,raw_release,18,-0.23743326026996753,0.11489504871248479,-0.06341890343945035,-0.46711328693644116,True,12,12,,0,-1.3628937384451285
48,2404,9404,constrained,resident_predictive_authority,18,-0.23743326026996753,0.11489504871248479,-0.06341890343945035,-0.46711328693644116,True,12,,8,47,-0.5142094095320997
48,2404,9404,constrained,raw_release,19,0.12227350939174747,-0.20221401335583056,0.03646929458442663,0.7808473113051881,True,,,,0,-1.37442084388239
48,2404,9404,constrained,resident_predictive_authority,19,0.12227350939174747,-0.20221401335583056,0.03646929458442663,0.7808473113051881,True,,,,0,-1.37442084388239
48,2404,9404,constrained,raw_release,20,-0.10877066905253485,0.03224041355516016,0.06771903309143906,-0.42508551612371615,True,,,,0,-1.2696848835156147
48,2404,9404,constrained,resident_predictive_authority,20,-0.10877066905253485,0.03224041355516016,0.06771903309143906,-0.42508551612371615,True,,,,0,-1.2696848835156147
48,2404,9404,constrained,raw_release,21,0.1752394995401365,-0.4823532675870893,0.034923315877759764,-0.2831666897558729,True,8,8,,0,-1.3299033417762127
48,2404,9404,constrained,resident_predictive_authority,21,0.1752394995401365,-0.4823532675870893,0.034923315877759764,-0.2831666897558729,True,8,,4,37,-0.3537093545833393
48,2404,9404,constrained,raw_release,22,-0.2187598628276229,-0.06693670476965696,0.06831655423548702,-0.757109440439196,True,8,8,,0,-1.3633647128070714
48,2404,9404,constrained,resident_predictive_authority,22,-0.2187598628276229,-0.06693670476965696,0.06831655423548702,-0.757109440439196,True,8,,4,79,-0.23033158848404348
48,2404,9404,constrained,raw_release,23,0.018086483544280274,0.18106992912055586,0.05902659596694995,-0.7742643010871215,True,,,,0,-1.2952386765935282
48,2404,9404,constrained,resident_predictive_authority,23,0.018086483544280274,0.18106992912055586,0.05902659596694995,-0.7742643010871215,True,,,,0,-1.2952386765935282
