duration,learner_seed,evaluation_seed,condition,batch,true_reward_mean,logged_reward_mean,max_abs_poison,known_sign_flag,scalar_envelope_flag,batch_mean_envelope_flag,trusted_recomputation_flag
12,2400,9400,clean,0,-3.051688686409277,-3.051688686409277,0.0,False,False,True,False
12,2400,9400,clean,1,-1.1385663270646926,-1.1385663270646926,0.0,False,False,False,False
12,2400,9400,clean,2,-0.4918592028403695,-0.4918592028403695,0.0,False,False,False,False
12,2400,9400,clean,3,-0.29343448005379474,-0.29343448005379474,0.0,False,False,False,False
12,2400,9400,clean,4,-0.1984471493836149,-0.1984471493836149,0.0,False,False,False,False
12,2400,9400,clean,5,-0.31610127104584995,-0.31610127104584995,0.0,False,False,False,False
12,2400,9400,clean,6,-0.23080295655929142,-0.23080295655929142,0.0,False,False,False,False
12,2400,9400,clean,7,-0.13897070740685372,-0.13897070740685372,0.0,False,False,False,False
12,2400,9400,clean,8,-0.08131810444728521,-0.08131810444728521,0.0,False,False,False,False
12,2400,9400,clean,9,-0.09546766409601044,-0.09546766409601044,0.0,False,False,False,False
12,2400,9400,clean,10,-0.11837275591522695,-0.11837275591522695,0.0,False,False,False,False
12,2400,9400,clean,11,-0.09969337465402034,-0.09969337465402034,0.0,False,False,False,False
12,2400,9400,unconstrained,0,-3.051688686409277,-3.2856976941949174,1.9999999138316809,True,True,True,True
12,2400,9400,unconstrained,1,-1.1385663270646926,-1.2537646172205,1.9994714834529137,True,True,False,True
12,2400,9400,unconstrained,2,-0.48663575603033465,-0.24229824408726386,1.8495553980686974,True,True,False,True
12,2400,9400,unconstrained,3,-0.329377011870521,-0.9883579372177936,1.257928804673021,True,True,False,True
12,2400,9400,unconstrained,4,-0.28398689871832145,-0.16588299202083268,1.1370110855407518,True,True,False,True
12,2400,9400,unconstrained,5,-0.4782323421079486,-0.9560702560550485,1.5398862772057276,False,False,False,True
12,2400,9400,unconstrained,6,-0.46732874557449394,-0.521123183261571,1.9970312478781718,True,True,False,True
12,2400,9400,unconstrained,7,-0.3830364160144405,0.9618601276765958,1.9998616638538402,True,True,False,True
12,2400,9400,unconstrained,8,-0.359593418345348,0.5879343845450566,1.9999253832540218,True,True,False,True
12,2400,9400,unconstrained,9,-0.3919035684124801,-0.09527564344295153,1.9998721907143593,True,True,False,True
12,2400,9400,unconstrained,10,-0.4713734492614989,-0.7180159070822898,1.9929641586786786,True,True,False,True
12,2400,9400,unconstrained,11,-0.5167851561855231,-0.5788337508782784,0.7627682140697924,True,True,False,True
12,2400,9400,constrained,0,-3.051688686409277,-3.051688686409277,0.0,False,False,True,False
12,2400,9400,constrained,1,-1.1385663270646926,-1.7048204875895712,1.9996019521614674,False,False,False,True
12,2400,9400,constrained,2,-0.4679840453278951,-0.8860682508487473,1.972156106360053,False,False,False,True
12,2400,9400,constrained,3,-0.31501070487088956,-1.571974920347221,1.9499901298148654,False,False,False,True
12,2400,9400,constrained,4,-0.22928656956998844,-0.5188669283496683,1.6422631403853543,False,False,False,True
12,2400,9400,constrained,5,-0.3757172933523727,-1.248395351335961,1.9991894623570428,False,False,False,True
12,2400,9400,constrained,6,-0.3100898701981416,-1.0197351978168088,1.9997133394206978,False,False,False,True
12,2400,9400,constrained,7,-0.2172660216284256,-0.2873147144949633,1.9685029968493264,False,False,False,True
12,2400,9400,constrained,8,-0.17908931090314711,-0.44414322802808853,1.9990356686957917,False,False,False,True
12,2400,9400,constrained,9,-0.19665622790236026,-0.679142426266756,1.9965012082136537,False,False,False,True
12,2400,9400,constrained,10,-0.2465775122768246,-1.1214021507270804,1.9949547769314517,False,False,False,True
12,2400,9400,constrained,11,-0.26723976177411735,-0.6921972118351362,1.677126883939341,False,False,False,True
12,2401,9401,clean,0,-3.1175348655655455,-3.1175348655655455,0.0,False,False,True,False
12,2401,9401,clean,1,-1.1209644593909853,-1.1209644593909853,0.0,False,False,False,False
12,2401,9401,clean,2,-0.48395225073634873,-0.48395225073634873,0.0,False,False,False,False
12,2401,9401,clean,3,-0.38695358015203285,-0.38695358015203285,0.0,False,False,False,False
12,2401,9401,clean,4,-0.2881070647998721,-0.2881070647998721,0.0,False,False,False,False
12,2401,9401,clean,5,-0.16884586241991095,-0.16884586241991095,0.0,False,False,False,False
12,2401,9401,clean,6,-0.14692790301543557,-0.14692790301543557,0.0,False,False,False,False
12,2401,9401,clean,7,-0.12013329693044622,-0.12013329693044622,0.0,False,False,False,False
12,2401,9401,clean,8,-0.07952823560718364,-0.07952823560718364,0.0,False,False,False,False
12,2401,9401,clean,9,-0.0941973548432466,-0.0941973548432466,0.0,False,False,False,False
12,2401,9401,clean,10,-0.1905467974099655,-0.1905467974099655,0.0,False,False,False,False
12,2401,9401,clean,11,-0.14883129468868153,-0.14883129468868153,0.0,False,False,False,False
12,2401,9401,unconstrained,0,-3.1175348655655455,-3.3020899663508425,1.9999986576660147,True,True,True,True
12,2401,9401,unconstrained,1,-1.1209644593909853,-0.3104715558199909,1.9972962755151809,True,True,False,True
12,2401,9401,unconstrained,2,-0.4757120422394152,0.1069950491335871,1.7188329337167887,True,True,False,True
12,2401,9401,unconstrained,3,-0.4130057001026113,-0.4357838510872864,1.9803812261790152,True,True,False,True
12,2401,9401,unconstrained,4,-0.2167143660363845,-0.07209031868285992,1.9281488860250395,True,True,False,True
12,2401,9401,unconstrained,5,-0.22714484831774662,-0.9008664769245587,1.9946672866817734,True,True,False,True
12,2401,9401,unconstrained,6,-0.2333777925057064,0.3463605314012308,1.999729657082796,True,True,False,True
12,2401,9401,unconstrained,7,-0.23978058329953705,0.25709891794912876,1.9990615398733353,True,True,False,True
12,2401,9401,unconstrained,8,-0.2640193649133747,0.33185405208571433,1.75169909972444,True,True,False,True
12,2401,9401,unconstrained,9,-0.4452616638463027,-0.3929126816990396,0.5368536532619199,False,False,False,True
12,2401,9401,unconstrained,10,-0.7636827066474146,-1.340505773495925,1.8784991321604065,True,True,False,True
12,2401,9401,unconstrained,11,-0.7628982452163183,-0.015083380980375163,1.993288437116631,True,True,False,True
12,2401,9401,constrained,0,-3.1175348655655455,-2.9341568301305054,1.9999986576660147,False,False,False,True
12,2401,9401,constrained,1,-1.1209644593909853,-0.9640995666311919,1.9973459736933192,False,False,False,True
12,2401,9401,constrained,2,-0.47887997781357206,-0.3039358747537422,0.5829730820721636,False,False,False,True
12,2401,9401,constrained,3,-0.4387614598989813,-0.8540431850229497,1.8685819898893155,False,False,False,True
12,2401,9401,constrained,4,-0.3263588931558908,-0.942970384040631,1.9834365356355725,False,False,False,True
12,2401,9401,constrained,5,-0.20190539453465345,-1.2164326633309113,1.9999112162747346,False,False,False,True
12,2401,9401,constrained,6,-0.1879503681954522,-0.7057906573334616,1.9999985096259862,False,False,False,True
12,2401,9401,constrained,7,-0.166131861372472,-0.5367016470485625,1.9980153454195142,False,False,False,True
12,2401,9401,constrained,8,-0.1628571034181901,-0.3329207783620022,1.962469431709532,False,False,False,True
12,2401,9401,constrained,9,-0.26684134120611386,-0.4413311449330291,1.980318799252304,False,False,False,True
12,2401,9401,constrained,10,-0.38384732367376273,-1.482877301655121,1.998832022073975,False,False,False,True
12,2401,9401,constrained,11,-0.35938867482795067,-0.4481314486976026,1.7939572567308635,False,False,False,True
12,2402,9402,clean,0,-3.0305964127831895,-3.0305964127831895,0.0,False,False,False,False
12,2402,9402,clean,1,-1.1954817307921597,-1.1954817307921597,0.0,False,False,False,False
12,2402,9402,clean,2,-0.45880129084734705,-0.45880129084734705,0.0,False,False,False,False
12,2402,9402,clean,3,-0.32969548413881655,-0.32969548413881655,0.0,False,False,False,False
12,2402,9402,clean,4,-0.2222347471163866,-0.2222347471163866,0.0,False,False,False,False
12,2402,9402,clean,5,-0.15234223155362664,-0.15234223155362664,0.0,False,False,False,False
12,2402,9402,clean,6,-0.08589890747726393,-0.08589890747726393,0.0,False,False,False,False
12,2402,9402,clean,7,-0.08996403779597492,-0.08996403779597492,0.0,False,False,False,False
12,2402,9402,clean,8,-0.18319618803359602,-0.18319618803359602,0.0,False,False,False,False
12,2402,9402,clean,9,-0.14104339867315774,-0.14104339867315774,0.0,False,False,False,False
12,2402,9402,clean,10,-0.4022333939628704,-0.4022333939628704,0.0,False,False,False,False
12,2402,9402,clean,11,-0.5930266916268548,-0.5930266916268548,0.0,False,False,False,False
12,2402,9402,unconstrained,0,-3.0305964127831895,-2.5307071845946836,1.9999999999749176,True,True,False,True
12,2402,9402,unconstrained,1,-1.2277577914682247,-0.8407037668412641,1.9298101370948433,True,True,False,True
12,2402,9402,unconstrained,2,-0.4486875062365228,-0.17234112137948276,1.9989862337897224,True,True,False,True
12,2402,9402,unconstrained,3,-0.3314019662008483,-0.47984406881111463,1.9942590894963887,True,True,False,True
12,2402,9402,unconstrained,4,-0.20673860748810058,-0.23930567762039945,1.9960425460959932,True,True,False,True
12,2402,9402,unconstrained,5,-0.2153715198355179,-1.2101469012612625,1.8850725248428652,True,True,False,True
12,2402,9402,unconstrained,6,-0.18253075144329478,-0.43958209864364756,1.7669651527849612,True,True,False,True
12,2402,9402,unconstrained,7,-0.26258817235662696,-0.1435955847774799,1.3372171299460465,True,True,False,True
12,2402,9402,unconstrained,8,-0.4006249091661288,-0.5478876088441229,1.7970519424627813,True,True,False,True
12,2402,9402,unconstrained,9,-0.4200062612911259,-0.6538185121046248,0.851343657436022,False,False,False,True
12,2402,9402,unconstrained,10,-0.7781069891517166,-0.8890473126785179,1.1069866757890103,False,False,False,True
12,2402,9402,unconstrained,11,-1.1124678036054525,-0.8587884054654938,1.9798851859055426,True,True,False,True
12,2402,9402,constrained,0,-3.0305964127831895,-2.431853717552228,1.9999999999749176,False,False,False,True
12,2402,9402,constrained,1,-1.2277577914682247,-0.9959662921886726,1.6162280667625284,False,False,False,True
12,2402,9402,constrained,2,-0.44667892395803815,-1.0300514048294027,1.9993220803487697,False,False,False,True
12,2402,9402,constrained,3,-0.3220997562831535,-1.18879214703236,1.996878399904337,False,False,False,True
12,2402,9402,constrained,4,-0.21315961561331984,-0.9307570502756068,1.9560260367233386,False,False,False,True
12,2402,9402,constrained,5,-0.19903740685594162,-1.5325340040490074,1.9869443745639306,False,False,False,True
12,2402,9402,constrained,6,-0.12190039623610015,-0.9114362378620715,1.9660687660299172,False,False,False,True
12,2402,9402,constrained,7,-0.14629000472358994,-0.6016885910662901,1.7234467414685006,False,False,False,True
12,2402,9402,constrained,8,-0.2856466551490782,-1.1095842700493752,1.8635756860662578,False,False,False,True
12,2402,9402,constrained,9,-0.26544720477895056,-0.20258286647157692,0.30678630541312923,False,False,False,True
12,2402,9402,constrained,10,-0.5628197844051945,-0.7072268686188619,1.3319737960797802,False,False,False,True
12,2402,9402,constrained,11,-0.8455664273030914,-0.844568860241843,1.800634321023224,False,False,False,True
12,2403,9403,clean,0,-2.8688337605847254,-2.8688337605847254,0.0,False,False,False,False
12,2403,9403,clean,1,-1.4728048800390976,-1.4728048800390976,0.0,False,False,False,False
12,2403,9403,clean,2,-0.5255383032944195,-0.5255383032944195,0.0,False,False,False,False
12,2403,9403,clean,3,-0.17658482982881485,-0.17658482982881485,0.0,False,False,False,False
12,2403,9403,clean,4,-0.16968081090248413,-0.16968081090248413,0.0,False,False,False,False
12,2403,9403,clean,5,-0.24408534563220952,-0.24408534563220952,0.0,False,False,False,False
12,2403,9403,clean,6,-0.17164599840111133,-0.17164599840111133,0.0,False,False,False,False
12,2403,9403,clean,7,-0.14893616135421867,-0.14893616135421867,0.0,False,False,False,False
12,2403,9403,clean,8,-0.23037671661447387,-0.23037671661447387,0.0,False,False,False,False
12,2403,9403,clean,9,-0.20881807776703443,-0.20881807776703443,0.0,False,False,False,False
12,2403,9403,clean,10,-0.29739153540917873,-0.29739153540917873,0.0,False,False,False,False
12,2403,9403,clean,11,-0.2507615027129595,-0.2507615027129595,0.0,False,False,False,False
12,2403,9403,unconstrained,0,-2.8688337605847254,-3.8659098059201105,1.9999999997372342,True,True,True,True
12,2403,9403,unconstrained,1,-1.4728048800390976,-0.3978941362932682,1.9996002472108443,True,True,False,True
12,2403,9403,unconstrained,2,-0.5022136148075449,-1.3030297437231215,1.946090868795949,True,True,False,True
12,2403,9403,unconstrained,3,-0.2226953320517615,-0.15384922079514834,1.9346653459888201,True,True,False,True
12,2403,9403,unconstrained,4,-0.23312204214509039,0.466568312558921,1.7106610122573693,True,True,False,True
12,2403,9403,unconstrained,5,-0.43931722917277727,-0.945587736894651,1.860787896548221,True,True,False,True
12,2403,9403,unconstrained,6,-0.35648725639818213,-0.2865340179629068,1.903873497552472,True,True,False,True
12,2403,9403,unconstrained,7,-0.3824791741447069,0.43411799647761096,1.7922974429037701,True,True,False,True
12,2403,9403,unconstrained,8,-0.6078090713851856,-0.732190826223992,1.7136949020853935,True,True,False,True
12,2403,9403,unconstrained,9,-0.6692510482460307,-0.2559571680822597,1.6388713393149135,True,True,False,True
12,2403,9403,unconstrained,10,-0.8559262138679203,-0.8177164089390891,1.776733561115854,True,True,False,True
12,2403,9403,unconstrained,11,-0.956527889900122,-0.6051234633035594,1.5324425702716937,True,True,False,True
12,2403,9403,constrained,0,-2.8688337605847254,-3.044176464756207,0.4535878032828337,False,False,False,True
12,2403,9403,constrained,1,-1.4728048800390976,-0.6359678229126422,1.7579938612904815,False,False,False,True
12,2403,9403,constrained,2,-0.5222243395245162,-1.744219438475362,1.992522297461452,False,False,False,True
12,2403,9403,constrained,3,-0.19249717616887757,-0.8179467143609416,1.9086952093812142,False,False,False,True
12,2403,9403,constrained,4,-0.18193784730344453,-0.42018744208078707,1.9909441609459535,False,False,False,True
12,2403,9403,constrained,5,-0.2859923867904314,-1.5358157700692137,1.99099868801545,False,False,False,True
12,2403,9403,constrained,6,-0.21332376216552704,-0.6525557832313474,1.93886471774268,False,False,False,True
12,2403,9403,constrained,7,-0.20445237140547493,-0.17599940205221315,0.5663092128720657,False,False,False,True
12,2403,9403,constrained,8,-0.32239636539835026,-0.9031121666407987,1.9603213562255823,False,False,False,True
12,2403,9403,constrained,9,-0.34206807017961405,-0.34267557789169467,1.1781542872834438,False,False,False,True
12,2403,9403,constrained,10,-0.4809217413948613,-0.8063362151745018,1.9923547239194974,False,False,False,True
12,2403,9403,constrained,11,-0.5111050504943841,-0.4097509961086606,0.5575099882062567,False,False,False,True
12,2404,9404,clean,0,-3.3108196031386354,-3.3108196031386354,0.0,False,False,True,False
12,2404,9404,clean,1,-0.9961056683207646,-0.9961056683207646,0.0,False,False,False,False
12,2404,9404,clean,2,-0.3755947606314307,-0.3755947606314307,0.0,False,False,False,False
12,2404,9404,clean,3,-0.30989564622401167,-0.30989564622401167,0.0,False,False,False,False
12,2404,9404,clean,4,-0.22201415941620373,-0.22201415941620373,0.0,False,False,False,False
12,2404,9404,clean,5,-0.18525805923276567,-0.18525805923276567,0.0,False,False,False,False
12,2404,9404,clean,6,-0.16170647275336325,-0.16170647275336325,0.0,False,False,False,False
12,2404,9404,clean,7,-0.13472908567210665,-0.13472908567210665,0.0,False,False,False,False
12,2404,9404,clean,8,-0.1602800839673783,-0.1602800839673783,0.0,False,False,False,False
12,2404,9404,clean,9,-0.16699799083031402,-0.16699799083031402,0.0,False,False,False,False
12,2404,9404,clean,10,-0.13490516568949878,-0.13490516568949878,0.0,False,False,False,False
12,2404,9404,clean,11,-0.14859122876403524,-0.14859122876403524,0.0,False,False,False,False
12,2404,9404,unconstrained,0,-3.3108196031386354,-2.7829292650214574,2.0,True,True,False,True
12,2404,9404,unconstrained,1,-0.9961056683207646,-1.773810805821928,1.9999992588976785,True,True,False,True
12,2404,9404,unconstrained,2,-0.37068453482191355,-0.9272376008500991,1.9999512848858059,True,True,False,True
12,2404,9404,unconstrained,3,-0.31398033240535345,-0.694939395307965,1.9999905100120017,True,True,False,True
12,2404,9404,unconstrained,4,-0.2851631617116395,-0.057237027386759065,1.9887982574703593,True,True,False,True
12,2404,9404,unconstrained,5,-0.24395329851486441,0.7839734945830092,1.9993837105604702,True,True,False,True
12,2404,9404,unconstrained,6,-0.3778601298482743,-0.19992239002163778,1.9962621023425944,True,True,False,True
12,2404,9404,unconstrained,7,-0.26681770649264464,0.06912224602749173,1.9905197677462974,True,True,False,True
12,2404,9404,unconstrained,8,-0.22052262855813556,0.07301970717619688,1.996549123922106,True,True,False,True
12,2404,9404,unconstrained,9,-0.257141774074198,-0.7987259622972431,1.9959169162480026,True,True,False,True
12,2404,9404,unconstrained,10,-0.29247119037710934,-0.3646878485659085,1.969040971397141,True,True,False,True
12,2404,9404,unconstrained,11,-0.37355224481848504,-0.7871622047865202,1.9938450180377605,True,True,False,True
12,2404,9404,constrained,0,-3.3108196031386354,-2.785433700195715,2.0,False,False,False,True
12,2404,9404,constrained,1,-0.9961056683207646,-2.097062847507934,1.999999258994964,False,False,False,True
12,2404,9404,constrained,2,-0.36929079842257384,-1.3373211224643338,1.999975241322864,False,False,False,True
12,2404,9404,constrained,3,-0.30656950954301576,-1.2825672205094056,1.9997190741086153,False,False,False,True
12,2404,9404,constrained,4,-0.2275023185743143,-0.7098638650857625,1.9999834574318356,False,False,False,True
12,2404,9404,constrained,5,-0.18557190584743977,-0.18580796326082558,1.1581452632378817,False,False,False,True
12,2404,9404,constrained,6,-0.15781908938628428,-0.981092821350824,1.9955801497774683,False,False,False,True
12,2404,9404,constrained,7,-0.10050475538674092,-0.6771965157906676,1.9998757315019127,False,False,False,True
12,2404,9404,constrained,8,-0.10231391300533946,-0.8060399592440431,1.9998985361305266,False,False,False,True
12,2404,9404,constrained,9,-0.12446350827597293,-1.0911235909685604,1.9999449236041769,False,False,False,True
12,2404,9404,constrained,10,-0.1081466852961788,-0.9995666855497222,1.9995736159131405,False,False,False,True
12,2404,9404,constrained,11,-0.11551361495921118,-1.0434495683268799,1.999999615046208,False,False,False,True
24,2400,9400,clean,0,-3.051688686409277,-3.051688686409277,0.0,False,False,True,False
24,2400,9400,clean,1,-1.1385663270646926,-1.1385663270646926,0.0,False,False,False,False
24,2400,9400,clean,2,-0.4918592028403695,-0.4918592028403695,0.0,False,False,False,False
24,2400,9400,clean,3,-0.29343448005379474,-0.29343448005379474,0.0,False,False,False,False
24,2400,9400,clean,4,-0.1984471493836149,-0.1984471493836149,0.0,False,False,False,False
24,2400,9400,clean,5,-0.31610127104584995,-0.31610127104584995,0.0,False,False,False,False
24,2400,9400,clean,6,-0.23080295655929142,-0.23080295655929142,0.0,False,False,False,False
24,2400,9400,clean,7,-0.13897070740685372,-0.13897070740685372,0.0,False,False,False,False
24,2400,9400,clean,8,-0.08131810444728521,-0.08131810444728521,0.0,False,False,False,False
24,2400,9400,clean,9,-0.09546766409601044,-0.09546766409601044,0.0,False,False,False,False
24,2400,9400,clean,10,-0.11837275591522695,-0.11837275591522695,0.0,False,False,False,False
24,2400,9400,clean,11,-0.09969337465402034,-0.09969337465402034,0.0,False,False,False,False
24,2400,9400,clean,12,-0.17772956601460213,-0.17772956601460213,0.0,False,False,False,False
24,2400,9400,clean,13,-0.11083314741424694,-0.11083314741424694,0.0,False,False,False,False
24,2400,9400,clean,14,-0.18514911956509084,-0.18514911956509084,0.0,False,False,False,False
24,2400,9400,clean,15,-0.15871868481443682,-0.15871868481443682,0.0,False,False,False,False
24,2400,9400,clean,16,-0.14036076064407532,-0.14036076064407532,0.0,False,False,False,False
24,2400,9400,clean,17,-0.14900885921368334,-0.14900885921368334,0.0,False,False,False,False
24,2400,9400,clean,18,-1.556425438404105,-1.556425438404105,0.0,False,False,False,False
24,2400,9400,clean,19,-2.3578990569434906,-2.3578990569434906,0.0,False,False,False,False
24,2400,9400,clean,20,-1.0116856652267407,-1.0116856652267407,0.0,False,False,False,False
24,2400,9400,clean,21,-0.4205432273561779,-0.4205432273561779,0.0,False,False,False,False
24,2400,9400,clean,22,-0.2719512545333919,-0.2719512545333919,0.0,False,False,False,False
24,2400,9400,clean,23,-0.2658537031117304,-0.2658537031117304,0.0,False,False,False,False
24,2400,9400,unconstrained,0,-3.051688686409277,-3.2856976941949174,1.9999999138316809,True,True,True,True
24,2400,9400,unconstrained,1,-1.1385663270646926,-1.2537646172205,1.9994714834529137,True,True,False,True
24,2400,9400,unconstrained,2,-0.48663575603033465,-0.24229824408726386,1.8495553980686974,True,True,False,True
24,2400,9400,unconstrained,3,-0.329377011870521,-0.9883579372177936,1.257928804673021,True,True,False,True
24,2400,9400,unconstrained,4,-0.28398689871832145,-0.16588299202083268,1.1370110855407518,True,True,False,True
24,2400,9400,unconstrained,5,-0.4782323421079486,-0.9560702560550485,1.5398862772057276,False,False,False,True
24,2400,9400,unconstrained,6,-0.46732874557449394,-0.521123183261571,1.9970312478781718,True,True,False,True
24,2400,9400,unconstrained,7,-0.3830364160144405,0.9618601276765958,1.9998616638538402,True,True,False,True
24,2400,9400,unconstrained,8,-0.359593418345348,0.5879343845450566,1.9999253832540218,True,True,False,True
24,2400,9400,unconstrained,9,-0.3919035684124801,-0.09527564344295153,1.9998721907143593,True,True,False,True
24,2400,9400,unconstrained,10,-0.4713734492614989,-0.7180159070822898,1.9929641586786786,True,True,False,True
24,2400,9400,unconstrained,11,-0.5167851561855231,-0.5788337508782784,0.7627682140697924,True,True,False,True
24,2400,9400,unconstrained,12,-0.7814906273874682,-0.6556830688034389,1.662690444859314,True,True,False,True
24,2400,9400,unconstrained,13,-0.9725215574759636,-1.0390175915298725,1.4397076109097335,True,True,False,True
24,2400,9400,unconstrained,14,-1.1636940054837641,-1.4272430828991594,1.85247707743865,True,True,False,True
24,2400,9400,unconstrained,15,-1.2800233101314316,-1.183555492823369,1.4088322394480508,False,False,False,True
24,2400,9400,unconstrained,16,-1.3618011841887425,-1.1259599279164014,1.0310121720684706,False,False,False,True
24,2400,9400,unconstrained,17,-1.5286983664789737,-1.6468843258242791,0.49342500108374604,False,False,False,True
24,2400,9400,unconstrained,18,-2.6649259913208225,-2.486129719929881,1.9994200262326494,False,True,False,True
24,2400,9400,unconstrained,19,-3.550826054867425,-3.7042679112269594,1.9819118784734213,False,True,True,True
24,2400,9400,unconstrained,20,-1.6336152368206713,-1.3282793010927278,1.9999788672554266,True,True,False,True
24,2400,9400,unconstrained,21,-0.8767943475748314,-1.0225615081912784,1.9937331654010098,True,True,False,True
24,2400,9400,unconstrained,22,-0.6905833969519559,-0.7697540539257874,0.9840543758563346,True,True,False,True
24,2400,9400,unconstrained,23,-0.6535415535228142,-1.9561693400906779,1.9840735262856368,True,True,False,True
24,2400,9400,constrained,0,-3.051688686409277,-3.051688686409277,0.0,False,False,True,False
24,2400,9400,constrained,1,-1.1385663270646926,-1.7048204875895712,1.9996019521614674,False,False,False,True
24,2400,9400,constrained,2,-0.4679840453278951,-0.8860682508487473,1.972156106360053,False,False,False,True
24,2400,9400,constrained,3,-0.31501070487088956,-1.571974920347221,1.9499901298148654,False,False,False,True
24,2400,9400,constrained,4,-0.22928656956998844,-0.5188669283496683,1.6422631403853543,False,False,False,True
24,2400,9400,constrained,5,-0.3757172933523727,-1.248395351335961,1.9991894623570428,False,False,False,True
24,2400,9400,constrained,6,-0.3100898701981416,-1.0197351978168088,1.9997133394206978,False,False,False,True
24,2400,9400,constrained,7,-0.2172660216284256,-0.2873147144949633,1.9685029968493264,False,False,False,True
24,2400,9400,constrained,8,-0.17908931090314711,-0.44414322802808853,1.9990356686957917,False,False,False,True
24,2400,9400,constrained,9,-0.19665622790236026,-0.679142426266756,1.9965012082136537,False,False,False,True
24,2400,9400,constrained,10,-0.2465775122768246,-1.1214021507270804,1.9949547769314517,False,False,False,True
24,2400,9400,constrained,11,-0.26723976177411735,-0.6921972118351362,1.677126883939341,False,False,False,True
24,2400,9400,constrained,12,-0.4626164507841032,-0.38507890481105334,0.3963240544722706,False,False,False,True
24,2400,9400,constrained,13,-0.547330090670332,-0.6855516106125412,1.1137742375837294,False,False,False,True
24,2400,9400,constrained,14,-0.7628591607532639,-1.1653068121439483,1.5847048104132269,False,False,False,True
24,2400,9400,constrained,15,-0.8823779988891827,-0.8487736955419982,1.3529165525577775,False,False,False,True
24,2400,9400,constrained,16,-1.013247985797197,-0.7250144948374438,1.0640351504202439,False,False,False,True
24,2400,9400,constrained,17,-1.2054791176466138,-1.3470579797781015,0.644942008862272,False,False,False,True
24,2400,9400,constrained,18,-2.4568133152573575,-2.1218518204586276,1.9990414949461999,False,False,False,True
24,2400,9400,constrained,19,-3.550826054867425,-3.4431554966172895,0.8613644660010875,False,False,True,True
24,2400,9400,constrained,20,-1.630902031761348,-1.4748930889094924,1.9999580333495843,False,False,False,True
24,2400,9400,constrained,21,-0.8070603794938469,-1.1956684437512803,1.9927650925117946,False,False,False,True
24,2400,9400,constrained,22,-0.6725850305534873,-0.7753828272103354,0.8538088613621585,False,False,False,True
24,2400,9400,constrained,23,-0.6554493946842445,-2.0825220813046723,1.979468150191902,False,False,False,True
24,2401,9401,clean,0,-3.1175348655655455,-3.1175348655655455,0.0,False,False,True,False
24,2401,9401,clean,1,-1.1209644593909853,-1.1209644593909853,0.0,False,False,False,False
24,2401,9401,clean,2,-0.48395225073634873,-0.48395225073634873,0.0,False,False,False,False
24,2401,9401,clean,3,-0.38695358015203285,-0.38695358015203285,0.0,False,False,False,False
24,2401,9401,clean,4,-0.2881070647998721,-0.2881070647998721,0.0,False,False,False,False
24,2401,9401,clean,5,-0.16884586241991095,-0.16884586241991095,0.0,False,False,False,False
24,2401,9401,clean,6,-0.14692790301543557,-0.14692790301543557,0.0,False,False,False,False
24,2401,9401,clean,7,-0.12013329693044622,-0.12013329693044622,0.0,False,False,False,False
24,2401,9401,clean,8,-0.07952823560718364,-0.07952823560718364,0.0,False,False,False,False
24,2401,9401,clean,9,-0.0941973548432466,-0.0941973548432466,0.0,False,False,False,False
24,2401,9401,clean,10,-0.1905467974099655,-0.1905467974099655,0.0,False,False,False,False
24,2401,9401,clean,11,-0.14883129468868153,-0.14883129468868153,0.0,False,False,False,False
24,2401,9401,clean,12,-0.0953057858518288,-0.0953057858518288,0.0,False,False,False,False
24,2401,9401,clean,13,-0.14894844631954507,-0.14894844631954507,0.0,False,False,False,False
24,2401,9401,clean,14,-0.09361123558680448,-0.09361123558680448,0.0,False,False,False,False
24,2401,9401,clean,15,-0.0976499463039549,-0.0976499463039549,0.0,False,False,False,False
24,2401,9401,clean,16,-0.07764558766451043,-0.07764558766451043,0.0,False,False,False,False
24,2401,9401,clean,17,-0.07480535023593449,-0.07480535023593449,0.0,False,False,False,False
24,2401,9401,clean,18,-1.5167684023375763,-1.5167684023375763,0.0,False,False,False,False
24,2401,9401,clean,19,-1.3791378413042792,-1.3791378413042792,0.0,False,False,False,False
24,2401,9401,clean,20,-1.0399969948257897,-1.0399969948257897,0.0,False,False,False,False
24,2401,9401,clean,21,-0.5457390899314598,-0.5457390899314598,0.0,False,False,False,False
24,2401,9401,clean,22,-0.43300418142087815,-0.43300418142087815,0.0,False,False,False,False
24,2401,9401,clean,23,-0.32323586469669896,-0.32323586469669896,0.0,False,False,False,False
24,2401,9401,unconstrained,0,-3.1175348655655455,-3.3020899663508425,1.9999986576660147,True,True,True,True
24,2401,9401,unconstrained,1,-1.1209644593909853,-0.3104715558199909,1.9972962755151809,True,True,False,True
24,2401,9401,unconstrained,2,-0.4757120422394152,0.1069950491335871,1.7188329337167887,True,True,False,True
24,2401,9401,unconstrained,3,-0.4130057001026113,-0.4357838510872864,1.9803812261790152,True,True,False,True
24,2401,9401,unconstrained,4,-0.2167143660363845,-0.07209031868285992,1.9281488860250395,True,True,False,True
24,2401,9401,unconstrained,5,-0.22714484831774662,-0.9008664769245587,1.9946672866817734,True,True,False,True
24,2401,9401,unconstrained,6,-0.2333777925057064,0.3463605314012308,1.999729657082796,True,True,False,True
24,2401,9401,unconstrained,7,-0.23978058329953705,0.25709891794912876,1.9990615398733353,True,True,False,True
24,2401,9401,unconstrained,8,-0.2640193649133747,0.33185405208571433,1.75169909972444,True,True,False,True
24,2401,9401,unconstrained,9,-0.4452616638463027,-0.3929126816990396,0.5368536532619199,False,False,False,True
24,2401,9401,unconstrained,10,-0.7636827066474146,-1.340505773495925,1.8784991321604065,True,True,False,True
24,2401,9401,unconstrained,11,-0.7628982452163183,-0.015083380980375163,1.993288437116631,True,True,False,True
24,2401,9401,unconstrained,12,-0.8432819720157252,-1.25535050754378,1.453319763651614,True,True,False,True
24,2401,9401,unconstrained,13,-1.0451694729663439,-1.0274274601522775,1.8535847814531887,True,True,False,True
24,2401,9401,unconstrained,14,-1.1471293670653027,-0.24005030289659313,1.7827935791813971,True,True,False,True
24,2401,9401,unconstrained,15,-1.3477378069979933,-1.4231408833979686,0.8134312105569589,False,False,False,True
24,2401,9401,unconstrained,16,-1.4964138698409841,-1.8664412155594827,1.1954040997902635,False,False,False,True
24,2401,9401,unconstrained,17,-1.6454821001119657,-1.7928601912607514,1.4344828234166085,False,False,False,True
24,2401,9401,unconstrained,18,-2.750155540731367,-1.9439305480863887,1.9999557130191288,False,False,False,True
24,2401,9401,unconstrained,19,-3.5788654612191593,-2.8317104828997657,1.738986772806647,False,True,False,True
24,2401,9401,unconstrained,20,-1.8016434765296916,-2.301291864444309,1.999999930202071,False,False,False,True
24,2401,9401,unconstrained,21,-1.0242443376691601,-2.457864913929802,1.9999987708114668,False,False,False,True
24,2401,9401,unconstrained,22,-1.1045884254166043,-0.8550518464560559,1.8175263439117149,True,True,False,True
24,2401,9401,unconstrained,23,-0.7881983943627118,-1.2237037523498997,1.9350718797322375,False,False,False,True
24,2401,9401,constrained,0,-3.1175348655655455,-2.9341568301305054,1.9999986576660147,False,False,False,True
24,2401,9401,constrained,1,-1.1209644593909853,-0.9640995666311919,1.9973459736933192,False,False,False,True
24,2401,9401,constrained,2,-0.47887997781357206,-0.3039358747537422,0.5829730820721636,False,False,False,True
24,2401,9401,constrained,3,-0.4387614598989813,-0.8540431850229497,1.8685819898893155,False,False,False,True
24,2401,9401,constrained,4,-0.3263588931558908,-0.942970384040631,1.9834365356355725,False,False,False,True
24,2401,9401,constrained,5,-0.20190539453465345,-1.2164326633309113,1.9999112162747346,False,False,False,True
24,2401,9401,constrained,6,-0.1879503681954522,-0.7057906573334616,1.9999985096259862,False,False,False,True
24,2401,9401,constrained,7,-0.166131861372472,-0.5367016470485625,1.9980153454195142,False,False,False,True
24,2401,9401,constrained,8,-0.1628571034181901,-0.3329207783620022,1.962469431709532,False,False,False,True
24,2401,9401,constrained,9,-0.26684134120611386,-0.4413311449330291,1.980318799252304,False,False,False,True
24,2401,9401,constrained,10,-0.38384732367376273,-1.482877301655121,1.998832022073975,False,False,False,True
24,2401,9401,constrained,11,-0.35938867482795067,-0.4481314486976026,1.7939572567308635,False,False,False,True
24,2401,9401,constrained,12,-0.3945243813958788,-1.572457346083373,1.9812570014385433,False,False,False,True
24,2401,9401,constrained,13,-0.49311762075545296,-1.1714339590590774,1.9959725017028325,False,False,False,True
24,2401,9401,constrained,14,-0.500910963693715,-0.29255125325942616,1.7183628836449398,False,False,False,True
24,2401,9401,constrained,15,-0.5588826563484448,-1.3847452481886193,1.9551978566908594,False,False,False,True
24,2401,9401,constrained,16,-0.6100627232850017,-1.5823379302090466,1.9700320883879425,False,False,False,True
24,2401,9401,constrained,17,-0.6380037231946876,-1.1622711444377376,1.6849862848224886,False,False,False,True
24,2401,9401,constrained,18,-1.9624248474153234,-1.433446554302924,1.9999981117451775,False,False,False,True
24,2401,9401,constrained,19,-3.037668524528006,-2.4744828128525564,1.7668951379018394,False,False,False,True
24,2401,9401,constrained,20,-1.5208606429452012,-2.293658301543949,1.9990307344534275,False,False,False,True
24,2401,9401,constrained,21,-0.4892349141628035,-1.7430251990998107,1.9977623384005874,False,False,False,True
24,2401,9401,constrained,22,-0.7061047533514937,-0.7062573401875922,1.3219938398305346,False,False,False,True
24,2401,9401,constrained,23,-0.461184019422132,-0.9629378339144625,1.9951959352961286,False,False,False,True
24,2402,9402,clean,0,-3.0305964127831895,-3.0305964127831895,0.0,False,False,False,False
24,2402,9402,clean,1,-1.1954817307921597,-1.1954817307921597,0.0,False,False,False,False
24,2402,9402,clean,2,-0.45880129084734705,-0.45880129084734705,0.0,False,False,False,False
24,2402,9402,clean,3,-0.32969548413881655,-0.32969548413881655,0.0,False,False,False,False
24,2402,9402,clean,4,-0.2222347471163866,-0.2222347471163866,0.0,False,False,False,False
24,2402,9402,clean,5,-0.15234223155362664,-0.15234223155362664,0.0,False,False,False,False
24,2402,9402,clean,6,-0.08589890747726393,-0.08589890747726393,0.0,False,False,False,False
24,2402,9402,clean,7,-0.08996403779597492,-0.08996403779597492,0.0,False,False,False,False
24,2402,9402,clean,8,-0.18319618803359602,-0.18319618803359602,0.0,False,False,False,False
24,2402,9402,clean,9,-0.14104339867315774,-0.14104339867315774,0.0,False,False,False,False
24,2402,9402,clean,10,-0.4022333939628704,-0.4022333939628704,0.0,False,False,False,False
24,2402,9402,clean,11,-0.5930266916268548,-0.5930266916268548,0.0,False,False,False,False
24,2402,9402,clean,12,-0.7174760676768086,-0.7174760676768086,0.0,False,False,False,False
24,2402,9402,clean,13,-0.6825407943152787,-0.6825407943152787,0.0,False,False,False,False
24,2402,9402,clean,14,-0.7275410950830259,-0.7275410950830259,0.0,False,False,False,False
24,2402,9402,clean,15,-0.7774593356237016,-0.7774593356237016,0.0,False,False,False,False
24,2402,9402,clean,16,-0.7666747486112224,-0.7666747486112224,0.0,False,False,False,False
24,2402,9402,clean,17,-0.7696204746320758,-0.7696204746320758,0.0,False,False,False,False
24,2402,9402,clean,18,-1.9754776491705468,-1.9754776491705468,0.0,False,False,False,False
24,2402,9402,clean,19,-2.181893998002036,-2.181893998002036,0.0,False,False,False,False
24,2402,9402,clean,20,-1.267414129293594,-1.267414129293594,0.0,False,False,False,False
24,2402,9402,clean,21,-0.5792992153672158,-0.5792992153672158,0.0,False,False,False,False
24,2402,9402,clean,22,-0.358969101045449,-0.358969101045449,0.0,False,False,False,False
24,2402,9402,clean,23,-0.4601270875147284,-0.4601270875147284,0.0,False,False,False,False
24,2402,9402,unconstrained,0,-3.0305964127831895,-2.5307071845946836,1.9999999999749176,True,True,False,True
24,2402,9402,unconstrained,1,-1.2277577914682247,-0.8407037668412641,1.9298101370948433,True,True,False,True
24,2402,9402,unconstrained,2,-0.4486875062365228,-0.17234112137948276,1.9989862337897224,True,True,False,True
24,2402,9402,unconstrained,3,-0.3314019662008483,-0.47984406881111463,1.9942590894963887,True,True,False,True
24,2402,9402,unconstrained,4,-0.20673860748810058,-0.23930567762039945,1.9960425460959932,True,True,False,True
24,2402,9402,unconstrained,5,-0.2153715198355179,-1.2101469012612625,1.8850725248428652,True,True,False,True
24,2402,9402,unconstrained,6,-0.18253075144329478,-0.43958209864364756,1.7669651527849612,True,True,False,True
24,2402,9402,unconstrained,7,-0.26258817235662696,-0.1435955847774799,1.3372171299460465,True,True,False,True
24,2402,9402,unconstrained,8,-0.4006249091661288,-0.5478876088441229,1.7970519424627813,True,True,False,True
24,2402,9402,unconstrained,9,-0.4200062612911259,-0.6538185121046248,0.851343657436022,False,False,False,True
24,2402,9402,unconstrained,10,-0.7781069891517166,-0.8890473126785179,1.1069866757890103,False,False,False,True
24,2402,9402,unconstrained,11,-1.1124678036054525,-0.8587884054654938,1.9798851859055426,True,True,False,True
24,2402,9402,unconstrained,12,-1.240051617269902,-1.9417624945810896,1.9990915142862897,True,True,False,True
24,2402,9402,unconstrained,13,-1.1994380959355206,-1.5827667217965993,1.8999367962639762,True,True,False,True
24,2402,9402,unconstrained,14,-1.2277654477259559,-1.9477916308794305,1.9670596300443233,True,True,False,True
24,2402,9402,unconstrained,15,-1.2850806277632532,-0.7766731106982334,1.8147062692695357,True,True,False,True
24,2402,9402,unconstrained,16,-1.2862310903867882,-0.9791011688777675,1.1585172238496508,False,False,False,True
24,2402,9402,unconstrained,17,-1.3637239635722689,-1.2397608406964908,1.6849968858224202,True,True,False,True
24,2402,9402,unconstrained,18,-2.4695467921190666,-2.093059556119665,1.9999997698139336,True,True,False,True
24,2402,9402,unconstrained,19,-3.0099812026247372,-2.6067612041891817,1.999891601352483,False,True,False,True
24,2402,9402,unconstrained,20,-1.6320651241696553,-2.181516911669375,1.9992781204814216,True,True,False,True
24,2402,9402,unconstrained,21,-1.413729044657536,-0.6437994139489316,1.9999999997400144,True,True,False,True
24,2402,9402,unconstrained,22,-1.174163873837628,-1.2810762356546852,1.8268806554988426,True,True,False,True
24,2402,9402,unconstrained,23,-1.0587545154804343,-0.5945484738450867,1.9959282224931456,True,True,False,True
24,2402,9402,constrained,0,-3.0305964127831895,-2.431853717552228,1.9999999999749176,False,False,False,True
24,2402,9402,constrained,1,-1.2277577914682247,-0.9959662921886726,1.6162280667625284,False,False,False,True
24,2402,9402,constrained,2,-0.44667892395803815,-1.0300514048294027,1.9993220803487697,False,False,False,True
24,2402,9402,constrained,3,-0.3220997562831535,-1.18879214703236,1.996878399904337,False,False,False,True
24,2402,9402,constrained,4,-0.21315961561331984,-0.9307570502756068,1.9560260367233386,False,False,False,True
24,2402,9402,constrained,5,-0.19903740685594162,-1.5325340040490074,1.9869443745639306,False,False,False,True
24,2402,9402,constrained,6,-0.12190039623610015,-0.9114362378620715,1.9660687660299172,False,False,False,True
24,2402,9402,constrained,7,-0.14629000472358994,-0.6016885910662901,1.7234467414685006,False,False,False,True
24,2402,9402,constrained,8,-0.2856466551490782,-1.1095842700493752,1.8635756860662578,False,False,False,True
24,2402,9402,constrained,9,-0.26544720477895056,-0.20258286647157692,0.30678630541312923,False,False,False,True
24,2402,9402,constrained,10,-0.5628197844051945,-0.7072268686188619,1.3319737960797802,False,False,False,True
24,2402,9402,constrained,11,-0.8455664273030914,-0.844568860241843,1.800634321023224,False,False,False,True
24,2402,9402,constrained,12,-1.0119999660429497,-1.6859506782408418,1.9926952816313224,False,False,False,True
24,2402,9402,constrained,13,-1.0366002357538928,-1.6174377086447365,1.8253888074608886,False,False,False,True
24,2402,9402,constrained,14,-1.1058852108367394,-1.8988750095345241,1.984030906533879,False,False,False,True
24,2402,9402,constrained,15,-1.1901347225546566,-0.879466637045137,1.606235843649989,False,False,False,True
24,2402,9402,constrained,16,-1.2349272492723655,-0.9113814799237419,1.3805137576546596,False,False,False,True
24,2402,9402,constrained,17,-1.3179022472269153,-1.218982508487287,1.8395160456603687,False,False,False,True
24,2402,9402,constrained,18,-2.423310286023092,-2.0485733167698332,1.9999990886823928,False,False,False,True
24,2402,9402,constrained,19,-3.1398891947561696,-2.61754001379793,1.9997454847593967,False,False,False,True
24,2402,9402,constrained,20,-1.6935813332420468,-2.2467091462598168,1.99933601074302,False,False,False,True
24,2402,9402,constrained,21,-1.3423520254406174,-0.7515172486391816,1.9999999964391872,False,False,False,True
24,2402,9402,constrained,22,-1.0461050714781024,-1.0210989000481416,1.2608443820308701,False,False,False,True
24,2402,9402,constrained,23,-0.9604071731947326,-0.7370577448857926,1.983999056803364,False,False,False,True
24,2403,9403,clean,0,-2.8688337605847254,-2.8688337605847254,0.0,False,False,False,False
24,2403,9403,clean,1,-1.4728048800390976,-1.4728048800390976,0.0,False,False,False,False
24,2403,9403,clean,2,-0.5255383032944195,-0.5255383032944195,0.0,False,False,False,False
24,2403,9403,clean,3,-0.17658482982881485,-0.17658482982881485,0.0,False,False,False,False
24,2403,9403,clean,4,-0.16968081090248413,-0.16968081090248413,0.0,False,False,False,False
24,2403,9403,clean,5,-0.24408534563220952,-0.24408534563220952,0.0,False,False,False,False
24,2403,9403,clean,6,-0.17164599840111133,-0.17164599840111133,0.0,False,False,False,False
24,2403,9403,clean,7,-0.14893616135421867,-0.14893616135421867,0.0,False,False,False,False
24,2403,9403,clean,8,-0.23037671661447387,-0.23037671661447387,0.0,False,False,False,False
24,2403,9403,clean,9,-0.20881807776703443,-0.20881807776703443,0.0,False,False,False,False
24,2403,9403,clean,10,-0.29739153540917873,-0.29739153540917873,0.0,False,False,False,False
24,2403,9403,clean,11,-0.2507615027129595,-0.2507615027129595,0.0,False,False,False,False
24,2403,9403,clean,12,-0.3812364739141558,-0.3812364739141558,0.0,False,False,False,False
24,2403,9403,clean,13,-0.4315422170964025,-0.4315422170964025,0.0,False,False,False,False
24,2403,9403,clean,14,-0.5020173892354596,-0.5020173892354596,0.0,False,False,False,False
24,2403,9403,clean,15,-0.6446795220953936,-0.6446795220953936,0.0,False,False,False,False
24,2403,9403,clean,16,-0.7035467183146884,-0.7035467183146884,0.0,False,False,False,False
24,2403,9403,clean,17,-0.8118254990439633,-0.8118254990439633,0.0,False,False,False,False
24,2403,9403,clean,18,-2.0686339737492774,-2.0686339737492774,0.0,False,False,False,False
24,2403,9403,clean,19,-3.331341494398315,-3.331341494398315,0.0,False,True,True,False
24,2403,9403,clean,20,-1.2487219944956331,-1.2487219944956331,0.0,False,False,False,False
24,2403,9403,clean,21,-0.5398564590770983,-0.5398564590770983,0.0,False,False,False,False
24,2403,9403,clean,22,-0.8400780747415494,-0.8400780747415494,0.0,False,False,False,False
24,2403,9403,clean,23,-0.8261465774653522,-0.8261465774653522,0.0,False,False,False,False
24,2403,9403,unconstrained,0,-2.8688337605847254,-3.8659098059201105,1.9999999997372342,True,True,True,True
24,2403,9403,unconstrained,1,-1.4728048800390976,-0.3978941362932682,1.9996002472108443,True,True,False,True
24,2403,9403,unconstrained,2,-0.5022136148075449,-1.3030297437231215,1.946090868795949,True,True,False,True
24,2403,9403,unconstrained,3,-0.2226953320517615,-0.15384922079514834,1.9346653459888201,True,True,False,True
24,2403,9403,unconstrained,4,-0.23312204214509039,0.466568312558921,1.7106610122573693,True,True,False,True
24,2403,9403,unconstrained,5,-0.43931722917277727,-0.945587736894651,1.860787896548221,True,True,False,True
24,2403,9403,unconstrained,6,-0.35648725639818213,-0.2865340179629068,1.903873497552472,True,True,False,True
24,2403,9403,unconstrained,7,-0.3824791741447069,0.43411799647761096,1.7922974429037701,True,True,False,True
24,2403,9403,unconstrained,8,-0.6078090713851856,-0.732190826223992,1.7136949020853935,True,True,False,True
24,2403,9403,unconstrained,9,-0.6692510482460307,-0.2559571680822597,1.6388713393149135,True,True,False,True
24,2403,9403,unconstrained,10,-0.8559262138679203,-0.8177164089390891,1.776733561115854,True,True,False,True
24,2403,9403,unconstrained,11,-0.956527889900122,-0.6051234633035594,1.5324425702716937,True,True,False,True
24,2403,9403,unconstrained,12,-1.2729384432622506,-1.39135135291176,1.8656399079384909,True,True,False,True
24,2403,9403,unconstrained,13,-1.4140643228365466,-1.5430043943277902,1.7562430482381841,True,True,False,True
24,2403,9403,unconstrained,14,-1.5645690397903431,-1.3509566193436002,1.1068398778549662,False,False,False,True
24,2403,9403,unconstrained,15,-1.7602956914476036,-2.3465750085266737,1.5787880877329514,False,False,False,True
24,2403,9403,unconstrained,16,-1.8405398772622024,-1.5139920051044378,1.4183682877446881,False,False,False,True
24,2403,9403,unconstrained,17,-1.8790802258746373,-1.8179922233748116,0.47652689601591297,False,False,False,True
24,2403,9403,unconstrained,18,-2.862250197606979,-2.7765006444414073,1.8517555588370773,False,True,False,True
24,2403,9403,unconstrained,19,-3.567027998603936,-3.0872316908436575,1.9916939301999186,False,True,True,True
24,2403,9403,unconstrained,20,-1.5157185382612277,-1.7606442519790955,1.9999995132726751,True,True,False,True
24,2403,9403,unconstrained,21,-0.8903079298529508,-1.2893026798012253,1.9996580955648289,True,True,False,True
24,2403,9403,unconstrained,22,-1.2688188493876063,-1.1270462240475734,1.9998239860385025,True,True,False,True
24,2403,9403,unconstrained,23,-1.204165905577096,-1.399918598526428,1.972369730819015,True,True,False,True
24,2403,9403,constrained,0,-2.8688337605847254,-3.044176464756207,0.4535878032828337,False,False,False,True
24,2403,9403,constrained,1,-1.4728048800390976,-0.6359678229126422,1.7579938612904815,False,False,False,True
24,2403,9403,constrained,2,-0.5222243395245162,-1.744219438475362,1.992522297461452,False,False,False,True
24,2403,9403,constrained,3,-0.19249717616887757,-0.8179467143609416,1.9086952093812142,False,False,False,True
24,2403,9403,constrained,4,-0.18193784730344453,-0.42018744208078707,1.9909441609459535,False,False,False,True
24,2403,9403,constrained,5,-0.2859923867904314,-1.5358157700692137,1.99099868801545,False,False,False,True
24,2403,9403,constrained,6,-0.21332376216552704,-0.6525557832313474,1.93886471774268,False,False,False,True
24,2403,9403,constrained,7,-0.20445237140547493,-0.17599940205221315,0.5663092128720657,False,False,False,True
24,2403,9403,constrained,8,-0.32239636539835026,-0.9031121666407987,1.9603213562255823,False,False,False,True
24,2403,9403,constrained,9,-0.34206807017961405,-0.34267557789169467,1.1781542872834438,False,False,False,True
24,2403,9403,constrained,10,-0.4809217413948613,-0.8063362151745018,1.9923547239194974,False,False,False,True
24,2403,9403,constrained,11,-0.5111050504943841,-0.4097509961086606,0.5575099882062567,False,False,False,True
24,2403,9403,constrained,12,-0.7470911339664539,-0.8287820385873259,1.147097015799639,False,False,False,True
24,2403,9403,constrained,13,-0.8956616729151876,-0.880903288328417,0.9243379317664682,False,False,False,True
24,2403,9403,constrained,14,-1.0813648991789413,-1.0016707201824362,0.4023182793828175,False,False,False,True
24,2403,9403,constrained,15,-1.319266189126857,-1.8416244986483443,1.4542249521531088,False,False,False,True
24,2403,9403,constrained,16,-1.4794651467526365,-1.1102300241061624,1.4875897034428576,False,False,False,True
24,2403,9403,constrained,17,-1.5953126001575095,-1.5280608729244025,0.7349228667889776,False,False,False,True
24,2403,9403,constrained,18,-2.6872419959238876,-2.4086046621049713,1.79370677067479,False,False,False,True
24,2403,9403,constrained,19,-3.6003094641789106,-3.492638905928774,0.8613644660010875,False,False,True,True
24,2403,9403,constrained,20,-1.5403055626415574,-1.7745024241163145,1.9999966880952382,False,False,False,True
24,2403,9403,constrained,21,-0.7422448442029853,-1.3959383626486368,1.9912798311380553,False,False,False,True
24,2403,9403,constrained,22,-1.0685021300051158,-1.1570433266585014,1.9987426368949988,False,False,False,True
24,2403,9403,constrained,23,-1.0564249843300888,-1.4076355199397745,1.9252189954976,False,False,False,True
24,2404,9404,clean,0,-3.3108196031386354,-3.3108196031386354,0.0,False,False,True,False
24,2404,9404,clean,1,-0.9961056683207646,-0.9961056683207646,0.0,False,False,False,False
24,2404,9404,clean,2,-0.3755947606314307,-0.3755947606314307,0.0,False,False,False,False
24,2404,9404,clean,3,-0.30989564622401167,-0.30989564622401167,0.0,False,False,False,False
24,2404,9404,clean,4,-0.22201415941620373,-0.22201415941620373,0.0,False,False,False,False
24,2404,9404,clean,5,-0.18525805923276567,-0.18525805923276567,0.0,False,False,False,False
24,2404,9404,clean,6,-0.16170647275336325,-0.16170647275336325,0.0,False,False,False,False
24,2404,9404,clean,7,-0.13472908567210665,-0.13472908567210665,0.0,False,False,False,False
24,2404,9404,clean,8,-0.1602800839673783,-0.1602800839673783,0.0,False,False,False,False
24,2404,9404,clean,9,-0.16699799083031402,-0.16699799083031402,0.0,False,False,False,False
24,2404,9404,clean,10,-0.13490516568949878,-0.13490516568949878,0.0,False,False,False,False
24,2404,9404,clean,11,-0.14859122876403524,-0.14859122876403524,0.0,False,False,False,False
24,2404,9404,clean,12,-0.16166430665343767,-0.16166430665343767,0.0,False,False,False,False
24,2404,9404,clean,13,-0.12225743192039301,-0.12225743192039301,0.0,False,False,False,False
24,2404,9404,clean,14,-0.08810492522090038,-0.08810492522090038,0.0,False,False,False,False
24,2404,9404,clean,15,-0.09114001026193377,-0.09114001026193377,0.0,False,False,False,False
24,2404,9404,clean,16,-0.15204309043480202,-0.15204309043480202,0.0,False,False,False,False
24,2404,9404,clean,17,-0.11476275742920546,-0.11476275742920546,0.0,False,False,False,False
24,2404,9404,clean,18,-1.5151985351962207,-1.5151985351962207,0.0,False,False,False,False
24,2404,9404,clean,19,-2.1330086465936233,-2.1330086465936233,0.0,False,False,False,False
24,2404,9404,clean,20,-0.7977987860902127,-0.7977987860902127,0.0,False,False,False,False
24,2404,9404,clean,21,-0.3488771353403569,-0.3488771353403569,0.0,False,False,False,False
24,2404,9404,clean,22,-0.20432434959192736,-0.20432434959192736,0.0,False,False,False,False
24,2404,9404,clean,23,-0.18124193166474045,-0.18124193166474045,0.0,False,False,False,False
24,2404,9404,unconstrained,0,-3.3108196031386354,-2.7829292650214574,2.0,True,True,False,True
24,2404,9404,unconstrained,1,-0.9961056683207646,-1.773810805821928,1.9999992588976785,True,True,False,True
24,2404,9404,unconstrained,2,-0.37068453482191355,-0.9272376008500991,1.9999512848858059,True,True,False,True
24,2404,9404,unconstrained,3,-0.31398033240535345,-0.694939395307965,1.9999905100120017,True,True,False,True
24,2404,9404,unconstrained,4,-0.2851631617116395,-0.057237027386759065,1.9887982574703593,True,True,False,True
24,2404,9404,unconstrained,5,-0.24395329851486441,0.7839734945830092,1.9993837105604702,True,True,False,True
24,2404,9404,unconstrained,6,-0.3778601298482743,-0.19992239002163778,1.9962621023425944,True,True,False,True
24,2404,9404,unconstrained,7,-0.26681770649264464,0.06912224602749173,1.9905197677462974,True,True,False,True
24,2404,9404,unconstrained,8,-0.22052262855813556,0.07301970717619688,1.996549123922106,True,True,False,True
24,2404,9404,unconstrained,9,-0.257141774074198,-0.7987259622972431,1.9959169162480026,True,True,False,True
24,2404,9404,unconstrained,10,-0.29247119037710934,-0.3646878485659085,1.969040971397141,True,True,False,True
24,2404,9404,unconstrained,11,-0.37355224481848504,-0.7871622047865202,1.9938450180377605,True,True,False,True
24,2404,9404,unconstrained,12,-0.4774975734672473,-0.18457803994933575,1.6030997725710734,True,True,False,True
24,2404,9404,unconstrained,13,-0.5877861328642179,-0.5254308575736746,0.572504695989799,False,True,False,True
24,2404,9404,unconstrained,14,-0.8072836933550722,-0.6656035699418259,0.5903620188585389,False,False,False,True
24,2404,9404,unconstrained,15,-1.0417166582900181,-0.9483280275199973,0.4637030186425835,False,False,False,True
24,2404,9404,unconstrained,16,-1.346931545014975,-2.153783143147538,1.7835743262087689,False,False,False,True
24,2404,9404,unconstrained,17,-1.577946823792661,-2.5478010818495243,1.9926912722969357,False,False,False,True
24,2404,9404,unconstrained,18,-2.6988253137359326,-1.6426707942054886,1.9999888014664058,True,True,False,True
24,2404,9404,unconstrained,19,-3.277085124599126,-2.583327517509735,1.9997177299500781,False,False,False,True
24,2404,9404,unconstrained,20,-1.692297234377044,-2.128938322959441,1.9981978604956945,True,True,False,True
24,2404,9404,unconstrained,21,-1.340118257814146,-1.3525092043002767,1.9999507102132037,True,True,False,True
24,2404,9404,unconstrained,22,-1.3367871823985702,-1.2125213757365803,1.9297112684415672,True,True,False,True
24,2404,9404,unconstrained,23,-1.1551926966483963,-1.3936374224151438,1.9996040828602741,True,True,False,True
24,2404,9404,constrained,0,-3.3108196031386354,-2.785433700195715,2.0,False,False,False,True
24,2404,9404,constrained,1,-0.9961056683207646,-2.097062847507934,1.999999258994964,False,False,False,True
24,2404,9404,constrained,2,-0.36929079842257384,-1.3373211224643338,1.999975241322864,False,False,False,True
24,2404,9404,constrained,3,-0.30656950954301576,-1.2825672205094056,1.9997190741086153,False,False,False,True
24,2404,9404,constrained,4,-0.2275023185743143,-0.7098638650857625,1.9999834574318356,False,False,False,True
24,2404,9404,constrained,5,-0.18557190584743977,-0.18580796326082558,1.1581452632378817,False,False,False,True
24,2404,9404,constrained,6,-0.15781908938628428,-0.981092821350824,1.9955801497774683,False,False,False,True
24,2404,9404,constrained,7,-0.10050475538674092,-0.6771965157906676,1.9998757315019127,False,False,False,True
24,2404,9404,constrained,8,-0.10231391300533946,-0.8060399592440431,1.9998985361305266,False,False,False,True
24,2404,9404,constrained,9,-0.12446350827597293,-1.0911235909685604,1.9999449236041769,False,False,False,True
24,2404,9404,constrained,10,-0.1081466852961788,-0.9995666855497222,1.9995736159131405,False,False,False,True
24,2404,9404,constrained,11,-0.11551361495921118,-1.0434495683268799,1.999999615046208,False,False,False,True
24,2404,9404,constrained,12,-0.12578257529098674,-0.812260054735006,1.999850399462277,False,False,False,True
24,2404,9404,constrained,13,-0.11654383661566188,-1.0113929107673398,1.9914511085726039,False,False,False,True
24,2404,9404,constrained,14,-0.11922276637419119,-0.7697044238148054,1.986204740578023,False,False,False,True
24,2404,9404,constrained,15,-0.17923073100370546,-0.34557202513809526,1.276005031569492,False,False,False,True
24,2404,9404,constrained,16,-0.3738520882380342,-1.1151652824710585,1.5574285162354384,False,False,False,True
24,2404,9404,constrained,17,-0.4842630877711921,-1.531514232487323,1.9754055549602827,False,False,False,True
24,2404,9404,constrained,18,-1.8803697431921043,-1.3542092999688422,1.9999192775380947,False,False,False,True
24,2404,9404,constrained,19,-3.0915165534509823,-2.504589018667798,1.9998322051173523,False,False,False,True
24,2404,9404,constrained,20,-1.264285635662569,-1.5075914568681446,1.8602317409363756,False,False,False,True
24,2404,9404,constrained,21,-0.6856925438249979,-0.9130690974586347,1.9537481483748456,False,False,False,True
24,2404,9404,constrained,22,-0.5777746414129104,-0.700587187389228,1.5173725156299303,False,False,False,True
24,2404,9404,constrained,23,-0.4910886368888696,-1.0193823542320704,1.9999318400032164,False,False,False,True
48,2400,9400,clean,0,-3.051688686409277,-3.051688686409277,0.0,False,False,True,False
48,2400,9400,clean,1,-1.1385663270646926,-1.1385663270646926,0.0,False,False,False,False
48,2400,9400,clean,2,-0.4918592028403695,-0.4918592028403695,0.0,False,False,False,False
48,2400,9400,clean,3,-0.29343448005379474,-0.29343448005379474,0.0,False,False,False,False
48,2400,9400,clean,4,-0.1984471493836149,-0.1984471493836149,0.0,False,False,False,False
48,2400,9400,clean,5,-0.31610127104584995,-0.31610127104584995,0.0,False,False,False,False
48,2400,9400,clean,6,-0.23080295655929142,-0.23080295655929142,0.0,False,False,False,False
48,2400,9400,clean,7,-0.13897070740685372,-0.13897070740685372,0.0,False,False,False,False
48,2400,9400,clean,8,-0.08131810444728521,-0.08131810444728521,0.0,False,False,False,False
48,2400,9400,clean,9,-0.09546766409601044,-0.09546766409601044,0.0,False,False,False,False
48,2400,9400,clean,10,-0.11837275591522695,-0.11837275591522695,0.0,False,False,False,False
48,2400,9400,clean,11,-0.09969337465402034,-0.09969337465402034,0.0,False,False,False,False
48,2400,9400,clean,12,-0.17772956601460213,-0.17772956601460213,0.0,False,False,False,False
48,2400,9400,clean,13,-0.11083314741424694,-0.11083314741424694,0.0,False,False,False,False
48,2400,9400,clean,14,-0.18514911956509084,-0.18514911956509084,0.0,False,False,False,False
48,2400,9400,clean,15,-0.15871868481443682,-0.15871868481443682,0.0,False,False,False,False
48,2400,9400,clean,16,-0.14036076064407532,-0.14036076064407532,0.0,False,False,False,False
48,2400,9400,clean,17,-0.14900885921368334,-0.14900885921368334,0.0,False,False,False,False
48,2400,9400,clean,18,-1.556425438404105,-1.556425438404105,0.0,False,False,False,False
48,2400,9400,clean,19,-2.3578990569434906,-2.3578990569434906,0.0,False,False,False,False
48,2400,9400,clean,20,-1.0116856652267407,-1.0116856652267407,0.0,False,False,False,False
48,2400,9400,clean,21,-0.4205432273561779,-0.4205432273561779,0.0,False,False,False,False
48,2400,9400,clean,22,-0.2719512545333919,-0.2719512545333919,0.0,False,False,False,False
48,2400,9400,clean,23,-0.2658537031117304,-0.2658537031117304,0.0,False,False,False,False
48,2400,9400,clean,24,-0.1534022612078655,-0.1534022612078655,0.0,False,False,False,False
48,2400,9400,clean,25,-0.09756343022253233,-0.09756343022253233,0.0,False,False,False,False
48,2400,9400,clean,26,-0.1319519918359106,-0.1319519918359106,0.0,False,False,False,False
48,2400,9400,clean,27,-0.1360740272803065,-0.1360740272803065,0.0,False,False,False,False
48,2400,9400,clean,28,-0.18883947196126913,-0.18883947196126913,0.0,False,False,False,False
48,2400,9400,clean,29,-0.23110879246026533,-0.23110879246026533,0.0,False,False,False,False
48,2400,9400,clean,30,-0.2719709074544905,-0.2719709074544905,0.0,False,False,False,False
48,2400,9400,clean,31,-0.34066078394348864,-0.34066078394348864,0.0,False,False,False,False
48,2400,9400,clean,32,-0.4106161618227981,-0.4106161618227981,0.0,False,False,False,False
48,2400,9400,clean,33,-0.49854835894563515,-0.49854835894563515,0.0,False,False,False,False
48,2400,9400,clean,34,-0.5627105443185302,-0.5627105443185302,0.0,False,False,False,False
48,2400,9400,clean,35,-0.665004191700345,-0.665004191700345,0.0,False,False,False,False
48,2400,9400,clean,36,-0.8350252017298463,-0.8350252017298463,0.0,False,False,False,False
48,2400,9400,clean,37,-3.307347745557847,-3.307347745557847,0.0,False,True,True,False
48,2400,9400,clean,38,-2.5476907407805918,-2.5476907407805918,0.0,False,False,False,False
48,2400,9400,clean,39,-0.8854760901596406,-0.8854760901596406,0.0,False,False,False,False
48,2400,9400,clean,40,-0.38774081145300165,-0.38774081145300165,0.0,False,False,False,False
48,2400,9400,clean,41,-0.4714307094041189,-0.4714307094041189,0.0,False,False,False,False
48,2400,9400,clean,42,-0.5316764923470803,-0.5316764923470803,0.0,False,False,False,False
48,2400,9400,clean,43,-0.49154690486511166,-0.49154690486511166,0.0,False,False,False,False
48,2400,9400,clean,44,-0.5126880054348871,-0.5126880054348871,0.0,False,False,False,False
48,2400,9400,clean,45,-0.484829329619805,-0.484829329619805,0.0,False,False,False,False
48,2400,9400,clean,46,-0.6156149839843243,-0.6156149839843243,0.0,False,False,False,False
48,2400,9400,clean,47,-0.645713349810399,-0.645713349810399,0.0,False,False,False,False
48,2400,9400,unconstrained,0,-3.051688686409277,-3.2856976941949174,1.9999999138316809,True,True,True,True
48,2400,9400,unconstrained,1,-1.1385663270646926,-1.2537646172205,1.9994714834529137,True,True,False,True
48,2400,9400,unconstrained,2,-0.48663575603033465,-0.24229824408726386,1.8495553980686974,True,True,False,True
48,2400,9400,unconstrained,3,-0.329377011870521,-0.9883579372177936,1.257928804673021,True,True,False,True
48,2400,9400,unconstrained,4,-0.28398689871832145,-0.16588299202083268,1.1370110855407518,True,True,False,True
48,2400,9400,unconstrained,5,-0.4782323421079486,-0.9560702560550485,1.5398862772057276,False,False,False,True
48,2400,9400,unconstrained,6,-0.46732874557449394,-0.521123183261571,1.9970312478781718,True,True,False,True
48,2400,9400,unconstrained,7,-0.3830364160144405,0.9618601276765958,1.9998616638538402,True,True,False,True
48,2400,9400,unconstrained,8,-0.359593418345348,0.5879343845450566,1.9999253832540218,True,True,False,True
48,2400,9400,unconstrained,9,-0.3919035684124801,-0.09527564344295153,1.9998721907143593,True,True,False,True
48,2400,9400,unconstrained,10,-0.4713734492614989,-0.7180159070822898,1.9929641586786786,True,True,False,True
48,2400,9400,unconstrained,11,-0.5167851561855231,-0.5788337508782784,0.7627682140697924,True,True,False,True
48,2400,9400,unconstrained,12,-0.7814906273874682,-0.6556830688034389,1.662690444859314,True,True,False,True
48,2400,9400,unconstrained,13,-0.9725215574759636,-1.0390175915298725,1.4397076109097335,True,True,False,True
48,2400,9400,unconstrained,14,-1.1636940054837641,-1.4272430828991594,1.85247707743865,True,True,False,True
48,2400,9400,unconstrained,15,-1.2800233101314316,-1.183555492823369,1.4088322394480508,False,False,False,True
48,2400,9400,unconstrained,16,-1.3618011841887425,-1.1259599279164014,1.0310121720684706,False,False,False,True
48,2400,9400,unconstrained,17,-1.5286983664789737,-1.6468843258242791,0.49342500108374604,False,False,False,True
48,2400,9400,unconstrained,18,-2.6649259913208225,-2.486129719929881,1.9994200262326494,False,True,False,True
48,2400,9400,unconstrained,19,-3.550826054867425,-3.7042679112269594,1.9819118784734213,False,True,True,True
48,2400,9400,unconstrained,20,-1.6336152368206713,-1.3282793010927278,1.9999788672554266,True,True,False,True
48,2400,9400,unconstrained,21,-0.8767943475748314,-1.0225615081912784,1.9937331654010098,True,True,False,True
48,2400,9400,unconstrained,22,-0.6905833969519559,-0.7697540539257874,0.9840543758563346,True,True,False,True
48,2400,9400,unconstrained,23,-0.6535415535228142,-1.9561693400906779,1.9840735262856368,True,True,False,True
48,2400,9400,unconstrained,24,-0.5700699374564773,-0.722186803092477,1.997839840360423,True,True,False,True
48,2400,9400,unconstrained,25,-0.5952025085931307,-0.29657940535916183,1.9425490985226368,True,True,False,True
48,2400,9400,unconstrained,26,-0.7681806099622618,-0.7985602913683442,0.3792076757084209,False,False,False,True
48,2400,9400,unconstrained,27,-0.9467620474589896,-0.9328575910033498,0.06270895876877076,False,False,False,True
48,2400,9400,unconstrained,28,-1.1805596507603244,-1.357642461622572,0.5833622587366738,False,False,False,True
48,2400,9400,unconstrained,29,-1.3763720324306645,-1.2904329490771742,0.7060121320188025,False,False,False,True
48,2400,9400,unconstrained,30,-1.5685906033485946,-1.5319619422743824,0.32401010215322934,False,False,False,True
48,2400,9400,unconstrained,31,-1.7689084625541867,-1.79370553843802,0.3858188932914478,False,False,False,True
48,2400,9400,unconstrained,32,-1.9461324538275582,-2.0664508722326222,0.6083275483362555,False,False,False,True
48,2400,9400,unconstrained,33,-2.338505590062806,-2.418508162061653,0.48389976626451187,False,False,False,True
48,2400,9400,unconstrained,34,-2.532104637486415,-2.293096870683099,0.8599308429286296,False,False,False,True
48,2400,9400,unconstrained,35,-6.553127976358944,-6.1918346368926365,1.56120207451713,False,True,True,True
48,2400,9400,unconstrained,36,-4.897664324125604,-5.0364804375036,1.787789511076617,False,True,True,True
48,2400,9400,unconstrained,37,-2.051146585003173,-2.180558019146951,0.3590816359321396,False,False,False,True
48,2400,9400,unconstrained,38,-0.4062847071874453,-0.9298336311569021,1.393954180500338,False,False,False,True
48,2400,9400,unconstrained,39,-0.3576953360781052,-0.24923897172163012,0.6517062270471274,True,True,False,True
48,2400,9400,unconstrained,40,-0.3224583648324384,-0.29835075535280736,0.17276591247112755,False,False,False,True
48,2400,9400,unconstrained,41,-0.49672247671937814,-0.3931752041491566,0.6086126537190736,True,True,False,True
48,2400,9400,unconstrained,42,-0.654070388855258,-0.31966161224744716,1.6780967528309636,True,True,False,True
48,2400,9400,unconstrained,43,-0.7694986827520021,-0.8077655641482056,0.17897412474583962,False,False,False,True
48,2400,9400,unconstrained,44,-0.9945720299816886,-0.9827968815805079,0.23657967796403076,False,False,False,True
48,2400,9400,unconstrained,45,-1.1739655233284099,-1.1748678960301282,0.12833481331138247,False,False,False,True
48,2400,9400,unconstrained,46,-1.4719296710404424,-1.2030193257057913,0.959073704352727,False,False,False,True
48,2400,9400,unconstrained,47,-1.6067892280594653,-1.5646402781989117,0.4868583515647964,False,False,False,True
48,2400,9400,constrained,0,-3.051688686409277,-3.051688686409277,0.0,False,False,True,False
48,2400,9400,constrained,1,-1.1385663270646926,-1.7048204875895712,1.9996019521614674,False,False,False,True
48,2400,9400,constrained,2,-0.4679840453278951,-0.8860682508487473,1.972156106360053,False,False,False,True
48,2400,9400,constrained,3,-0.31501070487088956,-1.571974920347221,1.9499901298148654,False,False,False,True
48,2400,9400,constrained,4,-0.22928656956998844,-0.5188669283496683,1.6422631403853543,False,False,False,True
48,2400,9400,constrained,5,-0.3757172933523727,-1.248395351335961,1.9991894623570428,False,False,False,True
48,2400,9400,constrained,6,-0.3100898701981416,-1.0197351978168088,1.9997133394206978,False,False,False,True
48,2400,9400,constrained,7,-0.2172660216284256,-0.2873147144949633,1.9685029968493264,False,False,False,True
48,2400,9400,constrained,8,-0.17908931090314711,-0.44414322802808853,1.9990356686957917,False,False,False,True
48,2400,9400,constrained,9,-0.19665622790236026,-0.679142426266756,1.9965012082136537,False,False,False,True
48,2400,9400,constrained,10,-0.2465775122768246,-1.1214021507270804,1.9949547769314517,False,False,False,True
48,2400,9400,constrained,11,-0.26723976177411735,-0.6921972118351362,1.677126883939341,False,False,False,True
48,2400,9400,constrained,12,-0.4626164507841032,-0.38507890481105334,0.3963240544722706,False,False,False,True
48,2400,9400,constrained,13,-0.547330090670332,-0.6855516106125412,1.1137742375837294,False,False,False,True
48,2400,9400,constrained,14,-0.7628591607532639,-1.1653068121439483,1.5847048104132269,False,False,False,True
48,2400,9400,constrained,15,-0.8823779988891827,-0.8487736955419982,1.3529165525577775,False,False,False,True
48,2400,9400,constrained,16,-1.013247985797197,-0.7250144948374438,1.0640351504202439,False,False,False,True
48,2400,9400,constrained,17,-1.2054791176466138,-1.3470579797781015,0.644942008862272,False,False,False,True
48,2400,9400,constrained,18,-2.4568133152573575,-2.1218518204586276,1.9990414949461999,False,False,False,True
48,2400,9400,constrained,19,-3.550826054867425,-3.4431554966172895,0.8613644660010875,False,False,True,True
48,2400,9400,constrained,20,-1.630902031761348,-1.4748930889094924,1.9999580333495843,False,False,False,True
48,2400,9400,constrained,21,-0.8070603794938469,-1.1956684437512803,1.9927650925117946,False,False,False,True
48,2400,9400,constrained,22,-0.6725850305534873,-0.7753828272103354,0.8538088613621585,False,False,False,True
48,2400,9400,constrained,23,-0.6554493946842445,-2.0825220813046723,1.979468150191902,False,False,False,True
48,2400,9400,constrained,24,-0.5912687205264218,-1.2165652033118735,1.929783674223654,False,False,False,True
48,2400,9400,constrained,25,-0.5743548978653958,-0.808509865669834,1.839482752305104,False,False,False,True
48,2400,9400,constrained,26,-0.7536123178912248,-0.7690131878447228,0.2787542979622139,False,False,False,True
48,2400,9400,constrained,27,-0.9373552847019085,-0.9256217777734249,0.05479516354976976,False,False,False,True
48,2400,9400,constrained,28,-1.1712657699893527,-1.35270391547838,0.595386041195294,False,False,False,True
48,2400,9400,constrained,29,-1.3506610623693773,-1.2742025420881213,0.645732228589043,False,False,False,True
48,2400,9400,constrained,30,-1.5552922096852033,-1.5177035099926317,0.2877177534029376,False,False,False,True
48,2400,9400,constrained,31,-1.766269428772816,-1.7894915886255152,0.36545039510863325,False,False,False,True
48,2400,9400,constrained,32,-1.9390755895124336,-2.05323353910753,0.5779076769910879,False,False,False,True
48,2400,9400,constrained,33,-2.580495402448546,-2.6534255409055487,0.4734687660990607,False,False,False,True
48,2400,9400,constrained,34,-2.7311108525294365,-2.5312318373539906,0.7225048591331592,False,False,False,True
48,2400,9400,constrained,35,-6.385392762225543,-5.735829723531955,1.98156110557205,False,True,True,True
48,2400,9400,constrained,36,-5.142431605741371,-4.970376925896913,0.8613644660010875,False,False,True,True
48,2400,9400,constrained,37,-2.359537618641872,-2.519696843432455,0.3642170951372251,False,False,False,True
48,2400,9400,constrained,38,-0.48884217663577106,-1.1059498391959661,1.5503778117573954,False,False,False,True
48,2400,9400,constrained,39,-0.33516580397703855,-0.29973311109518375,0.22403496561537273,False,False,False,True
48,2400,9400,constrained,40,-0.3403644134345536,-0.3626255623443001,0.22378863703519952,False,False,False,True
48,2400,9400,constrained,41,-0.5104159917281897,-0.43010100724635913,0.48377515786081315,False,False,False,True
48,2400,9400,constrained,42,-0.6608327320421029,-0.589791515912317,0.8782449418849178,False,False,False,True
48,2400,9400,constrained,43,-0.7560551227825589,-1.007965772442683,1.0828610233494371,False,False,False,True
48,2400,9400,constrained,44,-0.9490120443577466,-0.9463018210191104,0.09569974037412236,False,False,False,True
48,2400,9400,constrained,45,-1.1136276649903176,-1.1142824524409263,0.02002525324303387,False,False,False,True
48,2400,9400,constrained,46,-1.4142539324837677,-1.1719835327493902,0.8599578202181509,False,False,False,True
48,2400,9400,constrained,47,-1.5445575759373436,-1.5083885936073718,0.40143905440329763,False,False,False,True
48,2401,9401,clean,0,-3.1175348655655455,-3.1175348655655455,0.0,False,False,True,False
48,2401,9401,clean,1,-1.1209644593909853,-1.1209644593909853,0.0,False,False,False,False
48,2401,9401,clean,2,-0.48395225073634873,-0.48395225073634873,0.0,False,False,False,False
48,2401,9401,clean,3,-0.38695358015203285,-0.38695358015203285,0.0,False,False,False,False
48,2401,9401,clean,4,-0.2881070647998721,-0.2881070647998721,0.0,False,False,False,False
48,2401,9401,clean,5,-0.16884586241991095,-0.16884586241991095,0.0,False,False,False,False
48,2401,9401,clean,6,-0.14692790301543557,-0.14692790301543557,0.0,False,False,False,False
48,2401,9401,clean,7,-0.12013329693044622,-0.12013329693044622,0.0,False,False,False,False
48,2401,9401,clean,8,-0.07952823560718364,-0.07952823560718364,0.0,False,False,False,False
48,2401,9401,clean,9,-0.0941973548432466,-0.0941973548432466,0.0,False,False,False,False
48,2401,9401,clean,10,-0.1905467974099655,-0.1905467974099655,0.0,False,False,False,False
48,2401,9401,clean,11,-0.14883129468868153,-0.14883129468868153,0.0,False,False,False,False
48,2401,9401,clean,12,-0.0953057858518288,-0.0953057858518288,0.0,False,False,False,False
48,2401,9401,clean,13,-0.14894844631954507,-0.14894844631954507,0.0,False,False,False,False
48,2401,9401,clean,14,-0.09361123558680448,-0.09361123558680448,0.0,False,False,False,False
48,2401,9401,clean,15,-0.0976499463039549,-0.0976499463039549,0.0,False,False,False,False
48,2401,9401,clean,16,-0.07764558766451043,-0.07764558766451043,0.0,False,False,False,False
48,2401,9401,clean,17,-0.07480535023593449,-0.07480535023593449,0.0,False,False,False,False
48,2401,9401,clean,18,-1.5167684023375763,-1.5167684023375763,0.0,False,False,False,False
48,2401,9401,clean,19,-1.3791378413042792,-1.3791378413042792,0.0,False,False,False,False
48,2401,9401,clean,20,-1.0399969948257897,-1.0399969948257897,0.0,False,False,False,False
48,2401,9401,clean,21,-0.5457390899314598,-0.5457390899314598,0.0,False,False,False,False
48,2401,9401,clean,22,-0.43300418142087815,-0.43300418142087815,0.0,False,False,False,False
48,2401,9401,clean,23,-0.32323586469669896,-0.32323586469669896,0.0,False,False,False,False
48,2401,9401,clean,24,-0.35423024164623385,-0.35423024164623385,0.0,False,False,False,False
48,2401,9401,clean,25,-0.4227399144378494,-0.4227399144378494,0.0,False,False,False,False
48,2401,9401,clean,26,-0.38062242653700373,-0.38062242653700373,0.0,False,False,False,False
48,2401,9401,clean,27,-0.3293351375831448,-0.3293351375831448,0.0,False,False,False,False
48,2401,9401,clean,28,-0.3324120013484695,-0.3324120013484695,0.0,False,False,False,False
48,2401,9401,clean,29,-0.359415575937565,-0.359415575937565,0.0,False,False,False,False
48,2401,9401,clean,30,-0.45369988648043574,-0.45369988648043574,0.0,False,False,False,False
48,2401,9401,clean,31,-0.6061782414814065,-0.6061782414814065,0.0,False,False,False,False
48,2401,9401,clean,32,-0.7344762094719745,-0.7344762094719745,0.0,False,False,False,False
48,2401,9401,clean,33,-0.8560813279521973,-0.8560813279521973,0.0,False,False,False,False
48,2401,9401,clean,34,-0.9467085946669559,-0.9467085946669559,0.0,False,False,False,False
48,2401,9401,clean,35,-0.8850370118515384,-0.8850370118515384,0.0,False,False,False,False
48,2401,9401,clean,36,-0.7583722141080189,-0.7583722141080189,0.0,False,False,False,False
48,2401,9401,clean,37,-1.6811264696912533,-1.6811264696912533,0.0,False,False,False,False
48,2401,9401,clean,38,-1.2325842190512668,-1.2325842190512668,0.0,False,False,False,False
48,2401,9401,clean,39,-1.0734899443413626,-1.0734899443413626,0.0,False,False,False,False
48,2401,9401,clean,40,-0.8733374476455359,-0.8733374476455359,0.0,False,False,False,False
48,2401,9401,clean,41,-0.6244673941980685,-0.6244673941980685,0.0,False,False,False,False
48,2401,9401,clean,42,-0.6399763753406722,-0.6399763753406722,0.0,False,False,False,False
48,2401,9401,clean,43,-0.594910839265109,-0.594910839265109,0.0,False,False,False,False
48,2401,9401,clean,44,-0.5366695583178839,-0.5366695583178839,0.0,False,False,False,False
48,2401,9401,clean,45,-0.4416531544516077,-0.4416531544516077,0.0,False,False,False,False
48,2401,9401,clean,46,-0.3556143043064099,-0.3556143043064099,0.0,False,False,False,False
48,2401,9401,clean,47,-0.3521148172351266,-0.3521148172351266,0.0,False,False,False,False
48,2401,9401,unconstrained,0,-3.1175348655655455,-3.3020899663508425,1.9999986576660147,True,True,True,True
48,2401,9401,unconstrained,1,-1.1209644593909853,-0.3104715558199909,1.9972962755151809,True,True,False,True
48,2401,9401,unconstrained,2,-0.4757120422394152,0.1069950491335871,1.7188329337167887,True,True,False,True
48,2401,9401,unconstrained,3,-0.4130057001026113,-0.4357838510872864,1.9803812261790152,True,True,False,True
48,2401,9401,unconstrained,4,-0.2167143660363845,-0.07209031868285992,1.9281488860250395,True,True,False,True
48,2401,9401,unconstrained,5,-0.22714484831774662,-0.9008664769245587,1.9946672866817734,True,True,False,True
48,2401,9401,unconstrained,6,-0.2333777925057064,0.3463605314012308,1.999729657082796,True,True,False,True
48,2401,9401,unconstrained,7,-0.23978058329953705,0.25709891794912876,1.9990615398733353,True,True,False,True
48,2401,9401,unconstrained,8,-0.2640193649133747,0.33185405208571433,1.75169909972444,True,True,False,True
48,2401,9401,unconstrained,9,-0.4452616638463027,-0.3929126816990396,0.5368536532619199,False,False,False,True
48,2401,9401,unconstrained,10,-0.7636827066474146,-1.340505773495925,1.8784991321604065,True,True,False,True
48,2401,9401,unconstrained,11,-0.7628982452163183,-0.015083380980375163,1.993288437116631,True,True,False,True
48,2401,9401,unconstrained,12,-0.8432819720157252,-1.25535050754378,1.453319763651614,True,True,False,True
48,2401,9401,unconstrained,13,-1.0451694729663439,-1.0274274601522775,1.8535847814531887,True,True,False,True
48,2401,9401,unconstrained,14,-1.1471293670653027,-0.24005030289659313,1.7827935791813971,True,True,False,True
48,2401,9401,unconstrained,15,-1.3477378069979933,-1.4231408833979686,0.8134312105569589,False,False,False,True
48,2401,9401,unconstrained,16,-1.4964138698409841,-1.8664412155594827,1.1954040997902635,False,False,False,True
48,2401,9401,unconstrained,17,-1.6454821001119657,-1.7928601912607514,1.4344828234166085,False,False,False,True
48,2401,9401,unconstrained,18,-2.750155540731367,-1.9439305480863887,1.9999557130191288,False,False,False,True
48,2401,9401,unconstrained,19,-3.5788654612191593,-2.8317104828997657,1.738986772806647,False,True,False,True
48,2401,9401,unconstrained,20,-1.8016434765296916,-2.301291864444309,1.999999930202071,False,False,False,True
48,2401,9401,unconstrained,21,-1.0242443376691601,-2.457864913929802,1.9999987708114668,False,False,False,True
48,2401,9401,unconstrained,22,-1.1045884254166043,-0.8550518464560559,1.8175263439117149,True,True,False,True
48,2401,9401,unconstrained,23,-0.7881983943627118,-1.2237037523498997,1.9350718797322375,False,False,False,True
48,2401,9401,unconstrained,24,-0.7911872298666109,-0.766080726909975,1.9452582953343118,True,True,False,True
48,2401,9401,unconstrained,25,-0.8332320345211898,-0.5886960333165532,1.4367936746712144,True,True,False,True
48,2401,9401,unconstrained,26,-1.0824648906969638,-1.1568932331998352,1.2567913020006083,False,False,False,True
48,2401,9401,unconstrained,27,-1.2506963503234796,-1.6925319663909737,1.202973159155897,False,False,False,True
48,2401,9401,unconstrained,28,-1.465127215889819,-2.1602508714862303,1.8336608909872765,True,True,False,True
48,2401,9401,unconstrained,29,-1.6318994618439602,-2.336956592604281,1.9761788551717379,False,False,False,True
48,2401,9401,unconstrained,30,-1.645054697612275,-1.6383526373629658,1.9434055575728597,True,True,False,True
48,2401,9401,unconstrained,31,-1.6691392280627437,-2.180452312428052,1.9537157505821803,False,True,False,True
48,2401,9401,unconstrained,32,-1.591948356638807,-1.3298098991273317,1.027992820356448,False,False,False,True
48,2401,9401,unconstrained,33,-1.5811103145371903,-1.7093050359974953,0.6579753249404485,False,False,False,True
48,2401,9401,unconstrained,34,-1.6564694337749404,-1.7626269303642674,1.0703163260130206,False,False,False,True
48,2401,9401,unconstrained,35,-1.7549729606313167,-1.944948536426285,0.8335962095313131,False,False,False,True
48,2401,9401,unconstrained,36,-1.8171771381675788,-1.8483512137983062,1.5075571066268858,False,False,False,True
48,2401,9401,unconstrained,37,-3.797526614905262,-4.3522001954023,1.8969724214256303,False,True,True,True
48,2401,9401,unconstrained,38,-2.4779523667397516,-2.3755487427364215,1.8971531647777553,False,False,False,True
48,2401,9401,unconstrained,39,-0.8859924385821889,-1.7016564764641098,1.9022180240278097,False,False,False,True
48,2401,9401,unconstrained,40,-0.49180130750789064,-0.21573117446893345,1.9040652807395635,True,True,False,True
48,2401,9401,unconstrained,41,-0.6257831542129246,-0.3507310528759694,1.0182903680917434,True,True,False,True
48,2401,9401,unconstrained,42,-0.5713875290672163,-0.40860936848066554,0.4987706696884842,True,True,False,True
48,2401,9401,unconstrained,43,-0.7314217913530936,-0.7541872455907067,0.37290815805323224,False,False,False,True
48,2401,9401,unconstrained,44,-0.9371837662895521,-0.9130747659154878,0.9658572727137144,False,False,False,True
48,2401,9401,unconstrained,45,-1.1405069394118987,-1.4896519553445065,1.427431123391413,True,True,False,True
48,2401,9401,unconstrained,46,-1.3237103108437096,-1.6264431211488757,1.3068990395119122,False,False,False,True
48,2401,9401,unconstrained,47,-1.4346476690780154,-1.1435772941721605,0.8142897920261369,False,False,False,True
48,2401,9401,constrained,0,-3.1175348655655455,-2.9341568301305054,1.9999986576660147,False,False,False,True
48,2401,9401,constrained,1,-1.1209644593909853,-0.9640995666311919,1.9973459736933192,False,False,False,True
48,2401,9401,constrained,2,-0.47887997781357206,-0.3039358747537422,0.5829730820721636,False,False,False,True
48,2401,9401,constrained,3,-0.4387614598989813,-0.8540431850229497,1.8685819898893155,False,False,False,True
48,2401,9401,constrained,4,-0.3263588931558908,-0.942970384040631,1.9834365356355725,False,False,False,True
48,2401,9401,constrained,5,-0.20190539453465345,-1.2164326633309113,1.9999112162747346,False,False,False,True
48,2401,9401,constrained,6,-0.1879503681954522,-0.7057906573334616,1.9999985096259862,False,False,False,True
48,2401,9401,constrained,7,-0.166131861372472,-0.5367016470485625,1.9980153454195142,False,False,False,True
48,2401,9401,constrained,8,-0.1628571034181901,-0.3329207783620022,1.962469431709532,False,False,False,True
48,2401,9401,constrained,9,-0.26684134120611386,-0.4413311449330291,1.980318799252304,False,False,False,True
48,2401,9401,constrained,10,-0.38384732367376273,-1.482877301655121,1.998832022073975,False,False,False,True
48,2401,9401,constrained,11,-0.35938867482795067,-0.4481314486976026,1.7939572567308635,False,False,False,True
48,2401,9401,constrained,12,-0.3945243813958788,-1.572457346083373,1.9812570014385433,False,False,False,True
48,2401,9401,constrained,13,-0.49311762075545296,-1.1714339590590774,1.9959725017028325,False,False,False,True
48,2401,9401,constrained,14,-0.500910963693715,-0.29255125325942616,1.7183628836449398,False,False,False,True
48,2401,9401,constrained,15,-0.5588826563484448,-1.3847452481886193,1.9551978566908594,False,False,False,True
48,2401,9401,constrained,16,-0.6100627232850017,-1.5823379302090466,1.9700320883879425,False,False,False,True
48,2401,9401,constrained,17,-0.6380037231946876,-1.1622711444377376,1.6849862848224886,False,False,False,True
48,2401,9401,constrained,18,-1.9624248474153234,-1.433446554302924,1.9999981117451775,False,False,False,True
48,2401,9401,constrained,19,-3.037668524528006,-2.4744828128525564,1.7668951379018394,False,False,False,True
48,2401,9401,constrained,20,-1.5208606429452012,-2.293658301543949,1.9990307344534275,False,False,False,True
48,2401,9401,constrained,21,-0.4892349141628035,-1.7430251990998107,1.9977623384005874,False,False,False,True
48,2401,9401,constrained,22,-0.7061047533514937,-0.7062573401875922,1.3219938398305346,False,False,False,True
48,2401,9401,constrained,23,-0.461184019422132,-0.9629378339144625,1.9951959352961286,False,False,False,True
48,2401,9401,constrained,24,-0.4347775585765708,-0.8601919360965657,1.996272690628045,False,False,False,True
48,2401,9401,constrained,25,-0.40829173474836267,-0.5728874951910686,1.1632768765992936,False,False,False,True
48,2401,9401,constrained,26,-0.5843786554853683,-0.976518637681825,1.7811284568046075,False,False,False,True
48,2401,9401,constrained,27,-0.707475569099363,-1.4366431125914392,1.747511845057069,False,False,False,True
48,2401,9401,constrained,28,-0.8691457059291059,-1.8930153581912874,1.952509468590512,False,False,False,True
48,2401,9401,constrained,29,-0.980907928326328,-1.8002375865392715,1.9971557324310962,False,False,False,True
48,2401,9401,constrained,30,-0.9955227336467602,-1.2498778309734164,1.6635480868897943,False,False,False,True
48,2401,9401,constrained,31,-1.035177461331842,-1.784945612851811,1.9944650000233473,False,False,False,True
48,2401,9401,constrained,32,-0.9744023144886937,-0.6041246852175954,1.5434362810077455,False,False,False,True
48,2401,9401,constrained,33,-0.9771045968074905,-1.086702437148051,0.5059119058848773,False,False,False,True
48,2401,9401,constrained,34,-1.1060566671470795,-1.3304637062562383,1.664021098839929,False,False,False,True
48,2401,9401,constrained,35,-1.2957764715530016,-1.4872276861260216,0.8919479436022164,False,False,False,True
48,2401,9401,constrained,36,-1.4237297198633019,-1.427766121156024,1.6819649801436278,False,False,False,True
48,2401,9401,constrained,37,-3.5651986840780587,-3.457528125827923,0.8613644660010875,False,False,True,True
48,2401,9401,constrained,38,-2.351146774081869,-2.31296894680763,1.96733728059881,False,False,False,True
48,2401,9401,constrained,39,-1.0281009258152378,-1.9183966604464133,1.9846256668032134,False,False,False,True
48,2401,9401,constrained,40,-0.6469371486390889,-0.7934240275379871,1.9798313524321423,False,False,False,True
48,2401,9401,constrained,41,-0.7405430998539635,-0.596561891910295,1.0385642842732237,False,False,False,True
48,2401,9401,constrained,42,-0.7452779154585897,-0.7118038404147945,0.38346233218938053,False,False,False,True
48,2401,9401,constrained,43,-0.9322945752633047,-0.8311888931232196,1.0154127112665277,False,False,False,True
48,2401,9401,constrained,44,-1.1157032357038323,-1.0662409009708593,1.5970696091501841,False,False,False,True
48,2401,9401,constrained,45,-1.2790569590576224,-1.8381860935030148,1.8627161530202685,False,False,False,True
48,2401,9401,constrained,46,-1.4421455334410413,-1.8390076424286788,1.6420206805430662,False,False,False,True
48,2401,9401,constrained,47,-1.5284644614027052,-1.0951599702627672,1.1915598457478813,False,False,False,True
48,2402,9402,clean,0,-3.0305964127831895,-3.0305964127831895,0.0,False,False,False,False
48,2402,9402,clean,1,-1.1954817307921597,-1.1954817307921597,0.0,False,False,False,False
48,2402,9402,clean,2,-0.45880129084734705,-0.45880129084734705,0.0,False,False,False,False
48,2402,9402,clean,3,-0.32969548413881655,-0.32969548413881655,0.0,False,False,False,False
48,2402,9402,clean,4,-0.2222347471163866,-0.2222347471163866,0.0,False,False,False,False
48,2402,9402,clean,5,-0.15234223155362664,-0.15234223155362664,0.0,False,False,False,False
48,2402,9402,clean,6,-0.08589890747726393,-0.08589890747726393,0.0,False,False,False,False
48,2402,9402,clean,7,-0.08996403779597492,-0.08996403779597492,0.0,False,False,False,False
48,2402,9402,clean,8,-0.18319618803359602,-0.18319618803359602,0.0,False,False,False,False
48,2402,9402,clean,9,-0.14104339867315774,-0.14104339867315774,0.0,False,False,False,False
48,2402,9402,clean,10,-0.4022333939628704,-0.4022333939628704,0.0,False,False,False,False
48,2402,9402,clean,11,-0.5930266916268548,-0.5930266916268548,0.0,False,False,False,False
48,2402,9402,clean,12,-0.7174760676768086,-0.7174760676768086,0.0,False,False,False,False
48,2402,9402,clean,13,-0.6825407943152787,-0.6825407943152787,0.0,False,False,False,False
48,2402,9402,clean,14,-0.7275410950830259,-0.7275410950830259,0.0,False,False,False,False
48,2402,9402,clean,15,-0.7774593356237016,-0.7774593356237016,0.0,False,False,False,False
48,2402,9402,clean,16,-0.7666747486112224,-0.7666747486112224,0.0,False,False,False,False
48,2402,9402,clean,17,-0.7696204746320758,-0.7696204746320758,0.0,False,False,False,False
48,2402,9402,clean,18,-1.9754776491705468,-1.9754776491705468,0.0,False,False,False,False
48,2402,9402,clean,19,-2.181893998002036,-2.181893998002036,0.0,False,False,False,False
48,2402,9402,clean,20,-1.267414129293594,-1.267414129293594,0.0,False,False,False,False
48,2402,9402,clean,21,-0.5792992153672158,-0.5792992153672158,0.0,False,False,False,False
48,2402,9402,clean,22,-0.358969101045449,-0.358969101045449,0.0,False,False,False,False
48,2402,9402,clean,23,-0.4601270875147284,-0.4601270875147284,0.0,False,False,False,False
48,2402,9402,clean,24,-0.41656213242646867,-0.41656213242646867,0.0,False,False,False,False
48,2402,9402,clean,25,-0.4206792690842779,-0.4206792690842779,0.0,False,False,False,False
48,2402,9402,clean,26,-0.2975245611085753,-0.2975245611085753,0.0,False,False,False,False
48,2402,9402,clean,27,-0.29573387786703426,-0.29573387786703426,0.0,False,False,False,False
48,2402,9402,clean,28,-0.24049836989034568,-0.24049836989034568,0.0,False,False,False,False
48,2402,9402,clean,29,-0.19627740256639126,-0.19627740256639126,0.0,False,False,False,False
48,2402,9402,clean,30,-0.14541913971921192,-0.14541913971921192,0.0,False,False,False,False
48,2402,9402,clean,31,-0.1456759089260714,-0.1456759089260714,0.0,False,False,False,False
48,2402,9402,clean,32,-0.13636788093854924,-0.13636788093854924,0.0,False,False,False,False
48,2402,9402,clean,33,-0.16261034519060324,-0.16261034519060324,0.0,False,False,False,False
48,2402,9402,clean,34,-0.19143070111579819,-0.19143070111579819,0.0,False,False,False,False
48,2402,9402,clean,35,-0.13514885911915406,-0.13514885911915406,0.0,False,False,False,False
48,2402,9402,clean,36,-0.10628755235094593,-0.10628755235094593,0.0,False,False,False,False
48,2402,9402,clean,37,-2.1288859526071575,-2.1288859526071575,0.0,False,False,False,False
48,2402,9402,clean,38,-1.8704850419410242,-1.8704850419410242,0.0,False,False,False,False
48,2402,9402,clean,39,-1.0188944096802173,-1.0188944096802173,0.0,False,False,False,False
48,2402,9402,clean,40,-0.46001408176368136,-0.46001408176368136,0.0,False,False,False,False
48,2402,9402,clean,41,-0.32345767828713756,-0.32345767828713756,0.0,False,False,False,False
48,2402,9402,clean,42,-0.20066501617957344,-0.20066501617957344,0.0,False,False,False,False
48,2402,9402,clean,43,-0.12239211723334072,-0.12239211723334072,0.0,False,False,False,False
48,2402,9402,clean,44,-0.1773104262548713,-0.1773104262548713,0.0,False,False,False,False
48,2402,9402,clean,45,-0.07098420829265578,-0.07098420829265578,0.0,False,False,False,False
48,2402,9402,clean,46,-0.07079760184839462,-0.07079760184839462,0.0,False,False,False,False
48,2402,9402,clean,47,-0.06385446306706677,-0.06385446306706677,0.0,False,False,False,False
48,2402,9402,unconstrained,0,-3.0305964127831895,-2.5307071845946836,1.9999999999749176,True,True,False,True
48,2402,9402,unconstrained,1,-1.2277577914682247,-0.8407037668412641,1.9298101370948433,True,True,False,True
48,2402,9402,unconstrained,2,-0.4486875062365228,-0.17234112137948276,1.9989862337897224,True,True,False,True
48,2402,9402,unconstrained,3,-0.3314019662008483,-0.47984406881111463,1.9942590894963887,True,True,False,True
48,2402,9402,unconstrained,4,-0.20673860748810058,-0.23930567762039945,1.9960425460959932,True,True,False,True
48,2402,9402,unconstrained,5,-0.2153715198355179,-1.2101469012612625,1.8850725248428652,True,True,False,True
48,2402,9402,unconstrained,6,-0.18253075144329478,-0.43958209864364756,1.7669651527849612,True,True,False,True
48,2402,9402,unconstrained,7,-0.26258817235662696,-0.1435955847774799,1.3372171299460465,True,True,False,True
48,2402,9402,unconstrained,8,-0.4006249091661288,-0.5478876088441229,1.7970519424627813,True,True,False,True
48,2402,9402,unconstrained,9,-0.4200062612911259,-0.6538185121046248,0.851343657436022,False,False,False,True
48,2402,9402,unconstrained,10,-0.7781069891517166,-0.8890473126785179,1.1069866757890103,False,False,False,True
48,2402,9402,unconstrained,11,-1.1124678036054525,-0.8587884054654938,1.9798851859055426,True,True,False,True
48,2402,9402,unconstrained,12,-1.240051617269902,-1.9417624945810896,1.9990915142862897,True,True,False,True
48,2402,9402,unconstrained,13,-1.1994380959355206,-1.5827667217965993,1.8999367962639762,True,True,False,True
48,2402,9402,unconstrained,14,-1.2277654477259559,-1.9477916308794305,1.9670596300443233,True,True,False,True
48,2402,9402,unconstrained,15,-1.2850806277632532,-0.7766731106982334,1.8147062692695357,True,True,False,True
48,2402,9402,unconstrained,16,-1.2862310903867882,-0.9791011688777675,1.1585172238496508,False,False,False,True
48,2402,9402,unconstrained,17,-1.3637239635722689,-1.2397608406964908,1.6849968858224202,True,True,False,True
48,2402,9402,unconstrained,18,-2.4695467921190666,-2.093059556119665,1.9999997698139336,True,True,False,True
48,2402,9402,unconstrained,19,-3.0099812026247372,-2.6067612041891817,1.999891601352483,False,True,False,True
48,2402,9402,unconstrained,20,-1.6320651241696553,-2.181516911669375,1.9992781204814216,True,True,False,True
48,2402,9402,unconstrained,21,-1.413729044657536,-0.6437994139489316,1.9999999997400144,True,True,False,True
48,2402,9402,unconstrained,22,-1.174163873837628,-1.2810762356546852,1.8268806554988426,True,True,False,True
48,2402,9402,unconstrained,23,-1.0587545154804343,-0.5945484738450867,1.9959282224931456,True,True,False,True
48,2402,9402,unconstrained,24,-0.9242446982342536,-1.0884192190987114,1.9807206149333936,True,True,False,True
48,2402,9402,unconstrained,25,-0.9520226080180081,-1.1158926626120649,1.9938332292743157,True,True,False,True
48,2402,9402,unconstrained,26,-0.9560291974810164,-1.1796141608667154,1.9962290256771766,True,True,False,True
48,2402,9402,unconstrained,27,-1.0414492248522655,-1.1787824714387773,1.9655191455405354,True,True,False,True
48,2402,9402,unconstrained,28,-1.098824225647465,-1.3585944890192465,1.4463247470542124,False,False,False,True
48,2402,9402,unconstrained,29,-1.2176424100667034,-1.1340298145711307,0.24797452370786568,False,False,False,True
48,2402,9402,unconstrained,30,-1.3161661900996124,-1.3342358931965812,1.126474396031682,False,False,False,True
48,2402,9402,unconstrained,31,-1.4446940651661389,-1.6860173315358513,1.8365671085066628,False,False,False,True
48,2402,9402,unconstrained,32,-1.541178963211026,-1.224340189192024,1.8957496340385265,True,True,False,True
48,2402,9402,unconstrained,33,-1.5893816446818896,-2.2136459085691635,1.8371603711795488,True,True,False,True
48,2402,9402,unconstrained,34,-1.6034007547906333,-1.6481262151687854,1.2474876392552758,False,False,False,True
48,2402,9402,unconstrained,35,-1.5757308938116992,-1.5689510778656706,0.5934469974611231,False,False,False,True
48,2402,9402,unconstrained,36,-1.6192538618204808,-1.5604727957864144,0.33227405723881126,False,False,False,True
48,2402,9402,unconstrained,37,-3.7852903187447855,-4.01156707733784,1.996787942100553,False,True,True,True
48,2402,9402,unconstrained,38,-3.01567675585687,-2.800776638260182,1.9781807476814746,True,True,False,True
48,2402,9402,unconstrained,39,-1.1212707555888137,-1.59932876149795,1.9941767111594333,True,True,False,True
48,2402,9402,unconstrained,40,-0.7642597614171136,-1.021723210581819,1.9767236009739366,True,True,False,True
48,2402,9402,unconstrained,41,-0.6768843677232448,-1.543789737804655,1.7509140045210494,True,True,False,True
48,2402,9402,unconstrained,42,-0.4790418861880369,-0.04552396144993931,1.8732582262351554,True,True,False,True
48,2402,9402,unconstrained,43,-0.5234668515419647,-0.375748540634061,1.107948683394354,True,True,False,True
48,2402,9402,unconstrained,44,-0.7870525308241102,-1.0587552060108538,1.2579703431087923,True,True,False,True
48,2402,9402,unconstrained,45,-0.8356640925502915,-0.6735024275848479,0.553560666627309,False,False,False,True
48,2402,9402,unconstrained,46,-1.1127934546200695,-1.0749928367363342,0.3536239190031203,False,False,False,True
48,2402,9402,unconstrained,47,-1.3932158791269784,-1.3594269862999118,0.942234228128315,False,False,False,True
48,2402,9402,constrained,0,-3.0305964127831895,-2.431853717552228,1.9999999999749176,False,False,False,True
48,2402,9402,constrained,1,-1.2277577914682247,-0.9959662921886726,1.6162280667625284,False,False,False,True
48,2402,9402,constrained,2,-0.44667892395803815,-1.0300514048294027,1.9993220803487697,False,False,False,True
48,2402,9402,constrained,3,-0.3220997562831535,-1.18879214703236,1.996878399904337,False,False,False,True
48,2402,9402,constrained,4,-0.21315961561331984,-0.9307570502756068,1.9560260367233386,False,False,False,True
48,2402,9402,constrained,5,-0.19903740685594162,-1.5325340040490074,1.9869443745639306,False,False,False,True
48,2402,9402,constrained,6,-0.12190039623610015,-0.9114362378620715,1.9660687660299172,False,False,False,True
48,2402,9402,constrained,7,-0.14629000472358994,-0.6016885910662901,1.7234467414685006,False,False,False,True
48,2402,9402,constrained,8,-0.2856466551490782,-1.1095842700493752,1.8635756860662578,False,False,False,True
48,2402,9402,constrained,9,-0.26544720477895056,-0.20258286647157692,0.30678630541312923,False,False,False,True
48,2402,9402,constrained,10,-0.5628197844051945,-0.7072268686188619,1.3319737960797802,False,False,False,True
48,2402,9402,constrained,11,-0.8455664273030914,-0.844568860241843,1.800634321023224,False,False,False,True
48,2402,9402,constrained,12,-1.0119999660429497,-1.6859506782408418,1.9926952816313224,False,False,False,True
48,2402,9402,constrained,13,-1.0366002357538928,-1.6174377086447365,1.8253888074608886,False,False,False,True
48,2402,9402,constrained,14,-1.1058852108367394,-1.8988750095345241,1.984030906533879,False,False,False,True
48,2402,9402,constrained,15,-1.1901347225546566,-0.879466637045137,1.606235843649989,False,False,False,True
48,2402,9402,constrained,16,-1.2349272492723655,-0.9113814799237419,1.3805137576546596,False,False,False,True
48,2402,9402,constrained,17,-1.3179022472269153,-1.218982508487287,1.8395160456603687,False,False,False,True
48,2402,9402,constrained,18,-2.423310286023092,-2.0485733167698332,1.9999990886823928,False,False,False,True
48,2402,9402,constrained,19,-3.1398891947561696,-2.61754001379793,1.9997454847593967,False,False,False,True
48,2402,9402,constrained,20,-1.6935813332420468,-2.2467091462598168,1.99933601074302,False,False,False,True
48,2402,9402,constrained,21,-1.3423520254406174,-0.7515172486391816,1.9999999964391872,False,False,False,True
48,2402,9402,constrained,22,-1.0461050714781024,-1.0210989000481416,1.2608443820308701,False,False,False,True
48,2402,9402,constrained,23,-0.9604071731947326,-0.7370577448857926,1.983999056803364,False,False,False,True
48,2402,9402,constrained,24,-0.9214647168986094,-1.346483667709815,1.9560911334859468,False,False,False,True
48,2402,9402,constrained,25,-1.0042914767099065,-1.3923435535545665,1.9910442626523754,False,False,False,True
48,2402,9402,constrained,26,-1.0188430175958105,-1.4394070008993203,1.8723971343637138,False,False,False,True
48,2402,9402,constrained,27,-1.1007562598805731,-1.480720885699967,1.9933863418986455,False,False,False,True
48,2402,9402,constrained,28,-1.1344942702611316,-1.5802015205608502,1.846622910653152,False,False,False,True
48,2402,9402,constrained,29,-1.1956272906261711,-1.0560252920477171,0.459230158473831,False,False,False,True
48,2402,9402,constrained,30,-1.255300887227849,-1.2588306347666256,0.8667024178998743,False,False,False,True
48,2402,9402,constrained,31,-1.3660717983305215,-1.5970541534925382,1.7605036756012902,False,False,False,True
48,2402,9402,constrained,32,-1.45653476304713,-1.1776496644750951,1.8783173920506204,False,False,False,True
48,2402,9402,constrained,33,-1.5324376961723831,-2.1886543356896544,1.767987972885932,False,False,False,True
48,2402,9402,constrained,34,-1.5586355602833593,-1.6056333276111525,1.3336613121959737,False,False,False,True
48,2402,9402,constrained,35,-1.5171815773617787,-1.5141311398891117,0.603965800601275,False,False,False,True
48,2402,9402,constrained,36,-1.6012228027106048,-1.5403748259723766,0.3222530512165721,False,False,False,True
48,2402,9402,constrained,37,-3.769488793422264,-3.6618182351721282,0.8613644660010875,False,False,True,True
48,2402,9402,constrained,38,-3.016265395237211,-2.633148910529035,1.8086780629302595,False,False,False,True
48,2402,9402,constrained,39,-1.1211400531433742,-1.7833456010255553,1.9949215620136411,False,False,False,True
48,2402,9402,constrained,40,-0.774845911372282,-1.0431850423120406,1.9813302381383977,False,False,False,True
48,2402,9402,constrained,41,-0.6655561354427093,-1.6465240404251178,1.6528570076180544,False,False,False,True
48,2402,9402,constrained,42,-0.4765186978548568,-0.638547774278871,1.8027172082373484,False,False,False,True
48,2402,9402,constrained,43,-0.5228421888155034,-0.7652028028005793,1.4651433456597225,False,False,False,True
48,2402,9402,constrained,44,-0.7375911739810876,-1.784542848962162,1.9503696622815831,False,False,False,True
48,2402,9402,constrained,45,-0.7485512484025478,-0.432662535336382,0.7692846040516172,False,False,False,True
48,2402,9402,constrained,46,-0.9562364986859274,-0.9269041478013974,0.14834021727323282,False,False,False,True
48,2402,9402,constrained,47,-1.2277961445557524,-1.207121723608333,0.8206822803491021,False,False,False,True
48,2403,9403,clean,0,-2.8688337605847254,-2.8688337605847254,0.0,False,False,False,False
48,2403,9403,clean,1,-1.4728048800390976,-1.4728048800390976,0.0,False,False,False,False
48,2403,9403,clean,2,-0.5255383032944195,-0.5255383032944195,0.0,False,False,False,False
48,2403,9403,clean,3,-0.17658482982881485,-0.17658482982881485,0.0,False,False,False,False
48,2403,9403,clean,4,-0.16968081090248413,-0.16968081090248413,0.0,False,False,False,False
48,2403,9403,clean,5,-0.24408534563220952,-0.24408534563220952,0.0,False,False,False,False
48,2403,9403,clean,6,-0.17164599840111133,-0.17164599840111133,0.0,False,False,False,False
48,2403,9403,clean,7,-0.14893616135421867,-0.14893616135421867,0.0,False,False,False,False
48,2403,9403,clean,8,-0.23037671661447387,-0.23037671661447387,0.0,False,False,False,False
48,2403,9403,clean,9,-0.20881807776703443,-0.20881807776703443,0.0,False,False,False,False
48,2403,9403,clean,10,-0.29739153540917873,-0.29739153540917873,0.0,False,False,False,False
48,2403,9403,clean,11,-0.2507615027129595,-0.2507615027129595,0.0,False,False,False,False
48,2403,9403,clean,12,-0.3812364739141558,-0.3812364739141558,0.0,False,False,False,False
48,2403,9403,clean,13,-0.4315422170964025,-0.4315422170964025,0.0,False,False,False,False
48,2403,9403,clean,14,-0.5020173892354596,-0.5020173892354596,0.0,False,False,False,False
48,2403,9403,clean,15,-0.6446795220953936,-0.6446795220953936,0.0,False,False,False,False
48,2403,9403,clean,16,-0.7035467183146884,-0.7035467183146884,0.0,False,False,False,False
48,2403,9403,clean,17,-0.8118254990439633,-0.8118254990439633,0.0,False,False,False,False
48,2403,9403,clean,18,-2.0686339737492774,-2.0686339737492774,0.0,False,False,False,False
48,2403,9403,clean,19,-3.331341494398315,-3.331341494398315,0.0,False,True,True,False
48,2403,9403,clean,20,-1.2487219944956331,-1.2487219944956331,0.0,False,False,False,False
48,2403,9403,clean,21,-0.5398564590770983,-0.5398564590770983,0.0,False,False,False,False
48,2403,9403,clean,22,-0.8400780747415494,-0.8400780747415494,0.0,False,False,False,False
48,2403,9403,clean,23,-0.8261465774653522,-0.8261465774653522,0.0,False,False,False,False
48,2403,9403,clean,24,-0.741511255225858,-0.741511255225858,0.0,False,False,False,False
48,2403,9403,clean,25,-0.8078685142944656,-0.8078685142944656,0.0,False,False,False,False
48,2403,9403,clean,26,-0.7557196379777359,-0.7557196379777359,0.0,False,False,False,False
48,2403,9403,clean,27,-0.91063658791806,-0.91063658791806,0.0,False,False,False,False
48,2403,9403,clean,28,-1.0024493900355007,-1.0024493900355007,0.0,False,False,False,False
48,2403,9403,clean,29,-1.163093847917379,-1.163093847917379,0.0,False,False,False,False
48,2403,9403,clean,30,-1.286478030924587,-1.286478030924587,0.0,False,False,False,False
48,2403,9403,clean,31,-1.4368801536032512,-1.4368801536032512,0.0,False,False,False,False
48,2403,9403,clean,32,-1.4649407132654466,-1.4649407132654466,0.0,False,False,False,False
48,2403,9403,clean,33,-1.5635784056825626,-1.5635784056825626,0.0,False,False,False,False
48,2403,9403,clean,34,-1.6390310789289901,-1.6390310789289901,0.0,False,False,False,False
48,2403,9403,clean,35,-1.7004093912724996,-1.7004093912724996,0.0,False,False,False,False
48,2403,9403,clean,36,-1.8182864835162165,-1.8182864835162165,0.0,False,False,False,False
48,2403,9403,clean,37,-3.653283611826158,-3.653283611826158,0.0,False,True,True,False
48,2403,9403,clean,38,-2.0754813251295277,-2.0754813251295277,0.0,False,False,False,False
48,2403,9403,clean,39,-0.8912706117991898,-0.8912706117991898,0.0,False,False,False,False
48,2403,9403,clean,40,-0.678801204571716,-0.678801204571716,0.0,False,False,False,False
48,2403,9403,clean,41,-0.830992697877899,-0.830992697877899,0.0,False,False,False,False
48,2403,9403,clean,42,-0.9524896161616039,-0.9524896161616039,0.0,False,False,False,False
48,2403,9403,clean,43,-0.7658980649050469,-0.7658980649050469,0.0,False,False,False,False
48,2403,9403,clean,44,-0.5529034107810366,-0.5529034107810366,0.0,False,False,False,False
48,2403,9403,clean,45,-0.5927778935635986,-0.5927778935635986,0.0,False,False,False,False
48,2403,9403,clean,46,-0.6345867079747245,-0.6345867079747245,0.0,False,False,False,False
48,2403,9403,clean,47,-0.6601389978595413,-0.6601389978595413,0.0,False,False,False,False
48,2403,9403,unconstrained,0,-2.8688337605847254,-3.8659098059201105,1.9999999997372342,True,True,True,True
48,2403,9403,unconstrained,1,-1.4728048800390976,-0.3978941362932682,1.9996002472108443,True,True,False,True
48,2403,9403,unconstrained,2,-0.5022136148075449,-1.3030297437231215,1.946090868795949,True,True,False,True
48,2403,9403,unconstrained,3,-0.2226953320517615,-0.15384922079514834,1.9346653459888201,True,True,False,True
48,2403,9403,unconstrained,4,-0.23312204214509039,0.466568312558921,1.7106610122573693,True,True,False,True
48,2403,9403,unconstrained,5,-0.43931722917277727,-0.945587736894651,1.860787896548221,True,True,False,True
48,2403,9403,unconstrained,6,-0.35648725639818213,-0.2865340179629068,1.903873497552472,True,True,False,True
48,2403,9403,unconstrained,7,-0.3824791741447069,0.43411799647761096,1.7922974429037701,True,True,False,True
48,2403,9403,unconstrained,8,-0.6078090713851856,-0.732190826223992,1.7136949020853935,True,True,False,True
48,2403,9403,unconstrained,9,-0.6692510482460307,-0.2559571680822597,1.6388713393149135,True,True,False,True
48,2403,9403,unconstrained,10,-0.8559262138679203,-0.8177164089390891,1.776733561115854,True,True,False,True
48,2403,9403,unconstrained,11,-0.956527889900122,-0.6051234633035594,1.5324425702716937,True,True,False,True
48,2403,9403,unconstrained,12,-1.2729384432622506,-1.39135135291176,1.8656399079384909,True,True,False,True
48,2403,9403,unconstrained,13,-1.4140643228365466,-1.5430043943277902,1.7562430482381841,True,True,False,True
48,2403,9403,unconstrained,14,-1.5645690397903431,-1.3509566193436002,1.1068398778549662,False,False,False,True
48,2403,9403,unconstrained,15,-1.7602956914476036,-2.3465750085266737,1.5787880877329514,False,False,False,True
48,2403,9403,unconstrained,16,-1.8405398772622024,-1.5139920051044378,1.4183682877446881,False,False,False,True
48,2403,9403,unconstrained,17,-1.8790802258746373,-1.8179922233748116,0.47652689601591297,False,False,False,True
48,2403,9403,unconstrained,18,-2.862250197606979,-2.7765006444414073,1.8517555588370773,False,True,False,True
48,2403,9403,unconstrained,19,-3.567027998603936,-3.0872316908436575,1.9916939301999186,False,True,True,True
48,2403,9403,unconstrained,20,-1.5157185382612277,-1.7606442519790955,1.9999995132726751,True,True,False,True
48,2403,9403,unconstrained,21,-0.8903079298529508,-1.2893026798012253,1.9996580955648289,True,True,False,True
48,2403,9403,unconstrained,22,-1.2688188493876063,-1.1270462240475734,1.9998239860385025,True,True,False,True
48,2403,9403,unconstrained,23,-1.204165905577096,-1.399918598526428,1.972369730819015,True,True,False,True
48,2403,9403,unconstrained,24,-1.0075901587600224,-0.6047409793547036,1.9907854058849015,True,True,False,True
48,2403,9403,unconstrained,25,-1.0125441691776658,-1.4043773789798615,1.9419489319602667,True,True,False,True
48,2403,9403,unconstrained,26,-1.0457293812060395,-0.582667724222073,1.3645505464411354,True,True,False,True
48,2403,9403,unconstrained,27,-1.3117710064965586,-1.3406801526741883,1.1836155155483263,False,False,False,True
48,2403,9403,unconstrained,28,-1.4386701909737982,-1.2086656836841232,0.7919757107455657,False,False,False,True
48,2403,9403,unconstrained,29,-1.6494693500012951,-1.4954980398616349,1.1440376386273852,False,False,False,True
48,2403,9403,unconstrained,30,-1.8124721502668886,-1.7246436458804935,0.6635130301883926,False,False,False,True
48,2403,9403,unconstrained,31,-2.0275464541556687,-2.0574387845908406,1.0944753550328932,False,False,False,True
48,2403,9403,unconstrained,32,-2.502459430378678,-2.516917680083692,0.6754792990994198,False,False,False,True
48,2403,9403,unconstrained,33,-4.278259198819546,-3.943482147645464,1.984618841339691,False,True,True,True
48,2403,9403,unconstrained,34,-6.225361113448329,-6.758109250654286,1.999502038433268,False,True,True,True
48,2403,9403,unconstrained,35,-4.1042312022906255,-3.9931388539782207,1.9098624454903619,False,True,True,True
48,2403,9403,unconstrained,36,-1.763970729291021,-1.8612415928311206,1.9267218534149588,True,True,False,True
48,2403,9403,unconstrained,37,-0.37564006089296154,-0.23024643435992087,1.4051135814117943,True,True,False,True
48,2403,9403,unconstrained,38,-0.3357200322525431,-0.49745313414128756,0.8615753336689415,False,False,False,True
48,2403,9403,unconstrained,39,-0.36010893120246235,-0.620317283105311,1.929931978211124,True,True,False,True
48,2403,9403,unconstrained,40,-0.3918019287309486,-0.38979980006745163,0.47001455342496873,False,False,False,True
48,2403,9403,unconstrained,41,-0.581733029550553,-0.419995928024335,1.4261164402903899,True,True,False,True
48,2403,9403,unconstrained,42,-0.7630832157990257,-1.4279891361291406,1.7346409476250073,True,True,False,True
48,2403,9403,unconstrained,43,-0.8565872205282845,-1.2431980907834923,1.8129401152178268,True,True,False,True
48,2403,9403,unconstrained,44,-0.9483952553001698,-0.9080902850845969,0.804711538308579,False,False,False,True
48,2403,9403,unconstrained,45,-1.2451620225988191,-1.2244681986795047,0.5764181144867375,False,False,False,True
48,2403,9403,unconstrained,46,-1.4523182507265195,-0.9001319038963689,1.8207189732304396,True,True,False,True
48,2403,9403,unconstrained,47,-1.6013533636866104,-1.4942294702429146,0.728869139361303,False,False,False,True
48,2403,9403,constrained,0,-2.8688337605847254,-3.044176464756207,0.4535878032828337,False,False,False,True
48,2403,9403,constrained,1,-1.4728048800390976,-0.6359678229126422,1.7579938612904815,False,False,False,True
48,2403,9403,constrained,2,-0.5222243395245162,-1.744219438475362,1.992522297461452,False,False,False,True
48,2403,9403,constrained,3,-0.19249717616887757,-0.8179467143609416,1.9086952093812142,False,False,False,True
48,2403,9403,constrained,4,-0.18193784730344453,-0.42018744208078707,1.9909441609459535,False,False,False,True
48,2403,9403,constrained,5,-0.2859923867904314,-1.5358157700692137,1.99099868801545,False,False,False,True
48,2403,9403,constrained,6,-0.21332376216552704,-0.6525557832313474,1.93886471774268,False,False,False,True
48,2403,9403,constrained,7,-0.20445237140547493,-0.17599940205221315,0.5663092128720657,False,False,False,True
48,2403,9403,constrained,8,-0.32239636539835026,-0.9031121666407987,1.9603213562255823,False,False,False,True
48,2403,9403,constrained,9,-0.34206807017961405,-0.34267557789169467,1.1781542872834438,False,False,False,True
48,2403,9403,constrained,10,-0.4809217413948613,-0.8063362151745018,1.9923547239194974,False,False,False,True
48,2403,9403,constrained,11,-0.5111050504943841,-0.4097509961086606,0.5575099882062567,False,False,False,True
48,2403,9403,constrained,12,-0.7470911339664539,-0.8287820385873259,1.147097015799639,False,False,False,True
48,2403,9403,constrained,13,-0.8956616729151876,-0.880903288328417,0.9243379317664682,False,False,False,True
48,2403,9403,constrained,14,-1.0813648991789413,-1.0016707201824362,0.4023182793828175,False,False,False,True
48,2403,9403,constrained,15,-1.319266189126857,-1.8416244986483443,1.4542249521531088,False,False,False,True
48,2403,9403,constrained,16,-1.4794651467526365,-1.1102300241061624,1.4875897034428576,False,False,False,True
48,2403,9403,constrained,17,-1.5953126001575095,-1.5280608729244025,0.7349228667889776,False,False,False,True
48,2403,9403,constrained,18,-2.6872419959238876,-2.4086046621049713,1.79370677067479,False,False,False,True
48,2403,9403,constrained,19,-3.6003094641789106,-3.492638905928774,0.8613644660010875,False,False,True,True
48,2403,9403,constrained,20,-1.5403055626415574,-1.7745024241163145,1.9999966880952382,False,False,False,True
48,2403,9403,constrained,21,-0.7422448442029853,-1.3959383626486368,1.9912798311380553,False,False,False,True
48,2403,9403,constrained,22,-1.0685021300051158,-1.1570433266585014,1.9987426368949988,False,False,False,True
48,2403,9403,constrained,23,-1.0564249843300888,-1.4076355199397745,1.9252189954976,False,False,False,True
48,2403,9403,constrained,24,-0.8852820476903296,-0.7937564015208514,1.9811980369168956,False,False,False,True
48,2403,9403,constrained,25,-0.9314445126210978,-1.483971353204995,1.9444091974244058,False,False,False,True
48,2403,9403,constrained,26,-0.9576241178542659,-0.5601504825863238,0.9770797167758731,False,False,False,True
48,2403,9403,constrained,27,-1.2137439951984808,-1.212695485193328,0.9450880160546069,False,False,False,True
48,2403,9403,constrained,28,-1.369466147981148,-1.1739064312465897,0.6320152564045466,False,False,False,True
48,2403,9403,constrained,29,-1.6057954014422022,-1.4525913675773774,1.1053308225824379,False,False,False,True
48,2403,9403,constrained,30,-1.7721826920756336,-1.675705615234958,0.7265279761261845,False,False,False,True
48,2403,9403,constrained,31,-1.9902705218438959,-2.0253390121121373,1.1020279689167498,False,False,False,True
48,2403,9403,constrained,32,-2.245178977539963,-2.057805748439163,0.7143445467300902,False,False,False,True
48,2403,9403,constrained,33,-2.6380094312055613,-2.3192354883835757,1.8541836435188166,False,False,False,True
48,2403,9403,constrained,34,-5.979326401659103,-5.413042545243721,1.8950684440357026,False,True,True,True
48,2403,9403,constrained,35,-4.502432238701854,-4.394761680451717,0.8613644660010875,False,False,True,True
48,2403,9403,constrained,36,-2.167874875143176,-2.251579085202571,1.9971800130355728,False,False,False,True
48,2403,9403,constrained,37,-0.7407979234470956,-0.7678707117725081,1.861949011616002,False,False,False,True
48,2403,9403,constrained,38,-0.4407707287910781,-0.2046642443721354,0.6249963721009585,False,False,False,True
48,2403,9403,constrained,39,-0.5356015976207931,-0.7751650202107095,0.9242245163599774,False,False,False,True
48,2403,9403,constrained,40,-0.49652052810819736,-0.4912903226391456,0.6881184163468955,False,False,False,True
48,2403,9403,constrained,41,-0.714911676124323,-0.7015598870557713,1.4971770691663049,False,False,False,True
48,2403,9403,constrained,42,-0.9693035473227349,-2.0829259034275194,1.9841588192479733,False,False,False,True
48,2403,9403,constrained,43,-1.047385350556906,-1.9355293612562239,1.990800120105232,False,False,False,True
48,2403,9403,constrained,44,-1.04996872771956,-0.8426636312609419,1.908791565005557,False,False,False,True
48,2403,9403,constrained,45,-1.206317205826916,-1.1236294169784466,1.3413437872666731,False,False,False,True
48,2403,9403,constrained,46,-1.3108892119925952,-0.9307207399425371,1.3620951019715946,False,False,False,True
48,2403,9403,constrained,47,-1.4647010166493901,-1.3559565493810428,0.5255427305788362,False,False,False,True
48,2404,9404,clean,0,-3.3108196031386354,-3.3108196031386354,0.0,False,False,True,False
48,2404,9404,clean,1,-0.9961056683207646,-0.9961056683207646,0.0,False,False,False,False
48,2404,9404,clean,2,-0.3755947606314307,-0.3755947606314307,0.0,False,False,False,False
48,2404,9404,clean,3,-0.30989564622401167,-0.30989564622401167,0.0,False,False,False,False
48,2404,9404,clean,4,-0.22201415941620373,-0.22201415941620373,0.0,False,False,False,False
48,2404,9404,clean,5,-0.18525805923276567,-0.18525805923276567,0.0,False,False,False,False
48,2404,9404,clean,6,-0.16170647275336325,-0.16170647275336325,0.0,False,False,False,False
48,2404,9404,clean,7,-0.13472908567210665,-0.13472908567210665,0.0,False,False,False,False
48,2404,9404,clean,8,-0.1602800839673783,-0.1602800839673783,0.0,False,False,False,False
48,2404,9404,clean,9,-0.16699799083031402,-0.16699799083031402,0.0,False,False,False,False
48,2404,9404,clean,10,-0.13490516568949878,-0.13490516568949878,0.0,False,False,False,False
48,2404,9404,clean,11,-0.14859122876403524,-0.14859122876403524,0.0,False,False,False,False
48,2404,9404,clean,12,-0.16166430665343767,-0.16166430665343767,0.0,False,False,False,False
48,2404,9404,clean,13,-0.12225743192039301,-0.12225743192039301,0.0,False,False,False,False
48,2404,9404,clean,14,-0.08810492522090038,-0.08810492522090038,0.0,False,False,False,False
48,2404,9404,clean,15,-0.09114001026193377,-0.09114001026193377,0.0,False,False,False,False
48,2404,9404,clean,16,-0.15204309043480202,-0.15204309043480202,0.0,False,False,False,False
48,2404,9404,clean,17,-0.11476275742920546,-0.11476275742920546,0.0,False,False,False,False
48,2404,9404,clean,18,-1.5151985351962207,-1.5151985351962207,0.0,False,False,False,False
48,2404,9404,clean,19,-2.1330086465936233,-2.1330086465936233,0.0,False,False,False,False
48,2404,9404,clean,20,-0.7977987860902127,-0.7977987860902127,0.0,False,False,False,False
48,2404,9404,clean,21,-0.3488771353403569,-0.3488771353403569,0.0,False,False,False,False
48,2404,9404,clean,22,-0.20432434959192736,-0.20432434959192736,0.0,False,False,False,False
48,2404,9404,clean,23,-0.18124193166474045,-0.18124193166474045,0.0,False,False,False,False
48,2404,9404,clean,24,-0.1322924093017298,-0.1322924093017298,0.0,False,False,False,False
48,2404,9404,clean,25,-0.07717125417086564,-0.07717125417086564,0.0,False,False,False,False
48,2404,9404,clean,26,-0.12457372551496328,-0.12457372551496328,0.0,False,False,False,False
48,2404,9404,clean,27,-0.050601842713026146,-0.050601842713026146,0.0,False,False,False,False
48,2404,9404,clean,28,-0.10680993907907155,-0.10680993907907155,0.0,False,False,False,False
48,2404,9404,clean,29,-0.07192249461818936,-0.07192249461818936,0.0,False,False,False,False
48,2404,9404,clean,30,-0.06735391303710526,-0.06735391303710526,0.0,False,False,False,False
48,2404,9404,clean,31,-0.031423101013274606,-0.031423101013274606,0.0,False,True,False,False
48,2404,9404,clean,32,-0.04373903716531284,-0.04373903716531284,0.0,False,True,False,False
48,2404,9404,clean,33,-0.09250355655496206,-0.09250355655496206,0.0,False,True,False,False
48,2404,9404,clean,34,-0.08182112349758758,-0.08182112349758758,0.0,False,False,False,False
48,2404,9404,clean,35,-0.10211155901625675,-0.10211155901625675,0.0,False,False,False,False
48,2404,9404,clean,36,-0.1935154202634999,-0.1935154202634999,0.0,False,False,False,False
48,2404,9404,clean,37,-1.4762019026712045,-1.4762019026712045,0.0,False,False,False,False
48,2404,9404,clean,38,-1.3177000553031095,-1.3177000553031095,0.0,False,False,False,False
48,2404,9404,clean,39,-0.9907101668949742,-0.9907101668949742,0.0,False,False,False,False
48,2404,9404,clean,40,-0.7040491716494002,-0.7040491716494002,0.0,False,False,False,False
48,2404,9404,clean,41,-0.6777928191332357,-0.6777928191332357,0.0,False,False,False,False
48,2404,9404,clean,42,-0.7090027854735815,-0.7090027854735815,0.0,False,False,False,False
48,2404,9404,clean,43,-0.6984002695961699,-0.6984002695961699,0.0,False,False,False,False
48,2404,9404,clean,44,-0.6573822499002175,-0.6573822499002175,0.0,False,False,False,False
48,2404,9404,clean,45,-0.5312978519128384,-0.5312978519128384,0.0,False,False,False,False
48,2404,9404,clean,46,-0.6226034742692446,-0.6226034742692446,0.0,False,False,False,False
48,2404,9404,clean,47,-0.4868039609088085,-0.4868039609088085,0.0,False,False,False,False
48,2404,9404,unconstrained,0,-3.3108196031386354,-2.7829292650214574,2.0,True,True,False,True
48,2404,9404,unconstrained,1,-0.9961056683207646,-1.773810805821928,1.9999992588976785,True,True,False,True
48,2404,9404,unconstrained,2,-0.37068453482191355,-0.9272376008500991,1.9999512848858059,True,True,False,True
48,2404,9404,unconstrained,3,-0.31398033240535345,-0.694939395307965,1.9999905100120017,True,True,False,True
48,2404,9404,unconstrained,4,-0.2851631617116395,-0.057237027386759065,1.9887982574703593,True,True,False,True
48,2404,9404,unconstrained,5,-0.24395329851486441,0.7839734945830092,1.9993837105604702,True,True,False,True
48,2404,9404,unconstrained,6,-0.3778601298482743,-0.19992239002163778,1.9962621023425944,True,True,False,True
48,2404,9404,unconstrained,7,-0.26681770649264464,0.06912224602749173,1.9905197677462974,True,True,False,True
48,2404,9404,unconstrained,8,-0.22052262855813556,0.07301970717619688,1.996549123922106,True,True,False,True
48,2404,9404,unconstrained,9,-0.257141774074198,-0.7987259622972431,1.9959169162480026,True,True,False,True
48,2404,9404,unconstrained,10,-0.29247119037710934,-0.3646878485659085,1.969040971397141,True,True,False,True
48,2404,9404,unconstrained,11,-0.37355224481848504,-0.7871622047865202,1.9938450180377605,True,True,False,True
48,2404,9404,unconstrained,12,-0.4774975734672473,-0.18457803994933575,1.6030997725710734,True,True,False,True
48,2404,9404,unconstrained,13,-0.5877861328642179,-0.5254308575736746,0.572504695989799,False,True,False,True
48,2404,9404,unconstrained,14,-0.8072836933550722,-0.6656035699418259,0.5903620188585389,False,False,False,True
48,2404,9404,unconstrained,15,-1.0417166582900181,-0.9483280275199973,0.4637030186425835,False,False,False,True
48,2404,9404,unconstrained,16,-1.346931545014975,-2.153783143147538,1.7835743262087689,False,False,False,True
48,2404,9404,unconstrained,17,-1.577946823792661,-2.5478010818495243,1.9926912722969357,False,False,False,True
48,2404,9404,unconstrained,18,-2.6988253137359326,-1.6426707942054886,1.9999888014664058,True,True,False,True
48,2404,9404,unconstrained,19,-3.277085124599126,-2.583327517509735,1.9997177299500781,False,False,False,True
48,2404,9404,unconstrained,20,-1.692297234377044,-2.128938322959441,1.9981978604956945,True,True,False,True
48,2404,9404,unconstrained,21,-1.340118257814146,-1.3525092043002767,1.9999507102132037,True,True,False,True
48,2404,9404,unconstrained,22,-1.3367871823985702,-1.2125213757365803,1.9297112684415672,True,True,False,True
48,2404,9404,unconstrained,23,-1.1551926966483963,-1.3936374224151438,1.9996040828602741,True,True,False,True
48,2404,9404,unconstrained,24,-0.8582597984766911,0.02512935753851525,1.9989962527311727,True,True,False,True
48,2404,9404,unconstrained,25,-0.7640350618326626,0.06476452308594371,1.9241585273413861,True,True,False,True
48,2404,9404,unconstrained,26,-0.8930613202665207,-0.8062423141149574,1.917227383938465,True,True,False,True
48,2404,9404,unconstrained,27,-1.0016068701629364,-1.003805007331323,1.0855576282313442,False,False,False,True
48,2404,9404,unconstrained,28,-1.235488532574079,-1.178150161179399,0.31529731702491687,False,False,False,True
48,2404,9404,unconstrained,29,-1.4158445158001585,-2.14504169292446,1.9298116347117422,False,False,False,True
48,2404,9404,unconstrained,30,-1.565463088605152,-1.1040173918310865,1.9952787158147895,True,True,False,True
48,2404,9404,unconstrained,31,-1.614971672280891,-1.7823350213029796,1.8620166228936241,True,True,False,True
48,2404,9404,unconstrained,32,-1.634242182639119,-1.882300028791545,1.9927079827614733,True,True,False,True
48,2404,9404,unconstrained,33,-1.6480180627140841,-1.603130036962555,1.9991225442875946,True,True,False,True
48,2404,9404,unconstrained,34,-1.5215616298601944,-1.4962551015856902,1.9890009266188189,True,True,False,True
48,2404,9404,unconstrained,35,-1.4122201528719902,-1.8084210173253779,1.9941402963320367,True,True,False,True
48,2404,9404,unconstrained,36,-1.3557488927365124,-1.572900558021069,1.996734803877536,True,True,False,True
48,2404,9404,unconstrained,37,-3.1653495306144057,-3.911984232875138,1.9999713490344544,False,True,True,True
48,2404,9404,unconstrained,38,-2.3726060192539995,-1.9674919828151856,1.9874037870568628,False,False,False,True
48,2404,9404,unconstrained,39,-0.9057715458691753,-1.4221962928341598,1.9910900325547738,True,True,False,True
48,2404,9404,unconstrained,40,-0.5787270247121713,-0.5775838504408936,1.9966976883880398,True,True,False,True
48,2404,9404,unconstrained,41,-0.4440422416933546,-0.08607896601581674,1.3419185528488042,True,True,False,True
48,2404,9404,unconstrained,42,-0.4420776964653743,-0.6779423292538496,1.321166090952602,True,True,False,True
48,2404,9404,unconstrained,43,-0.49765770860528175,-0.022072300622292373,1.9596319821623134,True,True,False,True
48,2404,9404,unconstrained,44,-0.5780783629826272,-0.35554673603815956,1.8128465151996334,True,True,False,True
48,2404,9404,unconstrained,45,-0.64876187171429,-0.4428649779881942,0.7430253424614793,True,True,False,True
48,2404,9404,unconstrained,46,-1.0501322925689764,-1.0438021205561934,1.6004459883918967,True,True,False,True
48,2404,9404,unconstrained,47,-1.151797166862806,-1.20782263638743,1.5716146646668419,True,True,False,True
48,2404,9404,constrained,0,-3.3108196031386354,-2.785433700195715,2.0,False,False,False,True
48,2404,9404,constrained,1,-0.9961056683207646,-2.097062847507934,1.999999258994964,False,False,False,True
48,2404,9404,constrained,2,-0.36929079842257384,-1.3373211224643338,1.999975241322864,False,False,False,True
48,2404,9404,constrained,3,-0.30656950954301576,-1.2825672205094056,1.9997190741086153,False,False,False,True
48,2404,9404,constrained,4,-0.2275023185743143,-0.7098638650857625,1.9999834574318356,False,False,False,True
48,2404,9404,constrained,5,-0.18557190584743977,-0.18580796326082558,1.1581452632378817,False,False,False,True
48,2404,9404,constrained,6,-0.15781908938628428,-0.981092821350824,1.9955801497774683,False,False,False,True
48,2404,9404,constrained,7,-0.10050475538674092,-0.6771965157906676,1.9998757315019127,False,False,False,True
48,2404,9404,constrained,8,-0.10231391300533946,-0.8060399592440431,1.9998985361305266,False,False,False,True
48,2404,9404,constrained,9,-0.12446350827597293,-1.0911235909685604,1.9999449236041769,False,False,False,True
48,2404,9404,constrained,10,-0.1081466852961788,-0.9995666855497222,1.9995736159131405,False,False,False,True
48,2404,9404,constrained,11,-0.11551361495921118,-1.0434495683268799,1.999999615046208,False,False,False,True
48,2404,9404,constrained,12,-0.12578257529098674,-0.812260054735006,1.999850399462277,False,False,False,True
48,2404,9404,constrained,13,-0.11654383661566188,-1.0113929107673398,1.9914511085726039,False,False,False,True
48,2404,9404,constrained,14,-0.11922276637419119,-0.7697044238148054,1.986204740578023,False,False,False,True
48,2404,9404,constrained,15,-0.17923073100370546,-0.34557202513809526,1.276005031569492,False,False,False,True
48,2404,9404,constrained,16,-0.3738520882380342,-1.1151652824710585,1.5574285162354384,False,False,False,True
48,2404,9404,constrained,17,-0.4842630877711921,-1.531514232487323,1.9754055549602827,False,False,False,True
48,2404,9404,constrained,18,-1.8803697431921043,-1.3542092999688422,1.9999192775380947,False,False,False,True
48,2404,9404,constrained,19,-3.0915165534509823,-2.504589018667798,1.9998322051173523,False,False,False,True
48,2404,9404,constrained,20,-1.264285635662569,-1.5075914568681446,1.8602317409363756,False,False,False,True
48,2404,9404,constrained,21,-0.6856925438249979,-0.9130690974586347,1.9537481483748456,False,False,False,True
48,2404,9404,constrained,22,-0.5777746414129104,-0.700587187389228,1.5173725156299303,False,False,False,True
48,2404,9404,constrained,23,-0.4910886368888696,-1.0193823542320704,1.9999318400032164,False,False,False,True
48,2404,9404,constrained,24,-0.3341605103775016,-0.4829290657320291,1.7789096912517177,False,False,False,True
48,2404,9404,constrained,25,-0.3562038376825242,-0.17882278064431917,0.5326089227640484,False,False,False,True
48,2404,9404,constrained,26,-0.5133108829208082,-0.9026220878386474,1.952539988191339,False,False,False,True
48,2404,9404,constrained,27,-0.5682503191757482,-0.6077478167560648,1.8005367967805475,False,False,False,True
48,2404,9404,constrained,28,-0.7350350564593013,-0.7669716388254535,0.7962026804807677,False,False,False,True
48,2404,9404,constrained,29,-0.9438314909176726,-1.614897420028469,1.8568019025409557,False,False,False,True
48,2404,9404,constrained,30,-1.0757936959402743,-0.8074628081614608,1.9897624416480306,False,False,False,True
48,2404,9404,constrained,31,-1.1788971175943854,-1.420205071882852,1.871889492663781,False,False,False,True
48,2404,9404,constrained,32,-1.2698653623101217,-1.6916446618245211,1.9954263830378667,False,False,False,True
48,2404,9404,constrained,33,-1.3558150396946358,-1.5870618011425344,1.9995495505096834,False,False,False,True
48,2404,9404,constrained,34,-1.2890585833995474,-1.5538496275585438,1.9633709402222719,False,False,False,True
48,2404,9404,constrained,35,-1.2690973179573923,-1.8111007170860305,1.998326301498571,False,False,False,True
48,2404,9404,constrained,36,-1.229600406778208,-1.6142955055840904,1.999369233093916,False,False,False,True
48,2404,9404,constrained,37,-3.112634738574518,-3.112634738574518,0.0,False,False,True,False
48,2404,9404,constrained,38,-2.1432253352684145,-1.853003354814617,1.993739628902127,False,False,False,True
48,2404,9404,constrained,39,-1.014618956128753,-1.5116780152746672,1.70581253728461,False,False,False,True
48,2404,9404,constrained,40,-0.3824246298260746,-0.2473460730363164,1.1532807837237316,False,False,False,True
48,2404,9404,constrained,41,-0.34941798109957517,-0.20096189657485056,0.7096474756920123,False,False,False,True
48,2404,9404,constrained,42,-0.43983113465533336,-0.5886828066195298,1.0317532467677215,False,False,False,True
48,2404,9404,constrained,43,-0.5184783374799962,-0.6250548467744529,1.3690076403107092,False,False,False,True
48,2404,9404,constrained,44,-0.5843985420459129,-1.0320343578667064,1.9453978899656217,False,False,False,True
48,2404,9404,constrained,45,-0.5658558816509465,-0.41114336326680573,0.7829407059808425,False,False,False,True
48,2404,9404,constrained,46,-0.8727374968267084,-1.420922627943138,1.8406409714856944,False,False,False,True
48,2404,9404,constrained,47,-0.9485679856815805,-1.0440838172796643,1.295612259645035,False,False,False,True
