learner_seed,mechanism,batch,step,feature_gain_coordinate,feature_bias_coordinate,exploration_noise,true_reward,logged_reward,reward_delta,done
2100,clean,0,0,-0.9249999999999999,1.0,-0.547584697816114,-5.397251716144983,-5.397251716144983,0.0,0.0
2100,clean,0,1,-0.9579617974322836,1.0,0.3951881169370152,-5.888655463318784,-5.888655463318784,0.0,0.0
2100,clean,0,2,-0.899357697103257,1.0,-1.444041172435579,-4.724446253729514,-4.724446253729514,0.0,0.0
2100,clean,0,3,-0.759271801854747,1.0,-0.5423827004334877,-2.4361503389043566,-2.4361503389043566,0.0,0.0
2100,clean,0,4,-0.5717080418220069,1.0,-1.0350677094301717,-2.1942370043814567,-2.1942370043814567,0.0,0.0
2100,clean,0,5,-0.3660765817535908,1.0,-0.9143887309724303,-1.9505706921595491,-1.9505706921595491,0.0,0.0
2100,clean,0,6,-0.157626762711292,1.0,-0.31529813955421304,-1.900210515633883,-1.900210515633883,0.0,0.0
2100,clean,0,7,0.0354726673134961,1.0,-0.7200492385404216,-1.6960248773105215,-1.6960248773105215,0.0,0.0
2100,clean,1,0,0.20665206979864736,1.0,0.8469198825198898,-1.9388004612311143,-1.9388004612311143,0.0,0.0
2100,clean,1,1,0.3482537275901991,1.0,0.5127614242701201,-1.5034956837320959,-1.5034956837320959,0.0,0.0
2100,clean,1,2,0.45550743514360126,1.0,0.6079295791089496,-1.1715024737402597,-1.1715024737402597,0.0,0.0
2100,clean,1,3,0.5370363913334459,1.0,-0.07101061622899438,-0.9209369127662351,-0.9209369127662351,0.0,0.0
2100,clean,1,4,0.6007828287976471,1.0,1.2328985785527151,-1.2424888597798764,-1.2424888597798764,0.0,0.0
2100,clean,1,5,0.6423053761962164,1.0,0.12238804874175063,-0.5870476940379803,-0.5870476940379803,0.0,0.0
2100,clean,1,6,0.6660935894460923,1.0,0.3762603431520577,-0.6347188782216827,-0.6347188782216827,0.0,0.0
2100,clean,1,7,0.6811063938394958,1.0,0.2920573156062311,-0.4812435507570333,-0.4812435507570333,0.0,0.0
2100,clean,2,0,0.6878754476118788,1.0,1.162727776384038,-0.6761674921430498,-0.6761674921430498,0.0,0.0
2100,clean,2,1,0.6834608639318288,1.0,0.7006358967433558,-0.3996361517756245,-0.3996361517756245,0.0,0.0
2100,clean,2,2,0.6680391592153273,1.0,-1.2002755021172855,-0.20463144747932507,-0.20463144747932507,0.0,0.0
2100,clean,2,3,0.6587515819888451,1.0,-0.2519042619986236,-0.30127573535759156,-0.30127573535759156,0.0,0.0
2100,clean,2,4,0.6577526056181461,1.0,1.6593444127095816,-0.7703026009760298,-0.7703026009760298,0.0,0.0
2100,clean,2,5,0.6446449345334889,1.0,0.15830773214535238,-0.2615093024174947,-0.2615093024174947,0.0,0.0
2100,clean,2,6,0.6196734144369929,1.0,0.009263694237930732,-0.1927008684098141,-0.1927008684098141,0.0,0.0
2100,clean,2,7,0.5964890592097902,1.0,-0.5994447269559361,-0.1878137759411197,-0.1878137759411197,0.0,0.0
2100,clean,3,0,0.5773347613033665,1.0,0.08425043615260158,-0.18412806921572777,-0.18412806921572777,0.0,0.0
2100,clean,3,1,0.5617255669621545,1.0,0.8185096154326191,-0.33390226805605105,-0.33390226805605105,0.0,0.0
2100,clean,3,2,0.5433035786994416,1.0,1.0914780741039942,-0.3399573437224108,-0.3399573437224108,0.0,0.0
2100,clean,3,3,0.515926188612239,1.0,0.07171802900547973,-0.14645405249199164,-0.14645405249199164,0.0,0.0
2100,clean,3,4,0.48784617832003846,1.0,-0.07916743469120405,-0.14223628913808717,-0.14223628913808717,0.0,0.0
2100,clean,3,5,0.46686906482150087,1.0,-0.8430643794158232,-0.12430143603928369,-0.12430143603928369,0.0,0.0
2100,clean,3,6,0.45545425140821344,1.0,-1.252967809053342,-0.1361800236945622,-0.1361800236945622,0.0,0.0
2100,clean,3,7,0.4531682213684044,1.0,-0.8220387559481124,-0.1755748549333659,-0.1755748549333659,0.0,0.0
2100,clean,4,0,0.45412235630606507,1.0,-0.9722602124691175,-0.1251786062223444,-0.1251786062223444,0.0,0.0
2100,clean,4,1,0.46147538327876475,1.0,-1.3580910791377343,-0.140479530331497,-0.140479530331497,0.0,0.0
2100,clean,4,2,0.47810900801846834,1.0,-0.769102550758449,-0.24509238160420135,-0.24509238160420135,0.0,0.0
2100,clean,4,3,0.49562713266021746,1.0,0.3687019554948192,-0.604557009508161,-0.604557009508161,0.0,0.0
2100,clean,4,4,0.49983671074321095,1.0,-0.5634042795876043,-0.2806170459995784,-0.2806170459995784,0.0,0.0
2100,clean,4,5,0.49128343138932623,1.0,0.8666912508578376,-0.6707752884247193,-0.6707752884247193,0.0,0.0
2100,clean,4,6,0.4693080788311013,1.0,0.8591517279205827,-0.46145345235413165,-0.46145345235413165,0.0,0.0
2100,clean,4,7,0.43079727091975883,1.0,-0.4183786998443731,-0.24026509422122178,-0.24026509422122178,0.0,0.0
2100,clean,5,0,0.3924099494942022,1.0,-1.5211841829269634,-0.25045325450333994,-0.25045325450333994,0.0,0.0
2100,clean,5,1,0.3615613054085033,1.0,1.511279882286499,-0.9620626501629901,-0.9620626501629901,0.0,0.0
2100,clean,5,2,0.31665770585893926,1.0,0.062456610335134756,-0.3620451948325026,-0.3620451948325026,0.0,0.0
2100,clean,5,3,0.25743647033214523,1.0,-0.11789414675900325,-0.3308979029228411,-0.3308979029228411,0.0,0.0
2100,clean,5,4,0.20249447843017193,1.0,0.5122402357429584,-0.4101032123443546,-0.4101032123443546,0.0,0.0
2100,clean,5,5,0.14729522251736232,1.0,0.26101298781078563,-0.34719449459986435,-0.34719449459986435,0.0,0.0
2100,clean,5,6,0.09073782581539397,1.0,-2.615551402602241,-0.6754686601034778,-0.6754686601034778,0.0,0.0
2100,clean,5,7,0.055127024044595935,1.0,-2.159192802224749,-0.2940574071774859,-0.2940574071774859,0.0,0.0
2100,clean,6,0,0.04769583498646234,1.0,-0.8299316571423253,-0.17808947912913697,-0.17808947912913697,0.0,0.0
2100,clean,6,1,0.050673781823599995,1.0,-1.3021116697190434,-0.17796037908194887,-0.17796037908194887,0.0,0.0
2100,clean,6,2,0.0585684593584679,1.0,-1.2882139420740915,-0.16372093126430237,-0.16372093126430237,0.0,0.0
2100,clean,6,3,0.07143249516685132,1.0,1.4712710093493095,-0.6858441780408486,-0.6858441780408486,0.0,0.0
2100,clean,6,4,0.06871112889147082,1.0,0.23279761413278044,-0.26189927299234717,-0.26189927299234717,0.0,0.0
2100,clean,6,5,0.04821253446713986,1.0,-0.8033763500112676,-0.24413792708251297,-0.24413792708251297,0.0,0.0
2100,clean,6,6,0.029711326994750254,1.0,-1.2248659751850317,-0.2532062758661271,-0.2532062758661271,0.0,0.0
2100,clean,6,7,0.02145886425471422,1.0,0.44526949628772466,-0.35955829083696045,-0.35955829083696045,0.0,0.0
2100,clean,7,0,0.011082655331673264,1.0,0.6519435511555102,-0.33314126362132834,-0.33314126362132834,0.0,0.0
2100,clean,7,1,-0.012962732597034884,1.0,-0.14120953164034947,-0.28578343165567277,-0.28578343165567277,0.0,0.0
2100,clean,7,2,-0.04241898899695843,1.0,-0.9352624406912442,-0.30479607411810816,-0.30479607411810816,0.0,0.0
2100,clean,7,3,-0.06630671567783689,1.0,0.751736355733192,-0.3453154116941424,-0.3453154116941424,0.0,0.0
2100,clean,7,4,-0.09153201819644195,1.0,-0.4379885981587779,-0.31631495398845955,-0.31631495398845955,0.0,0.0
2100,clean,7,5,-0.1181454808373346,1.0,0.24761337112501633,-0.2739983868467801,-0.2739983868467801,0.0,0.0
2100,clean,7,6,-0.1413988080010312,1.0,0.18134089815723703,-0.27850935321920045,-0.27850935321920045,0.0,0.0
2100,clean,7,7,-0.16459039443906934,1.0,0.3681623477003241,-0.27195967715938074,-0.27195967715938074,0.0,0.0
2100,clean,8,0,-0.18545014597593656,1.0,1.3880508903885946,-0.2998228122728925,-0.2998228122728925,0.0,0.0
2100,clean,8,1,-0.21051082610055796,1.0,-1.62477413263345,-0.6617179369162266,-0.6617179369162266,0.0,0.0
2100,clean,8,2,-0.225103057258211,1.0,0.21130683793262636,-0.2202300674476823,-0.2202300674476823,0.0,0.0
2100,clean,8,3,-0.22762118788389615,1.0,0.17124811386519595,-0.2300028231046363,-0.2300028231046363,0.0,0.0
2100,clean,8,4,-0.235258945270903,1.0,0.16003159868487268,-0.24073428325002508,-0.24073428325002508,0.0,0.0
2100,clean,8,5,-0.2452078157071522,1.0,-0.1307514471820573,-0.26577362079683775,-0.26577362079683775,0.0,0.0
2100,clean,8,6,-0.25186370688588405,1.0,0.8041095480078693,-0.2260699451298485,-0.2260699451298485,0.0,0.0
2100,clean,8,7,-0.25854266032951606,1.0,-1.6622353095872069,-0.5033544399182129,-0.5033544399182129,0.0,0.0
2100,clean,9,0,-0.2561185273903673,1.0,1.123991347650163,-0.21763575834366686,-0.21763575834366686,0.0,0.0
2100,clean,9,1,-0.2482642211056287,1.0,0.5008195430873857,-0.21795679461387418,-0.21795679461387418,0.0,0.0
2100,clean,9,2,-0.24590389080052505,1.0,-1.294663622867289,-0.3887754238213448,-0.3887754238213448,0.0,0.0
2100,clean,9,3,-0.23426575943971817,1.0,0.9604057364549355,-0.2554804911256538,-0.2554804911256538,0.0,0.0
2100,clean,9,4,-0.22249977901966814,1.0,-0.670904282277819,-0.30812646053188963,-0.30812646053188963,0.0,0.0
2100,clean,9,5,-0.21242856578520308,1.0,0.31056879744620036,-0.2012017714589338,-0.2012017714589338,0.0,0.0
2100,clean,9,6,-0.19852778503673765,1.0,0.8900906624878273,-0.22618027173552277,-0.22618027173552277,0.0,0.0
2100,clean,9,7,-0.19201437631812618,1.0,1.056254208779827,-0.24234031512732512,-0.24234031512732512,0.0,0.0
2100,clean,10,0,-0.19557969698208394,1.0,1.0346833833013744,-0.23990158579828447,-0.23990158579828447,0.0,0.0
2100,clean,10,1,-0.20631125352950044,1.0,1.2048760630603543,-0.2509027215434738,-0.2509027215434738,0.0,0.0
2100,clean,10,2,-0.22162428165556247,1.0,1.2684781051616625,-0.2630540819826018,-0.2630540819826018,0.0,0.0
2100,clean,10,3,-0.24190535317852493,1.0,0.030496280701008266,-0.4397601822872137,-0.4397601822872137,0.0,0.0
2100,clean,10,4,-0.2556623526426911,1.0,-0.2207605928806917,-0.34400295096815214,-0.34400295096815214,0.0,0.0
2100,clean,10,5,-0.25482776852056227,1.0,1.195187926223226,-0.2551990047435191,-0.2551990047435191,0.0,0.0
2100,clean,10,6,-0.25423818314816216,1.0,-0.1857580036784276,-0.34831357471420593,-0.34831357471420593,0.0,0.0
2100,clean,10,7,-0.25329189533241503,1.0,-0.4379555822258083,-0.3466776394180638,-0.3466776394180638,0.0,0.0
2100,clean,11,0,-0.24054799568439095,1.0,0.7871221333578305,-0.24791005240390301,-0.24791005240390301,0.0,0.0
2100,clean,11,1,-0.22168532932069254,1.0,-0.10166169281310058,-0.3530493951056034,-0.3530493951056034,0.0,0.0
2100,clean,11,2,-0.19593139045553024,1.0,0.15141646617138874,-0.2549065256699632,-0.2549065256699632,0.0,0.0
2100,clean,11,3,-0.1629274268869021,1.0,-0.5330189407490585,-0.3002076554148623,-0.3002076554148623,0.0,0.0
2100,clean,11,4,-0.1245459151555733,1.0,0.9790543562800841,-0.34978687679957327,-0.34978687679957327,0.0,0.0
2100,clean,11,5,-0.09197820803903622,1.0,0.37687807696107867,-0.2383094512739701,-0.2383094512739701,0.0,0.0
2100,clean,11,6,-0.06967489150423611,1.0,-0.08011737393018004,-0.2396896937714218,-0.2396896937714218,0.0,0.0
2100,clean,11,7,-0.0485007395113196,1.0,0.44638135983120675,-0.2531010206756442,-0.2531010206756442,0.0,0.0
2100,fixed_target_tanh,0,0,-0.9249999999999999,1.0,-0.547584697816114,-5.397251716144983,-3.3976882800232526,1.9995634361217305,0.0
2100,fixed_target_tanh,0,1,-0.9579617974322836,1.0,0.3951881169370152,-5.888655463318784,-7.883626722396875,-1.9949712590780913,0.0
2100,fixed_target_tanh,0,2,-0.899357697103257,1.0,-1.444041172435579,-4.724446253729514,-2.724446253915598,1.9999999998139164,0.0
2100,fixed_target_tanh,0,3,-0.759271801854747,1.0,-0.5423827004334877,-2.4361503389043566,-0.4370596398874087,1.999090699016948,0.0
2100,fixed_target_tanh,0,4,-0.5717080418220069,1.0,-1.0350677094301717,-2.1942370043814567,-0.19423880923659675,1.99999819514486,0.0
2100,fixed_target_tanh,0,5,-0.3660765817535908,1.0,-0.9143887309724303,-1.9505706921595491,0.0493909174705498,1.999961609630099,0.0
2100,fixed_target_tanh,0,6,-0.157626762711292,1.0,-0.31529813955421304,-1.900210515633883,-0.016234552608692665,1.8839759630251904,0.0
2100,fixed_target_tanh,0,7,0.0354726673134961,1.0,-0.7200492385404216,-1.6960248773105215,0.3003908210276738,1.9964156983381953,0.0
2100,fixed_target_tanh,1,0,0.20665206979864736,1.0,0.8469198825198898,-1.9388004612311143,-3.933437609362632,-1.994637148131518,0.0
2100,fixed_target_tanh,1,1,0.3482537275901991,1.0,0.5127614242701201,-1.3794728777666845,-3.261646976685899,-1.8821740989192148,0.0
2100,fixed_target_tanh,1,2,0.4585001123272613,1.0,0.6079295791089496,-1.3346182539252744,-3.2356096770902907,-1.9009914231650162,0.0
2100,fixed_target_tanh,1,3,0.542956325279508,1.0,-0.07101061622899438,-0.9218057116230417,-0.5394840119743687,0.3823216996486731,0.0
2100,fixed_target_tanh,1,4,0.6069442591970249,1.0,1.2328985785527151,-1.2433081030208202,-3.2349405254775707,-1.9916324224567508,0.0
2100,fixed_target_tanh,1,5,0.6488690105739665,1.0,0.12238804874175063,-0.5879608705845922,-1.14880396417545,-0.5608430935908577,0.0
2100,fixed_target_tanh,1,6,0.6732300333083652,1.0,0.3762603431520577,-0.6355638746098038,-2.021566084351285,-1.3860022097414813,0.0
2100,fixed_target_tanh,1,7,0.688999489092218,1.0,0.2920573156062311,-0.48207402515233516,-1.6207111087666122,-1.138637083614277,0.0
2100,fixed_target_tanh,2,0,0.6967284802484448,1.0,1.162727776384038,-0.6765376682326562,-2.6326975171605898,-1.9561598489279335,0.0
2100,fixed_target_tanh,2,1,0.6935029020238339,1.0,0.7006358967433558,-0.39977258556011125,-2.154614468649087,-1.7548418830889758,0.0
2100,fixed_target_tanh,2,2,0.679529839665044,1.0,-1.2002755021172855,-0.20555639009403806,1.761538705725954,1.967095095819992,0.0
2100,fixed_target_tanh,2,3,0.6719813894768429,1.0,-0.2519042619986236,-0.30228914749344094,0.6368476262129025,0.9391367737063434,0.0
2100,fixed_target_tanh,2,4,0.6730553262206901,1.0,1.6593444127095816,-0.955609843872072,-2.9506928421630145,-1.9950829982909426,0.0
2100,fixed_target_tanh,2,5,0.6594451723626512,1.0,0.15830773214535238,-0.25974996889056345,-0.8916444841401022,-0.6318945152495388,0.0
2100,fixed_target_tanh,2,6,0.6315272443946197,1.0,0.009263694237930732,-0.1907200291562225,-0.23080871197305017,-0.040088682816827675,0.0
2100,fixed_target_tanh,2,7,0.6056974032606607,1.0,-0.5994447269559361,-0.1486370988505371,1.6000999885433358,1.7487370873938728,0.0
2100,fixed_target_tanh,3,0,0.5871084239913396,1.0,0.08425043615260158,-0.14670608228497778,-0.34188009777747763,-0.19517401549249982,0.0
2100,fixed_target_tanh,3,1,0.5781240436664628,1.0,0.8185096154326191,-0.33082512814069165,-1.8377544080008654,-1.5069292798601737,0.0
2100,fixed_target_tanh,3,2,0.5695795633204556,1.0,1.0914780741039942,-0.3331786794368865,-2.079328000227499,-1.746149320790613,0.0
2100,fixed_target_tanh,3,3,0.5527543603366881,1.0,0.07171802900547973,-0.18207770864113387,-0.36818986151368915,-0.18611215287255525,0.0
2100,fixed_target_tanh,3,4,0.5331806956001307,1.0,-0.07916743469120405,-0.18200014249302304,0.0357397359157576,0.21773987840878065,0.0
2100,fixed_target_tanh,3,5,0.5160330955900485,1.0,-0.8430643794158232,-0.12655367657071634,1.5542859320804743,1.6808396086511905,0.0
2100,fixed_target_tanh,3,6,0.5068463393914086,1.0,-1.252967809053342,-0.13901572225340106,1.7670253458044016,1.9060410680578026,0.0
2100,fixed_target_tanh,3,7,0.5080814759174576,1.0,-0.8220387559481124,-0.24372206622074583,1.434767711726719,1.6784897779474648,0.0
2100,fixed_target_tanh,4,0,0.5109611225742946,1.0,-0.9722602124691175,-0.14434378582079968,1.159209681610116,1.3035534674309157,0.0
2100,fixed_target_tanh,4,1,0.5158498166965401,1.0,-1.3580910791377343,-0.1860012786646984,1.3841325353006293,1.5701338139653278,0.0
2100,fixed_target_tanh,4,2,0.5255642966952375,1.0,-0.769102550758449,-0.3490648165381653,0.6771857765833798,1.026250593121545,0.0
2100,fixed_target_tanh,4,3,0.5315453184969128,1.0,0.3687019554948192,-0.6369869353584382,-1.1497312426974258,-0.5127443073389876,0.0
2100,fixed_target_tanh,4,4,0.5223034191934779,1.0,-0.5634042795876043,-0.3177212561175258,0.48170157788459,0.7994228340021158,0.0
2100,fixed_target_tanh,4,5,0.5008768356052641,1.0,0.8666912508578376,-0.5695346673644992,-1.817887093435089,-1.2483524260705898,0.0
2100,fixed_target_tanh,4,6,0.4692595269565876,1.0,0.8591517279205827,-0.5045267167007526,-1.879751893189365,-1.3752251764886125,0.0
2100,fixed_target_tanh,4,7,0.42394604606362135,1.0,-0.4183786998443731,-0.2809436863261579,0.6323104200841521,0.9132541064103099,0.0
2100,fixed_target_tanh,5,0,0.3785820104503873,1.0,-1.5211841829269634,-0.3306197072915774,1.3581854363457704,1.688805143637348,0.0
2100,fixed_target_tanh,5,1,0.35238289944027623,1.0,1.511279882286499,-0.7483269253642768,-2.523048134934335,-1.7747212095700582,0.0
2100,fixed_target_tanh,5,2,0.3262833029683772,1.0,0.062456610335134756,-0.3122219875169502,-0.4434352585274772,-0.13121327101052707,0.0
2100,fixed_target_tanh,5,3,0.2889609827906556,1.0,-0.11789414675900325,-0.2848828491421591,0.00142513598663091,0.28630798512879,0.0
2100,fixed_target_tanh,5,4,0.25671534983552474,1.0,0.5122402357429584,-0.35869579461378875,-1.569770011879938,-1.2110742172661493,0.0
2100,fixed_target_tanh,5,5,0.22558573128149906,1.0,0.26101298781078563,-0.3284015409812062,-1.079366966297827,-0.7509654253166207,0.0
2100,fixed_target_tanh,5,6,0.19207888187425048,1.0,-2.615551402602241,-0.5399026496545061,1.4594403276744052,1.9993429773289113,0.0
2100,fixed_target_tanh,5,7,0.1762090584576642,1.0,-2.159192802224749,-0.22467255834684757,1.7731317167657272,1.9978042751125749,0.0
2100,fixed_target_tanh,6,0,0.18269909667509474,1.0,-0.8299316571423253,-0.23335485155736513,0.8043335239880216,1.0376883755453867,0.0
2100,fixed_target_tanh,6,1,0.19429039378188426,1.0,-1.3021116697190434,-0.21976125516199993,1.140758616213454,1.3605198713754538,0.0
2100,fixed_target_tanh,6,2,0.2085674965118565,1.0,-1.2882139420740915,-0.24275463377838058,1.0068097708412767,1.2495644046196572,0.0
2100,fixed_target_tanh,6,3,0.2257447124849348,1.0,1.4712710093493095,-0.9410709889779123,-2.1700683878658538,-1.2289973988879417,0.0
2100,fixed_target_tanh,6,4,0.22540229350981053,1.0,0.23279761413278044,-0.494788219011163,-0.7211968076381141,-0.22640858862695115,0.0
2100,fixed_target_tanh,6,5,0.20241067800863005,1.0,-0.8033763500112676,-0.3784439063082865,0.5150926376840971,0.8935365439923836,0.0
2100,fixed_target_tanh,6,6,0.1766022454120051,1.0,-1.2248659751850317,-0.3706015827903311,1.046200138230064,1.4168017210203951,0.0
2100,fixed_target_tanh,6,7,0.1588892346051166,1.0,0.44526949628772466,-0.5299996183856268,-1.2187571969798614,-0.6887575785942346,0.0
2100,fixed_target_tanh,7,0,0.13967125899972885,1.0,0.6519435511555102,-0.45283847611038003,-0.31913800781866375,0.13370046829171628,0.0
2100,fixed_target_tanh,7,1,0.11304465378602663,1.0,-0.14120953164034947,-0.4352414119284818,-0.4267995616346539,0.008441850293827918,0.0
2100,fixed_target_tanh,7,2,0.090053608530735,1.0,-0.9352624406912442,-0.44096977303691776,-0.17254588777309215,0.2684238852638256,0.0
2100,fixed_target_tanh,7,3,0.07883410832182303,1.0,0.751736355733192,-0.567560236993394,-0.8663612107335972,-0.29880097374020326,0.0
2100,fixed_target_tanh,7,4,0.06694140067111443,1.0,-0.4379885981587779,-0.4563077826221445,-0.23000195241394117,0.22630583020820333,0.0
2100,fixed_target_tanh,7,5,0.05180547912272079,1.0,0.24761337112501633,-0.48609694891129224,-0.6515326809310358,-0.1654357320197436,0.0
2100,fixed_target_tanh,7,6,0.03846389738194162,1.0,0.18134089815723703,-0.5185221332442094,-0.6637950499635646,-0.14527291671935527,0.0
2100,fixed_target_tanh,7,7,0.020864899007564268,1.0,0.3681623477003241,-0.5539070635940346,-0.9100519401597316,-0.35614487656569693,0.0
2100,fixed_target_tanh,8,0,-0.0014365913043329565,1.0,1.3880508903885946,-0.6543722361870228,-2.1144367137540128,-1.4600644775669898,0.0
2100,fixed_target_tanh,8,1,-0.03200888831164915,1.0,-1.62477413263345,-0.8267559361277688,0.9142210390033769,1.7409769751311457,0.0
2100,fixed_target_tanh,8,2,-0.05345137641334799,1.0,0.21130683793262636,-0.5643321123047406,-0.9518595370084417,-0.3875274247037011,0.0
2100,fixed_target_tanh,8,3,-0.06432964075731823,1.0,0.17124811386519595,-0.5720209541381669,-0.9055528692527126,-0.3335319151145458,0.0
2100,fixed_target_tanh,8,4,-0.0790595133694309,1.0,0.16003159868487268,-0.5938389400023139,-0.9288056703446175,-0.3349667303423037,0.0
2100,fixed_target_tanh,8,5,-0.09515577519828346,1.0,-0.1307514471820573,-0.6096239147925316,-0.31450545261937407,0.29511846217315757,0.0
2100,fixed_target_tanh,8,6,-0.1100211785165871,1.0,0.8041095480078693,-0.7139125595326697,-2.2146546842587314,-1.5007421247260615,0.0
2100,fixed_target_tanh,8,7,-0.13018604677122753,1.0,-1.6622353095872069,-0.9055511362924067,1.0440101035253226,1.9495612398177293,0.0
2100,fixed_target_tanh,9,0,-0.14370530470767606,1.0,1.123991347650163,-0.7045681602364985,-2.0263665653854783,-1.32179840514898,0.0
2100,fixed_target_tanh,9,1,-0.1519480558196677,1.0,0.5008195430873857,-0.6759607285489253,-1.3914019621683353,-0.7154412336194099,0.0
2100,fixed_target_tanh,9,2,-0.16610906320959787,1.0,-1.294663622867289,-0.8242787730966137,0.7452775036189578,1.5695562767155715,0.0
2100,fixed_target_tanh,9,3,-0.1689677093676902,1.0,0.9604057364549355,-0.7326082712773967,-2.05857381993422,-1.3259655486568236,0.0
2100,fixed_target_tanh,9,4,-0.1700459171740656,1.0,-0.670904282277819,-0.7756575798960327,0.24191838918448016,1.0175759690805128,0.0
2100,fixed_target_tanh,9,5,-0.17149329920551507,1.0,0.31056879744620036,-0.6902320646617455,-1.20246313771193,-0.5122310730501844,0.0
2100,fixed_target_tanh,9,6,-0.16807433696470594,1.0,0.8900906624878273,-0.7473253708711047,-2.0004942440489994,-1.2531688731778945,0.0
2100,fixed_target_tanh,9,7,-0.17127418692193214,1.0,1.056254208779827,-0.7964931319971316,-2.2190345857846356,-1.422541453787504,0.0
2100,fixed_target_tanh,10,0,-0.18402974266491,1.0,1.0346833833013744,-0.8182487637416679,-2.285251697396662,-1.4670029336549941,0.0
2100,fixed_target_tanh,10,1,-0.2036600193653451,1.0,1.2048760630603543,-0.8545452458240067,-2.5258386888750906,-1.6712934430510837,0.0
2100,fixed_target_tanh,10,2,-0.2278046473530397,1.0,1.2684781051616625,-0.8854475900507877,-2.665000617075038,-1.7795530270242506,0.0
2100,fixed_target_tanh,10,3,-0.2540717844020098,1.0,0.030496280701008266,-1.0400078627987135,-1.1161677903491802,-0.07615992755046667,0.0
2100,fixed_target_tanh,10,4,-0.27126907778659015,1.0,-0.2207605928806917,-0.9425412449230987,-0.37007351743993655,0.5724677274831621,0.0
2100,fixed_target_tanh,10,5,-0.27427203184416293,1.0,1.195187926223226,-0.8604796457447056,-2.707341564671825,-1.8468619189271192,0.0
2100,fixed_target_tanh,10,6,-0.2750115446455059,1.0,-0.1857580036784276,-0.9664152018641908,-0.47434196831728687,0.49207323354690397,0.0
2100,fixed_target_tanh,10,7,-0.2730664411955649,1.0,-0.4379555822258083,-0.9641383871174752,0.09282043271919826,1.0569588198366735,0.0
2100,fixed_target_tanh,11,0,-0.25982653523857024,1.0,0.7871221333578305,-0.8980976798497273,-2.396654002037213,-1.4985563221874856,0.0
2100,fixed_target_tanh,11,1,-0.24695845191281943,1.0,-0.10166169281310058,-0.9429904115931322,-0.7056395530863074,0.2373508585068248,0.0
2100,fixed_target_tanh,11,2,-0.23655008040594264,1.0,0.15141646617138874,-0.9216483638884526,-1.2586221899729382,-0.3369738260844856,0.0
2100,fixed_target_tanh,11,3,-0.2227761161035785,1.0,-0.5330189407490585,-0.9680423072405261,0.05376542895585967,1.0218077361963858,0.0
2100,fixed_target_tanh,11,4,-0.2051406705378873,1.0,0.9790543562800841,-1.0072210123055358,-2.490281874167953,-1.4830608618624173,0.0
2100,fixed_target_tanh,11,5,-0.19235114377013288,1.0,0.37687807696107867,-0.983762423204207,-1.6463694197575376,-0.6626069965533307,0.0
2100,fixed_target_tanh,11,6,-0.18950195233278247,1.0,-0.08011737393018004,-1.0417222983135135,-0.8977597224941569,0.14396257581935662,0.0
2100,fixed_target_tanh,11,7,-0.18480460441773058,1.0,0.44638135983120675,-1.0166639882355573,-1.7624631955682033,-0.7457992073326459,0.0
2101,clean,0,0,-0.9249999999999999,1.0,0.4287651493578193,-5.397251716144983,-5.397251716144983,0.0,0.0
2101,clean,0,1,-0.9579617974322836,1.0,-1.250654871381223,-5.888655463318784,-5.888655463318784,0.0,0.0
2101,clean,0,2,-0.899357697103257,1.0,0.9030181149815473,-2.7824451985383525,-2.7824451985383525,0.0,0.0
2101,clean,0,3,-0.7740602605160604,1.0,0.13860047859695088,-2.3908418863143472,-2.3908418863143472,0.0,0.0
2101,clean,0,4,-0.6128050027900459,1.0,-0.271309772453557,-2.1131769715030737,-2.1131769715030737,0.0,0.0
2101,clean,0,5,-0.42873874135035306,1.0,-1.0935346356510367,-2.0443439598113526,-2.0443439598113526,0.0,0.0
2101,clean,0,6,-0.23161318211692655,1.0,0.2818984897314776,-1.873505869232854,-1.873505869232854,0.0,0.0
2101,clean,0,7,-0.04313750938305578,1.0,-0.3704886896101952,-1.6278885749924457,-1.6278885749924457,0.0,0.0
2101,clean,1,0,0.1244413913964802,1.0,-0.40705244139568136,-1.537605071206931,-1.537605071206931,0.0,0.0
2101,clean,1,1,0.27520869194824177,1.0,-1.5341236968102734,-1.349178273122752,-1.349178273122752,0.0,0.0
2101,clean,1,2,0.4131372675803855,1.0,-1.729053531654194,-1.3111780704768565,-1.3111780704768565,0.0,0.0
2101,clean,1,3,0.5416005122554237,1.0,-0.11191573680743346,-1.826279961848336,-1.826279961848336,0.0,0.0
2101,clean,1,4,0.6461453796484018,1.0,-1.2615890865474686,-1.119925588070827,-1.119925588070827,0.0,0.0
2101,clean,1,5,0.7242619155596148,1.0,0.05274998994832131,-1.4874604720108864,-1.4874604720108864,0.0,0.0
2101,clean,1,6,0.7775917376884356,1.0,0.528224547480561,-1.1493971926559161,-1.1493971926559161,0.0,0.0
2101,clean,1,7,0.8020532288063428,1.0,0.9351138290662546,-1.060847156941441,-1.060847156941441,0.0,0.0
2101,clean,2,0,0.801115936237713,1.0,-2.1635960691179204,-0.35125729919500803,-0.35125729919500803,0.0,0.0
2101,clean,2,1,0.7895475731917453,1.0,1.0243870134268438,-1.4402977151652228,-1.4402977151652228,0.0,0.0
2101,clean,2,2,0.7603994980542098,1.0,-1.7976991818841546,-0.18867383861659334,-0.18867383861659334,0.0,0.0
2101,clean,2,3,0.7198601319928453,1.0,1.019954778269539,-0.783598144435587,-0.783598144435587,0.0,0.0
2101,clean,2,4,0.674451536258763,1.0,-0.4871207573460333,-0.20966636997886096,-0.20966636997886096,0.0,0.0
2101,clean,2,5,0.620921596285965,1.0,0.39187013549554606,-0.36234593339674726,-0.36234593339674726,0.0,0.0
2101,clean,2,6,0.5660813363492266,1.0,0.0752985834463175,-0.20639481738316634,-0.20639481738316634,0.0,0.0
2101,clean,2,7,0.5088294574868494,1.0,-0.3795345510616625,-0.1587439105427904,-0.1587439105427904,0.0,0.0
2101,clean,3,0,0.4563681228524509,1.0,-0.5927031014094063,-0.19538173884850618,-0.19538173884850618,0.0,0.0
2101,clean,3,1,0.4072232400849943,1.0,-0.06485538432344069,-0.19682085310901426,-0.19682085310901426,0.0,0.0
2101,clean,3,2,0.3573071307243354,1.0,1.222357826669458,-0.37173399624458203,-0.37173399624458203,0.0,0.0
2101,clean,3,3,0.2993625453009468,1.0,0.22603162405375066,-0.15715756390650368,-0.15715756390650368,0.0,0.0
2101,clean,3,4,0.23820587461077625,1.0,0.4635867978405602,-0.14610332656506977,-0.14610332656506977,0.0,0.0
2101,clean,3,5,0.18369512560776993,1.0,-1.1218918956043555,-0.22862028627096626,-0.22862028627096626,0.0,0.0
2101,clean,3,6,0.14346131272759602,1.0,0.06781740401614271,-0.1121069779804626,-0.1121069779804626,0.0,0.0
2101,clean,3,7,0.11605031552766018,1.0,-0.5251752471090215,-0.11777691923943467,-0.11777691923943467,0.0,0.0
2101,clean,4,0,0.09520691846915348,1.0,-1.203896205288333,-0.1507256689619294,-0.1507256689619294,0.0,0.0
2101,clean,4,1,0.08626504225117428,1.0,1.3129832281146407,-0.3093149400281393,-0.3093149400281393,0.0,0.0
2101,clean,4,2,0.0738342500450969,1.0,1.1089897104351678,-0.12405578351035161,-0.12405578351035161,0.0,0.0
2101,clean,4,3,0.04947001495677783,1.0,-0.9125122276495775,-0.21087881872480457,-0.21087881872480457,0.0,0.0
2101,clean,4,4,0.033143197342993355,1.0,0.21736400091662472,-0.09746431208031806,-0.09746431208031806,0.0,0.0
2101,clean,4,5,0.026858000890699906,1.0,-1.1361393440603877,-0.14671947670261448,-0.14671947670261448,0.0,0.0
2101,clean,4,6,0.027892116888407682,1.0,0.9112101290500413,-0.21062809415068942,-0.21062809415068942,0.0,0.0
2101,clean,4,7,0.02696524380620083,1.0,-0.6158907588135397,-0.10793910218688488,-0.10793910218688488,0.0,0.0
2101,clean,5,0,0.02178394109347849,1.0,1.210541973181071,-0.14848761731300103,-0.14848761731300103,0.0,0.0
2101,clean,5,1,0.014633999857023983,1.0,-0.7235804832254495,-0.1434139829520626,-0.1434139829520626,0.0,0.0
2101,clean,5,2,0.008779639476334134,1.0,-0.561353056378528,-0.10554940156972452,-0.10554940156972452,0.0,0.0
2101,clean,5,3,0.012498499910212766,1.0,-0.650592102553448,-0.10712043800264287,-0.10712043800264287,0.0,0.0
2101,clean,5,4,0.02302703077969473,1.0,-0.6650997603482005,-0.09521265171558028,-0.09521265171558028,0.0,0.0
2101,clean,5,5,0.037626953027878884,1.0,-0.9077945719364575,-0.09603643292971123,-0.09603643292971123,0.0,0.0
2101,clean,5,6,0.05380979693053971,1.0,-0.7108380044546445,-0.10719769891466362,-0.10719769891466362,0.0,0.0
2101,clean,5,7,0.06898058349003944,1.0,0.2679985980228435,-0.20680569806623433,-0.20680569806623433,0.0,0.0
2101,clean,6,0,0.07465823003145959,1.0,0.954188067775837,-0.2144346959055858,-0.2144346959055858,0.0,0.0
2101,clean,6,1,0.06527250771417946,1.0,0.6441837001982386,-0.11645425699361095,-0.11645425699361095,0.0,0.0
2101,clean,6,2,0.04659342531547818,1.0,0.28284421064085813,-0.10816120367916943,-0.10816120367916943,0.0,0.0
2101,clean,6,3,0.02987081354389512,1.0,1.097512311203887,-0.11032516908461669,-0.11032516908461669,0.0,0.0
2101,clean,6,4,0.014388176681862552,1.0,0.3844019376661436,-0.10289089895401492,-0.10289089895401492,0.0,0.0
2101,clean,6,5,4.802366833552181e-05,1.0,-0.18672438115747306,-0.1327728869858929,-0.1327728869858929,0.0,0.0
2101,clean,6,6,-0.004792649901916783,1.0,-0.21603627600709602,-0.09309689378906348,-0.09309689378906348,0.0,0.0
2101,clean,6,7,-0.00040301001391614653,1.0,-0.1094562102435631,-0.07961864389195468,-0.07961864389195468,0.0,0.0
2101,clean,7,0,0.007465917036506152,1.0,-0.7979893619212454,-0.13144056842104931,-0.13144056842104931,0.0,0.0
2101,clean,7,1,0.02216417722620515,1.0,-0.8660179728013564,-0.09772513091171511,-0.09772513091171511,0.0,0.0
2101,clean,7,2,0.046773710368718226,1.0,-0.9780493987103189,-0.08672442977114497,-0.08672442977114497,0.0,0.0
2101,clean,7,3,0.076054541708429,1.0,0.7982615225523713,-0.2795721554111896,-0.2795721554111896,0.0,0.0
2101,clean,7,4,0.09587478235864369,1.0,-1.6951646258800335,-0.13232062986061532,-0.13232062986061532,0.0,0.0
2101,clean,7,5,0.11332976121098438,1.0,0.015133630898961553,-0.19206129331944416,-0.19206129331944416,0.0,0.0
2101,clean,7,6,0.13098444107002408,1.0,-0.5666992719917454,-0.09208137805921089,-0.09208137805921089,0.0,0.0
2101,clean,7,7,0.14100999345296417,1.0,-0.984102212747141,-0.09230245130012722,-0.09230245130012722,0.0,0.0
2101,clean,8,0,0.1493723110597719,1.0,0.9188349817473498,-0.29205180136122133,-0.29205180136122133,0.0,0.0
2101,clean,8,1,0.1472759804022624,1.0,1.1550098016476662,-0.31831736477285977,-0.31831736477285977,0.0,0.0
2101,clean,8,2,0.1261005216558079,1.0,-1.0250019577740588,-0.2004982928768163,-0.2004982928768163,0.0,0.0
2101,clean,8,3,0.10632880367769987,1.0,0.4530067259759307,-0.1472908629023666,-0.1472908629023666,0.0,0.0
2101,clean,8,4,0.09243850635939149,1.0,0.9210988596393094,-0.1598028615132712,-0.1598028615132712,0.0,0.0
2101,clean,8,5,0.06979581712551121,1.0,-0.06434726542438682,-0.1077199907154092,-0.1077199907154092,0.0,0.0
2101,clean,8,6,0.04683906614934452,1.0,0.27248795932610814,-0.0907944083671179,-0.0907944083671179,0.0,0.0
2101,clean,8,7,0.02855519099162235,1.0,0.6381584306635922,-0.10796988800054175,-0.10796988800054175,0.0,0.0
2101,clean,9,0,0.008620653028323337,1.0,-0.827989563409712,-0.18208176855622712,-0.18208176855622712,0.0,0.0
2101,clean,9,1,-0.0043084036632519635,1.0,0.760754831347798,-0.08532439724915379,-0.08532439724915379,0.0,0.0
2101,clean,9,2,-0.01114621403524541,1.0,0.633626086847302,-0.06994910209865661,-0.06994910209865661,0.0,0.0
2101,clean,9,3,-0.02049141379684888,1.0,0.33566713824233346,-0.06726803787448037,-0.06726803787448037,0.0,0.0
2101,clean,9,4,-0.029722650839012193,1.0,0.5151121742481983,-0.06478068725999692,-0.06478068725999692,0.0,0.0
2101,clean,9,5,-0.03907326147201767,1.0,-0.8217428535690724,-0.16033699544463878,-0.16033699544463878,0.0,0.0
2101,clean,9,6,-0.039766312997092323,1.0,0.9329181384433396,-0.10456445892433491,-0.10456445892433491,0.0,0.0
2101,clean,9,7,-0.038268767690903864,1.0,0.05340675380532034,-0.06006575690735659,-0.06006575690735659,0.0,0.0
2101,clean,10,0,-0.03981733890949232,1.0,0.5040550159825744,-0.06330037495730596,-0.06330037495730596,0.0,0.0
2101,clean,10,1,-0.04188730578378878,1.0,-0.4086825417482053,-0.05639316715770849,-0.05639316715770849,0.0,0.0
2101,clean,10,2,-0.044237280736717004,1.0,-0.4746986843697227,-0.050811787834954145,-0.050811787834954145,0.0,0.0
2101,clean,10,3,-0.041211530043887674,1.0,-0.36553597564360646,-0.03684610923817633,-0.03684610923817633,0.0,0.0
2101,clean,10,4,-0.03573799054304076,1.0,-0.5467934908656886,-0.03547004692468303,-0.03547004692468303,0.0,0.0
2101,clean,10,5,-0.03053587494652748,1.0,0.07147219805290465,-0.05074826641696746,-0.05074826641696746,0.0,0.0
2101,clean,10,6,-0.028478134523848078,1.0,0.48156301121066253,-0.05477821821647837,-0.05477821821647837,0.0,0.0
2101,clean,10,7,-0.03237034265370345,1.0,0.8852476026636324,-0.10551776479260577,-0.10551776479260577,0.0,0.0
2101,clean,11,0,-0.04531531020100187,1.0,-0.02156910665697942,-0.05909479526297151,-0.05909479526297151,0.0,0.0
2101,clean,11,1,-0.06148451670925451,1.0,0.27769199588619353,-0.0459186387238664,-0.0459186387238664,0.0,0.0
2101,clean,11,2,-0.07571838823766015,1.0,-1.4539913229886088,-0.22448448152352538,-0.22448448152352538,0.0,0.0
2101,clean,11,3,-0.07921723074892885,1.0,2.1082328798859287,-0.36659547435451634,-0.36659547435451634,0.0,0.0
2101,clean,11,4,-0.08767812775983959,1.0,-0.059020561293768814,-0.08805971170833952,-0.08805971170833952,0.0,0.0
2101,clean,11,5,-0.1060018595911245,1.0,-0.0105196361987776,-0.044171692282148706,-0.044171692282148706,0.0,0.0
2101,clean,11,6,-0.11765453259578032,1.0,-0.49391009102153466,-0.07154239167864468,-0.07154239167864468,0.0,0.0
2101,clean,11,7,-0.12278431371020859,1.0,0.38596631149556626,-0.021408048098875275,-0.021408048098875275,0.0,0.0
2101,fixed_target_tanh,0,0,-0.9249999999999999,1.0,0.4287651493578193,-5.397251716144983,-7.394093421015123,-1.9968417048701397,0.0
2101,fixed_target_tanh,0,1,-0.9579617974322836,1.0,-1.250654871381223,-5.888655463318784,-3.8886554659748302,1.9999999973439542,0.0
2101,fixed_target_tanh,0,2,-0.899357697103257,1.0,0.9030181149815473,-2.7824451985383525,-4.78244381555624,-1.9999986170178876,0.0
2101,fixed_target_tanh,0,3,-0.7740602605160604,1.0,0.13860047859695088,-2.3908418863143472,-3.9766677797180323,-1.5858258934036848,0.0
2101,fixed_target_tanh,0,4,-0.6128050027900459,1.0,-0.271309772453557,-2.1131769715030737,-0.19175098409524138,1.9214259874078323,0.0
2101,fixed_target_tanh,0,5,-0.42873874135035306,1.0,-1.0935346356510367,-2.0443439598113526,-0.04434639690250486,1.9999975629088478,0.0
2101,fixed_target_tanh,0,6,-0.23161318211692655,1.0,0.2818984897314776,-1.873505869232854,-3.729715426928112,-1.8562095576952582,0.0
2101,fixed_target_tanh,0,7,-0.04313750938305578,1.0,-0.3704886896101952,-1.6278885749924457,0.2862786548723393,1.914167229864785,0.0
2101,fixed_target_tanh,1,0,0.1244413913964802,1.0,-0.40705244139568136,-1.537605071206931,0.3470527215301076,1.8846577927370385,0.0
2101,fixed_target_tanh,1,1,0.27520869194824177,1.0,-1.5341236968102734,-1.349178273122752,0.6507859692340323,1.9999642423567843,0.0
2101,fixed_target_tanh,1,2,0.4131372675803855,1.0,-1.729053531654194,-1.3111780704768565,0.6887781162784781,1.9999561867553346,0.0
2101,fixed_target_tanh,1,3,0.5416005122554237,1.0,-0.11191573680743346,-1.826279961848336,-1.2090727713487452,0.6172071904995908,0.0
2101,fixed_target_tanh,1,4,0.6461453796484018,1.0,-1.2615890865474686,-1.0139096654835384,0.9784806670488726,1.992390332532411,0.0
2101,fixed_target_tanh,1,5,0.727232741854433,1.0,0.05274998994832131,-1.5115775349529712,-1.742268773427863,-0.23069123847489173,0.0
2101,fixed_target_tanh,1,6,0.7864343553803146,1.0,0.528224547480561,-1.3631013450236138,-2.926745179543892,-1.563643834520278,0.0
2101,fixed_target_tanh,1,7,0.8140435402495018,1.0,0.9351138290662546,-1.0617318231586526,-2.9484961909503453,-1.8867643677916928,0.0
2101,fixed_target_tanh,2,0,0.8137594105900551,1.0,-2.1635960691179204,-0.29954666801209595,1.7004198427101755,1.9999665107222715,0.0
2101,fixed_target_tanh,2,1,0.8061293329752592,1.0,1.0243870134268438,-1.2054241468628963,-3.190449154497604,-1.9850250076347076,0.0
2101,fixed_target_tanh,2,2,0.7871270760946031,1.0,-1.7976991818841546,-0.19591836671026944,1.8039023311543128,1.9998206978645823,0.0
2101,fixed_target_tanh,2,3,0.7602394126289276,1.0,1.019954778269539,-0.967044684719615,-2.9555837086487857,-1.988539023929171,0.0
2101,fixed_target_tanh,2,4,0.7265606698644342,1.0,-0.4871207573460333,-0.2706460497489311,1.5202418155581976,1.7908878653071287,0.0
2101,fixed_target_tanh,2,5,0.6803163792064931,1.0,0.39187013549554606,-0.47661235274519953,-2.157143979039668,-1.6805316262944685,0.0
2101,fixed_target_tanh,2,6,0.6284809884633332,1.0,0.0752985834463175,-0.2764640409458432,-0.7606932860622804,-0.4842292451164372,0.0
2101,fixed_target_tanh,2,7,0.5700195746861584,1.0,-0.3795345510616625,-0.1635335249620367,1.5672343940582114,1.730767919020248,0.0
2101,fixed_target_tanh,3,0,0.515061363848466,1.0,-0.5927031014094063,-0.1430872921251781,1.7452568454416748,1.8883441375668528,0.0
2101,fixed_target_tanh,3,1,0.4738602219066272,1.0,-0.06485538432344069,-0.17967624342234134,0.22177090585465353,0.4014471492769949,0.0
2101,fixed_target_tanh,3,2,0.44210115522430043,1.0,1.222357826669458,-0.3438019893937285,-2.342376196757459,-1.9985742073637303,0.0
2101,fixed_target_tanh,3,3,0.4044769649281167,1.0,0.22603162405375066,-0.15083113252760516,-1.4370189165559557,-1.2861877840283507,0.0
2101,fixed_target_tanh,3,4,0.36331594955114954,1.0,0.4635867978405602,-0.1468731166358368,-1.999505353796488,-1.8526322371606512,0.0
2101,fixed_target_tanh,3,5,0.32611267380253117,1.0,-1.1218918956043555,-0.16435330841872342,1.834533678670013,1.9988869870887365,0.0
2101,fixed_target_tanh,3,6,0.300916662536457,1.0,0.06781740401614271,-0.16785615760233943,-0.6639867354731575,-0.49613057787081805,0.0
2101,fixed_target_tanh,3,7,0.2836559787109204,1.0,-0.5251752471090215,-0.11219004131865694,1.8149108175214785,1.9271008588401355,0.0
2101,fixed_target_tanh,4,0,0.2684876095036631,1.0,-1.203896205288333,-0.1548008786392045,1.8428669931565707,1.9976678717957752,0.0
2101,fixed_target_tanh,4,1,0.2667286516055567,1.0,1.3129832281146407,-0.42985270004408777,-2.4286848275324364,-1.9988321274883487,0.0
2101,fixed_target_tanh,4,2,0.26304900691533645,1.0,1.1089897104351678,-0.24321024260481014,-2.23920075856053,-1.9959905159557196,0.0
2101,fixed_target_tanh,4,3,0.2433874825797265,1.0,-0.9125122276495775,-0.16063923353446236,1.8274573223801673,1.9880965559146297,0.0
2101,fixed_target_tanh,4,4,0.22794661844293354,1.0,0.21736400091662472,-0.16641612669052336,-1.3813997198848043,-1.214983593194281,0.0
2101,fixed_target_tanh,4,5,0.21860175275190452,1.0,-1.1361393440603877,-0.1525835328736504,1.8450874503149552,1.9976709831886057,0.0
2101,fixed_target_tanh,4,6,0.21570455549550632,1.0,0.9112101290500413,-0.3182041944785983,-2.3082450894091693,-1.9900408949305708,0.0
2101,fixed_target_tanh,4,7,0.21259412316863158,1.0,-0.6158907588135397,-0.11222598569315598,1.8202772576350341,1.9325032433281901,0.0
2101,fixed_target_tanh,5,0,0.2040708479187442,1.0,1.210541973181071,-0.17008787665626185,-2.155304490651279,-1.985216613995017,0.0
2101,fixed_target_tanh,5,1,0.1953330495283412,1.0,-0.7235804832254495,-0.15272615662797123,1.7175013078254753,1.8702274644534465,0.0
2101,fixed_target_tanh,5,2,0.192455703940526,1.0,-0.561353056378528,-0.0997739818776248,1.6354797961666707,1.7352537780442956,0.0
2101,fixed_target_tanh,5,3,0.20078146746482922,1.0,-0.650592102553448,-0.097891905673306,1.7168432034630032,1.8147351091363093,0.0
2101,fixed_target_tanh,5,4,0.21481143337715275,1.0,-0.6650997603482005,-0.11207451527805382,1.7015708449975233,1.813645360275577,0.0
2101,fixed_target_tanh,5,5,0.23189929141270405,1.0,-0.9077945719364575,-0.11417058568584644,1.8137327795112081,1.9279033651970545,0.0
2101,fixed_target_tanh,5,6,0.24962331016365777,1.0,-0.7108380044546445,-0.15815832645029862,1.6576792801889377,1.8158376066392363,0.0
2101,fixed_target_tanh,5,7,0.2654327955415968,1.0,0.2679985980228435,-0.3305549673363039,-1.3385930107311543,-1.0080380433948504,0.0
2101,fixed_target_tanh,6,0,0.2708789848879641,1.0,0.954188067775837,-0.4897113571499769,-2.406651011901066,-1.916939654751089,0.0
2101,fixed_target_tanh,6,1,0.2573977678309775,1.0,0.6441837001982386,-0.3227073521878677,-2.063641884229719,-1.7409345320418512,0.0
2101,fixed_target_tanh,6,2,0.227790426455195,1.0,0.28284421064085813,-0.22739963080321723,-1.328509037778268,-1.1011094069750507,0.0
2101,fixed_target_tanh,6,3,0.19300864933520354,1.0,1.097512311203887,-0.2888713748038345,-2.2647788548159644,-1.9759074800121301,0.0
2101,fixed_target_tanh,6,4,0.15487699394858248,1.0,0.3844019376661436,-0.2294019336793616,-1.7107617669823285,-1.481359833302967,0.0
2101,fixed_target_tanh,6,5,0.11557957605198577,1.0,-0.18672438115747306,-0.21792018976408398,0.6926613477977495,0.9105815375618335,0.0
2101,fixed_target_tanh,6,6,0.08283762575081907,1.0,-0.21603627600709602,-0.19758840506670752,0.8713351545005833,1.0689235595672908,0.0
2101,fixed_target_tanh,6,7,0.058681339205994845,1.0,-0.1094562102435631,-0.1812372912820185,0.4243235375765696,0.6055608288585881,0.0
2101,fixed_target_tanh,7,0,0.03949705089082156,1.0,-0.7979893619212454,-0.25475039556203616,1.6534727885621914,1.9082231841242274,0.0
2101,fixed_target_tanh,7,1,0.030955527414290848,1.0,-0.8660179728013564,-0.17329846822414513,1.763492163007679,1.9367906312318242,0.0
2101,fixed_target_tanh,7,2,0.03840890134301257,1.0,-0.9780493987103189,-0.12284920003481879,1.8376050891617526,1.9604542891965713,0.0
2101,fixed_target_tanh,7,3,0.053179680161743806,1.0,0.7982615225523713,-0.3604321542870894,-2.260436671690705,-1.9000045174036158,0.0
2101,fixed_target_tanh,7,4,0.057910508131035224,1.0,-1.6951646258800335,-0.24323086986397177,1.7549846441330599,1.9982155139970317,0.0
2101,fixed_target_tanh,7,5,0.06232031167731444,1.0,0.015133630898961553,-0.1991047022928733,-0.2674045982320406,-0.06829989593916731,0.0
2101,fixed_target_tanh,7,6,0.07150075000437486,1.0,-0.5666992719917454,-0.17265854063115058,1.5283962320888942,1.7010547727200447,0.0
2101,fixed_target_tanh,7,7,0.0744024195316194,1.0,-0.984102212747141,-0.16131203319310125,1.787519463705364,1.9488314968984652,0.0
2101,fixed_target_tanh,8,0,0.07695950386488935,1.0,0.9188349817473498,-0.3114158399321585,-2.1488024038449165,-1.8373865639127578,0.0
2101,fixed_target_tanh,8,1,0.07308237921835277,1.0,1.1550098016476662,-0.3590098958067426,-2.287794013765045,-1.9287841179583023,0.0
2101,fixed_target_tanh,8,2,0.05410191356135054,1.0,-1.0250019577740588,-0.31599542787939805,1.5891984899703955,1.9051939178497936,0.0
2101,fixed_target_tanh,8,3,0.03756166823850905,1.0,0.4530067259759307,-0.23304342098142178,-1.6176007716883083,-1.3845573507068865,0.0
2101,fixed_target_tanh,8,4,0.02817040143388461,1.0,0.9210988596393094,-0.30530984187351523,-2.1921833209395127,-1.8868734790659973,0.0
2101,fixed_target_tanh,8,5,0.011257124886466137,1.0,-0.06434726542438682,-0.25718898139033963,-0.0025864854199573184,0.2546024959703823,0.0
2101,fixed_target_tanh,8,6,-0.007450276402285374,1.0,0.27248795932610814,-0.2507733535235014,-1.2709983149140243,-1.0202249613905228,0.0
2101,fixed_target_tanh,8,7,-0.022856538565136524,1.0,0.6381584306635922,-0.2861196464258829,-2.0382066376404224,-1.7520869912145396,0.0
2101,fixed_target_tanh,9,0,-0.04121306515599277,1.0,-0.827989563409712,-0.42556773899856026,1.3869722425241946,1.812539981522755,0.0
2101,fixed_target_tanh,9,1,-0.05081931955471909,1.0,0.760754831347798,-0.2580074768318707,-2.034767342716849,-1.7767598658849786,0.0
2101,fixed_target_tanh,9,2,-0.05265241273753147,1.0,0.633626086847302,-0.28032863494513505,-1.9369135182460913,-1.6565848833009562,0.0
2101,fixed_target_tanh,9,3,-0.06104639628375711,1.0,0.33566713824233346,-0.2776397119588578,-1.4049746351213384,-1.1273349231624805,0.0
2101,fixed_target_tanh,9,4,-0.07320902035970374,1.0,0.5151121742481983,-0.28830467751789307,-1.8159285729638572,-1.5276238954459642,0.0
2101,fixed_target_tanh,9,5,-0.08659017669607569,1.0,-0.8217428535690724,-0.3729835313227242,1.4845258230858192,1.8575093544085433,0.0
2101,fixed_target_tanh,9,6,-0.09251560357818396,1.0,0.9329181384433396,-0.34642305875679785,-2.258083764708407,-1.911660705951609,0.0
2101,fixed_target_tanh,9,7,-0.09758391924272769,1.0,0.05340675380532034,-0.307679403096519,-0.526043235578809,-0.21836383248229005,0.0
2101,fixed_target_tanh,10,0,-0.10719732260146353,1.0,0.5040550159825744,-0.30743073044058095,-1.7746599834364274,-1.4672292529958464,0.0
2101,fixed_target_tanh,10,1,-0.11302715518109581,1.0,-0.4086825417482053,-0.3348802272982857,0.9579793795853514,1.292859606883637,0.0
2101,fixed_target_tanh,10,2,-0.1122169796836438,1.0,-0.4746986843697227,-0.3282284260414569,1.0963320655607267,1.4245604916021837,0.0
2101,fixed_target_tanh,10,3,-0.10188916937526285,1.0,-0.36553597564360646,-0.28896224193131576,0.882501312907906,1.1714635548392218,0.0
2101,fixed_target_tanh,10,4,-0.08779043422784527,1.0,-0.5467934908656886,-0.304995201457467,1.194291208770834,1.499286410228301,0.0
2101,fixed_target_tanh,10,5,-0.07227454737615582,1.0,0.07147219805290465,-0.32412743551956874,-0.567899601417464,-0.24377216589789524,0.0
2101,fixed_target_tanh,10,6,-0.05810048108659821,1.0,0.48156301121066253,-0.3937427365116895,-1.718663341451865,-1.3249206049401756,0.0
2101,fixed_target_tanh,10,7,-0.05362933474568413,1.0,0.8852476026636324,-0.432763132510612,-2.2238012340507467,-1.7910381015401347,0.0
2101,fixed_target_tanh,11,0,-0.06160567610958024,1.0,-0.02156910665697942,-0.4233742509245252,-0.3629868911211864,0.06038735980333879,0.0
2101,fixed_target_tanh,11,1,-0.07021364317593533,1.0,0.27769199588619353,-0.3885188262859414,-1.1461032649581384,-0.757584438672197,0.0
2101,fixed_target_tanh,11,2,-0.07424952274059247,1.0,-1.4539913229886088,-0.5668130258807813,1.3754015563696127,1.942214582250394,0.0
2101,fixed_target_tanh,11,3,-0.067513129421041,1.0,2.1082328798859287,-0.7430827013077942,-2.7332549590487063,-1.990172257740912,0.0
2101,fixed_target_tanh,11,4,-0.06544322775664667,1.0,-0.059020561293768814,-0.4477211253995961,-0.2809607723855826,0.1667603530140135,0.0
2101,fixed_target_tanh,11,5,-0.07567872324237085,1.0,-0.0105196361987776,-0.45321498099067536,-0.42254238613044487,0.030672594860230485,0.0
2101,fixed_target_tanh,11,6,-0.08133349616573425,1.0,-0.49391009102153466,-0.48742683290464367,0.760619203068811,1.2480460359734546,0.0
2101,fixed_target_tanh,11,7,-0.07954632935045812,1.0,0.38596631149556626,-0.4753574016693671,-1.5043931520716523,-1.0290357504022851,0.0
2102,clean,0,0,-0.9249999999999999,1.0,0.7924579211299472,-5.397251716144983,-5.397251716144983,0.0,0.0
2102,clean,0,1,-0.9579617974322836,1.0,-0.6352448714616806,-5.888655463318784,-5.888655463318784,0.0,0.0
2102,clean,0,2,-0.899357697103257,1.0,-1.806685892391065,-5.191508015166355,-5.191508015166355,0.0,0.0
2102,clean,0,3,-0.7563137572764176,1.0,0.02627008041551909,-2.076818939214826,-2.076818939214826,0.0,0.0
2102,clean,0,4,-0.5688410459562164,1.0,-0.014553977841665533,-1.8593561688125537,-1.8593561688125537,0.0,0.0
2102,clean,0,5,-0.37487311594750067,1.0,-0.08470379525784716,-1.7201809031616817,-1.7201809031616817,0.0,0.0
2102,clean,0,6,-0.18700538858040605,1.0,-0.22497226072570495,-1.6311394718515424,-1.6311394718515424,0.0,0.0
2102,clean,0,7,-0.01207609845132121,1.0,0.368544296554697,-1.6424214238326162,-1.6424214238326162,0.0,0.0
2102,clean,1,0,0.14244450100303632,1.0,-0.9614605931707548,-1.3100578610100684,-1.3100578610100684,0.0,0.0
2102,clean,1,1,0.2809006389607291,1.0,0.6383443988837508,-1.602401591659152,-1.602401591659152,0.0,0.0
2102,clean,1,2,0.4003876220266305,1.0,-0.16212103141429374,-1.1530283790902636,-1.1530283790902636,0.0,0.0
2102,clean,1,3,0.4957102869964167,1.0,-0.9431862152408791,-0.9465554030501369,-0.9465554030501369,0.0,0.0
2102,clean,1,4,0.578004367854705,1.0,0.09221390106427306,-1.190579230903012,-1.190579230903012,0.0,0.0
2102,clean,1,5,0.6432915951809222,1.0,0.9306941021289084,-1.2224628247755773,-1.2224628247755773,0.0,0.0
2102,clean,1,6,0.6818039278975216,1.0,-0.7228703188162768,-0.5027239587038055,-0.5027239587038055,0.0,0.0
2102,clean,1,7,0.7065796659026382,1.0,0.7766794079774213,-0.9105632059023123,-0.9105632059023123,0.0,0.0
2102,clean,2,0,0.720512314099056,1.0,0.5216888181887736,-0.8458328718010797,-0.8458328718010797,0.0,0.0
2102,clean,2,1,0.7126737932688865,1.0,0.022062050100726305,-0.40740870768772125,-0.40740870768772125,0.0,0.0
2102,clean,2,2,0.6917618702059327,1.0,0.25129019078387904,-0.38684452345109377,-0.38684452345109377,0.0,0.0
2102,clean,2,3,0.6657043675146604,1.0,0.41459784944903655,-0.3718777660157802,-0.3718777660157802,0.0,0.0
2102,clean,2,4,0.6338318347546965,1.0,0.40462464225962747,-0.3629260949284496,-0.3629260949284496,0.0,0.0
2102,clean,2,5,0.5953254559977444,1.0,0.13957926170175872,-0.20491652569805685,-0.20491652569805685,0.0,0.0
2102,clean,2,6,0.5551548633865764,1.0,0.31317379217433133,-0.2639140682501693,-0.2639140682501693,0.0,0.0
2102,clean,2,7,0.5149828526670908,1.0,-1.3592616416040673,-0.1540192408812778,-0.1540192408812778,0.0,0.0
2102,clean,3,0,0.48289210665426585,1.0,-0.4031382672696405,-0.15077039361929262,-0.15077039361929262,0.0,0.0
2102,clean,3,1,0.46345940529655416,1.0,0.9606845253321059,-0.33818563846629734,-0.33818563846629734,0.0,0.0
2102,clean,3,2,0.4415494168946446,1.0,-0.40654514608567577,-0.13309258632005597,-0.13309258632005597,0.0,0.0
2102,clean,3,3,0.4200357318811811,1.0,-0.3303339433942407,-0.14379190919232263,-0.14379190919232263,0.0,0.0
2102,clean,3,4,0.4067583030645089,1.0,0.9663885779575164,-0.3355880173502843,-0.3355880173502843,0.0,0.0
2102,clean,3,5,0.3895620470370884,1.0,-0.24398603346139366,-0.1453494234352815,-0.1453494234352815,0.0,0.0
2102,clean,3,6,0.368450084931113,1.0,0.48476645054726436,-0.25200704643032534,-0.25200704643032534,0.0,0.0
2102,clean,3,7,0.3454385531289521,1.0,-0.6452429224784727,-0.1320342254688954,-0.1320342254688954,0.0,0.0
2102,clean,4,0,0.32323309304952114,1.0,0.7016339628096995,-0.253807700910349,-0.253807700910349,0.0,0.0
2102,clean,4,1,0.3008300348431014,1.0,1.5127246199926176,-0.36510702352755375,-0.36510702352755375,0.0,0.0
2102,clean,4,2,0.266112801566961,1.0,-0.6359708522981125,-0.1870150313721735,-0.1870150313721735,0.0,0.0
2102,clean,4,3,0.23333894106650696,1.0,1.1507909680374575,-0.19428981626754588,-0.19428981626754588,0.0,0.0
2102,clean,4,4,0.20679580938919057,1.0,-0.7655573556160138,-0.17319707849202415,-0.17319707849202415,0.0,0.0
2102,clean,4,5,0.1864027416290911,1.0,-1.8574117612086423,-0.22329469553285564,-0.22329469553285564,0.0,0.0
2102,clean,4,6,0.18606413938414892,1.0,-1.3404490600388805,-0.11038737186669721,-0.11038737186669721,0.0,0.0
2102,clean,4,7,0.19962240568782402,1.0,-1.013174634283866,-0.16141552061780634,-0.16141552061780634,0.0,0.0
2102,clean,5,0,0.21285394050953269,1.0,2.052611353897535,-0.5859163932802013,-0.5859163932802013,0.0,0.0
2102,clean,5,1,0.20838331877058405,1.0,-0.010510171974406797,-0.13451667139112758,-0.13451667139112758,0.0,0.0
2102,clean,5,2,0.19568624154127595,1.0,-0.5868304829912158,-0.12492977246199784,-0.12492977246199784,0.0,0.0
2102,clean,5,3,0.1944202161864469,1.0,-2.0055710661458477,-0.21866370357895137,-0.21866370357895137,0.0,0.0
2102,clean,5,4,0.21055535799158964,1.0,0.2860628801402103,-0.31123946005605313,-0.31123946005605313,0.0,0.0
2102,clean,5,5,0.22920217719959352,1.0,-0.5469109516545404,-0.16630228059691254,-0.16630228059691254,0.0,0.0
2102,clean,5,6,0.2368565599451012,1.0,-0.2850708352710367,-0.172944353466584,-0.172944353466584,0.0,0.0
2102,clean,5,7,0.2394198546135415,1.0,0.5318526753296031,-0.3490203161986843,-0.3490203161986843,0.0,0.0
2102,clean,6,0,0.23095767887042937,1.0,0.872702152889771,-0.21152687783308272,-0.21152687783308272,0.0,0.0
2102,clean,6,1,0.21154828030710288,1.0,1.0193797254456587,-0.22641582646393588,-0.22641582646393588,0.0,0.0
2102,clean,6,2,0.18640551838983244,1.0,1.2037627580879224,-0.24419981273497637,-0.24419981273497637,0.0,0.0
2102,clean,6,3,0.15489160624354598,1.0,0.014717609751802667,-0.2077290196641191,-0.2077290196641191,0.0,0.0
2102,clean,6,4,0.12821740021807118,1.0,0.49300377861092937,-0.1750903905212491,-0.1750903905212491,0.0,0.0
2102,clean,6,5,0.10812378538962451,1.0,0.7216779724219818,-0.18101080459197014,-0.18101080459197014,0.0,0.0
2102,clean,6,6,0.08553475076812975,1.0,0.3552787406152365,-0.16199937047030755,-0.16199937047030755,0.0,0.0
2102,clean,6,7,0.06288253993162553,1.0,-0.188946167130654,-0.18329752836521945,-0.18329752836521945,0.0,0.0
2102,clean,7,0,0.048459427895068685,1.0,-0.6341904609038738,-0.1615608235741089,-0.1615608235741089,0.0,0.0
2102,clean,7,1,0.047615603461381904,1.0,-1.2504923655048157,-0.14663114501041985,-0.14663114501041985,0.0,0.0
2102,clean,7,2,0.06032978207831196,1.0,-0.2178132659125224,-0.11282805261632821,-0.11282805261632821,0.0,0.0
2102,clean,7,3,0.07791109029602605,1.0,-0.3562454175632095,-0.11743506576082222,-0.11743506576082222,0.0,0.0
2102,clean,7,4,0.09223273734855549,1.0,0.43269782474403384,-0.23993871721374896,-0.23993871721374896,0.0,0.0
2102,clean,7,5,0.0976501463258451,1.0,-0.8152790552515645,-0.1288845002921398,-0.1288845002921398,0.0,0.0
2102,clean,7,6,0.10060091396145132,1.0,0.19499952807041193,-0.18289622379473142,-0.18289622379473142,0.0,0.0
2102,clean,7,7,0.10357593935296895,1.0,-0.9795002968281097,-0.13481231453152276,-0.13481231453152276,0.0,0.0
2102,clean,8,0,0.10709075261856724,1.0,-0.5689697268980535,-0.14291943183400385,-0.14291943183400385,0.0,0.0
2102,clean,8,1,0.11379713531935269,1.0,-0.8101198036592344,-0.15189622213858395,-0.15189622213858395,0.0,0.0
2102,clean,8,2,0.11815179508040628,1.0,0.14390132988613938,-0.2852135299123457,-0.2852135299123457,0.0,0.0
2102,clean,8,3,0.11425882684014381,1.0,0.5085444995926767,-0.3274350722298154,-0.3274350722298154,0.0,0.0
2102,clean,8,4,0.09630681221971814,1.0,1.0070724974213086,-0.3794751915156471,-0.3794751915156471,0.0,0.0
2102,clean,8,5,0.06384018550636757,1.0,0.30609144743971683,-0.26698132155639215,-0.26698132155639215,0.0,0.0
2102,clean,8,6,0.02504791213422028,1.0,0.2080371246663043,-0.2628991257833914,-0.2628991257833914,0.0,0.0
2102,clean,8,7,-0.009475204528728761,1.0,0.6495909985077873,-0.2539388053425769,-0.2539388053425769,0.0,0.0
2102,clean,9,0,-0.04074841805621593,1.0,0.874014332274742,-0.34763532494708127,-0.34763532494708127,0.0,0.0
2102,clean,9,1,-0.07842842338857077,1.0,-1.565954464119959,-0.5293157919129501,-0.5293157919129501,0.0,0.0
2102,clean,9,2,-0.10815290874881897,1.0,0.05680822765892138,-0.22347745371882943,-0.22347745371882943,0.0,0.0
2102,clean,9,3,-0.12569294225844574,1.0,-0.29588658144089874,-0.22892884407457043,-0.22892884407457043,0.0,0.0
2102,clean,9,4,-0.1427741921678936,1.0,-0.4337110206105118,-0.22304640708197235,-0.22304640708197235,0.0,0.0
2102,clean,9,5,-0.15697177774592724,1.0,-0.595857168577009,-0.218162747019205,-0.218162747019205,0.0,0.0
2102,clean,9,6,-0.168644906752217,1.0,0.9502630390295604,-0.29345257762698135,-0.29345257762698135,0.0,0.0
2102,clean,9,7,-0.1870976992388692,1.0,0.5520733603407274,-0.2520488916696788,-0.2520488916696788,0.0,0.0
2102,clean,10,0,-0.2123561335760168,1.0,0.31904902972407434,-0.2493018424536981,-0.2493018424536981,0.0,0.0
2102,clean,10,1,-0.23649113860155244,1.0,-0.2103068544608665,-0.27133068762388884,-0.27133068762388884,0.0,0.0
2102,clean,10,2,-0.2571122230471425,1.0,-0.7879010002134538,-0.3097419788692831,-0.3097419788692831,0.0,0.0
2102,clean,10,3,-0.2688869674675774,1.0,0.6124517478770115,-0.20739062004739797,-0.20739062004739797,0.0,0.0
2102,clean,10,4,-0.2782615255346661,1.0,0.7051852393727556,-0.2191581136342466,-0.2191581136342466,0.0,0.0
2102,clean,10,5,-0.2940337103606409,1.0,0.8037278337740519,-0.23258217342793686,-0.23258217342793686,0.0,0.0
2102,clean,10,6,-0.3136020505995013,1.0,-0.10514703742261003,-0.3126033564610834,-0.3126033564610834,0.0,0.0
2102,clean,10,7,-0.32861147616917924,1.0,-0.23289157521462034,-0.29744401281161287,-0.29744401281161287,0.0,0.0
2102,clean,11,0,-0.3337393250508098,1.0,1.093877945979204,-0.193431951585306,-0.193431951585306,0.0,0.0
2102,clean,11,1,-0.33810991145851776,1.0,-0.4402571169402732,-0.3760333131276353,-0.3760333131276353,0.0,0.0
2102,clean,11,2,-0.33839700561747266,1.0,-0.9246222270592732,-0.3688217187640241,-0.3688217187640241,0.0,0.0
2102,clean,11,3,-0.323202609780104,1.0,-0.48894015644877914,-0.1809507752916504,-0.1809507752916504,0.0,0.0
2102,clean,11,4,-0.30113449925269054,1.0,0.6215517464421834,-0.18406202415109688,-0.18406202415109688,0.0,0.0
2102,clean,11,5,-0.286187893284822,1.0,-0.16711117920471827,-0.2201435454207215,-0.2201435454207215,0.0,0.0
2102,clean,11,6,-0.27469215652249135,1.0,0.26839146338824243,-0.17217187663749872,-0.17217187663749872,0.0,0.0
2102,clean,11,7,-0.2637973006323824,1.0,0.06212965441764195,-0.18524743346504963,-0.18524743346504963,0.0,0.0
2102,fixed_target_tanh,0,0,-0.9249999999999999,1.0,0.7924579211299472,-5.397251716144983,-7.397244331121419,-1.9999926149764358,0.0
2102,fixed_target_tanh,0,1,-0.9579617974322836,1.0,-0.6352448714616806,-5.888655463318784,-3.8887426319137157,1.9999128314050683,0.0
2102,fixed_target_tanh,0,2,-0.899357697103257,1.0,-1.806685892391065,-5.191508015166355,-3.1915080151668285,1.9999999999995268,0.0
2102,fixed_target_tanh,0,3,-0.7563137572764176,1.0,0.02627008041551909,-2.076818939214826,-2.477095740754147,-0.4002768015393208,0.0
2102,fixed_target_tanh,0,4,-0.5688410459562164,1.0,-0.014553977841665533,-1.8593561688125537,-1.6549247770478197,0.20443139176473396,0.0
2102,fixed_target_tanh,0,5,-0.37487311594750067,1.0,-0.08470379525784716,-1.7201809031616817,-0.7374930816977137,0.982687821463968,0.0
2102,fixed_target_tanh,0,6,-0.18700538858040605,1.0,-0.22497226072570495,-1.6311394718515424,0.07986160453318858,1.711001076384731,0.0
2102,fixed_target_tanh,0,7,-0.01207609845132121,1.0,0.368544296554697,-1.6424214238326162,-3.5475466354947804,-1.9051252116621642,0.0
2102,fixed_target_tanh,1,0,0.14244450100303632,1.0,-0.9614605931707548,-1.3100578610100684,0.6891227943395071,1.9991806553495755,0.0
2102,fixed_target_tanh,1,1,0.2809006389607291,1.0,0.6383443988837508,-1.602401591659152,-3.576151823787926,-1.9737502321287739,0.0
2102,fixed_target_tanh,1,2,0.4003876220266305,1.0,-0.16212103141429374,-1.1530283790902636,-0.12289002867927934,1.0301383504109842,0.0
2102,fixed_target_tanh,1,3,0.4957102869964167,1.0,-0.9431862152408791,-0.9465554030501369,1.0435341636059634,1.9900895666561003,0.0
2102,fixed_target_tanh,1,4,0.578004367854705,1.0,0.09221390106427306,-1.190579230903012,-1.7115545072041738,-0.5209752763011618,0.0
2102,fixed_target_tanh,1,5,0.6432915951809222,1.0,0.9306941021289084,-1.2224628247755773,-3.194510175314848,-1.9720473505392708,0.0
2102,fixed_target_tanh,1,6,0.6818039278975216,1.0,-0.7228703188162768,-0.5027239587038055,1.3964130922236306,1.8991370509274361,0.0
2102,fixed_target_tanh,1,7,0.7065796659026382,1.0,0.7766794079774213,-0.9105632059023123,-2.8223527331341955,-1.911789527231883,0.0
2102,fixed_target_tanh,2,0,0.720512314099056,1.0,0.5216888181887736,-0.5637914596570723,-2.2274589086119976,-1.6636674489549255,0.0
2102,fixed_target_tanh,2,1,0.7186069383143325,1.0,0.022062050100726305,-0.4220465011269916,-0.5232527576646903,-0.10120625653769867,0.0
2102,fixed_target_tanh,2,2,0.7094247245399741,1.0,0.25129019078387904,-0.39784265359328297,-1.4505719249950797,-1.0527292714017966,0.0
2102,fixed_target_tanh,2,3,0.6955512170112282,1.0,0.41459784944903655,-0.37869529891064485,-1.8898880119019035,-1.5111927129912586,0.0
2102,fixed_target_tanh,2,4,0.6766299839865354,1.0,0.40462464225962747,-0.36473721009772253,-1.879012379449875,-1.5142751693521523,0.0
2102,fixed_target_tanh,2,5,0.6521749016038826,1.0,0.13957926170175872,-0.2684497574021062,-0.947415308581038,-0.6789655511789318,0.0
2102,fixed_target_tanh,2,6,0.6245316703050583,1.0,0.31317379217433133,-0.26218645524388384,-1.6167273258526262,-1.3545408706087423,0.0
2102,fixed_target_tanh,2,7,0.595822442115406,1.0,-1.3592616416040673,-0.14447230025606997,1.85316044118388,1.99763274143995,0.0
2102,fixed_target_tanh,3,0,0.5742516469449291,1.0,-0.4031382672696405,-0.19089517269626494,1.1742323454578614,1.3651275181541263,0.0
2102,fixed_target_tanh,3,1,0.561815215845032,1.0,0.9606845253321059,-0.45374959231011636,-2.386449828819315,-1.9327002365091988,0.0
2102,fixed_target_tanh,3,2,0.5435872795727191,1.0,-0.40654514608567577,-0.14900356710955565,1.2735339814001896,1.4225375485097451,0.0
2102,fixed_target_tanh,3,3,0.5225240452646887,1.0,-0.3303339433942407,-0.185424197775156,1.085102821155806,1.270527018930962,0.0
2102,fixed_target_tanh,3,4,0.506454272819303,1.0,0.9663885779575164,-0.46178684293963856,-2.4183121966141132,-1.9565253536744747,0.0
2102,fixed_target_tanh,3,5,0.48317646045162355,1.0,-0.24398603346139366,-0.15623511307720905,0.9059652315719611,1.0622003446491701,0.0
2102,fixed_target_tanh,3,6,0.4555232882931321,1.0,0.48476645054726436,-0.265419578614316,-1.9494484217788068,-1.684028843164491,0.0
2102,fixed_target_tanh,3,7,0.42817919606953697,1.0,-0.6452429224784727,-0.14154839639991224,1.7301810706571108,1.871729467057023,0.0
2102,fixed_target_tanh,4,0,0.40373586177819093,1.0,0.7016339628096995,-0.19533510826284556,-1.898157975838059,-1.7028228675752133,0.0
2102,fixed_target_tanh,4,1,0.3841256673529019,1.0,1.5127246199926176,-0.3687041837387695,-2.3552855581707033,-1.9865813744319338,0.0
2102,fixed_target_tanh,4,2,0.3571738925733943,1.0,-0.6359708522981125,-0.18978361762802315,1.5182115009876793,1.7079951186157025,0.0
2102,fixed_target_tanh,4,3,0.33446760194039316,1.0,1.1507909680374575,-0.26672514504002687,-2.234838147860984,-1.9681130028209568,0.0
2102,fixed_target_tanh,4,4,0.3175462871425306,1.0,-0.7655573556160138,-0.14976931239284333,1.7107462830547546,1.860515595447598,0.0
2102,fixed_target_tanh,4,5,0.3037212625095294,1.0,-1.8574117612086423,-0.1731168718049338,1.8258668730650303,1.998983744869964,0.0
2102,fixed_target_tanh,4,6,0.30704098427363513,1.0,-1.3404490600388805,-0.13706541516442303,1.8523865633788745,1.9894519785432976,0.0
2102,fixed_target_tanh,4,7,0.3214489993050063,1.0,-1.013174634283866,-0.17980102399791126,1.7697596577706312,1.9495606817685425,0.0
2102,fixed_target_tanh,5,0,0.3357620677873134,1.0,2.052611353897535,-0.9882064047586949,-2.977283081782284,-1.9890766770235893,0.0
2102,fixed_target_tanh,5,1,0.32952070585961396,1.0,-0.010510171974406797,-0.20003957290832103,-0.16923690949971676,0.03080266340860426,0.0
2102,fixed_target_tanh,5,2,0.3064404486782887,1.0,-0.5868304829912158,-0.17613417401329692,1.276775581935836,1.4529097559491329,0.0
2102,fixed_target_tanh,5,3,0.28887867913810555,1.0,-2.0055710661458477,-0.1995421839380771,1.7951030752546502,1.9946452591927273,0.0
2102,fixed_target_tanh,5,4,0.2852386777870823,1.0,0.2860628801402103,-0.38039036279909005,-1.2671773720886326,-0.8867870092895426,0.0
2102,fixed_target_tanh,5,5,0.28314477135194627,1.0,-0.5469109516545404,-0.1955028262138964,1.2525639218931253,1.4480667481070217,0.0
2102,fixed_target_tanh,5,6,0.2744295701119388,1.0,-0.2850708352710367,-0.2484077405828422,0.6579833363666311,0.9063910769494733,0.0
2102,fixed_target_tanh,5,7,0.2644281146610279,1.0,0.5318526753296031,-0.4465822093117987,-1.913171591007429,-1.4665893816956301,0.0
2102,fixed_target_tanh,6,0,0.24403708135571356,1.0,0.872702152889771,-0.2642829832582086,-1.5516796221838673,-1.2873966389256588,0.0
2102,fixed_target_tanh,6,1,0.21603131118829047,1.0,1.0193797254456587,-0.2709899788196693,-1.8187038888592906,-1.5477139100396213,0.0
2102,fixed_target_tanh,6,2,0.18825993647894212,1.0,1.2037627580879224,-0.33513401818351096,-2.095459301056814,-1.7603252828733031,0.0
2102,fixed_target_tanh,6,3,0.1570187612507003,1.0,0.014717609751802667,-0.27150692655391023,-0.309571673183938,-0.03806474663002781,0.0
2102,fixed_target_tanh,6,4,0.12766859882139053,1.0,0.49300377861092937,-0.25309293414029016,-1.4706948135966067,-1.2176018794563166,0.0
2102,fixed_target_tanh,6,5,0.1050321387806557,1.0,0.7216779724219818,-0.2779048063233833,-1.888360270785403,-1.6104554644620197,0.0
2102,fixed_target_tanh,6,6,0.08267838555192593,1.0,0.3552787406152365,-0.26188231195897643,-1.3161465174178717,-1.0542642054588953,0.0
2102,fixed_target_tanh,6,7,0.06018924302410926,1.0,-0.188946167130654,-0.2560451986672322,0.38479912938951144,0.6408443280567436,0.0
2102,fixed_target_tanh,7,0,0.042857188054965814,1.0,-0.6341904609038738,-0.31488996945571035,1.0430882351934947,1.357978204649205,0.0
2102,fixed_target_tanh,7,1,0.039109948067583326,1.0,-1.2504923655048157,-0.23285800078417596,1.6260094638533769,1.858867464637553,0.0
2102,fixed_target_tanh,7,2,0.05156337520972769,1.0,-0.2178132659125224,-0.20649317775188808,0.32963373243514155,0.5361269101870296,0.0
2102,fixed_target_tanh,7,3,0.06866246026801454,1.0,-0.3562454175632095,-0.2190385008728905,0.5738328868232299,0.7928713876961203,0.0
2102,fixed_target_tanh,7,4,0.08226793846496323,1.0,0.43269782474403384,-0.3583196165792304,-1.2514947606677693,-0.893175144088539,0.0
2102,fixed_target_tanh,7,5,0.08671677253811402,1.0,-0.8152790552515645,-0.2483342555471934,1.1718325886039704,1.420166844151164,0.0
2102,fixed_target_tanh,7,6,0.08842240935160062,1.0,0.19499952807041193,-0.3162130380509754,-0.7312947211986349,-0.41508168314765953,0.0
2102,fixed_target_tanh,7,7,0.0898443576755967,1.0,-0.9795002968281097,-0.2707546627532806,1.2936384241706333,1.564393086923914,0.0
2102,fixed_target_tanh,8,0,0.08845543131061889,1.0,-0.5689697268980535,-0.27631627760285743,0.2906712246868645,0.566987502289722,0.0
2102,fixed_target_tanh,8,1,0.08993397129992813,1.0,-0.8101198036592344,-0.282895167777718,0.49249800330078314,0.7753931710785011,0.0
2102,fixed_target_tanh,8,2,0.0943173337444363,1.0,0.14390132988613938,-0.3681815970779585,-0.5070445944096484,-0.13886299733168997,0.0
2102,fixed_target_tanh,8,3,0.09570938217762401,1.0,0.5085444995926767,-0.40812344284419716,-0.8833831651238047,-0.47525972227960755,0.0
2102,fixed_target_tanh,8,4,0.08843198872579354,1.0,1.0070724974213086,-0.535403118383082,-1.48466232387684,-0.949259205493758,0.0
2102,fixed_target_tanh,8,5,0.0692971238948436,1.0,0.30609144743971683,-0.4332539742631197,-0.8007068540291631,-0.3674528797660434,0.0
2102,fixed_target_tanh,8,6,0.0439747471665519,1.0,0.2080371246663043,-0.4453349422013965,-0.7477637035247864,-0.3024287613233899,0.0
2102,fixed_target_tanh,8,7,0.02039564431333528,1.0,0.6495909985077873,-0.4920102365483317,-1.4954982501523977,-1.003488013604066,0.0
2102,fixed_target_tanh,9,0,-0.005040436095275981,1.0,0.874014332274742,-0.529474651941206,-2.118009195524965,-1.5885345435837588,0.0
2102,fixed_target_tanh,9,1,-0.03583400631938983,1.0,-1.565954464119959,-0.6554299972624982,1.293968289427294,1.949398286689792,0.0
2102,fixed_target_tanh,9,2,-0.05774132487476378,1.0,0.05680822765892138,-0.5036445717973326,-0.6736143567317818,-0.16996978493444923,0.0
2102,fixed_target_tanh,9,3,-0.07205041835292363,1.0,-0.29588658144089874,-0.5046201441502028,0.3631195475774036,0.8677396917276065,0.0
2102,fixed_target_tanh,9,4,-0.0874019652586427,1.0,-0.4337110206105118,-0.5071818862174392,0.7191993315068342,1.2263812177242734,0.0
2102,fixed_target_tanh,9,5,-0.09846924884814844,1.0,-0.595857168577009,-0.5111140236803903,1.023357662386522,1.534471686066912,0.0
2102,fixed_target_tanh,9,6,-0.1055321945802694,1.0,0.9502630390295604,-0.6863867646552559,-2.543998215780844,-1.8576114511255883,0.0
2102,fixed_target_tanh,9,7,-0.12078530227039604,1.0,0.5520733603407274,-0.5990390065557266,-2.1222478871106074,-1.523208880554881,0.0
2102,fixed_target_tanh,10,0,-0.14703041598396752,1.0,0.31904902972407434,-0.636716786270195,-1.3078203726168236,-0.6711035863466287,0.0
2102,fixed_target_tanh,10,1,-0.170352870021497,1.0,-0.2103068544608665,-0.6741402013573768,-0.17651085254543564,0.4976293488119412,0.0
2102,fixed_target_tanh,10,2,-0.18262720402130506,1.0,-0.7879010002134538,-0.6560657496826142,0.8667663838291279,1.522832133511742,0.0
2102,fixed_target_tanh,10,3,-0.18130871075735622,1.0,0.6124517478770115,-0.5912822055929855,-1.888659536731994,-1.2973773311390087,0.0
2102,fixed_target_tanh,10,4,-0.178375249615984,1.0,0.7051852393727556,-0.6029677445753657,-2.0157409780378126,-1.412773233462447,0.0
2102,fixed_target_tanh,10,5,-0.18217382356929884,1.0,0.8037278337740519,-0.6284176649227369,-2.166411147192114,-1.5379934822693773,0.0
2102,fixed_target_tanh,10,6,-0.18994433011372625,1.0,-0.10514703742261003,-0.6757263316966248,-0.40309738365370285,0.2726289480429219,0.0
2102,fixed_target_tanh,10,7,-0.19587800375760558,1.0,-0.23289157521462034,-0.6751276553360679,-0.07317570774762683,0.6019519475884411,0.0
2102,fixed_target_tanh,11,0,-0.19441349508534322,1.0,1.093877945979204,-0.674177069857764,-2.395902065274365,-1.7217249954166012,0.0
2102,fixed_target_tanh,11,1,-0.19452120289109676,1.0,-0.4402571169402732,-0.7632097033951081,0.19543714972082982,0.9586468531159379,0.0
2102,fixed_target_tanh,11,2,-0.19276109052237497,1.0,-0.9246222270592732,-0.7582313445244916,0.8344851932936149,1.5927165378181065,0.0
2102,fixed_target_tanh,11,3,-0.17766541913056233,1.0,-0.48894015644877914,-0.6705924739156869,0.31480910438010945,0.9854015782957963,0.0
2102,fixed_target_tanh,11,4,-0.15485686721707068,1.0,0.6215517464421834,-0.7443804359459429,-1.84216613299797,-1.097785697052027,0.0
2102,fixed_target_tanh,11,5,-0.13848045092974393,1.0,-0.16711117920471827,-0.7171057789850419,-0.4144927255806001,0.30261305340444183,0.0
2102,fixed_target_tanh,11,6,-0.1306854345684919,1.0,0.26839146338824243,-0.7405301904757565,-1.2014572319799701,-0.46092704150421365,0.0
2102,fixed_target_tanh,11,7,-0.1255615363715895,1.0,0.06212965441764195,-0.7646257337677698,-0.87007194773755,-0.10544621396978028,0.0
2103,clean,0,0,-0.9249999999999999,1.0,0.3293814474944999,-5.397251716144983,-5.397251716144983,0.0,0.0
2103,clean,0,1,-0.9579617974322836,1.0,0.15664853299842244,-5.888655463318784,-5.888655463318784,0.0,0.0
2103,clean,0,2,-0.899357697103257,1.0,0.8782340400576392,-2.7824451985383525,-2.7824451985383525,0.0,0.0
2103,clean,0,3,-0.7740602605160604,1.0,-0.17065383200131004,-2.6592180459710377,-2.6592180459710377,0.0,0.0
2103,clean,0,4,-0.6098332850537719,1.0,0.7781628233121587,-1.7341222064802888,-1.7341222064802888,0.0,0.0
2103,clean,0,5,-0.42884299192465875,1.0,0.6520747753733055,-1.6355255138886684,-1.6355255138886684,0.0,0.0
2103,clean,0,6,-0.2523184480737579,1.0,0.3557247842860986,-1.5708277887916546,-1.5708277887916546,0.0,0.0
2103,clean,0,7,-0.08451836769334096,1.0,0.20023577171212437,-1.514472439619895,-1.514472439619895,0.0,0.0
2103,clean,1,0,0.06991286548090218,1.0,0.0696391287445066,-1.3865556348560586,-1.3865556348560586,0.0,0.0
2103,clean,1,1,0.20915605979816615,1.0,0.6759751220642654,-1.488809566403006,-1.488809566403006,0.0,0.0
2103,clean,1,2,0.3277424966874247,1.0,0.567628211571623,-1.1931600195669743,-1.1931600195669743,0.0,0.0
2103,clean,1,3,0.4231454854448193,1.0,-0.28518721636875394,-0.9799709298727886,-0.9799709298727886,0.0,0.0
2103,clean,1,4,0.5036579480571188,1.0,-0.5301724560587703,-0.8930671466975233,-0.8930671466975233,0.0,0.0
2103,clean,1,5,0.5741905174483196,1.0,0.3647777166960792,-1.0131070869602161,-1.0131070869602161,0.0,0.0
2103,clean,1,6,0.6305973933720669,1.0,0.782004785782472,-1.0476581521766268,-1.0476581521766268,0.0,0.0
2103,clean,1,7,0.6657019367668313,1.0,-1.2264991741844744,-0.4735271423551139,-0.4735271423551139,0.0,0.0
2103,clean,2,0,0.6924511624882246,1.0,-0.31148083081834765,-0.5768063703548036,-0.5768063703548036,0.0,0.0
2103,clean,2,1,0.7197219815181002,1.0,0.2656667137203495,-0.7561993095911675,-0.7561993095911675,0.0,0.0
2103,clean,2,2,0.7366333315286507,1.0,-0.7186352175768281,-0.3983613576901439,-0.3983613576901439,0.0,0.0
2103,clean,2,3,0.7468756858319175,1.0,1.4725416278967145,-1.0224590316297486,-1.0224590316297486,0.0,0.0
2103,clean,2,4,0.7443532642519081,1.0,0.28121013745151474,-0.4034286928965547,-0.4034286928965547,0.0,0.0
2103,clean,2,5,0.7267610563864998,1.0,-0.04786472190066018,-0.3890642604389769,-0.3890642604389769,0.0,0.0
2103,clean,2,6,0.7049220521134137,1.0,1.2492836747680673,-0.6323307583884041,-0.6323307583884041,0.0,0.0
2103,clean,2,7,0.6723371703444814,1.0,-0.19971285540256328,-0.22420144741223746,-0.22420144741223746,0.0,0.0
2103,clean,3,0,0.6344015928008604,1.0,-0.8590295720666866,-0.17871993005836823,-0.17871993005836823,0.0,0.0
2103,clean,3,1,0.604430148666584,1.0,-1.228127784283736,-0.173858548443066,-0.173858548443066,0.0,0.0
2103,clean,3,2,0.5844983450891609,1.0,0.6318352195405481,-0.6203300928846068,-0.6203300928846068,0.0,0.0
2103,clean,3,3,0.5592078159620169,1.0,-1.1556304903509749,-0.1754193028831705,-0.1754193028831705,0.0,0.0
2103,clean,3,4,0.5286458380566716,1.0,-0.3105267610881073,-0.2799008455729377,-0.2799008455729377,0.0,0.0
2103,clean,3,5,0.5002469803739023,1.0,-0.7396811486386914,-0.2175759757301174,-0.2175759757301174,0.0,0.0
2103,clean,3,6,0.47059951333705363,1.0,-0.30231354063124655,-0.28930454407078054,-0.28930454407078054,0.0,0.0
2103,clean,3,7,0.4388021714587068,1.0,-0.46491835552318017,-0.22974336677289392,-0.22974336677289392,0.0,0.0
2103,clean,4,0,0.40419353174985834,1.0,0.1606113268130253,-0.3075027428365912,-0.3075027428365912,0.0,0.0
2103,clean,4,1,0.3657457753545729,1.0,0.11311810792454241,-0.25193077451069223,-0.25193077451069223,0.0,0.0
2103,clean,4,2,0.3226285684529468,1.0,0.03299015928639041,-0.21063039238689119,-0.21063039238689119,0.0,0.0
2103,clean,4,3,0.2795914817703295,1.0,-0.6843769044023393,-0.18551897532828732,-0.18551897532828732,0.0,0.0
2103,clean,4,4,0.2443928255561601,1.0,0.19955214116819286,-0.23319323388987573,-0.23319323388987573,0.0,0.0
2103,clean,4,5,0.21285087135900457,1.0,-1.57419102916809,-0.20246490948128437,-0.20246490948128437,0.0,0.0
2103,clean,4,6,0.1876117969006403,1.0,-0.8620902062500859,-0.14465212122818058,-0.14465212122818058,0.0,0.0
2103,clean,4,7,0.17345316785365014,1.0,-0.6047826000312577,-0.1577946618915971,-0.1577946618915971,0.0,0.0
2103,clean,5,0,0.16130702193926236,1.0,-0.15988594578512144,-0.15879978177082205,-0.15879978177082205,0.0,0.0
2103,clean,5,1,0.14801114753706857,1.0,0.5864222026866884,-0.20765762302853358,-0.20765762302853358,0.0,0.0
2103,clean,5,2,0.13022659597229866,1.0,0.5942340852856368,-0.17259895208678339,-0.17259895208678339,0.0,0.0
2103,clean,5,3,0.10764994968171733,1.0,0.21364308450162983,-0.15205581236337223,-0.15205581236337223,0.0,0.0
2103,clean,5,4,0.08556923935156863,1.0,0.3639091840673143,-0.16835124380042574,-0.16835124380042574,0.0,0.0
2103,clean,5,5,0.0632792068818597,1.0,-0.4087166106134727,-0.15057935217541754,-0.15057935217541754,0.0,0.0
2103,clean,5,6,0.043367325441270484,1.0,0.08432791374265486,-0.13217762896768298,-0.13217762896768298,0.0,0.0
2103,clean,5,7,0.028040650972198336,1.0,0.6674141694902088,-0.14961382458458677,-0.14961382458458677,0.0,0.0
2103,clean,6,0,0.0110503277865581,1.0,-0.039325869760178975,-0.13413755082935228,-0.13413755082935228,0.0,0.0
2103,clean,6,1,-0.004881881318020546,1.0,-1.1534707058720464,-0.20649286372070574,-0.20649286372070574,0.0,0.0
2103,clean,6,2,-0.008434755240642836,1.0,-0.40009560250177006,-0.0905113815654613,-0.0905113815654613,0.0,0.0
2103,clean,6,3,-0.0029961997173130143,1.0,-0.4203987259032205,-0.08723982852132896,-0.08723982852132896,0.0,0.0
2103,clean,6,4,0.0029985430286221144,1.0,0.6924563678938872,-0.21902980975223366,-0.21902980975223366,0.0,0.0
2103,clean,6,5,0.0006878311716981573,1.0,1.2165790405536323,-0.24876350864040786,-0.24876350864040786,0.0,0.0
2103,clean,6,6,-0.01855943469101231,1.0,0.668190605690944,-0.13285667087474254,-0.13285667087474254,0.0,0.0
2103,clean,6,7,-0.046216625193690505,1.0,1.0951526892260022,-0.13039292504586092,-0.13039292504586092,0.0,0.0
2103,clean,7,0,-0.07441005712524916,1.0,0.5238740442786816,-0.1554725444690805,-0.1554725444690805,0.0,0.0
2103,clean,7,1,-0.10685646289322709,1.0,-0.27486858620882476,-0.16551812021807075,-0.16551812021807075,0.0,0.0
2103,clean,7,2,-0.1382211155944548,1.0,-0.7909884950806135,-0.1950986756393473,-0.1950986756393473,0.0,0.0
2103,clean,7,3,-0.1577230013320028,1.0,-1.5845999409015095,-0.2531475650808078,-0.2531475650808078,0.0,0.0
2103,clean,7,4,-0.15999678649621416,1.0,-1.4114877039976745,-0.09344012532034623,-0.09344012532034623,0.0,0.0
2103,clean,7,5,-0.14825028424536688,1.0,0.45690399340737875,-0.16978427914520614,-0.16978427914520614,0.0,0.0
2103,clean,7,6,-0.14291601891692474,1.0,-0.691885861728236,-0.06269812883921029,-0.06269812883921029,0.0,0.0
2103,clean,7,7,-0.14612847476046154,1.0,-0.593117838128219,-0.05635449890919081,-0.05635449890919081,0.0,0.0
2103,clean,8,0,-0.14654220614179486,1.0,0.2263895970406718,-0.06272651764702085,-0.06272651764702085,0.0,0.0
2103,clean,8,1,-0.15017453356407656,1.0,-0.282921625507264,-0.056283510624281524,-0.056283510624281524,0.0,0.0
2103,clean,8,2,-0.15682368331816676,1.0,-0.15656761247063336,-0.050524097952956634,-0.050524097952956634,0.0,0.0
2103,clean,8,3,-0.16094468186336994,1.0,-0.36283258218387876,-0.045390636785884036,-0.045390636785884036,0.0,0.0
2103,clean,8,4,-0.16264179839496784,1.0,0.13800986936254872,-0.03332471074719098,-0.03332471074719098,0.0,0.0
2103,clean,8,5,-0.164961111487378,1.0,-1.7117071126200476,-0.21956026208854806,-0.21956026208854806,0.0,0.0
2103,clean,8,6,-0.15880515442491352,1.0,-0.339510035984291,-0.01861653946281006,-0.01861653946281006,0.0,0.0
2103,clean,8,7,-0.14460537621996378,1.0,-0.33588556885807247,-0.018065376184087153,-0.018065376184087153,0.0,0.0
2103,clean,9,0,-0.13342839643047663,1.0,0.11947590925550261,-0.03344058673394172,-0.03344058673394172,0.0,0.0
2103,clean,9,1,-0.12799550199125753,1.0,0.3792317112993524,-0.021391765420760375,-0.021391765420760375,0.0,0.0
2103,clean,9,2,-0.12802263963200908,1.0,0.47394623310752976,-0.022092330965013278,-0.022092330965013278,0.0,0.0
2103,clean,9,3,-0.13065362211864534,1.0,0.06753188244948885,-0.031234833765750255,-0.031234833765750255,0.0,0.0
2103,clean,9,4,-0.13295126937459606,1.0,0.9856915566466429,-0.036727143917681754,-0.036727143917681754,0.0,0.0
2103,clean,9,5,-0.13812409730151595,1.0,0.18446946114381138,-0.033116033775107925,-0.033116033775107925,0.0,0.0
2103,clean,9,6,-0.14600926517058965,1.0,0.16427367598662176,-0.03007455117885846,-0.03007455117885846,0.0,0.0
2103,clean,9,7,-0.15109267932899767,1.0,0.13079938402699715,-0.027546025382531994,-0.027546025382531994,0.0,0.0
2103,clean,10,0,-0.15350295560313595,1.0,0.06571248416003919,-0.0254964964790406,-0.0254964964790406,0.0,0.0
2103,clean,10,1,-0.15330107752440988,1.0,-0.1397220730487774,-0.06046664102283192,-0.06046664102283192,0.0,0.0
2103,clean,10,2,-0.14747859506816896,1.0,0.1753912545595976,-0.010216762474650525,-0.010216762474650525,0.0,0.0
2103,clean,10,3,-0.13903842504338118,1.0,0.6752184232922301,-0.024556244167194666,-0.024556244167194666,0.0,0.0
2103,clean,10,4,-0.1364840096308852,1.0,-0.3406084130472326,-0.059578715684875876,-0.059578715684875876,0.0,0.0
2103,clean,10,5,-0.1335968326679831,1.0,-0.13282893390745174,-0.021856840402249878,-0.021856840402249878,0.0,0.0
2103,clean,10,6,-0.12473709408144304,1.0,1.5880418455351615,-0.12686522702553316,-0.12686522702553316,0.0,0.0
2103,clean,10,7,-0.12455261384337982,1.0,0.8638640940767828,-0.015728576484558273,-0.015728576484558273,0.0,0.0
2103,clean,11,0,-0.1354551454041296,1.0,-0.43147570379597266,-0.06093317773393875,-0.06093317773393875,0.0,0.0
2103,clean,11,1,-0.14314218873692794,1.0,0.6502937178502127,-0.01175682979311366,-0.01175682979311366,0.0,0.0
2103,clean,11,2,-0.14810170994830144,1.0,0.8934625797918683,-0.012882461352392446,-0.012882461352392446,0.0,0.0
2103,clean,11,3,-0.1561724125716881,1.0,0.8755874344294201,-0.014381624434040735,-0.014381624434040735,0.0,0.0
2103,clean,11,4,-0.16755818292984512,1.0,-0.4854565841695546,-0.1223126850808173,-0.1223126850808173,0.0,0.0
2103,clean,11,5,-0.1735377088472619,1.0,-1.2339349976320224,-0.2164435645980361,-0.2164435645980361,0.0,0.0
2103,clean,11,6,-0.16269070301656371,1.0,0.5737593432407704,-0.02398594979207507,-0.02398594979207507,0.0,0.0
2103,clean,11,7,-0.14690164500323316,1.0,-0.32980725681695994,-0.02551734099845339,-0.02551734099845339,0.0,0.0
2103,fixed_target_tanh,0,0,-0.9249999999999999,1.0,0.3293814474944999,-5.397251716144983,-7.380767141627646,-1.983515425482663,0.0
2103,fixed_target_tanh,0,1,-0.9579617974322836,1.0,0.15664853299842244,-5.888655463318784,-7.623944304568744,-1.73528884124996,0.0
2103,fixed_target_tanh,0,2,-0.899357697103257,1.0,0.8782340400576392,-2.7824451985383525,-4.782443118120252,-1.9999979195819,0.0
2103,fixed_target_tanh,0,3,-0.7740602605160604,1.0,-0.17065383200131004,-2.6592180459710377,-0.9212987189214612,1.7379193270495765,0.0
2103,fixed_target_tanh,0,4,-0.6098332850537719,1.0,0.7781628233121587,-1.7341222064802888,-3.7340674220554293,-1.9999452155751405,0.0
2103,fixed_target_tanh,0,5,-0.42884299192465875,1.0,0.6520747753733055,-1.6355255138886684,-3.634739111094146,-1.9992135972054774,0.0
2103,fixed_target_tanh,0,6,-0.2523184480737579,1.0,0.3557247842860986,-1.5708277887916546,-3.5119345460890408,-1.9411067572973864,0.0
2103,fixed_target_tanh,0,7,-0.08451836769334096,1.0,0.20023577171212437,-1.514472439619895,-3.0874078981052273,-1.5729354584853321,0.0
2103,fixed_target_tanh,1,0,0.06991286548090218,1.0,0.0696391287445066,-1.3865556348560586,-2.027644122605685,-0.6410884877496267,0.0
2103,fixed_target_tanh,1,1,0.20915605979816615,1.0,0.6759751220642654,-1.488809566403006,-3.4766862208876086,-1.9878766544846027,0.0
2103,fixed_target_tanh,1,2,0.3277424966874247,1.0,0.567628211571623,-1.1931600195669743,-3.144594959077567,-1.9514349395105925,0.0
2103,fixed_target_tanh,1,3,0.4231454854448193,1.0,-0.28518721636875394,-0.9799709298727886,0.5519468930123337,1.5319178228851222,0.0
2103,fixed_target_tanh,1,4,0.5036579480571188,1.0,-0.5301724560587703,-0.8930671466975233,0.9850753299473021,1.8781424766448254,0.0
2103,fixed_target_tanh,1,5,0.5741905174483196,1.0,0.3647777166960792,-1.0131070869602161,-2.614791189970144,-1.6016841030099276,0.0
2103,fixed_target_tanh,1,6,0.6305973933720669,1.0,0.782004785782472,-1.0476581521766268,-2.9997993884631726,-1.9521412362865458,0.0
2103,fixed_target_tanh,1,7,0.6657019367668313,1.0,-1.2264991741844744,-0.4735271423551139,1.5211633543957421,1.994690496750856,0.0
2103,fixed_target_tanh,2,0,0.6924511624882246,1.0,-0.31148083081834765,-0.5768063703548036,0.4775710187521376,1.0543773891069412,0.0
2103,fixed_target_tanh,2,1,0.7197219815181002,1.0,0.2656667137203495,-0.6330052906948288,-1.5142064071610186,-0.8812011164661898,0.0
2103,fixed_target_tanh,2,2,0.7395991161336143,1.0,-0.7186352175768281,-0.41253469971673506,1.2703527149170641,1.6828874146337993,0.0
2103,fixed_target_tanh,2,3,0.7557030048752524,1.0,1.4725416278967145,-1.2359674806914265,-3.2048272473054746,-1.968859766614048,0.0
2103,fixed_target_tanh,2,4,0.7563097127681471,1.0,0.28121013745151474,-0.40429567124326327,-1.2681235775974884,-0.8638279063542251,0.0
2103,fixed_target_tanh,2,5,0.7393405632821438,1.0,-0.04786472190066018,-0.3049840377525302,-0.14192583001656564,0.16305820773596455,0.0
2103,fixed_target_tanh,2,6,0.7214127833854895,1.0,1.2492836747680673,-0.6308384690933106,-2.583858779918793,-1.953020310825482,0.0
2103,fixed_target_tanh,2,7,0.6959875333987509,1.0,-0.19971285540256328,-0.2231906027865499,0.4904669165655017,0.7136575193520516,0.0
2103,fixed_target_tanh,3,0,0.6658186396244512,1.0,-0.8590295720666866,-0.17980124004627215,1.633215675631969,1.813016915678241,0.0
2103,fixed_target_tanh,3,1,0.6444067639367557,1.0,-1.228127784283736,-0.17736405435189107,1.7792539634117956,1.9566180177636867,0.0
2103,fixed_target_tanh,3,2,0.6340403859880983,1.0,0.6318352195405481,-0.6163346617135048,-2.275088887527936,-1.6587542258144312,0.0
2103,fixed_target_tanh,3,3,0.619584879877387,1.0,-1.1556304903509749,-0.17362723245029155,1.780989609431742,1.9546168418820333,0.0
2103,fixed_target_tanh,3,4,0.6014013444474609,1.0,-0.3105267610881073,-0.3670341223566943,0.7379455044582884,1.1049796268149827,0.0
2103,fixed_target_tanh,3,5,0.584248286257196,1.0,-0.7396811486386914,-0.2844047560641771,1.536564301992926,1.8209690580571032,0.0
2103,fixed_target_tanh,3,6,0.5621700998671844,1.0,-0.30231354063124655,-0.2916628745358536,0.8532320421625705,1.1448949166984241,0.0
2103,fixed_target_tanh,3,7,0.5374364831549174,1.0,-0.46491835552318017,-0.3015616687185056,1.258657252966861,1.5602189216853666,0.0
2103,fixed_target_tanh,4,0,0.5094165415189698,1.0,0.1606113268130253,-0.31444926382325794,-0.8599761298692765,-0.5455268660460186,0.0
2103,fixed_target_tanh,4,1,0.47739551183147405,1.0,0.11311810792454241,-0.25613141125539984,-0.6742292027480729,-0.418097791492673,0.0
2103,fixed_target_tanh,4,2,0.4435445586863958,1.0,0.03299015928639041,-0.26194640169425104,-0.39480960190303593,-0.13286320020878487,0.0
2103,fixed_target_tanh,4,3,0.4098454327398844,1.0,-0.6843769044023393,-0.19554861347406238,1.6059481835794474,1.8014967970535096,0.0
2103,fixed_target_tanh,4,4,0.3814274994841441,1.0,0.19955214116819286,-0.3284447160913788,-1.1788677863266717,-0.8504230702352927,0.0
2103,fixed_target_tanh,4,5,0.35428514570867414,1.0,-1.57419102916809,-0.20226458555180898,1.795566418547693,1.997831004099502,0.0
2103,fixed_target_tanh,4,6,0.3311678845292376,1.0,-0.8620902062500859,-0.20118129458860387,1.7444079941360822,1.945589288724686,0.0
2103,fixed_target_tanh,4,7,0.31689515847284844,1.0,-0.6047826000312577,-0.24913677414489838,1.5746144008275829,1.8237511749724813,0.0
2103,fixed_target_tanh,5,0,0.3024117233861769,1.0,-0.15988594578512144,-0.26121127155441315,0.45130302521059373,0.7125142967650069,0.0
2103,fixed_target_tanh,5,1,0.2845002473719571,1.0,0.5864222026866884,-0.45580846504681216,-2.2314110394394593,-1.7756025743926471,0.0
2103,fixed_target_tanh,5,2,0.25670964983582817,1.0,0.5942340852856368,-0.3246091699370958,-2.1351939911266946,-1.810584821189599,0.0
2103,fixed_target_tanh,5,3,0.21862671777279144,1.0,0.21364308450162983,-0.2903729154672834,-1.3274439558251487,-1.0370710403578653,0.0
2103,fixed_target_tanh,5,4,0.17799000225443362,1.0,0.3639091840673143,-0.29570089829427,-1.852634822844022,-1.556933924549752,0.0
2103,fixed_target_tanh,5,5,0.13662475987539752,1.0,-0.4087166106134727,-0.26633105521727274,1.4256770726063168,1.6920081278235897,0.0
2103,fixed_target_tanh,5,6,0.09949044376259238,1.0,0.08432791374265486,-0.24488030946115208,-0.7714157820525698,-0.5265354725914176,0.0
2103,fixed_target_tanh,5,7,0.06835833428873868,1.0,0.6674141694902088,-0.2671317557063001,-2.2207411648367423,-1.9536094091304421,0.0
2103,fixed_target_tanh,6,0,0.03658161986275683,1.0,-0.039325869760178975,-0.24387523409375514,0.01548736822240046,0.2593626023161556,0.0
2103,fixed_target_tanh,6,1,0.006508283873514708,1.0,-1.1534707058720464,-0.2958197613210424,1.7027712570388842,1.9985910183599265,0.0
2103,fixed_target_tanh,6,2,-0.010898009278251311,1.0,-0.40009560250177006,-0.17991153491043557,1.5946825050915678,1.7745940400020035,0.0
2103,fixed_target_tanh,6,3,-0.01937516158730567,1.0,-0.4203987259032205,-0.1771252648908303,1.6317224739387828,1.8088477388296131,0.0
2103,fixed_target_tanh,6,4,-0.0277101356172464,1.0,0.6924563678938872,-0.2526791953620311,-2.2253229669653596,-1.9726437716033285,0.0
2103,fixed_target_tanh,6,5,-0.0421224973360463,1.0,1.2165790405536323,-0.28432337863558693,-2.2837768672783683,-1.9994534886427813,0.0
2103,fixed_target_tanh,6,6,-0.06869159529656226,1.0,0.668190605690944,-0.23473028127697554,-2.2090247578694147,-1.974294476592439,0.0
2103,fixed_target_tanh,6,7,-0.10207995514309114,1.0,1.0951526892260022,-0.23685994286680828,-2.236107695571523,-1.999247752704715,0.0
2103,fixed_target_tanh,7,0,-0.1374162810302237,1.0,0.5238740442786816,-0.2557656492979141,-2.1833371270760003,-1.927571477778086,0.0
2103,fixed_target_tanh,7,1,-0.16958663054446224,1.0,-0.27486858620882476,-0.35247359770727577,1.238374691549738,1.5908482892570137,0.0
2103,fixed_target_tanh,7,2,-0.18768647300211044,1.0,-0.7909884950806135,-0.31480487858923156,1.6783924352706787,1.9931973138599102,0.0
2103,fixed_target_tanh,7,3,-0.18646329661186917,1.0,-1.5845999409015095,-0.29256641402589734,1.7074220270450042,1.9999884410709015,0.0
2103,fixed_target_tanh,7,4,-0.16588598134661653,1.0,-1.4114877039976745,-0.10118437977444196,1.8987556767141411,1.9999400564885832,0.0
2103,fixed_target_tanh,7,5,-0.13444112375237077,1.0,0.45690399340737875,-0.21529364750929114,-2.0946849699930694,-1.8793913224837784,0.0
2103,fixed_target_tanh,7,6,-0.11191660931912314,1.0,-0.691885861728236,-0.11065628227338418,1.8655910238515352,1.9762473061249193,0.0
2103,fixed_target_tanh,7,7,-0.09715593340032054,1.0,-0.593117838128219,-0.0999398156927102,1.8472114072912995,1.9471512229840098,0.0
2103,fixed_target_tanh,8,0,-0.08136181135190469,1.0,0.2263895970406718,-0.16696315427796224,-1.4712899693144446,-1.3043268150364824,0.0
2103,fixed_target_tanh,8,1,-0.07300078468637931,1.0,-0.282921625507264,-0.12020787343978796,1.371363668185879,1.491571541625667,0.0
2103,fixed_target_tanh,8,2,-0.07156789689017481,1.0,-0.15656761247063336,-0.12382062225020898,0.8502542961690812,0.9740749184192902,0.0
2103,fixed_target_tanh,8,3,-0.0713120852138323,1.0,-0.36283258218387876,-0.12780416939054276,1.5590085020379765,1.6868126714285192,0.0
2103,fixed_target_tanh,8,4,-0.0722268839782841,1.0,0.13800986936254872,-0.1546744819987498,-1.0302392270297882,-0.8755647450310384,0.0
2103,fixed_target_tanh,8,5,-0.07733969871962115,1.0,-1.7117071126200476,-0.31391842984716706,1.686049094477763,1.9999675243249302,0.0
2103,fixed_target_tanh,8,6,-0.07461589023722315,1.0,-0.339510035984291,-0.13700531637975238,1.5040617488526051,1.6410670652323576,0.0
2103,fixed_target_tanh,8,7,-0.06472085580236656,1.0,-0.33588556885807247,-0.14968424819064038,1.4735492138366588,1.6232334620272992,0.0
2103,fixed_target_tanh,9,0,-0.06169164122776691,1.0,0.11947590925550261,-0.16445449886725766,-0.9262600007031543,-0.7618055018358966,0.0
2103,fixed_target_tanh,9,1,-0.06545171828072822,1.0,0.3792317112993524,-0.18144431767994632,-1.8940616000513306,-1.7126172823713843,0.0
2103,fixed_target_tanh,9,2,-0.07609607900428088,1.0,0.47394623310752976,-0.20091839471943923,-2.0503437960022715,-1.8494254012828324,0.0
2103,fixed_target_tanh,9,3,-0.09389360238111134,1.0,0.06753188244948885,-0.19672550598496755,-0.6603438742762172,-0.46361836829124964,0.0
2103,fixed_target_tanh,9,4,-0.1132856755902919,1.0,0.9856915566466429,-0.21840293050966086,-2.214960646503232,-1.9965577159935712,0.0
2103,fixed_target_tanh,9,5,-0.13505576219574314,1.0,0.18446946114381138,-0.24055051518686343,-1.4205549937408342,-1.1800044785539707,0.0
2103,fixed_target_tanh,9,6,-0.15645716181599054,1.0,0.16427367598662176,-0.20119905560670145,-1.3015551150535962,-1.1003560594468949,0.0
2103,fixed_target_tanh,9,7,-0.17246445311474196,1.0,0.13079938402699715,-0.2277831670038064,-1.1545380476990255,-0.926754880695219,0.0
2103,fixed_target_tanh,10,0,-0.1833363706313361,1.0,0.06571248416003919,-0.1897481338471982,-0.6796178147145516,-0.48986968086735344,0.0
2103,fixed_target_tanh,10,1,-0.18949489467224295,1.0,-0.1397220730487774,-0.21980543847276485,0.7590630329131869,0.9788684713859518,0.0
2103,fixed_target_tanh,10,2,-0.1909493149999275,1.0,0.1753912545595976,-0.1825542687364769,-1.3565535733028322,-1.1739993045663553,0.0
2103,fixed_target_tanh,10,3,-0.18788321719954235,1.0,0.6752184232922301,-0.17654399182921143,-2.1538108252054387,-1.9772668333762273,0.0
2103,fixed_target_tanh,10,4,-0.18607745446023102,1.0,-0.3406084130472326,-0.22163465281259498,1.501784309651339,1.723418962463934,0.0
2103,fixed_target_tanh,10,5,-0.18233690344846384,1.0,-0.13282893390745174,-0.1850220229109186,0.7467503841064923,0.9317724070174109,0.0
2103,fixed_target_tanh,10,6,-0.1738577629963724,1.0,1.5880418455351615,-0.30981845376360223,-2.3097927244543626,-1.9999742706907604,0.0
2103,fixed_target_tanh,10,7,-0.17529323770397537,1.0,0.8638640940767828,-0.21027452422582218,-2.2043504298294967,-1.9940759056036745,0.0
2103,fixed_target_tanh,11,0,-0.18609245863761228,1.0,-0.43147570379597266,-0.29913089281658334,1.5445227646767554,1.8436536574933389,0.0
2103,fixed_target_tanh,11,1,-0.18909879121998152,1.0,0.6502937178502127,-0.19240425209938797,-2.1611116159828034,-1.9687073638834156,0.0
2103,fixed_target_tanh,11,2,-0.18768453143243577,1.0,0.8934625797918683,-0.1987558925519771,-2.193549517660798,-1.994793625108821,0.0
2103,fixed_target_tanh,11,3,-0.19038141131564104,1.0,0.8755874344294201,-0.2122616907980657,-2.2064356257915794,-1.9941739349935135,0.0
2103,fixed_target_tanh,11,4,-0.19425501535636366,1.0,-0.4854565841695546,-0.3063062582914674,1.5910468050058184,1.8973530632972857,0.0
2103,fixed_target_tanh,11,5,-0.1905425588546749,1.0,-1.2339349976320224,-0.39579309087991843,1.6038046321662236,1.9995977230461421,0.0
2103,fixed_target_tanh,11,6,-0.17043548543362144,1.0,0.5737593432407704,-0.2451938915894475,-2.184972426010084,-1.9397785344206364,0.0
2103,fixed_target_tanh,11,7,-0.14858576009962401,1.0,-0.32980725681695994,-0.20950234620466482,1.4394635151256208,1.6489658613302856,0.0
2104,clean,0,0,-0.9249999999999999,1.0,-1.2773733235686846,-5.397251716144983,-5.397251716144983,0.0,0.0
2104,clean,0,1,-0.9579617974322836,1.0,-0.7426339546675761,-5.888655463318784,-5.888655463318784,0.0,0.0
2104,clean,0,2,-0.899357697103257,1.0,0.21966281586136358,-3.4805848617409523,-3.4805848617409523,0.0,0.0
2104,clean,0,3,-0.7681452310397239,1.0,0.4605510126465209,-2.259859744832565,-2.259859744832565,0.0,0.0
2104,clean,0,4,-0.5981509550973426,1.0,1.106233306219482,-1.6421612498058733,-1.6421612498058733,0.0,0.0
2104,clean,0,5,-0.41973996977003036,1.0,1.6703308514966413,-1.5254716904711552,-1.5254716904711552,0.0,0.0
2104,clean,0,6,-0.25440428936860243,1.0,-0.1753756280964792,-1.5191866237016265,-1.5191866237016265,0.0,0.0
2104,clean,0,7,-0.09754854502888076,1.0,-0.7921325915973115,-1.5066364000785715,-1.5066364000785715,0.0,0.0
2104,clean,1,0,0.06033539051464056,1.0,-0.6908864576307286,-1.5224871913312776,-1.5224871913312776,0.0,0.0
2104,clean,1,1,0.20835784465630747,1.0,1.3173229530631783,-1.9709440230132547,-1.9709440230132547,0.0,0.0
2104,clean,1,2,0.3238497379268346,1.0,-0.4699928443184475,-0.9922555523474564,-0.9922555523474564,0.0,0.0
2104,clean,1,3,0.41349535281843963,1.0,0.3825016145615614,-1.163422684325346,-1.163422684325346,0.0,0.0
2104,clean,1,4,0.4877179864075715,1.0,-0.466368556828747,-0.7719886087131902,-0.7719886087131902,0.0,0.0
2104,clean,1,5,0.548855231352761,1.0,1.196028501187367,-1.2867700051576274,-1.2867700051576274,0.0,0.0
2104,clean,1,6,0.5920906933146571,1.0,-1.6840736761966344,-0.5176257817427254,-0.5176257817427254,0.0,0.0
2104,clean,1,7,0.628195974246572,1.0,-1.0586602761631856,-0.6601037213672911,-0.6601037213672911,0.0,0.0
2104,clean,2,0,0.6688458703333505,1.0,-1.7238568204548246,-0.4878165854141031,-0.4878165854141031,0.0,0.0
2104,clean,2,1,0.7126704069530441,1.0,0.4215685861972451,-0.9806341331529103,-0.9806341331529103,0.0,0.0
2104,clean,2,2,0.7514568704063296,1.0,-0.7262860810191623,-0.5306039247106682,-0.5306039247106682,0.0,0.0
2104,clean,2,3,0.7781705879932488,1.0,0.20150535257317334,-0.8734574647959319,-0.8734574647959319,0.0,0.0
2104,clean,2,4,0.7930779774832593,1.0,0.33025965093790083,-0.671515535649238,-0.671515535649238,0.0,0.0
2104,clean,2,5,0.7910810470622078,1.0,-0.023616159459516076,-0.5124454787135546,-0.5124454787135546,0.0,0.0
2104,clean,2,6,0.777901599018637,1.0,-1.298537426129548,-0.24327113769739633,-0.24327113769739633,0.0,0.0
2104,clean,2,7,0.7648951645899099,1.0,-0.499999196846521,-0.4938028963496231,-0.4938028963496231,0.0,0.0
2104,clean,3,0,0.7512924264007844,1.0,-0.44884169434555493,-0.37630082123219377,-0.37630082123219377,0.0,0.0
2104,clean,3,1,0.7312549728651321,1.0,-0.07761021726128912,-0.49211150011476984,-0.49211150011476984,0.0,0.0
2104,clean,3,2,0.7041196223479923,1.0,-0.2836311705655872,-0.38545724972607504,-0.38545724972607504,0.0,0.0
2104,clean,3,3,0.6693329804021872,1.0,-0.2670055654909206,-0.3967868545638833,-0.3967868545638833,0.0,0.0
2104,clean,3,4,0.6288233017925489,1.0,-0.43838347923234056,-0.3158531379495806,-0.3158531379495806,0.0,0.0
2104,clean,3,5,0.5845265667120458,1.0,-0.43102914433504785,-0.3258213355854759,-0.3258213355854759,0.0,0.0
2104,clean,3,6,0.5381417590586581,1.0,-1.4244339764966958,-0.1920691695991071,-0.1920691695991071,0.0,0.0
2104,clean,3,7,0.4974377937100218,1.0,0.35107029893924996,-0.5439811723583379,-0.5439811723583379,0.0,0.0
2104,clean,4,0,0.45496984370533133,1.0,0.27066985897916424,-0.36484433682163475,-0.36484433682163475,0.0,0.0
2104,clean,4,1,0.40142749242734793,1.0,0.2510444192091013,-0.3111814067365127,-0.3111814067365127,0.0,0.0
2104,clean,4,2,0.3441214409741662,1.0,-0.08131829236411192,-0.26841206396182804,-0.26841206396182804,0.0,0.0
2104,clean,4,3,0.28743847824065694,1.0,-1.3240534218544258,-0.2573471039839273,-0.2573471039839273,0.0,0.0
2104,clean,4,4,0.24178932844045642,1.0,0.14200824780709653,-0.2712882669397696,-0.2712882669397696,0.0,0.0
2104,clean,4,5,0.2025827289086068,1.0,-0.2680954591256441,-0.20753904700805798,-0.20753904700805798,0.0,0.0
2104,clean,4,6,0.16341725578973834,1.0,-0.35808471152550736,-0.19576535234872416,-0.19576535234872416,0.0,0.0
2104,clean,4,7,0.1290120044563947,1.0,-0.051310549421641455,-0.2117494063754168,-0.2117494063754168,0.0,0.0
2104,clean,5,0,0.09549528841312836,1.0,-1.0334770317264002,-0.21432429989827023,-0.21432429989827023,0.0,0.0
2104,clean,5,1,0.0681742935376227,1.0,-0.6804087177136248,-0.15699400818894574,-0.15699400818894574,0.0,0.0
2104,clean,5,2,0.048921948662432393,1.0,0.4729081784584011,-0.22463980052322907,-0.22463980052322907,0.0,0.0
2104,clean,5,3,0.02552968037942416,1.0,0.12574009342853962,-0.1679945703216678,-0.1679945703216678,0.0,0.0
2104,clean,5,4,-0.002300189503760229,1.0,0.46458965501821414,-0.1886706153409952,-0.1886706153409952,0.0,0.0
2104,clean,5,5,-0.03256076122362288,1.0,-0.1698923945818785,-0.1699981614776985,-0.1699981614776985,0.0,0.0
2104,clean,5,6,-0.06286558724599504,1.0,-1.183566358406957,-0.23134385001477376,-0.23134385001477376,0.0,0.0
2104,clean,5,7,-0.08225702270784456,1.0,0.5335944310387164,-0.13882210312879614,-0.13882210312879614,0.0,0.0
2104,clean,6,0,-0.09752761922517977,1.0,-1.3986646944919952,-0.2070847552362905,-0.2070847552362905,0.0,0.0
2104,clean,6,1,-0.10847655514829167,1.0,-0.033521707369016294,-0.11335869795456345,-0.11335869795456345,0.0,0.0
2104,clean,6,2,-0.11596785516179425,1.0,1.2441220391999608,-0.24663808848646715,-0.24663808848646715,0.0,0.0
2104,clean,6,3,-0.13762680317450376,1.0,0.9379990480689786,-0.1343220914681369,-0.1343220914681369,0.0,0.0
2104,clean,6,4,-0.17070262322732513,1.0,-1.7344608862864748,-0.5201819138916464,-0.5201819138916464,0.0,0.0
2104,clean,6,5,-0.1894434430688924,1.0,1.3414632909267947,-0.2111423669318117,-0.2111423669318117,0.0,0.0
2104,clean,6,6,-0.20421191769179067,1.0,-1.407612144062319,-0.36699864168689267,-0.36699864168689267,0.0,0.0
2104,clean,6,7,-0.2170653019654826,1.0,0.7312000202727233,-0.0740410418693736,-0.0740410418693736,0.0,0.0
2104,clean,7,0,-0.22349752414711835,1.0,0.40664670299067746,-0.06271986157195203,-0.06271986157195203,0.0,0.0
2104,clean,7,1,-0.2378002817470635,1.0,0.017530648115334037,-0.09798003214930144,-0.09798003214930144,0.0,0.0
2104,clean,7,2,-0.2514771698075439,1.0,1.3251086875799416,-0.07106680776118296,-0.07106680776118296,0.0,0.0
2104,clean,7,3,-0.268167856432979,1.0,0.07629296449655694,-0.1496183415085846,-0.1496183415085846,0.0,0.0
2104,clean,7,4,-0.28485481971687526,1.0,-0.13914367918299272,-0.13466300595166378,-0.13466300595166378,0.0,0.0
2104,clean,7,5,-0.29054676086148085,1.0,1.5574835073963573,-0.08537496174192344,-0.08537496174192344,0.0,0.0
2104,clean,7,6,-0.3003864026916613,1.0,-0.6872406034612032,-0.3249509781739812,-0.3249509781739812,0.0,0.0
2104,clean,7,7,-0.3078921001161731,1.0,0.3395952474415693,-0.02230899013725622,-0.02230899013725622,0.0,0.0
2104,clean,8,0,-0.3052821879396515,1.0,0.09151181565814809,-0.05615385207036903,-0.05615385207036903,0.0,0.0
2104,clean,8,1,-0.3009010864698422,1.0,0.11153056142235705,-0.054466360203873014,-0.054466360203873014,0.0,0.0
2104,clean,8,2,-0.29178517835007134,1.0,-0.18986381610156672,-0.05485248829569371,-0.05485248829569371,0.0,0.0
2104,clean,8,3,-0.27770313230390803,1.0,-0.3101742318478846,-0.057503145607428564,-0.057503145607428564,0.0,0.0
2104,clean,8,4,-0.25829762149642566,1.0,0.4177393590452805,-0.004586380483925595,-0.004586380483925595,0.0,0.0
2104,clean,8,5,-0.23907822051040395,1.0,1.0618871900939266,-0.013725507434766896,-0.013725507434766896,0.0,1.0
2104,clean,8,6,-0.9249999999999999,1.0,-0.5376158698973605,-5.397251716144983,-5.397251716144983,0.0,0.0
2104,clean,8,7,-0.9579617974322836,1.0,-0.23839592663728096,-4.866177789893508,-4.866177789893508,0.0,0.0
2104,clean,9,0,-0.9052527803010011,1.0,-0.4566752875205091,-2.6889487179921234,-2.6889487179921234,0.0,0.0
2104,clean,9,1,-0.7916278260918544,1.0,-0.8540272821031798,-2.2802835739613236,-2.2802835739613236,0.0,0.0
2104,clean,9,2,-0.6425201596607003,1.0,-0.9635892977200156,-1.820410840112282,-1.820410840112282,0.0,0.0
2104,clean,9,3,-0.47436290947929005,1.0,-0.06659051547870716,-1.5673163547770723,-1.5673163547770723,0.0,0.0
2104,clean,9,4,-0.30614043755084364,1.0,0.9767686923445377,-1.4956743752038693,-1.4956743752038693,0.0,0.0
2104,clean,9,5,-0.1539981910240443,1.0,-0.13831410244756623,-1.3392263401582467,-1.3392263401582467,0.0,0.0
2104,clean,9,6,-0.016677704910275166,1.0,-0.5394728859514112,-1.3007116767538311,-1.3007116767538311,0.0,0.0
2104,clean,9,7,0.11499119110136294,1.0,-0.3074513638036558,-1.286449605031673,-1.286449605031673,0.0,0.0
2104,clean,10,0,0.23832782022014212,1.0,0.7657014951573361,-1.4076889727167814,-1.4076889727167814,0.0,0.0
2104,clean,10,1,0.3417535943767955,1.0,1.2706357839074018,-1.2292170881013318,-1.2292170881013318,0.0,0.0
2104,clean,10,2,0.4193650523949195,1.0,0.3079289582053576,-0.8318387961081293,-0.8318387961081293,0.0,0.0
2104,clean,10,3,0.4821365420771472,1.0,0.4634372872137744,-0.8386850978878058,-0.8386850978878058,0.0,0.0
2104,clean,10,4,0.5372220618893909,1.0,-1.2392278037234166,-0.6622694245854452,-0.6622694245854452,0.0,0.0
2104,clean,10,5,0.5921368455207296,1.0,0.8721755648650836,-1.1212754917730927,-1.1212754917730927,0.0,0.0
2104,clean,10,6,0.6389171448334126,1.0,-0.20285791515426746,-0.6554008528355886,-0.6554008528355886,0.0,0.0
2104,clean,10,7,0.6707034201571621,1.0,-0.20404356388470413,-0.6086681394464624,-0.6086681394464624,0.0,0.0
2104,clean,11,0,0.6968029681139188,1.0,0.6823085227636363,-0.66479066498999,-0.66479066498999,0.0,0.0
2104,clean,11,1,0.714918267494061,1.0,-0.6616005406309974,-0.3965772005269711,-0.3965772005269711,0.0,0.0
2104,clean,11,2,0.7315935716692424,1.0,0.7483449805992052,-0.7404423229175989,-0.7404423229175989,0.0,0.0
2104,clean,11,3,0.7438587902299333,1.0,0.6670450389859823,-0.5700696378858754,-0.5700696378858754,0.0,0.0
2104,clean,11,4,0.743714090686822,1.0,0.8366669390615447,-0.5460622829258849,-0.5460622829258849,0.0,0.0
2104,clean,11,5,0.733975229207435,1.0,-0.2703326994070571,-0.27776855750834767,-0.27776855750834767,0.0,0.0
2104,clean,11,6,0.7232865322174382,1.0,-0.18606918670867484,-0.3318738942258269,-0.3318738942258269,0.0,0.0
2104,clean,11,7,0.7168706077117517,1.0,-0.974180839151514,-0.2666028029468767,-0.2666028029468767,0.0,0.0
2104,fixed_target_tanh,0,0,-0.9249999999999999,1.0,-1.2773733235686846,-5.397251716144983,-3.397251718434912,1.9999999977100713,0.0
2104,fixed_target_tanh,0,1,-0.9579617974322836,1.0,-0.7426339546675761,-5.888655463318784,-3.8886696637754596,1.9999857995433243,0.0
2104,fixed_target_tanh,0,2,-0.899357697103257,1.0,0.21966281586136358,-3.4805848617409523,-5.376149680669259,-1.895564818928306,0.0
2104,fixed_target_tanh,0,3,-0.7681452310397239,1.0,0.4605510126465209,-2.259859744832565,-4.256731060498623,-1.9968713156660587,0.0
2104,fixed_target_tanh,0,4,-0.5981509550973426,1.0,1.106233306219482,-1.6421612498058733,-3.64216071439923,-1.9999994645933565,0.0
2104,fixed_target_tanh,0,5,-0.41973996977003036,1.0,1.6703308514966413,-1.5254716904711552,-3.5254716890402626,-1.9999999985691073,0.0
2104,fixed_target_tanh,0,6,-0.25440428936860243,1.0,-0.1753756280964792,-1.5191866237016265,0.03460872902183576,1.5537953527234623,0.0
2104,fixed_target_tanh,0,7,-0.09754854502888076,1.0,-0.7921325915973115,-1.5066364000785715,0.4925315295526842,1.9991679296312557,0.0
2104,fixed_target_tanh,1,0,0.06033539051464056,1.0,-0.6908864576307286,-1.5224871913312776,0.47506632306497476,1.9975535143962524,0.0
2104,fixed_target_tanh,1,1,0.20835784465630747,1.0,1.3173229530631783,-1.7981379150082646,-3.7981225480728806,-1.9999846330646158,0.0
2104,fixed_target_tanh,1,2,0.3268488840977542,1.0,-0.4699928443184475,-1.0303991958897052,0.8963107446191916,1.9267099405088968,0.0
2104,fixed_target_tanh,1,3,0.4224204365439523,1.0,0.3825016145615614,-1.1968893173670896,-2.9947016374533604,-1.7978123200862706,0.0
2104,fixed_target_tanh,1,4,0.5027971260663975,1.0,-0.466368556828747,-0.8622207505226913,0.9900764303096437,1.852297180832335,0.0
2104,fixed_target_tanh,1,5,0.5674904069210117,1.0,1.196028501187367,-1.28936009095924,-3.287574230419971,-1.998214139460731,0.0
2104,fixed_target_tanh,1,6,0.6119280462087103,1.0,-1.6840736761966344,-0.5099515743326505,1.4899045403795785,1.9998561147122291,0.0
2104,fixed_target_tanh,1,7,0.6467679795592249,1.0,-1.0586602761631856,-0.5765107393500698,1.414739460832089,1.9912502001821588,0.0
2104,fixed_target_tanh,2,0,0.686765911911609,1.0,-1.7238568204548246,-0.49333018645425014,1.4853759356397314,1.9787061220939814,0.0
2104,fixed_target_tanh,2,1,0.7332185249008428,1.0,0.4215685861972451,-0.9852732332924575,-1.9831813837778207,-0.9979081504853632,0.0
2104,fixed_target_tanh,2,2,0.7751610111068106,1.0,-0.7262860810191623,-0.5356786228684458,0.7939963161278907,1.3296749389963365,0.0
2104,fixed_target_tanh,2,3,0.805645465890823,1.0,0.20150535257317334,-0.8768679025264879,-1.2593311550022595,-0.38246325247577145,0.0
2104,fixed_target_tanh,2,4,0.8250379991342074,1.0,0.33025965093790083,-0.6733235734848241,-1.2327367304617765,-0.5594131569769524,0.0
2104,fixed_target_tanh,2,5,0.8283637038504178,1.0,-0.023616159459516076,-0.5129341053787405,-0.4725769731065048,0.040357132272235696,0.0
2104,fixed_target_tanh,2,6,0.8214759798700572,1.0,-1.298537426129548,-0.24544472019764135,1.3910670672012428,1.6365117873988841,0.0
2104,fixed_target_tanh,2,7,0.8158741355139038,1.0,-0.499999196846521,-0.49401308518389486,0.360430908965907,0.8544439941498019,0.0
2104,fixed_target_tanh,3,0,0.8109804218665143,1.0,-0.44884169434555493,-0.37534666648073467,-0.15925661585763592,0.21609005062309875,0.0
2104,fixed_target_tanh,3,1,0.8011905081237433,1.0,-0.07761021726128912,-0.48748710182459554,-0.4423438518823126,0.045143249942282915,0.0
2104,fixed_target_tanh,3,2,0.7861065836742279,1.0,-0.2836311705655872,-0.3779429534644043,-0.17066447033548285,0.20727848312892147,0.0
2104,fixed_target_tanh,3,3,0.7654851306954116,1.0,-0.2670055654909206,-0.38517217119103586,-0.13528898557526894,0.24988318561576692,0.0
2104,fixed_target_tanh,3,4,0.7416106679281294,1.0,-0.43838347923234056,-0.39695521643660464,0.10945134660487327,0.5064065630414779,0.0
2104,fixed_target_tanh,3,5,0.7138699919757427,1.0,-0.43102914433504785,-0.4136897978093197,0.19555213550387818,0.6092419333131979,0.0
2104,fixed_target_tanh,3,6,0.6815505151310126,1.0,-1.4244339764966958,-0.2625921109109715,1.4456203670882888,1.7082124779992602,0.0
2104,fixed_target_tanh,3,7,0.6497648782776241,1.0,0.35107029893924996,-0.7151248290924945,-1.4220438120456698,-0.7069189829531752,0.0
2104,fixed_target_tanh,4,0,0.6114600567905878,1.0,0.27066985897916424,-0.3954864601620135,-0.7443737195386835,-0.3488872593766699,0.0
2104,fixed_target_tanh,4,1,0.5632639576632334,1.0,0.2510444192091013,-0.4176252694053464,-0.8654042730710758,-0.4477790036657295,0.0
2104,fixed_target_tanh,4,2,0.5124370843203462,1.0,-0.08131829236411192,-0.3627064622344074,-0.17182922910226048,0.1908772331321469,0.0
2104,fixed_target_tanh,4,3,0.46066924028158057,1.0,-1.3240534218544258,-0.2828471661077659,1.633457281731208,1.916304447838974,0.0
2104,fixed_target_tanh,4,4,0.4184535081994356,1.0,0.14200824780709653,-0.41228453703297807,-0.8796495765017454,-0.4673650394687673,0.0
2104,fixed_target_tanh,4,5,0.3812930173769795,1.0,-0.2680954591256441,-0.364987357348917,0.5630148260669703,0.9280021834158872,0.0
2104,fixed_target_tanh,4,6,0.3398584721710308,1.0,-0.35808471152550736,-0.3261643640126856,0.9439646105043882,1.2701289745170738,0.0
2104,fixed_target_tanh,4,7,0.298940508663104,1.0,-0.051310549421641455,-0.3841861457475834,-0.14808703587674837,0.23609910987083504,0.0
2104,fixed_target_tanh,5,0,0.25735525516759544,1.0,-1.0334770317264002,-0.33124315757255063,1.6012158156049736,1.9324589731775241,0.0
2104,fixed_target_tanh,5,1,0.22319547993193806,1.0,-0.6804087177136248,-0.29836539074251744,1.4996451110437172,1.7980105017862347,0.0
2104,fixed_target_tanh,5,2,0.1980109526723054,1.0,0.4729081784584011,-0.4421492580300601,-2.032815673218366,-1.590666415188306,0.0
2104,fixed_target_tanh,5,3,0.16660236468964698,1.0,0.12574009342853962,-0.35081778849927536,-0.9528435443646248,-0.6020257558653495,0.0
2104,fixed_target_tanh,5,4,0.12846765009578384,1.0,0.46458965501821414,-0.3619236744251415,-2.0563277533605753,-1.6944040789354338,0.0
2104,fixed_target_tanh,5,5,0.08835172658772535,1.0,-0.1698923945818785,-0.341590778365643,0.5724778763303515,0.9140686546959945,0.0
2104,fixed_target_tanh,5,6,0.04824356291359346,1.0,-1.183566358406957,-0.3467174725331636,1.6508491700595187,1.9975666425926824,0.0
2104,fixed_target_tanh,5,7,0.015994720124812525,1.0,0.5335944310387164,-0.3824768452260284,-2.268510512306119,-1.8860336670800906,0.0
2104,fixed_target_tanh,6,0,-0.015511943843486801,1.0,-1.3986646944919952,-0.457260462309009,1.5418291430614819,1.999089605370491,0.0
2104,fixed_target_tanh,6,1,-0.04047614915303886,1.0,-0.033521707369016294,-0.2566298425080857,-0.04698835750347449,0.2096414850046112,0.0
2104,fixed_target_tanh,6,2,-0.05440121319868241,1.0,1.2441220391999608,-0.4235573920000679,-2.4222208551104325,-1.9986634631103648,0.0
2104,fixed_target_tanh,6,3,-0.07808248646374417,1.0,0.9379990480689786,-0.31375430737572996,-2.306300514301835,-1.9925462069261053,0.0
2104,fixed_target_tanh,6,4,-0.11167771916131533,1.0,-1.7344608862864748,-0.5436844016974284,1.456296882087289,1.9999812837847173,0.0
2104,fixed_target_tanh,6,5,-0.1324444563135615,1.0,1.3414632909267947,-0.39705432730808743,-2.3968334597744607,-1.9997791324663734,0.0
2104,fixed_target_tanh,6,6,-0.15065296490232757,1.0,-1.407612144062319,-0.5240019992852122,1.4758958306199514,1.9998978299051637,0.0
2104,fixed_target_tanh,6,7,-0.16559083251550524,1.0,0.7312000202727233,-0.29527432300446066,-2.280768920100593,-1.9854945970961324,0.0
2104,fixed_target_tanh,7,0,-0.17580607464697268,1.0,0.40664670299067746,-0.27198222554737467,-1.9514833544361614,-1.6795011288887867,0.0
2104,fixed_target_tanh,7,1,-0.1895391640045559,1.0,0.017530648115334037,-0.3029297360683014,-0.41069545513154243,-0.10776571906324099,0.0
2104,fixed_target_tanh,7,2,-0.19271081289094646,1.0,1.3251086875799416,-0.2205883006654551,-2.2194900076151542,-1.998901706949699,0.0
2104,fixed_target_tanh,7,3,-0.19455583902854173,1.0,0.07629296449655694,-0.24094057072113917,-0.7059450183648559,-0.46500444764371673,0.0
2104,fixed_target_tanh,7,4,-0.1975364283761289,1.0,-0.13914367918299272,-0.22667324177386255,0.5910156984311161,0.8176889402049786,0.0
2104,fixed_target_tanh,7,5,-0.1931608753346817,1.0,1.5574835073963573,-0.25466895513010523,-2.2544101644205576,-1.9997412092904525,0.0
2104,fixed_target_tanh,7,6,-0.1933284430080983,1.0,-0.6872406034612032,-0.37122513366158805,1.5729320365030848,1.944157170164673,0.0
2104,fixed_target_tanh,7,7,-0.191451334417967,1.0,0.3395952474415693,-0.17704559266972614,-1.739399030556743,-1.562353437887017,0.0
2104,fixed_target_tanh,8,0,-0.18235759749785732,1.0,0.09151181565814809,-0.21766952834479164,-0.6867824007574088,-0.46911287241261723,0.0
2104,fixed_target_tanh,8,1,-0.17123481203246962,1.0,0.11153056142235705,-0.1791628127473204,-0.7333850138750387,-0.5542222011277184,0.0
2104,fixed_target_tanh,8,2,-0.15509230510096442,1.0,-0.18986381610156672,-0.17884101078615075,0.6939222627662643,0.8727632735524151,0.0
2104,fixed_target_tanh,8,3,-0.13637774248041473,1.0,-0.3101742318478846,-0.1793006328865108,1.0700255200740392,1.24932615296055,0.0
2104,fixed_target_tanh,8,4,-0.11461765004601072,1.0,0.4177393590452805,-0.19018443241203042,-1.6581383871593829,-1.4679539547473526,0.0
2104,fixed_target_tanh,8,5,-0.09526953488724864,1.0,1.0618871900939266,-0.24929221436560128,-2.2071305271038604,-1.9578383127382593,0.0
2104,fixed_target_tanh,8,6,-0.08656297996170648,1.0,-0.5376158698973605,-0.24208427451442815,1.3760519142340897,1.618136188748518,0.0
2104,fixed_target_tanh,8,7,-0.07911874426191158,1.0,-0.23839592663728096,-0.20598797017701764,0.7007297020009619,0.9067176721779795,0.0
2104,fixed_target_tanh,9,0,-0.06432339728427122,1.0,-0.4566752875205091,-0.20839610350430854,1.0423546254587437,1.2507507289630522,0.0
2104,fixed_target_tanh,9,1,-0.044660159601477116,1.0,-0.8540272821031798,-0.21203173949929383,1.5017992101261057,1.7138309496253996,0.0
2104,fixed_target_tanh,9,2,-0.019631872223090565,1.0,-0.9635892977200156,-0.2172305846682715,1.514279294979993,1.7315098796482644,0.0
2104,fixed_target_tanh,9,3,0.011394098651447627,1.0,-0.06659051547870716,-0.26857287677722375,-0.10933926237264455,0.1592336144045792,0.0
2104,fixed_target_tanh,9,4,0.040188843638938404,1.0,0.9767686923445377,-0.452824788765187,-1.9913552652094453,-1.5385304764442582,0.0
2104,fixed_target_tanh,9,5,0.05290007034832096,1.0,-0.13831410244756623,-0.26288537186502076,0.004972443654669034,0.2678578155196898,0.0
2104,fixed_target_tanh,9,6,0.05615140035024659,1.0,-0.5394728859514112,-0.2733785224884789,0.675928435769845,0.9493069582583239,0.0
2104,fixed_target_tanh,9,7,0.061453866503104485,1.0,-0.3074513638036558,-0.3052529213881316,0.2503715854155936,0.5556245068037252,0.0
2104,fixed_target_tanh,10,0,0.06593756051049782,1.0,0.7657014951573361,-0.3741730103002368,-0.9218975927529138,-0.5477245824526771,0.0
2104,fixed_target_tanh,10,1,0.06385489823002542,1.0,1.2706357839074018,-0.4107236197509166,-1.304214828104328,-0.8934912083534113,0.0
2104,fixed_target_tanh,10,2,0.05229606740265844,1.0,0.3079289582053576,-0.37416087327253944,-0.6438394920572965,-0.269678618784757,0.0
2104,fixed_target_tanh,10,3,0.03998069127639206,1.0,0.4634372872137744,-0.3754379116685075,-0.8368759831250077,-0.46143807145650023,0.0
2104,fixed_target_tanh,10,4,0.03216502999712989,1.0,-1.2392278037234166,-0.47354841527560687,0.7100988066079104,1.1836472218835172,0.0
2104,fixed_target_tanh,10,5,0.03480695911957853,1.0,0.8721755648650836,-0.5153512936043447,-1.3860765289661274,-0.8707252353617827,0.0
2104,fixed_target_tanh,10,6,0.038520153914112114,1.0,-0.20285791515426746,-0.41807541920906854,-0.20995115932656216,0.20812425988250638,0.0
2104,fixed_target_tanh,10,7,0.03526692281730316,1.0,-0.20404356388470413,-0.4338094294582287,-0.21740121583043995,0.21640821362778875,0.0
2104,fixed_target_tanh,11,0,0.03353700948032105,1.0,0.6823085227636363,-0.47369747425412256,-0.22617762272592173,0.24751985152820083,0.0
2104,fixed_target_tanh,11,1,0.030282476516620235,1.0,-0.6616005406309974,-0.5076744887654154,-0.7246504955166503,-0.21697600675123482,0.0
2104,fixed_target_tanh,11,2,0.031576384124923584,1.0,0.7483449805992052,-0.5447242137038877,-0.28920620396137225,0.25551800974251543,0.0
2104,fixed_target_tanh,11,3,0.03400668299444718,1.0,0.6670450389859823,-0.5371378931193377,-0.29174454903637814,0.24539334408295954,0.0
2104,fixed_target_tanh,11,4,0.029209514482639736,1.0,0.8366669390615447,-0.5691399196742856,-0.304978592676688,0.2641613269975976,0.0
2104,fixed_target_tanh,11,5,0.01992091547421313,1.0,-0.2703326994070571,-0.6028441086138389,-0.6613798167642644,-0.05853570815042555,0.0
2104,fixed_target_tanh,11,6,0.014918965131035317,1.0,-0.18606918670867484,-0.572610818726924,-0.602790680530052,-0.030179861803128084,0.0
2104,fixed_target_tanh,11,7,0.016640992419123753,1.0,-0.974180839151514,-0.6243133451912882,-0.8001192714120747,-0.17580592622078653,0.0
