poison_steps,mechanism,evaluation_seed,final_gain,final_bias,init_x,init_x_dot,init_theta,init_theta_dot,first_violation_step,violation_steps,mean_reward
0,action_only,2030,0.0,0.0,-0.05184600350204882,0.30607942143937183,0.10099304756404573,-0.2530248106604298,,0,-0.04760913519382071
0,action_only,2030,0.0,0.0,-0.1746701675661021,-0.0960382503057311,-0.07758359458311934,-0.9072980629069103,,0,-0.41813159577531506
0,action_only,2030,0.0,0.0,0.10087321247067488,-0.1781914725731859,0.10810903795123564,0.4947797228192494,,0,-0.1685355047908323
0,action_only,2030,0.0,0.0,-0.11061107803132053,-0.15683820569066687,0.029557280869386304,0.5523579826519649,,0,-0.07533818208388152
0,action_only,2030,0.0,0.0,-0.11244633322915232,-0.2523323291940618,-0.08078175843615758,0.7014294184526371,,0,-0.037163434842123214
0,action_only,2030,0.0,0.0,-0.03249481063765236,0.297320955958965,0.08713878784359438,-0.24534403441657937,,0,-0.03893716625266705
0,action_only,2030,0.0,0.0,-0.2128657522118897,-0.3795630479155544,0.018756430666800133,0.6211744595695985,,0,-0.10626370270035602
0,action_only,2030,0.0,0.0,-0.04125832193110157,-0.0887831501503984,-0.08845466779033351,-0.6387509190747986,,0,-0.26658607645313376
0,action_only,2030,0.0,0.0,-0.1961992408789655,-0.2083538592638955,-0.007986654650933678,-0.6154045455662835,,0,-0.20321019456063347
0,action_only,2030,0.0,0.0,-0.16562323687385,-0.2733998816963822,-0.10837784863116101,-0.33998648124044517,,0,-0.2725393772590639
0,action_only,2030,0.0,0.0,-0.2393439382184675,0.0717705870988169,0.09286956528659143,-0.9550839743869992,,0,-0.11508348551904585
0,action_only,2030,0.0,0.0,-0.1293965880091248,0.02752419448843768,0.14113885165268072,0.9944181516349018,,0,-0.5222112986810301
0,action_only,2030,0.0,0.0,-0.24871107746498927,-0.29938154133106964,0.025446922056065135,0.40658082299074727,,0,-0.045643421760897314
0,action_only,2030,0.0,0.0,-0.08221678174018854,0.17139958868425698,-0.03823551044323044,0.058579013211461195,,0,-0.00880645683371097
0,action_only,2030,0.0,0.0,-0.0583582840637652,0.2194612905757084,-0.07634937683435745,0.3653484228930721,,0,-0.02055934036271315
0,action_only,2030,0.0,0.0,-0.04988577268458283,-0.07789351033620806,0.0793096184914518,0.439263667930472,,0,-0.11607382380851164
0,action_only,2030,0.0,0.0,-0.24910183637657646,0.44845897341128094,0.036456235280835,-0.8651716035641965,,0,-0.07645533018065843
0,action_only,2030,0.0,0.0,-0.012014557874164,0.01692531270132336,-0.1488798447885841,0.4777890790089574,,0,-0.01618716936395602
0,action_only,2030,0.0,0.0,0.07135007270608962,0.19457424037197468,-0.0678098459052404,0.46840836436307964,,0,-0.04945150044327589
0,action_only,2030,0.0,0.0,-0.010332518879528907,0.2955235774800139,-0.10406964857029463,0.2144724089766188,,0,-0.013406534857786107
0,action_only,2030,0.0,0.0,-0.16372352617243813,0.39306591204031316,0.1481721978303123,-0.6748941429681388,,0,-0.03215009790846976
0,action_only,2030,0.0,0.0,-0.07900715659985724,0.34110492262895664,0.0651917415315823,0.06022892227747434,,0,-0.08798412492103726
0,action_only,2030,0.0,0.0,-0.05477919429534028,0.0928960523511676,-0.04417563996210884,-0.40160684783356126,,0,-0.07533248798530766
0,action_only,2030,0.0,0.0,0.08546167953971262,-0.3133598337615493,-0.0525314198288976,-0.6335436313154903,,0,-0.25590463521181234
0,action_only,2030,0.0,0.0,0.19777029486169678,0.36649577401099176,0.11499320740060989,0.5603658954529374,,0,-0.4462152435606699
0,action_only,2030,0.0,0.0,-0.15214140323953612,-0.46337065588170534,-0.026757446180497343,0.5380984358701089,,0,-0.03076718153147321
0,action_only,2030,0.0,0.0,0.22865119423133778,-0.45714569075357037,-0.1457865575881901,0.9773209857901659,,0,-0.03756283476339769
0,action_only,2030,0.0,0.0,-0.23202367017315628,-0.003566724635694296,0.001562438412149314,0.40745027430264824,,0,-0.07461706557956634
0,action_only,2030,0.0,0.0,-0.1163189765726666,0.3732638918786515,-0.03942925647658095,0.12384672478393144,,0,-0.02488651820688378
0,action_only,2030,0.0,0.0,0.17497647362832425,0.04009854363336052,0.04049765122913601,0.003291045139735882,,0,-0.03095563801742963
0,action_only,2030,0.0,0.0,0.21117851654077502,-0.038140109587037174,-0.021662473564537987,-0.6905630402341905,,0,-0.1339089066228031
0,action_only,2030,0.0,0.0,0.08111152296731428,0.39398162322906694,-0.07317993963361681,-0.23996179617651547,,0,-0.059094192441391774
0,action_only,2030,0.0,0.0,-0.23512842594624062,-0.07925923036509064,0.044190096590837336,-0.7469962832660819,,0,-0.14687465348052262
0,action_only,2030,0.0,0.0,0.14288723007155796,-0.3677795924230466,0.08212546185605069,-0.4235124635062011,,0,-0.04269853343026852
0,action_only,2030,0.0,0.0,0.021032964973469737,-0.02631751023522033,-0.03597850764534562,0.6941167096109981,,0,-0.0787252750755936
0,action_only,2030,0.0,0.0,-0.1000126504446634,-0.3157118928679221,0.07853218318496319,0.04168884941597595,,0,-0.020808025987212906
0,action_only,2030,0.0,0.0,0.15265004930217052,-0.36443176343201233,0.057010322604900104,-0.24333297120016706,,0,-0.029606479605007213
0,action_only,2030,0.0,0.0,0.1728960900835289,0.4978108002253202,0.1347512880915044,0.512138613039256,,0,-0.5221561498379641
0,action_only,2030,0.0,0.0,-0.13794172072230004,0.2523563335356085,-0.07627609400165962,0.6374054670125864,,0,-0.06812086030440198
0,action_only,2030,0.0,0.0,0.12232806968614085,0.2790916470408108,0.05126162458101299,-0.052528483320705366,,0,-0.06297359672674088
0,action_only,2030,0.0,0.0,0.04411692908133491,0.14370649656475665,-0.1424939375835341,-0.8807516257527177,,0,-0.39393667971376006
0,action_only,2030,0.0,0.0,-0.04818470777040351,0.03507477552719762,-0.03121113869144833,-0.38954138036986174,,0,-0.06970477836697687
0,action_only,2030,0.0,0.0,-0.061741698435153536,-0.21738020529300228,-0.14814469312178866,0.09411456277199148,,0,-0.13046421917922865
0,action_only,2030,0.0,0.0,0.10798219580122403,-0.013327890407098142,0.11522885326154489,-0.4347669778331049,,0,-0.009963656023544471
0,action_only,2030,0.0,0.0,0.02964323930949897,-0.33728262282208876,0.020995901843503167,0.03545891479456542,,0,-0.015796377140909895
0,action_only,2030,0.0,0.0,-0.19127657643298324,-0.006366838994584345,-0.12025766177631131,0.371870969733503,,0,-0.024746464230316904
0,action_only,2030,0.0,0.0,0.06228276560775298,-0.11416833641517976,-0.10040857881207688,0.3364488398021621,,0,-0.014941690220460251
0,action_only,2030,0.0,0.0,-0.004513231278477359,0.19063809501508655,-0.12717927829649459,0.16192327587643685,,0,-0.024696960288269763
0,action_only,2030,0.0,0.0,0.08751556538446681,-0.05232433589254193,-0.05577903904144785,0.3963749067973721,,0,-0.013907894600495787
0,action_only,2030,0.0,0.0,-0.12005219468295641,0.2312462372416506,-0.14256012243204116,-0.1574196787062363,,0,-0.09786954729266875
0,action_only,2030,0.0,0.0,0.03406304572905289,-0.10366774974351156,0.0922263507368278,0.619401797543425,,0,-0.19926677922575092
0,action_only,2030,0.0,0.0,-0.22576549038460858,0.4785897534640512,0.024075450510955165,0.3924311236153992,,0,-0.1560253124301758
0,action_only,2030,0.0,0.0,0.1540769353616137,0.2737429839829577,0.10063374135746586,0.513495678515373,,0,-0.33272242138733077
0,action_only,2030,0.0,0.0,0.039467936271113946,-0.43108336076345866,-0.0020020605007881054,-0.46518989307802516,,0,-0.1638109788960493
0,action_only,2030,0.0,0.0,0.06205152188869095,-0.464544024075189,0.03995502402254755,-0.3786386870963008,,0,-0.09424161668138364
0,action_only,2030,0.0,0.0,-0.13371271560443138,-0.2805805024807255,-0.023090921287984234,-0.7598913679230228,,0,-0.29867872875637136
0,action_only,2030,0.0,0.0,-0.19783396007151605,-0.09498100989584568,0.08431783029709747,0.6849151318630617,,0,-0.18580974605815984
0,action_only,2030,0.0,0.0,-0.04794666198426195,0.21103313285010683,-0.04749904442938542,0.2746714753603463,,0,-0.021857011978463486
0,action_only,2030,0.0,0.0,0.18459989159238321,-0.29048621819121834,0.13687854976409183,-0.38116787349079484,,0,-0.02385997578995873
0,action_only,2030,0.0,0.0,-0.052596513525193234,0.3728039044424841,0.04544368088243514,0.2619753303164607,,0,-0.13458882216530477
0,action_only,2030,0.0,0.0,-0.13023886920061645,-0.4000915140241518,0.11025984943854675,0.26190545607406035,,0,-0.12121120988329162
0,action_only,2030,0.0,0.0,0.07363891060096278,0.39055726666343815,-0.0006869946930977144,-0.3965470574024279,,0,-0.02268653484994571
0,action_only,2030,0.0,0.0,-0.0604382319260936,0.27485034661966123,0.06813537822018145,0.16366773976564253,,0,-0.10537344128901144
0,action_only,2030,0.0,0.0,-0.05218653577595406,-0.05363362003716077,-0.05397920266786094,0.007692874763531199,,0,-0.025553512308488614
0,action_only,2031,0.0,0.0,-0.05719559306725752,0.029977481420147667,0.12842040260494766,0.2967636762235082,,0,-0.16104492078671928
0,action_only,2031,0.0,0.0,0.00041479846092579153,0.2721927656375751,0.11014879009583631,0.3854936434772629,,0,-0.2529237814122108
0,action_only,2031,0.0,0.0,-0.07587045350273108,-0.25069801024430605,0.08963116482608541,0.38660453020354213,,0,-0.08026297592362208
0,action_only,2031,0.0,0.0,-0.16072924027203384,0.4939430909001882,-0.1358630047616157,-0.8812733049729311,,0,-0.29077490467531547
0,action_only,2031,0.0,0.0,0.24478606058792612,0.21544858332038674,-0.06602284886490674,0.9546284718587277,,0,-0.23813274678092838
0,action_only,2031,0.0,0.0,-0.06766414239262963,-0.38218468219959956,-0.032598289634361816,0.987348958235774,,0,-0.09226181858930493
0,action_only,2031,0.0,0.0,-0.10924017350661602,0.3754688310904263,-0.1395799529012843,0.863510397476903,,0,-0.09555946414039529
0,action_only,2031,0.0,0.0,-0.13533111001840514,-0.04147778849238515,0.14068175335234165,0.12043226304240329,,0,-0.09863218104657782
0,action_only,2031,0.0,0.0,0.07978135920252649,-0.023029679336416975,-0.06538883311653178,-0.9965905229899363,,0,-0.34001002064366886
0,action_only,2031,0.0,0.0,0.24791850639542956,-0.37942870206141854,-0.07364437009577098,0.5677461484354571,,0,-0.023721255448348088
0,action_only,2031,0.0,0.0,-0.00019031193364671406,-0.002740967741479361,-0.038986250374450485,0.24015787853474557,,0,-0.009126420269792839
0,action_only,2031,0.0,0.0,-0.09187037674143367,-0.3189788131123753,-0.0024639503641179505,-0.8352063207937217,,0,-0.29921882716104414
0,action_only,2031,0.0,0.0,0.08457043881961968,0.43130667197173067,-0.022205297391200696,-0.2903455258061334,,0,-0.022462201304591818
0,action_only,2031,0.0,0.0,0.043297730134621626,-0.26430226555847003,-0.013176510592217555,0.20956588122333253,,0,-0.012873144609590966
0,action_only,2031,0.0,0.0,-0.10094702247921938,-0.36775367605226494,0.09169644069195076,-0.18779302771909512,,0,-0.02740460457131069
0,action_only,2031,0.0,0.0,0.1884744089590798,-0.18925371788006506,0.0909228694650712,-0.8298318940671692,,0,-0.0857972193346466
0,action_only,2031,0.0,0.0,0.009440229344430062,-0.135091109056364,-0.03635134315064523,-0.739372215805318,,0,-0.225867199697115
0,action_only,2031,0.0,0.0,0.07521640816545822,-0.3415091287433899,0.07555238392778321,0.7646136173184206,,0,-0.16978595188133394
0,action_only,2031,0.0,0.0,-0.08952153948342478,0.19379466813065394,-0.08336120587227071,0.8171416305483021,,0,-0.09857768114873357
0,action_only,2031,0.0,0.0,0.08713994647273327,-0.025246928221083098,-0.038656775628084034,-0.17415188676743076,,0,-0.03257278683334494
0,action_only,2031,0.0,0.0,-0.21842331465768017,0.08360161299281577,-0.027927589315817514,-0.021641587680241603,,0,-0.018718785425406635
0,action_only,2031,0.0,0.0,-0.23817768139675016,0.32912885268562886,-0.0454553087606549,0.5842483877496001,,0,-0.0931753390985668
0,action_only,2031,0.0,0.0,0.0035549008617828393,-0.13584934794824965,-0.020728546539534237,-0.43703856431753074,,0,-0.10162335993105871
0,action_only,2031,0.0,0.0,0.06809837093073917,-0.0930635512668826,0.018350245073017635,-0.9734092402142873,,0,-0.20772199480951326
0,action_only,2031,0.0,0.0,0.05974480105472729,-0.18686403018196263,0.023105223860972524,-0.45029444570361776,,0,-0.06550063486019858
0,action_only,2031,0.0,0.0,0.21004191179998616,-0.051135912337605394,0.08308904019903207,0.2946149937151734,,0,-0.1231214368098157
0,action_only,2031,0.0,0.0,0.10503274783308614,-0.36169591995039485,-0.08476374293807364,0.024535690726771753,,0,-0.08839506939497396
0,action_only,2031,0.0,0.0,0.18631626379720384,-0.2868283780049591,-0.13569236308343777,0.31330259950078965,,0,-0.05353923745441012
0,action_only,2031,0.0,0.0,0.08684596990970628,-0.44277480118184553,0.06277299506718287,0.036861988274649926,,0,-0.021288215705408686
0,action_only,2031,0.0,0.0,0.23632962805057833,-0.2737434696336881,-0.045053013304271264,-0.1361091609668743,,0,-0.06303243208347051
0,action_only,2031,0.0,0.0,-0.24754269979104693,0.37075844396283286,0.11558464735629273,-0.8259862480601177,,0,-0.03161710558223575
0,action_only,2031,0.0,0.0,-0.035163736461436945,0.15658602203133398,-0.10605356980128908,-0.7802959413323836,,0,-0.27308605129879304
0,action_only,2031,0.0,0.0,0.1231977590524218,-0.4168767854115202,0.13205614302995097,-0.404141022751507,,0,-0.026507004945775597
0,action_only,2031,0.0,0.0,0.10273485677697786,0.3513288363432773,-0.09688081669079518,-0.74999894407966,,0,-0.17200102752453547
0,action_only,2031,0.0,0.0,-0.013090082483146914,0.4216551912347666,-0.12893868354606336,-0.8075099557518162,,0,-0.23893275566850528
0,action_only,2031,0.0,0.0,-0.21087361925095793,-0.34008392139782284,0.1029692819011512,0.31729222948064506,,0,-0.13561100903434237
0,action_only,2031,0.0,0.0,-0.2172681570069221,0.3108853840027679,-0.08437578210308493,0.8343107050785301,,0,-0.11814739589674197
0,action_only,2031,0.0,0.0,0.17854695665205939,-0.4438756321523265,0.01529411115016352,-0.6977299565415498,,0,-0.2028545028403436
0,action_only,2031,0.0,0.0,0.07726669354380805,0.13774062240984086,0.13352727004458623,0.02909579767429915,,0,-0.1302651657197088
0,action_only,2031,0.0,0.0,0.18710394121383273,0.3686179697175588,-0.014019474719358327,-0.8007416270501262,,0,-0.10126770628886009
0,action_only,2031,0.0,0.0,0.048972261799093364,0.1313385331831709,-0.1067307445679048,-0.3287918720466534,,0,-0.10532529745696409
0,action_only,2031,0.0,0.0,0.09718291577752147,0.005872463345556023,0.011593024748510788,0.8024727635428832,,0,-0.19071065798811468
0,action_only,2031,0.0,0.0,0.14935170488128746,-0.22825866066070433,-0.018477079629208498,0.8933377939132572,,0,-0.1285032193408725
0,action_only,2031,0.0,0.0,0.20067413053531086,-0.12633436261752995,0.13885268365760403,0.23148772800943207,,0,-0.15470924927459268
0,action_only,2031,0.0,0.0,-0.08589425396771094,0.13351245123576228,-0.07198172220174581,0.13023504799854502,,0,-0.008165768806558438
0,action_only,2031,0.0,0.0,-0.05447144287086386,-0.07576520117734209,-0.08846130582813654,-0.6777708922035284,,0,-0.28222043865148516
0,action_only,2031,0.0,0.0,-0.21747418066798524,0.28640932106450523,-0.11237846207802576,-0.4280926413579471,,0,-0.14514641531953254
0,action_only,2031,0.0,0.0,-0.05216380534868992,-0.22703978591909113,-0.011007289099728285,-0.5554858405333485,,0,-0.1610180836002432
0,action_only,2031,0.0,0.0,0.03105329714463445,0.30896916347743897,-0.07959698733646935,-0.6980137769170842,,0,-0.14838065600771227
0,action_only,2031,0.0,0.0,-0.19657397761776896,0.186031639190528,-0.09673404053650989,-0.5648180890272156,,0,-0.193694113481102
0,action_only,2031,0.0,0.0,-0.24065859109650412,-0.03358991134538736,0.08494174947500269,-0.627427741652242,,0,-0.06444100628841812
0,action_only,2031,0.0,0.0,-0.16438692285361428,-0.07705859830215234,-0.09437117764258032,-0.060380711664147046,,0,-0.09299389736865679
0,action_only,2031,0.0,0.0,-0.21948801697981907,-0.429201148312808,-0.09017604969109227,0.9486938308081985,,0,-0.053983813924643125
0,action_only,2031,0.0,0.0,-0.2203960579142219,-0.4038488461308124,-0.1398016283202744,0.5512330483767147,,0,-0.0820856600737485
0,action_only,2031,0.0,0.0,-0.0009873401921921543,-0.08332778477370284,0.036001141293737715,0.3957285842005567,,0,-0.06257957158879399
0,action_only,2031,0.0,0.0,0.2303375008521033,0.3238000738487845,-0.1478056767727303,0.6569586795054065,,0,-0.08041730532593874
0,action_only,2031,0.0,0.0,0.227850678441546,-0.4460371563529001,-0.12204663784886981,0.34031384088368677,,0,-0.06306648116168737
0,action_only,2031,0.0,0.0,0.2274924967009811,0.39736651004177115,-0.13230561030604085,-0.9171359809818949,,0,-0.27411253047992123
0,action_only,2031,0.0,0.0,0.11694240802170658,0.23984145815095692,0.14438369093870743,0.5678026795051414,,0,-0.4323819777993492
0,action_only,2031,0.0,0.0,0.2457258071475672,-0.21488261959083332,0.038315898536961185,-0.7895688558206044,,0,-0.13199265390611475
0,action_only,2031,0.0,0.0,0.08430786495974618,-0.10895607224188542,0.04434566901735931,-0.9470092391609788,,0,-0.1640160893754597
0,action_only,2031,0.0,0.0,0.24717650707901756,-0.042475513854508096,-0.05002850584194453,0.6459609604524086,,0,-0.0841667737640911
0,action_only,2031,0.0,0.0,0.18558918665217328,0.197465699954667,0.1402031382125212,-0.08117756266642817,,0,-0.1426324215055644
0,action_only,2032,0.0,0.0,0.008367459450451809,0.112264267629136,-0.025505805762366246,0.9840330568368314,,0,-0.22097869041799467
0,action_only,2032,0.0,0.0,-0.1864171860319725,-0.25834647716187553,-0.11060540575936717,0.35773423293883067,,0,-0.05850320640008541
0,action_only,2032,0.0,0.0,-0.20366109945424188,0.2841634660303536,0.0897209301453448,0.22832577124943332,,0,-0.13736984736688354
0,action_only,2032,0.0,0.0,-0.20733308285993302,-0.02397936104058851,-0.010641318927114785,-0.5635161851876977,,0,-0.13596350415327602
0,action_only,2032,0.0,0.0,-0.2017684173697365,0.49274223679378937,-0.04197515345875004,-0.46473893672876265,,0,-0.047901990453440145
0,action_only,2032,0.0,0.0,0.09638989472669934,0.13130541528275663,-0.049527757258839955,-0.13947319219939724,,0,-0.04237298222340846
0,action_only,2032,0.0,0.0,-0.17167077945785825,-0.3093585094041926,-0.01631447319820245,-0.023030024907035207,,0,-0.0643402191668812
0,action_only,2032,0.0,0.0,-0.08846827591619444,0.4787430018856348,0.09557815176991791,-0.6442691955697661,,0,-0.024636333985949783
0,action_only,2032,0.0,0.0,-0.24263214384426413,0.4592575433995567,-0.04659935423082169,0.8930348063474585,,0,-0.22754445620640165
0,action_only,2032,0.0,0.0,-0.004075901659786163,0.350707700715706,-0.002463934842299592,-0.3881444932383227,,0,-0.058916248873456666
0,action_only,2032,0.0,0.0,-0.0055155840254163535,0.25220908338844383,-0.0171824870703845,-0.7044532273319046,,0,-0.09113216300124502
0,action_only,2032,0.0,0.0,0.1758520768405965,-0.0664346598679999,0.10959733380349987,-0.30229058052119595,,0,-0.018200737371154737
0,action_only,2032,0.0,0.0,0.12321084464730131,-0.23547928304079868,-0.12592058439601292,0.6503637799178794,,0,-0.02417512288330312
0,action_only,2032,0.0,0.0,0.04602596567933842,0.30167465619720657,0.09590450935538827,0.584415406085927,,0,-0.3385231019526369
0,action_only,2032,0.0,0.0,0.2089783149025276,0.07662012298435994,0.09665010891405842,0.008752578361251206,,0,-0.09059146516287556
0,action_only,2032,0.0,0.0,0.17503574940750427,-0.45444987710930873,0.06507797129550932,0.6174163542102524,,0,-0.10159811153483152
0,action_only,2032,0.0,0.0,-0.14736757146152718,0.2896404065813466,0.00686426178750954,0.09196397701471937,,0,-0.03260837062675464
0,action_only,2032,0.0,0.0,0.22625629338967296,-0.41724318697738905,-0.13587726539817796,0.7256744058189266,,0,-0.046740481152276116
0,action_only,2032,0.0,0.0,0.04158565721454649,-0.21396274179404817,-0.04856866055407734,0.2634864857914767,,0,-0.008936464425639909
0,action_only,2032,0.0,0.0,-0.2174158797852948,-0.2627353948709128,0.019808773451125916,0.6176378502993707,,0,-0.11353858807954507
0,action_only,2032,0.0,0.0,0.02280545884951579,0.3793168185543673,-0.0006454883047744553,0.1993706771828747,,0,-0.07973437041889607
0,action_only,2032,0.0,0.0,-0.061885346607069125,0.41813104039128157,-0.09809940995781084,-0.32335571362830007,,0,-0.06039035354128402
0,action_only,2032,0.0,0.0,0.18425302638319846,-0.18379902287720584,-0.07023529146192369,0.026446679546727525,,0,-0.04011587320523317
0,action_only,2032,0.0,0.0,-0.22830186029714528,-0.07446259371436525,0.1144998098008013,0.41813649981596623,,0,-0.14207455132370758
0,action_only,2032,0.0,0.0,0.0416969770121981,0.44144831788540373,0.04198110518606485,-0.2773927169166308,,0,-0.03762019641903669
0,action_only,2032,0.0,0.0,-0.006145111708868278,0.05275204584477733,0.11880155740849793,0.00457213393540723,,0,-0.07475112167378502
0,action_only,2032,0.0,0.0,0.16277111421400892,0.10029901714083311,0.04483622634218959,-0.7114426903009092,,0,-0.05791324605814628
0,action_only,2032,0.0,0.0,0.014667942510301846,-0.2821447137829929,-0.052050304653680546,0.3223045477500319,,0,-0.012513298321398088
0,action_only,2032,0.0,0.0,-0.06934258565612567,-0.40706592325006385,0.08728528241195943,-0.6408550616657391,,0,-0.12238344740146623
0,action_only,2032,0.0,0.0,-0.038121502975177246,0.22011668511728733,0.02752551202854836,-0.47931180393926587,,0,-0.021560574065810207
0,action_only,2032,0.0,0.0,0.16574472353629083,-0.31758928197572467,0.05315569680949392,-0.7036773435787596,,0,-0.1212504705002377
0,action_only,2032,0.0,0.0,-0.018017359950048384,-0.12296845750143603,-0.04124340171072652,-0.6529797398299428,,0,-0.20072789055963097
0,action_only,2032,0.0,0.0,0.11341385367645235,-0.1220746845368249,-0.09100078237413031,0.3371229740789443,,0,-0.018027144722249266
0,action_only,2032,0.0,0.0,0.20030989951519645,-0.21670738288848101,-0.07976366122090225,0.8022436406475562,,0,-0.05537831411732094
0,action_only,2032,0.0,0.0,-0.11689004685970539,0.382027756748203,-0.1459398908956392,-0.5885004417454933,,0,-0.20779970956212265
0,action_only,2032,0.0,0.0,0.15512068085384872,-0.49627344395082296,0.05327564867955836,-0.49070364152719836,,0,-0.107343427835937
0,action_only,2032,0.0,0.0,-0.11822150357914468,-0.26732384021897415,-0.09993121572448953,-0.20164783815716536,,0,-0.18820256316721903
0,action_only,2032,0.0,0.0,0.0872672183745466,-0.26433940034962355,-0.11118987182297488,0.9681223155347609,,0,-0.04762646311103802
0,action_only,2032,0.0,0.0,-0.19130599175002383,-0.4563809017599326,0.10992572107160589,0.5677707123902886,,0,-0.1255655402715961
0,action_only,2032,0.0,0.0,0.19918380707948863,0.09348858815376204,0.019040405623468704,-0.4163249679495007,,0,-0.04158590780772553
0,action_only,2032,0.0,0.0,-0.19521665322463932,0.39863883554629786,-0.027449273014267,0.884125676794137,,0,-0.24057502329283847
0,action_only,2032,0.0,0.0,-0.21145101085324552,0.426195577265821,0.10965556340877045,0.6338751866706402,,0,-0.3883089735774365
0,action_only,2032,0.0,0.0,0.23524119305888064,-0.18605301587227951,-0.017259657407084184,0.7552102687536919,,0,-0.11302191557176378
0,action_only,2032,0.0,0.0,-0.07795174140236638,-0.052156686094574245,0.018973160730771266,-0.34575111221894406,,0,-0.03792600420465239
0,action_only,2032,0.0,0.0,-0.033668255476272335,-0.1725734700847743,0.12180797050090028,0.18397839572361385,,0,-0.0775189721822704
0,action_only,2032,0.0,0.0,-0.16907494503910653,0.23722104006924416,0.07007530109779561,-0.5762368198749008,,0,-0.02112057791030817
0,action_only,2032,0.0,0.0,-0.1116410955988063,-0.3693972214385036,0.0862563787812691,0.3015043416579235,,0,-0.1072233341915025
0,action_only,2032,0.0,0.0,-0.07837595298441319,0.37253283428954154,-0.07735196052146998,-0.9144132346240312,,0,-0.21940663278978045
0,action_only,2032,0.0,0.0,0.020648917744697515,-0.2768512080963187,-0.03599791079812287,-0.864633546656101,,0,-0.33210131119706826
0,action_only,2032,0.0,0.0,0.10779974980913615,0.45352466690669246,0.05704146306322483,0.7652887576478549,,0,-0.43871440448716553
0,action_only,2032,0.0,0.0,-0.05492988691717732,-0.45210726251745426,0.07565932482984802,0.22343058428073603,,0,-0.04771007144597952
0,action_only,2032,0.0,0.0,0.05760719150630317,-0.478075768445674,-0.08408812524389637,-0.2052038236222058,,0,-0.2004814054599147
0,action_only,2032,0.0,0.0,0.07746894116645775,-0.07227642188967187,0.12935553217254317,-0.4806520332439179,,0,-0.018355186239609918
0,action_only,2032,0.0,0.0,-0.1490751082051605,0.44103556705253666,0.10387619763869746,0.8187191625190255,,0,-0.5048720139560907
0,action_only,2032,0.0,0.0,-0.0012888644638468505,0.41763418648714234,-0.0671543354818394,0.05500901708232453,,0,-0.020293286983024905
0,action_only,2032,0.0,0.0,0.11850139309741575,-0.3928972659639173,0.05567739293032156,0.2900311677074996,,0,-0.03228426362786546
0,action_only,2032,0.0,0.0,-0.015159602126216698,0.4515321759110219,0.12424154352404201,0.3693094253031648,,0,-0.3409123318015977
0,action_only,2032,0.0,0.0,0.1781165756382211,0.3058392605380067,-0.021065972431829505,-0.4778888566778223,,0,-0.07158162880239077
0,action_only,2032,0.0,0.0,-0.1547048879709515,0.24897307011132663,0.1213954211941882,0.8111122204893226,,0,-0.44845991071561037
0,action_only,2032,0.0,0.0,-0.002120161786173469,-0.17184976597372892,0.04852499662286619,0.021724098713244544,,0,-0.020396777452154256
0,action_only,2032,0.0,0.0,-0.21856429263863109,0.17016032302355666,0.011770348305949863,0.008013635662230678,,0,-0.02155085201155661
0,action_only,2032,0.0,0.0,-0.06282171311026047,0.19563174742521983,-0.07618915969692491,0.3815588884528256,,0,-0.01977620353633406
0,action_only,2032,0.0,0.0,0.005974131748530842,-0.3899524505841978,-0.030036990553484702,0.8587715674402359,,0,-0.06686993739939391
0,action_only,2032,0.0,0.0,0.09427643744582331,-0.3984982074180845,0.11241397167920689,-0.48779650889385207,,0,-0.0426100208829308
0,commit_gate,2030,0.0,0.0,-0.05184600350204882,0.30607942143937183,0.10099304756404573,-0.2530248106604298,,0,-0.04760913519382071
0,commit_gate,2030,0.0,0.0,-0.1746701675661021,-0.0960382503057311,-0.07758359458311934,-0.9072980629069103,,0,-0.41813159577531506
0,commit_gate,2030,0.0,0.0,0.10087321247067488,-0.1781914725731859,0.10810903795123564,0.4947797228192494,,0,-0.1685355047908323
0,commit_gate,2030,0.0,0.0,-0.11061107803132053,-0.15683820569066687,0.029557280869386304,0.5523579826519649,,0,-0.07533818208388152
0,commit_gate,2030,0.0,0.0,-0.11244633322915232,-0.2523323291940618,-0.08078175843615758,0.7014294184526371,,0,-0.037163434842123214
0,commit_gate,2030,0.0,0.0,-0.03249481063765236,0.297320955958965,0.08713878784359438,-0.24534403441657937,,0,-0.03893716625266705
0,commit_gate,2030,0.0,0.0,-0.2128657522118897,-0.3795630479155544,0.018756430666800133,0.6211744595695985,,0,-0.10626370270035602
0,commit_gate,2030,0.0,0.0,-0.04125832193110157,-0.0887831501503984,-0.08845466779033351,-0.6387509190747986,,0,-0.26658607645313376
0,commit_gate,2030,0.0,0.0,-0.1961992408789655,-0.2083538592638955,-0.007986654650933678,-0.6154045455662835,,0,-0.20321019456063347
0,commit_gate,2030,0.0,0.0,-0.16562323687385,-0.2733998816963822,-0.10837784863116101,-0.33998648124044517,,0,-0.2725393772590639
0,commit_gate,2030,0.0,0.0,-0.2393439382184675,0.0717705870988169,0.09286956528659143,-0.9550839743869992,,0,-0.11508348551904585
0,commit_gate,2030,0.0,0.0,-0.1293965880091248,0.02752419448843768,0.14113885165268072,0.9944181516349018,,0,-0.5222112986810301
0,commit_gate,2030,0.0,0.0,-0.24871107746498927,-0.29938154133106964,0.025446922056065135,0.40658082299074727,,0,-0.045643421760897314
0,commit_gate,2030,0.0,0.0,-0.08221678174018854,0.17139958868425698,-0.03823551044323044,0.058579013211461195,,0,-0.00880645683371097
0,commit_gate,2030,0.0,0.0,-0.0583582840637652,0.2194612905757084,-0.07634937683435745,0.3653484228930721,,0,-0.02055934036271315
0,commit_gate,2030,0.0,0.0,-0.04988577268458283,-0.07789351033620806,0.0793096184914518,0.439263667930472,,0,-0.11607382380851164
0,commit_gate,2030,0.0,0.0,-0.24910183637657646,0.44845897341128094,0.036456235280835,-0.8651716035641965,,0,-0.07645533018065843
0,commit_gate,2030,0.0,0.0,-0.012014557874164,0.01692531270132336,-0.1488798447885841,0.4777890790089574,,0,-0.01618716936395602
0,commit_gate,2030,0.0,0.0,0.07135007270608962,0.19457424037197468,-0.0678098459052404,0.46840836436307964,,0,-0.04945150044327589
0,commit_gate,2030,0.0,0.0,-0.010332518879528907,0.2955235774800139,-0.10406964857029463,0.2144724089766188,,0,-0.013406534857786107
0,commit_gate,2030,0.0,0.0,-0.16372352617243813,0.39306591204031316,0.1481721978303123,-0.6748941429681388,,0,-0.03215009790846976
0,commit_gate,2030,0.0,0.0,-0.07900715659985724,0.34110492262895664,0.0651917415315823,0.06022892227747434,,0,-0.08798412492103726
0,commit_gate,2030,0.0,0.0,-0.05477919429534028,0.0928960523511676,-0.04417563996210884,-0.40160684783356126,,0,-0.07533248798530766
0,commit_gate,2030,0.0,0.0,0.08546167953971262,-0.3133598337615493,-0.0525314198288976,-0.6335436313154903,,0,-0.25590463521181234
0,commit_gate,2030,0.0,0.0,0.19777029486169678,0.36649577401099176,0.11499320740060989,0.5603658954529374,,0,-0.4462152435606699
0,commit_gate,2030,0.0,0.0,-0.15214140323953612,-0.46337065588170534,-0.026757446180497343,0.5380984358701089,,0,-0.03076718153147321
0,commit_gate,2030,0.0,0.0,0.22865119423133778,-0.45714569075357037,-0.1457865575881901,0.9773209857901659,,0,-0.03756283476339769
0,commit_gate,2030,0.0,0.0,-0.23202367017315628,-0.003566724635694296,0.001562438412149314,0.40745027430264824,,0,-0.07461706557956634
0,commit_gate,2030,0.0,0.0,-0.1163189765726666,0.3732638918786515,-0.03942925647658095,0.12384672478393144,,0,-0.02488651820688378
0,commit_gate,2030,0.0,0.0,0.17497647362832425,0.04009854363336052,0.04049765122913601,0.003291045139735882,,0,-0.03095563801742963
0,commit_gate,2030,0.0,0.0,0.21117851654077502,-0.038140109587037174,-0.021662473564537987,-0.6905630402341905,,0,-0.1339089066228031
0,commit_gate,2030,0.0,0.0,0.08111152296731428,0.39398162322906694,-0.07317993963361681,-0.23996179617651547,,0,-0.059094192441391774
0,commit_gate,2030,0.0,0.0,-0.23512842594624062,-0.07925923036509064,0.044190096590837336,-0.7469962832660819,,0,-0.14687465348052262
0,commit_gate,2030,0.0,0.0,0.14288723007155796,-0.3677795924230466,0.08212546185605069,-0.4235124635062011,,0,-0.04269853343026852
0,commit_gate,2030,0.0,0.0,0.021032964973469737,-0.02631751023522033,-0.03597850764534562,0.6941167096109981,,0,-0.0787252750755936
0,commit_gate,2030,0.0,0.0,-0.1000126504446634,-0.3157118928679221,0.07853218318496319,0.04168884941597595,,0,-0.020808025987212906
0,commit_gate,2030,0.0,0.0,0.15265004930217052,-0.36443176343201233,0.057010322604900104,-0.24333297120016706,,0,-0.029606479605007213
0,commit_gate,2030,0.0,0.0,0.1728960900835289,0.4978108002253202,0.1347512880915044,0.512138613039256,,0,-0.5221561498379641
0,commit_gate,2030,0.0,0.0,-0.13794172072230004,0.2523563335356085,-0.07627609400165962,0.6374054670125864,,0,-0.06812086030440198
0,commit_gate,2030,0.0,0.0,0.12232806968614085,0.2790916470408108,0.05126162458101299,-0.052528483320705366,,0,-0.06297359672674088
0,commit_gate,2030,0.0,0.0,0.04411692908133491,0.14370649656475665,-0.1424939375835341,-0.8807516257527177,,0,-0.39393667971376006
0,commit_gate,2030,0.0,0.0,-0.04818470777040351,0.03507477552719762,-0.03121113869144833,-0.38954138036986174,,0,-0.06970477836697687
0,commit_gate,2030,0.0,0.0,-0.061741698435153536,-0.21738020529300228,-0.14814469312178866,0.09411456277199148,,0,-0.13046421917922865
0,commit_gate,2030,0.0,0.0,0.10798219580122403,-0.013327890407098142,0.11522885326154489,-0.4347669778331049,,0,-0.009963656023544471
0,commit_gate,2030,0.0,0.0,0.02964323930949897,-0.33728262282208876,0.020995901843503167,0.03545891479456542,,0,-0.015796377140909895
0,commit_gate,2030,0.0,0.0,-0.19127657643298324,-0.006366838994584345,-0.12025766177631131,0.371870969733503,,0,-0.024746464230316904
0,commit_gate,2030,0.0,0.0,0.06228276560775298,-0.11416833641517976,-0.10040857881207688,0.3364488398021621,,0,-0.014941690220460251
0,commit_gate,2030,0.0,0.0,-0.004513231278477359,0.19063809501508655,-0.12717927829649459,0.16192327587643685,,0,-0.024696960288269763
0,commit_gate,2030,0.0,0.0,0.08751556538446681,-0.05232433589254193,-0.05577903904144785,0.3963749067973721,,0,-0.013907894600495787
0,commit_gate,2030,0.0,0.0,-0.12005219468295641,0.2312462372416506,-0.14256012243204116,-0.1574196787062363,,0,-0.09786954729266875
0,commit_gate,2030,0.0,0.0,0.03406304572905289,-0.10366774974351156,0.0922263507368278,0.619401797543425,,0,-0.19926677922575092
0,commit_gate,2030,0.0,0.0,-0.22576549038460858,0.4785897534640512,0.024075450510955165,0.3924311236153992,,0,-0.1560253124301758
0,commit_gate,2030,0.0,0.0,0.1540769353616137,0.2737429839829577,0.10063374135746586,0.513495678515373,,0,-0.33272242138733077
0,commit_gate,2030,0.0,0.0,0.039467936271113946,-0.43108336076345866,-0.0020020605007881054,-0.46518989307802516,,0,-0.1638109788960493
0,commit_gate,2030,0.0,0.0,0.06205152188869095,-0.464544024075189,0.03995502402254755,-0.3786386870963008,,0,-0.09424161668138364
0,commit_gate,2030,0.0,0.0,-0.13371271560443138,-0.2805805024807255,-0.023090921287984234,-0.7598913679230228,,0,-0.29867872875637136
0,commit_gate,2030,0.0,0.0,-0.19783396007151605,-0.09498100989584568,0.08431783029709747,0.6849151318630617,,0,-0.18580974605815984
0,commit_gate,2030,0.0,0.0,-0.04794666198426195,0.21103313285010683,-0.04749904442938542,0.2746714753603463,,0,-0.021857011978463486
0,commit_gate,2030,0.0,0.0,0.18459989159238321,-0.29048621819121834,0.13687854976409183,-0.38116787349079484,,0,-0.02385997578995873
0,commit_gate,2030,0.0,0.0,-0.052596513525193234,0.3728039044424841,0.04544368088243514,0.2619753303164607,,0,-0.13458882216530477
0,commit_gate,2030,0.0,0.0,-0.13023886920061645,-0.4000915140241518,0.11025984943854675,0.26190545607406035,,0,-0.12121120988329162
0,commit_gate,2030,0.0,0.0,0.07363891060096278,0.39055726666343815,-0.0006869946930977144,-0.3965470574024279,,0,-0.02268653484994571
0,commit_gate,2030,0.0,0.0,-0.0604382319260936,0.27485034661966123,0.06813537822018145,0.16366773976564253,,0,-0.10537344128901144
0,commit_gate,2030,0.0,0.0,-0.05218653577595406,-0.05363362003716077,-0.05397920266786094,0.007692874763531199,,0,-0.025553512308488614
0,commit_gate,2031,0.0,0.0,-0.05719559306725752,0.029977481420147667,0.12842040260494766,0.2967636762235082,,0,-0.16104492078671928
0,commit_gate,2031,0.0,0.0,0.00041479846092579153,0.2721927656375751,0.11014879009583631,0.3854936434772629,,0,-0.2529237814122108
0,commit_gate,2031,0.0,0.0,-0.07587045350273108,-0.25069801024430605,0.08963116482608541,0.38660453020354213,,0,-0.08026297592362208
0,commit_gate,2031,0.0,0.0,-0.16072924027203384,0.4939430909001882,-0.1358630047616157,-0.8812733049729311,,0,-0.29077490467531547
0,commit_gate,2031,0.0,0.0,0.24478606058792612,0.21544858332038674,-0.06602284886490674,0.9546284718587277,,0,-0.23813274678092838
0,commit_gate,2031,0.0,0.0,-0.06766414239262963,-0.38218468219959956,-0.032598289634361816,0.987348958235774,,0,-0.09226181858930493
0,commit_gate,2031,0.0,0.0,-0.10924017350661602,0.3754688310904263,-0.1395799529012843,0.863510397476903,,0,-0.09555946414039529
0,commit_gate,2031,0.0,0.0,-0.13533111001840514,-0.04147778849238515,0.14068175335234165,0.12043226304240329,,0,-0.09863218104657782
0,commit_gate,2031,0.0,0.0,0.07978135920252649,-0.023029679336416975,-0.06538883311653178,-0.9965905229899363,,0,-0.34001002064366886
0,commit_gate,2031,0.0,0.0,0.24791850639542956,-0.37942870206141854,-0.07364437009577098,0.5677461484354571,,0,-0.023721255448348088
0,commit_gate,2031,0.0,0.0,-0.00019031193364671406,-0.002740967741479361,-0.038986250374450485,0.24015787853474557,,0,-0.009126420269792839
0,commit_gate,2031,0.0,0.0,-0.09187037674143367,-0.3189788131123753,-0.0024639503641179505,-0.8352063207937217,,0,-0.29921882716104414
0,commit_gate,2031,0.0,0.0,0.08457043881961968,0.43130667197173067,-0.022205297391200696,-0.2903455258061334,,0,-0.022462201304591818
0,commit_gate,2031,0.0,0.0,0.043297730134621626,-0.26430226555847003,-0.013176510592217555,0.20956588122333253,,0,-0.012873144609590966
0,commit_gate,2031,0.0,0.0,-0.10094702247921938,-0.36775367605226494,0.09169644069195076,-0.18779302771909512,,0,-0.02740460457131069
0,commit_gate,2031,0.0,0.0,0.1884744089590798,-0.18925371788006506,0.0909228694650712,-0.8298318940671692,,0,-0.0857972193346466
0,commit_gate,2031,0.0,0.0,0.009440229344430062,-0.135091109056364,-0.03635134315064523,-0.739372215805318,,0,-0.225867199697115
0,commit_gate,2031,0.0,0.0,0.07521640816545822,-0.3415091287433899,0.07555238392778321,0.7646136173184206,,0,-0.16978595188133394
0,commit_gate,2031,0.0,0.0,-0.08952153948342478,0.19379466813065394,-0.08336120587227071,0.8171416305483021,,0,-0.09857768114873357
0,commit_gate,2031,0.0,0.0,0.08713994647273327,-0.025246928221083098,-0.038656775628084034,-0.17415188676743076,,0,-0.03257278683334494
0,commit_gate,2031,0.0,0.0,-0.21842331465768017,0.08360161299281577,-0.027927589315817514,-0.021641587680241603,,0,-0.018718785425406635
0,commit_gate,2031,0.0,0.0,-0.23817768139675016,0.32912885268562886,-0.0454553087606549,0.5842483877496001,,0,-0.0931753390985668
0,commit_gate,2031,0.0,0.0,0.0035549008617828393,-0.13584934794824965,-0.020728546539534237,-0.43703856431753074,,0,-0.10162335993105871
0,commit_gate,2031,0.0,0.0,0.06809837093073917,-0.0930635512668826,0.018350245073017635,-0.9734092402142873,,0,-0.20772199480951326
0,commit_gate,2031,0.0,0.0,0.05974480105472729,-0.18686403018196263,0.023105223860972524,-0.45029444570361776,,0,-0.06550063486019858
0,commit_gate,2031,0.0,0.0,0.21004191179998616,-0.051135912337605394,0.08308904019903207,0.2946149937151734,,0,-0.1231214368098157
0,commit_gate,2031,0.0,0.0,0.10503274783308614,-0.36169591995039485,-0.08476374293807364,0.024535690726771753,,0,-0.08839506939497396
0,commit_gate,2031,0.0,0.0,0.18631626379720384,-0.2868283780049591,-0.13569236308343777,0.31330259950078965,,0,-0.05353923745441012
0,commit_gate,2031,0.0,0.0,0.08684596990970628,-0.44277480118184553,0.06277299506718287,0.036861988274649926,,0,-0.021288215705408686
0,commit_gate,2031,0.0,0.0,0.23632962805057833,-0.2737434696336881,-0.045053013304271264,-0.1361091609668743,,0,-0.06303243208347051
0,commit_gate,2031,0.0,0.0,-0.24754269979104693,0.37075844396283286,0.11558464735629273,-0.8259862480601177,,0,-0.03161710558223575
0,commit_gate,2031,0.0,0.0,-0.035163736461436945,0.15658602203133398,-0.10605356980128908,-0.7802959413323836,,0,-0.27308605129879304
0,commit_gate,2031,0.0,0.0,0.1231977590524218,-0.4168767854115202,0.13205614302995097,-0.404141022751507,,0,-0.026507004945775597
0,commit_gate,2031,0.0,0.0,0.10273485677697786,0.3513288363432773,-0.09688081669079518,-0.74999894407966,,0,-0.17200102752453547
0,commit_gate,2031,0.0,0.0,-0.013090082483146914,0.4216551912347666,-0.12893868354606336,-0.8075099557518162,,0,-0.23893275566850528
0,commit_gate,2031,0.0,0.0,-0.21087361925095793,-0.34008392139782284,0.1029692819011512,0.31729222948064506,,0,-0.13561100903434237
0,commit_gate,2031,0.0,0.0,-0.2172681570069221,0.3108853840027679,-0.08437578210308493,0.8343107050785301,,0,-0.11814739589674197
0,commit_gate,2031,0.0,0.0,0.17854695665205939,-0.4438756321523265,0.01529411115016352,-0.6977299565415498,,0,-0.2028545028403436
0,commit_gate,2031,0.0,0.0,0.07726669354380805,0.13774062240984086,0.13352727004458623,0.02909579767429915,,0,-0.1302651657197088
0,commit_gate,2031,0.0,0.0,0.18710394121383273,0.3686179697175588,-0.014019474719358327,-0.8007416270501262,,0,-0.10126770628886009
0,commit_gate,2031,0.0,0.0,0.048972261799093364,0.1313385331831709,-0.1067307445679048,-0.3287918720466534,,0,-0.10532529745696409
0,commit_gate,2031,0.0,0.0,0.09718291577752147,0.005872463345556023,0.011593024748510788,0.8024727635428832,,0,-0.19071065798811468
0,commit_gate,2031,0.0,0.0,0.14935170488128746,-0.22825866066070433,-0.018477079629208498,0.8933377939132572,,0,-0.1285032193408725
0,commit_gate,2031,0.0,0.0,0.20067413053531086,-0.12633436261752995,0.13885268365760403,0.23148772800943207,,0,-0.15470924927459268
0,commit_gate,2031,0.0,0.0,-0.08589425396771094,0.13351245123576228,-0.07198172220174581,0.13023504799854502,,0,-0.008165768806558438
0,commit_gate,2031,0.0,0.0,-0.05447144287086386,-0.07576520117734209,-0.08846130582813654,-0.6777708922035284,,0,-0.28222043865148516
0,commit_gate,2031,0.0,0.0,-0.21747418066798524,0.28640932106450523,-0.11237846207802576,-0.4280926413579471,,0,-0.14514641531953254
0,commit_gate,2031,0.0,0.0,-0.05216380534868992,-0.22703978591909113,-0.011007289099728285,-0.5554858405333485,,0,-0.1610180836002432
0,commit_gate,2031,0.0,0.0,0.03105329714463445,0.30896916347743897,-0.07959698733646935,-0.6980137769170842,,0,-0.14838065600771227
0,commit_gate,2031,0.0,0.0,-0.19657397761776896,0.186031639190528,-0.09673404053650989,-0.5648180890272156,,0,-0.193694113481102
0,commit_gate,2031,0.0,0.0,-0.24065859109650412,-0.03358991134538736,0.08494174947500269,-0.627427741652242,,0,-0.06444100628841812
0,commit_gate,2031,0.0,0.0,-0.16438692285361428,-0.07705859830215234,-0.09437117764258032,-0.060380711664147046,,0,-0.09299389736865679
0,commit_gate,2031,0.0,0.0,-0.21948801697981907,-0.429201148312808,-0.09017604969109227,0.9486938308081985,,0,-0.053983813924643125
0,commit_gate,2031,0.0,0.0,-0.2203960579142219,-0.4038488461308124,-0.1398016283202744,0.5512330483767147,,0,-0.0820856600737485
0,commit_gate,2031,0.0,0.0,-0.0009873401921921543,-0.08332778477370284,0.036001141293737715,0.3957285842005567,,0,-0.06257957158879399
0,commit_gate,2031,0.0,0.0,0.2303375008521033,0.3238000738487845,-0.1478056767727303,0.6569586795054065,,0,-0.08041730532593874
0,commit_gate,2031,0.0,0.0,0.227850678441546,-0.4460371563529001,-0.12204663784886981,0.34031384088368677,,0,-0.06306648116168737
0,commit_gate,2031,0.0,0.0,0.2274924967009811,0.39736651004177115,-0.13230561030604085,-0.9171359809818949,,0,-0.27411253047992123
0,commit_gate,2031,0.0,0.0,0.11694240802170658,0.23984145815095692,0.14438369093870743,0.5678026795051414,,0,-0.4323819777993492
0,commit_gate,2031,0.0,0.0,0.2457258071475672,-0.21488261959083332,0.038315898536961185,-0.7895688558206044,,0,-0.13199265390611475
0,commit_gate,2031,0.0,0.0,0.08430786495974618,-0.10895607224188542,0.04434566901735931,-0.9470092391609788,,0,-0.1640160893754597
0,commit_gate,2031,0.0,0.0,0.24717650707901756,-0.042475513854508096,-0.05002850584194453,0.6459609604524086,,0,-0.0841667737640911
0,commit_gate,2031,0.0,0.0,0.18558918665217328,0.197465699954667,0.1402031382125212,-0.08117756266642817,,0,-0.1426324215055644
0,commit_gate,2032,0.0,0.0,0.008367459450451809,0.112264267629136,-0.025505805762366246,0.9840330568368314,,0,-0.22097869041799467
0,commit_gate,2032,0.0,0.0,-0.1864171860319725,-0.25834647716187553,-0.11060540575936717,0.35773423293883067,,0,-0.05850320640008541
0,commit_gate,2032,0.0,0.0,-0.20366109945424188,0.2841634660303536,0.0897209301453448,0.22832577124943332,,0,-0.13736984736688354
0,commit_gate,2032,0.0,0.0,-0.20733308285993302,-0.02397936104058851,-0.010641318927114785,-0.5635161851876977,,0,-0.13596350415327602
0,commit_gate,2032,0.0,0.0,-0.2017684173697365,0.49274223679378937,-0.04197515345875004,-0.46473893672876265,,0,-0.047901990453440145
0,commit_gate,2032,0.0,0.0,0.09638989472669934,0.13130541528275663,-0.049527757258839955,-0.13947319219939724,,0,-0.04237298222340846
0,commit_gate,2032,0.0,0.0,-0.17167077945785825,-0.3093585094041926,-0.01631447319820245,-0.023030024907035207,,0,-0.0643402191668812
0,commit_gate,2032,0.0,0.0,-0.08846827591619444,0.4787430018856348,0.09557815176991791,-0.6442691955697661,,0,-0.024636333985949783
0,commit_gate,2032,0.0,0.0,-0.24263214384426413,0.4592575433995567,-0.04659935423082169,0.8930348063474585,,0,-0.22754445620640165
0,commit_gate,2032,0.0,0.0,-0.004075901659786163,0.350707700715706,-0.002463934842299592,-0.3881444932383227,,0,-0.058916248873456666
0,commit_gate,2032,0.0,0.0,-0.0055155840254163535,0.25220908338844383,-0.0171824870703845,-0.7044532273319046,,0,-0.09113216300124502
0,commit_gate,2032,0.0,0.0,0.1758520768405965,-0.0664346598679999,0.10959733380349987,-0.30229058052119595,,0,-0.018200737371154737
0,commit_gate,2032,0.0,0.0,0.12321084464730131,-0.23547928304079868,-0.12592058439601292,0.6503637799178794,,0,-0.02417512288330312
0,commit_gate,2032,0.0,0.0,0.04602596567933842,0.30167465619720657,0.09590450935538827,0.584415406085927,,0,-0.3385231019526369
0,commit_gate,2032,0.0,0.0,0.2089783149025276,0.07662012298435994,0.09665010891405842,0.008752578361251206,,0,-0.09059146516287556
0,commit_gate,2032,0.0,0.0,0.17503574940750427,-0.45444987710930873,0.06507797129550932,0.6174163542102524,,0,-0.10159811153483152
0,commit_gate,2032,0.0,0.0,-0.14736757146152718,0.2896404065813466,0.00686426178750954,0.09196397701471937,,0,-0.03260837062675464
0,commit_gate,2032,0.0,0.0,0.22625629338967296,-0.41724318697738905,-0.13587726539817796,0.7256744058189266,,0,-0.046740481152276116
0,commit_gate,2032,0.0,0.0,0.04158565721454649,-0.21396274179404817,-0.04856866055407734,0.2634864857914767,,0,-0.008936464425639909
0,commit_gate,2032,0.0,0.0,-0.2174158797852948,-0.2627353948709128,0.019808773451125916,0.6176378502993707,,0,-0.11353858807954507
0,commit_gate,2032,0.0,0.0,0.02280545884951579,0.3793168185543673,-0.0006454883047744553,0.1993706771828747,,0,-0.07973437041889607
0,commit_gate,2032,0.0,0.0,-0.061885346607069125,0.41813104039128157,-0.09809940995781084,-0.32335571362830007,,0,-0.06039035354128402
0,commit_gate,2032,0.0,0.0,0.18425302638319846,-0.18379902287720584,-0.07023529146192369,0.026446679546727525,,0,-0.04011587320523317
0,commit_gate,2032,0.0,0.0,-0.22830186029714528,-0.07446259371436525,0.1144998098008013,0.41813649981596623,,0,-0.14207455132370758
0,commit_gate,2032,0.0,0.0,0.0416969770121981,0.44144831788540373,0.04198110518606485,-0.2773927169166308,,0,-0.03762019641903669
0,commit_gate,2032,0.0,0.0,-0.006145111708868278,0.05275204584477733,0.11880155740849793,0.00457213393540723,,0,-0.07475112167378502
0,commit_gate,2032,0.0,0.0,0.16277111421400892,0.10029901714083311,0.04483622634218959,-0.7114426903009092,,0,-0.05791324605814628
0,commit_gate,2032,0.0,0.0,0.014667942510301846,-0.2821447137829929,-0.052050304653680546,0.3223045477500319,,0,-0.012513298321398088
0,commit_gate,2032,0.0,0.0,-0.06934258565612567,-0.40706592325006385,0.08728528241195943,-0.6408550616657391,,0,-0.12238344740146623
0,commit_gate,2032,0.0,0.0,-0.038121502975177246,0.22011668511728733,0.02752551202854836,-0.47931180393926587,,0,-0.021560574065810207
0,commit_gate,2032,0.0,0.0,0.16574472353629083,-0.31758928197572467,0.05315569680949392,-0.7036773435787596,,0,-0.1212504705002377
0,commit_gate,2032,0.0,0.0,-0.018017359950048384,-0.12296845750143603,-0.04124340171072652,-0.6529797398299428,,0,-0.20072789055963097
0,commit_gate,2032,0.0,0.0,0.11341385367645235,-0.1220746845368249,-0.09100078237413031,0.3371229740789443,,0,-0.018027144722249266
0,commit_gate,2032,0.0,0.0,0.20030989951519645,-0.21670738288848101,-0.07976366122090225,0.8022436406475562,,0,-0.05537831411732094
0,commit_gate,2032,0.0,0.0,-0.11689004685970539,0.382027756748203,-0.1459398908956392,-0.5885004417454933,,0,-0.20779970956212265
0,commit_gate,2032,0.0,0.0,0.15512068085384872,-0.49627344395082296,0.05327564867955836,-0.49070364152719836,,0,-0.107343427835937
0,commit_gate,2032,0.0,0.0,-0.11822150357914468,-0.26732384021897415,-0.09993121572448953,-0.20164783815716536,,0,-0.18820256316721903
0,commit_gate,2032,0.0,0.0,0.0872672183745466,-0.26433940034962355,-0.11118987182297488,0.9681223155347609,,0,-0.04762646311103802
0,commit_gate,2032,0.0,0.0,-0.19130599175002383,-0.4563809017599326,0.10992572107160589,0.5677707123902886,,0,-0.1255655402715961
0,commit_gate,2032,0.0,0.0,0.19918380707948863,0.09348858815376204,0.019040405623468704,-0.4163249679495007,,0,-0.04158590780772553
0,commit_gate,2032,0.0,0.0,-0.19521665322463932,0.39863883554629786,-0.027449273014267,0.884125676794137,,0,-0.24057502329283847
0,commit_gate,2032,0.0,0.0,-0.21145101085324552,0.426195577265821,0.10965556340877045,0.6338751866706402,,0,-0.3883089735774365
0,commit_gate,2032,0.0,0.0,0.23524119305888064,-0.18605301587227951,-0.017259657407084184,0.7552102687536919,,0,-0.11302191557176378
0,commit_gate,2032,0.0,0.0,-0.07795174140236638,-0.052156686094574245,0.018973160730771266,-0.34575111221894406,,0,-0.03792600420465239
0,commit_gate,2032,0.0,0.0,-0.033668255476272335,-0.1725734700847743,0.12180797050090028,0.18397839572361385,,0,-0.0775189721822704
0,commit_gate,2032,0.0,0.0,-0.16907494503910653,0.23722104006924416,0.07007530109779561,-0.5762368198749008,,0,-0.02112057791030817
0,commit_gate,2032,0.0,0.0,-0.1116410955988063,-0.3693972214385036,0.0862563787812691,0.3015043416579235,,0,-0.1072233341915025
0,commit_gate,2032,0.0,0.0,-0.07837595298441319,0.37253283428954154,-0.07735196052146998,-0.9144132346240312,,0,-0.21940663278978045
0,commit_gate,2032,0.0,0.0,0.020648917744697515,-0.2768512080963187,-0.03599791079812287,-0.864633546656101,,0,-0.33210131119706826
0,commit_gate,2032,0.0,0.0,0.10779974980913615,0.45352466690669246,0.05704146306322483,0.7652887576478549,,0,-0.43871440448716553
0,commit_gate,2032,0.0,0.0,-0.05492988691717732,-0.45210726251745426,0.07565932482984802,0.22343058428073603,,0,-0.04771007144597952
0,commit_gate,2032,0.0,0.0,0.05760719150630317,-0.478075768445674,-0.08408812524389637,-0.2052038236222058,,0,-0.2004814054599147
0,commit_gate,2032,0.0,0.0,0.07746894116645775,-0.07227642188967187,0.12935553217254317,-0.4806520332439179,,0,-0.018355186239609918
0,commit_gate,2032,0.0,0.0,-0.1490751082051605,0.44103556705253666,0.10387619763869746,0.8187191625190255,,0,-0.5048720139560907
0,commit_gate,2032,0.0,0.0,-0.0012888644638468505,0.41763418648714234,-0.0671543354818394,0.05500901708232453,,0,-0.020293286983024905
0,commit_gate,2032,0.0,0.0,0.11850139309741575,-0.3928972659639173,0.05567739293032156,0.2900311677074996,,0,-0.03228426362786546
0,commit_gate,2032,0.0,0.0,-0.015159602126216698,0.4515321759110219,0.12424154352404201,0.3693094253031648,,0,-0.3409123318015977
0,commit_gate,2032,0.0,0.0,0.1781165756382211,0.3058392605380067,-0.021065972431829505,-0.4778888566778223,,0,-0.07158162880239077
0,commit_gate,2032,0.0,0.0,-0.1547048879709515,0.24897307011132663,0.1213954211941882,0.8111122204893226,,0,-0.44845991071561037
0,commit_gate,2032,0.0,0.0,-0.002120161786173469,-0.17184976597372892,0.04852499662286619,0.021724098713244544,,0,-0.020396777452154256
0,commit_gate,2032,0.0,0.0,-0.21856429263863109,0.17016032302355666,0.011770348305949863,0.008013635662230678,,0,-0.02155085201155661
0,commit_gate,2032,0.0,0.0,-0.06282171311026047,0.19563174742521983,-0.07618915969692491,0.3815588884528256,,0,-0.01977620353633406
0,commit_gate,2032,0.0,0.0,0.005974131748530842,-0.3899524505841978,-0.030036990553484702,0.8587715674402359,,0,-0.06686993739939391
0,commit_gate,2032,0.0,0.0,0.09427643744582331,-0.3984982074180845,0.11241397167920689,-0.48779650889385207,,0,-0.0426100208829308
0,always_freeze,2030,0.0,0.0,-0.05184600350204882,0.30607942143937183,0.10099304756404573,-0.2530248106604298,,0,-0.04760913519382071
0,always_freeze,2030,0.0,0.0,-0.1746701675661021,-0.0960382503057311,-0.07758359458311934,-0.9072980629069103,,0,-0.41813159577531506
0,always_freeze,2030,0.0,0.0,0.10087321247067488,-0.1781914725731859,0.10810903795123564,0.4947797228192494,,0,-0.1685355047908323
0,always_freeze,2030,0.0,0.0,-0.11061107803132053,-0.15683820569066687,0.029557280869386304,0.5523579826519649,,0,-0.07533818208388152
0,always_freeze,2030,0.0,0.0,-0.11244633322915232,-0.2523323291940618,-0.08078175843615758,0.7014294184526371,,0,-0.037163434842123214
0,always_freeze,2030,0.0,0.0,-0.03249481063765236,0.297320955958965,0.08713878784359438,-0.24534403441657937,,0,-0.03893716625266705
0,always_freeze,2030,0.0,0.0,-0.2128657522118897,-0.3795630479155544,0.018756430666800133,0.6211744595695985,,0,-0.10626370270035602
0,always_freeze,2030,0.0,0.0,-0.04125832193110157,-0.0887831501503984,-0.08845466779033351,-0.6387509190747986,,0,-0.26658607645313376
0,always_freeze,2030,0.0,0.0,-0.1961992408789655,-0.2083538592638955,-0.007986654650933678,-0.6154045455662835,,0,-0.20321019456063347
0,always_freeze,2030,0.0,0.0,-0.16562323687385,-0.2733998816963822,-0.10837784863116101,-0.33998648124044517,,0,-0.2725393772590639
0,always_freeze,2030,0.0,0.0,-0.2393439382184675,0.0717705870988169,0.09286956528659143,-0.9550839743869992,,0,-0.11508348551904585
0,always_freeze,2030,0.0,0.0,-0.1293965880091248,0.02752419448843768,0.14113885165268072,0.9944181516349018,,0,-0.5222112986810301
0,always_freeze,2030,0.0,0.0,-0.24871107746498927,-0.29938154133106964,0.025446922056065135,0.40658082299074727,,0,-0.045643421760897314
0,always_freeze,2030,0.0,0.0,-0.08221678174018854,0.17139958868425698,-0.03823551044323044,0.058579013211461195,,0,-0.00880645683371097
0,always_freeze,2030,0.0,0.0,-0.0583582840637652,0.2194612905757084,-0.07634937683435745,0.3653484228930721,,0,-0.02055934036271315
0,always_freeze,2030,0.0,0.0,-0.04988577268458283,-0.07789351033620806,0.0793096184914518,0.439263667930472,,0,-0.11607382380851164
0,always_freeze,2030,0.0,0.0,-0.24910183637657646,0.44845897341128094,0.036456235280835,-0.8651716035641965,,0,-0.07645533018065843
0,always_freeze,2030,0.0,0.0,-0.012014557874164,0.01692531270132336,-0.1488798447885841,0.4777890790089574,,0,-0.01618716936395602
0,always_freeze,2030,0.0,0.0,0.07135007270608962,0.19457424037197468,-0.0678098459052404,0.46840836436307964,,0,-0.04945150044327589
0,always_freeze,2030,0.0,0.0,-0.010332518879528907,0.2955235774800139,-0.10406964857029463,0.2144724089766188,,0,-0.013406534857786107
0,always_freeze,2030,0.0,0.0,-0.16372352617243813,0.39306591204031316,0.1481721978303123,-0.6748941429681388,,0,-0.03215009790846976
0,always_freeze,2030,0.0,0.0,-0.07900715659985724,0.34110492262895664,0.0651917415315823,0.06022892227747434,,0,-0.08798412492103726
0,always_freeze,2030,0.0,0.0,-0.05477919429534028,0.0928960523511676,-0.04417563996210884,-0.40160684783356126,,0,-0.07533248798530766
0,always_freeze,2030,0.0,0.0,0.08546167953971262,-0.3133598337615493,-0.0525314198288976,-0.6335436313154903,,0,-0.25590463521181234
0,always_freeze,2030,0.0,0.0,0.19777029486169678,0.36649577401099176,0.11499320740060989,0.5603658954529374,,0,-0.4462152435606699
0,always_freeze,2030,0.0,0.0,-0.15214140323953612,-0.46337065588170534,-0.026757446180497343,0.5380984358701089,,0,-0.03076718153147321
0,always_freeze,2030,0.0,0.0,0.22865119423133778,-0.45714569075357037,-0.1457865575881901,0.9773209857901659,,0,-0.03756283476339769
0,always_freeze,2030,0.0,0.0,-0.23202367017315628,-0.003566724635694296,0.001562438412149314,0.40745027430264824,,0,-0.07461706557956634
0,always_freeze,2030,0.0,0.0,-0.1163189765726666,0.3732638918786515,-0.03942925647658095,0.12384672478393144,,0,-0.02488651820688378
0,always_freeze,2030,0.0,0.0,0.17497647362832425,0.04009854363336052,0.04049765122913601,0.003291045139735882,,0,-0.03095563801742963
0,always_freeze,2030,0.0,0.0,0.21117851654077502,-0.038140109587037174,-0.021662473564537987,-0.6905630402341905,,0,-0.1339089066228031
0,always_freeze,2030,0.0,0.0,0.08111152296731428,0.39398162322906694,-0.07317993963361681,-0.23996179617651547,,0,-0.059094192441391774
0,always_freeze,2030,0.0,0.0,-0.23512842594624062,-0.07925923036509064,0.044190096590837336,-0.7469962832660819,,0,-0.14687465348052262
0,always_freeze,2030,0.0,0.0,0.14288723007155796,-0.3677795924230466,0.08212546185605069,-0.4235124635062011,,0,-0.04269853343026852
0,always_freeze,2030,0.0,0.0,0.021032964973469737,-0.02631751023522033,-0.03597850764534562,0.6941167096109981,,0,-0.0787252750755936
0,always_freeze,2030,0.0,0.0,-0.1000126504446634,-0.3157118928679221,0.07853218318496319,0.04168884941597595,,0,-0.020808025987212906
0,always_freeze,2030,0.0,0.0,0.15265004930217052,-0.36443176343201233,0.057010322604900104,-0.24333297120016706,,0,-0.029606479605007213
0,always_freeze,2030,0.0,0.0,0.1728960900835289,0.4978108002253202,0.1347512880915044,0.512138613039256,,0,-0.5221561498379641
0,always_freeze,2030,0.0,0.0,-0.13794172072230004,0.2523563335356085,-0.07627609400165962,0.6374054670125864,,0,-0.06812086030440198
0,always_freeze,2030,0.0,0.0,0.12232806968614085,0.2790916470408108,0.05126162458101299,-0.052528483320705366,,0,-0.06297359672674088
0,always_freeze,2030,0.0,0.0,0.04411692908133491,0.14370649656475665,-0.1424939375835341,-0.8807516257527177,,0,-0.39393667971376006
0,always_freeze,2030,0.0,0.0,-0.04818470777040351,0.03507477552719762,-0.03121113869144833,-0.38954138036986174,,0,-0.06970477836697687
0,always_freeze,2030,0.0,0.0,-0.061741698435153536,-0.21738020529300228,-0.14814469312178866,0.09411456277199148,,0,-0.13046421917922865
0,always_freeze,2030,0.0,0.0,0.10798219580122403,-0.013327890407098142,0.11522885326154489,-0.4347669778331049,,0,-0.009963656023544471
0,always_freeze,2030,0.0,0.0,0.02964323930949897,-0.33728262282208876,0.020995901843503167,0.03545891479456542,,0,-0.015796377140909895
0,always_freeze,2030,0.0,0.0,-0.19127657643298324,-0.006366838994584345,-0.12025766177631131,0.371870969733503,,0,-0.024746464230316904
0,always_freeze,2030,0.0,0.0,0.06228276560775298,-0.11416833641517976,-0.10040857881207688,0.3364488398021621,,0,-0.014941690220460251
0,always_freeze,2030,0.0,0.0,-0.004513231278477359,0.19063809501508655,-0.12717927829649459,0.16192327587643685,,0,-0.024696960288269763
0,always_freeze,2030,0.0,0.0,0.08751556538446681,-0.05232433589254193,-0.05577903904144785,0.3963749067973721,,0,-0.013907894600495787
0,always_freeze,2030,0.0,0.0,-0.12005219468295641,0.2312462372416506,-0.14256012243204116,-0.1574196787062363,,0,-0.09786954729266875
0,always_freeze,2030,0.0,0.0,0.03406304572905289,-0.10366774974351156,0.0922263507368278,0.619401797543425,,0,-0.19926677922575092
0,always_freeze,2030,0.0,0.0,-0.22576549038460858,0.4785897534640512,0.024075450510955165,0.3924311236153992,,0,-0.1560253124301758
0,always_freeze,2030,0.0,0.0,0.1540769353616137,0.2737429839829577,0.10063374135746586,0.513495678515373,,0,-0.33272242138733077
0,always_freeze,2030,0.0,0.0,0.039467936271113946,-0.43108336076345866,-0.0020020605007881054,-0.46518989307802516,,0,-0.1638109788960493
0,always_freeze,2030,0.0,0.0,0.06205152188869095,-0.464544024075189,0.03995502402254755,-0.3786386870963008,,0,-0.09424161668138364
0,always_freeze,2030,0.0,0.0,-0.13371271560443138,-0.2805805024807255,-0.023090921287984234,-0.7598913679230228,,0,-0.29867872875637136
0,always_freeze,2030,0.0,0.0,-0.19783396007151605,-0.09498100989584568,0.08431783029709747,0.6849151318630617,,0,-0.18580974605815984
0,always_freeze,2030,0.0,0.0,-0.04794666198426195,0.21103313285010683,-0.04749904442938542,0.2746714753603463,,0,-0.021857011978463486
0,always_freeze,2030,0.0,0.0,0.18459989159238321,-0.29048621819121834,0.13687854976409183,-0.38116787349079484,,0,-0.02385997578995873
0,always_freeze,2030,0.0,0.0,-0.052596513525193234,0.3728039044424841,0.04544368088243514,0.2619753303164607,,0,-0.13458882216530477
0,always_freeze,2030,0.0,0.0,-0.13023886920061645,-0.4000915140241518,0.11025984943854675,0.26190545607406035,,0,-0.12121120988329162
0,always_freeze,2030,0.0,0.0,0.07363891060096278,0.39055726666343815,-0.0006869946930977144,-0.3965470574024279,,0,-0.02268653484994571
0,always_freeze,2030,0.0,0.0,-0.0604382319260936,0.27485034661966123,0.06813537822018145,0.16366773976564253,,0,-0.10537344128901144
0,always_freeze,2030,0.0,0.0,-0.05218653577595406,-0.05363362003716077,-0.05397920266786094,0.007692874763531199,,0,-0.025553512308488614
0,always_freeze,2031,0.0,0.0,-0.05719559306725752,0.029977481420147667,0.12842040260494766,0.2967636762235082,,0,-0.16104492078671928
0,always_freeze,2031,0.0,0.0,0.00041479846092579153,0.2721927656375751,0.11014879009583631,0.3854936434772629,,0,-0.2529237814122108
0,always_freeze,2031,0.0,0.0,-0.07587045350273108,-0.25069801024430605,0.08963116482608541,0.38660453020354213,,0,-0.08026297592362208
0,always_freeze,2031,0.0,0.0,-0.16072924027203384,0.4939430909001882,-0.1358630047616157,-0.8812733049729311,,0,-0.29077490467531547
0,always_freeze,2031,0.0,0.0,0.24478606058792612,0.21544858332038674,-0.06602284886490674,0.9546284718587277,,0,-0.23813274678092838
0,always_freeze,2031,0.0,0.0,-0.06766414239262963,-0.38218468219959956,-0.032598289634361816,0.987348958235774,,0,-0.09226181858930493
0,always_freeze,2031,0.0,0.0,-0.10924017350661602,0.3754688310904263,-0.1395799529012843,0.863510397476903,,0,-0.09555946414039529
0,always_freeze,2031,0.0,0.0,-0.13533111001840514,-0.04147778849238515,0.14068175335234165,0.12043226304240329,,0,-0.09863218104657782
0,always_freeze,2031,0.0,0.0,0.07978135920252649,-0.023029679336416975,-0.06538883311653178,-0.9965905229899363,,0,-0.34001002064366886
0,always_freeze,2031,0.0,0.0,0.24791850639542956,-0.37942870206141854,-0.07364437009577098,0.5677461484354571,,0,-0.023721255448348088
0,always_freeze,2031,0.0,0.0,-0.00019031193364671406,-0.002740967741479361,-0.038986250374450485,0.24015787853474557,,0,-0.009126420269792839
0,always_freeze,2031,0.0,0.0,-0.09187037674143367,-0.3189788131123753,-0.0024639503641179505,-0.8352063207937217,,0,-0.29921882716104414
0,always_freeze,2031,0.0,0.0,0.08457043881961968,0.43130667197173067,-0.022205297391200696,-0.2903455258061334,,0,-0.022462201304591818
0,always_freeze,2031,0.0,0.0,0.043297730134621626,-0.26430226555847003,-0.013176510592217555,0.20956588122333253,,0,-0.012873144609590966
0,always_freeze,2031,0.0,0.0,-0.10094702247921938,-0.36775367605226494,0.09169644069195076,-0.18779302771909512,,0,-0.02740460457131069
0,always_freeze,2031,0.0,0.0,0.1884744089590798,-0.18925371788006506,0.0909228694650712,-0.8298318940671692,,0,-0.0857972193346466
0,always_freeze,2031,0.0,0.0,0.009440229344430062,-0.135091109056364,-0.03635134315064523,-0.739372215805318,,0,-0.225867199697115
0,always_freeze,2031,0.0,0.0,0.07521640816545822,-0.3415091287433899,0.07555238392778321,0.7646136173184206,,0,-0.16978595188133394
0,always_freeze,2031,0.0,0.0,-0.08952153948342478,0.19379466813065394,-0.08336120587227071,0.8171416305483021,,0,-0.09857768114873357
0,always_freeze,2031,0.0,0.0,0.08713994647273327,-0.025246928221083098,-0.038656775628084034,-0.17415188676743076,,0,-0.03257278683334494
0,always_freeze,2031,0.0,0.0,-0.21842331465768017,0.08360161299281577,-0.027927589315817514,-0.021641587680241603,,0,-0.018718785425406635
0,always_freeze,2031,0.0,0.0,-0.23817768139675016,0.32912885268562886,-0.0454553087606549,0.5842483877496001,,0,-0.0931753390985668
0,always_freeze,2031,0.0,0.0,0.0035549008617828393,-0.13584934794824965,-0.020728546539534237,-0.43703856431753074,,0,-0.10162335993105871
0,always_freeze,2031,0.0,0.0,0.06809837093073917,-0.0930635512668826,0.018350245073017635,-0.9734092402142873,,0,-0.20772199480951326
0,always_freeze,2031,0.0,0.0,0.05974480105472729,-0.18686403018196263,0.023105223860972524,-0.45029444570361776,,0,-0.06550063486019858
0,always_freeze,2031,0.0,0.0,0.21004191179998616,-0.051135912337605394,0.08308904019903207,0.2946149937151734,,0,-0.1231214368098157
0,always_freeze,2031,0.0,0.0,0.10503274783308614,-0.36169591995039485,-0.08476374293807364,0.024535690726771753,,0,-0.08839506939497396
0,always_freeze,2031,0.0,0.0,0.18631626379720384,-0.2868283780049591,-0.13569236308343777,0.31330259950078965,,0,-0.05353923745441012
0,always_freeze,2031,0.0,0.0,0.08684596990970628,-0.44277480118184553,0.06277299506718287,0.036861988274649926,,0,-0.021288215705408686
0,always_freeze,2031,0.0,0.0,0.23632962805057833,-0.2737434696336881,-0.045053013304271264,-0.1361091609668743,,0,-0.06303243208347051
0,always_freeze,2031,0.0,0.0,-0.24754269979104693,0.37075844396283286,0.11558464735629273,-0.8259862480601177,,0,-0.03161710558223575
0,always_freeze,2031,0.0,0.0,-0.035163736461436945,0.15658602203133398,-0.10605356980128908,-0.7802959413323836,,0,-0.27308605129879304
0,always_freeze,2031,0.0,0.0,0.1231977590524218,-0.4168767854115202,0.13205614302995097,-0.404141022751507,,0,-0.026507004945775597
0,always_freeze,2031,0.0,0.0,0.10273485677697786,0.3513288363432773,-0.09688081669079518,-0.74999894407966,,0,-0.17200102752453547
0,always_freeze,2031,0.0,0.0,-0.013090082483146914,0.4216551912347666,-0.12893868354606336,-0.8075099557518162,,0,-0.23893275566850528
0,always_freeze,2031,0.0,0.0,-0.21087361925095793,-0.34008392139782284,0.1029692819011512,0.31729222948064506,,0,-0.13561100903434237
0,always_freeze,2031,0.0,0.0,-0.2172681570069221,0.3108853840027679,-0.08437578210308493,0.8343107050785301,,0,-0.11814739589674197
0,always_freeze,2031,0.0,0.0,0.17854695665205939,-0.4438756321523265,0.01529411115016352,-0.6977299565415498,,0,-0.2028545028403436
0,always_freeze,2031,0.0,0.0,0.07726669354380805,0.13774062240984086,0.13352727004458623,0.02909579767429915,,0,-0.1302651657197088
0,always_freeze,2031,0.0,0.0,0.18710394121383273,0.3686179697175588,-0.014019474719358327,-0.8007416270501262,,0,-0.10126770628886009
0,always_freeze,2031,0.0,0.0,0.048972261799093364,0.1313385331831709,-0.1067307445679048,-0.3287918720466534,,0,-0.10532529745696409
0,always_freeze,2031,0.0,0.0,0.09718291577752147,0.005872463345556023,0.011593024748510788,0.8024727635428832,,0,-0.19071065798811468
0,always_freeze,2031,0.0,0.0,0.14935170488128746,-0.22825866066070433,-0.018477079629208498,0.8933377939132572,,0,-0.1285032193408725
0,always_freeze,2031,0.0,0.0,0.20067413053531086,-0.12633436261752995,0.13885268365760403,0.23148772800943207,,0,-0.15470924927459268
0,always_freeze,2031,0.0,0.0,-0.08589425396771094,0.13351245123576228,-0.07198172220174581,0.13023504799854502,,0,-0.008165768806558438
0,always_freeze,2031,0.0,0.0,-0.05447144287086386,-0.07576520117734209,-0.08846130582813654,-0.6777708922035284,,0,-0.28222043865148516
0,always_freeze,2031,0.0,0.0,-0.21747418066798524,0.28640932106450523,-0.11237846207802576,-0.4280926413579471,,0,-0.14514641531953254
0,always_freeze,2031,0.0,0.0,-0.05216380534868992,-0.22703978591909113,-0.011007289099728285,-0.5554858405333485,,0,-0.1610180836002432
0,always_freeze,2031,0.0,0.0,0.03105329714463445,0.30896916347743897,-0.07959698733646935,-0.6980137769170842,,0,-0.14838065600771227
0,always_freeze,2031,0.0,0.0,-0.19657397761776896,0.186031639190528,-0.09673404053650989,-0.5648180890272156,,0,-0.193694113481102
0,always_freeze,2031,0.0,0.0,-0.24065859109650412,-0.03358991134538736,0.08494174947500269,-0.627427741652242,,0,-0.06444100628841812
0,always_freeze,2031,0.0,0.0,-0.16438692285361428,-0.07705859830215234,-0.09437117764258032,-0.060380711664147046,,0,-0.09299389736865679
0,always_freeze,2031,0.0,0.0,-0.21948801697981907,-0.429201148312808,-0.09017604969109227,0.9486938308081985,,0,-0.053983813924643125
0,always_freeze,2031,0.0,0.0,-0.2203960579142219,-0.4038488461308124,-0.1398016283202744,0.5512330483767147,,0,-0.0820856600737485
0,always_freeze,2031,0.0,0.0,-0.0009873401921921543,-0.08332778477370284,0.036001141293737715,0.3957285842005567,,0,-0.06257957158879399
0,always_freeze,2031,0.0,0.0,0.2303375008521033,0.3238000738487845,-0.1478056767727303,0.6569586795054065,,0,-0.08041730532593874
0,always_freeze,2031,0.0,0.0,0.227850678441546,-0.4460371563529001,-0.12204663784886981,0.34031384088368677,,0,-0.06306648116168737
0,always_freeze,2031,0.0,0.0,0.2274924967009811,0.39736651004177115,-0.13230561030604085,-0.9171359809818949,,0,-0.27411253047992123
0,always_freeze,2031,0.0,0.0,0.11694240802170658,0.23984145815095692,0.14438369093870743,0.5678026795051414,,0,-0.4323819777993492
0,always_freeze,2031,0.0,0.0,0.2457258071475672,-0.21488261959083332,0.038315898536961185,-0.7895688558206044,,0,-0.13199265390611475
0,always_freeze,2031,0.0,0.0,0.08430786495974618,-0.10895607224188542,0.04434566901735931,-0.9470092391609788,,0,-0.1640160893754597
0,always_freeze,2031,0.0,0.0,0.24717650707901756,-0.042475513854508096,-0.05002850584194453,0.6459609604524086,,0,-0.0841667737640911
0,always_freeze,2031,0.0,0.0,0.18558918665217328,0.197465699954667,0.1402031382125212,-0.08117756266642817,,0,-0.1426324215055644
0,always_freeze,2032,0.0,0.0,0.008367459450451809,0.112264267629136,-0.025505805762366246,0.9840330568368314,,0,-0.22097869041799467
0,always_freeze,2032,0.0,0.0,-0.1864171860319725,-0.25834647716187553,-0.11060540575936717,0.35773423293883067,,0,-0.05850320640008541
0,always_freeze,2032,0.0,0.0,-0.20366109945424188,0.2841634660303536,0.0897209301453448,0.22832577124943332,,0,-0.13736984736688354
0,always_freeze,2032,0.0,0.0,-0.20733308285993302,-0.02397936104058851,-0.010641318927114785,-0.5635161851876977,,0,-0.13596350415327602
0,always_freeze,2032,0.0,0.0,-0.2017684173697365,0.49274223679378937,-0.04197515345875004,-0.46473893672876265,,0,-0.047901990453440145
0,always_freeze,2032,0.0,0.0,0.09638989472669934,0.13130541528275663,-0.049527757258839955,-0.13947319219939724,,0,-0.04237298222340846
0,always_freeze,2032,0.0,0.0,-0.17167077945785825,-0.3093585094041926,-0.01631447319820245,-0.023030024907035207,,0,-0.0643402191668812
0,always_freeze,2032,0.0,0.0,-0.08846827591619444,0.4787430018856348,0.09557815176991791,-0.6442691955697661,,0,-0.024636333985949783
0,always_freeze,2032,0.0,0.0,-0.24263214384426413,0.4592575433995567,-0.04659935423082169,0.8930348063474585,,0,-0.22754445620640165
0,always_freeze,2032,0.0,0.0,-0.004075901659786163,0.350707700715706,-0.002463934842299592,-0.3881444932383227,,0,-0.058916248873456666
0,always_freeze,2032,0.0,0.0,-0.0055155840254163535,0.25220908338844383,-0.0171824870703845,-0.7044532273319046,,0,-0.09113216300124502
0,always_freeze,2032,0.0,0.0,0.1758520768405965,-0.0664346598679999,0.10959733380349987,-0.30229058052119595,,0,-0.018200737371154737
0,always_freeze,2032,0.0,0.0,0.12321084464730131,-0.23547928304079868,-0.12592058439601292,0.6503637799178794,,0,-0.02417512288330312
0,always_freeze,2032,0.0,0.0,0.04602596567933842,0.30167465619720657,0.09590450935538827,0.584415406085927,,0,-0.3385231019526369
0,always_freeze,2032,0.0,0.0,0.2089783149025276,0.07662012298435994,0.09665010891405842,0.008752578361251206,,0,-0.09059146516287556
0,always_freeze,2032,0.0,0.0,0.17503574940750427,-0.45444987710930873,0.06507797129550932,0.6174163542102524,,0,-0.10159811153483152
0,always_freeze,2032,0.0,0.0,-0.14736757146152718,0.2896404065813466,0.00686426178750954,0.09196397701471937,,0,-0.03260837062675464
0,always_freeze,2032,0.0,0.0,0.22625629338967296,-0.41724318697738905,-0.13587726539817796,0.7256744058189266,,0,-0.046740481152276116
0,always_freeze,2032,0.0,0.0,0.04158565721454649,-0.21396274179404817,-0.04856866055407734,0.2634864857914767,,0,-0.008936464425639909
0,always_freeze,2032,0.0,0.0,-0.2174158797852948,-0.2627353948709128,0.019808773451125916,0.6176378502993707,,0,-0.11353858807954507
0,always_freeze,2032,0.0,0.0,0.02280545884951579,0.3793168185543673,-0.0006454883047744553,0.1993706771828747,,0,-0.07973437041889607
0,always_freeze,2032,0.0,0.0,-0.061885346607069125,0.41813104039128157,-0.09809940995781084,-0.32335571362830007,,0,-0.06039035354128402
0,always_freeze,2032,0.0,0.0,0.18425302638319846,-0.18379902287720584,-0.07023529146192369,0.026446679546727525,,0,-0.04011587320523317
0,always_freeze,2032,0.0,0.0,-0.22830186029714528,-0.07446259371436525,0.1144998098008013,0.41813649981596623,,0,-0.14207455132370758
0,always_freeze,2032,0.0,0.0,0.0416969770121981,0.44144831788540373,0.04198110518606485,-0.2773927169166308,,0,-0.03762019641903669
0,always_freeze,2032,0.0,0.0,-0.006145111708868278,0.05275204584477733,0.11880155740849793,0.00457213393540723,,0,-0.07475112167378502
0,always_freeze,2032,0.0,0.0,0.16277111421400892,0.10029901714083311,0.04483622634218959,-0.7114426903009092,,0,-0.05791324605814628
0,always_freeze,2032,0.0,0.0,0.014667942510301846,-0.2821447137829929,-0.052050304653680546,0.3223045477500319,,0,-0.012513298321398088
0,always_freeze,2032,0.0,0.0,-0.06934258565612567,-0.40706592325006385,0.08728528241195943,-0.6408550616657391,,0,-0.12238344740146623
0,always_freeze,2032,0.0,0.0,-0.038121502975177246,0.22011668511728733,0.02752551202854836,-0.47931180393926587,,0,-0.021560574065810207
0,always_freeze,2032,0.0,0.0,0.16574472353629083,-0.31758928197572467,0.05315569680949392,-0.7036773435787596,,0,-0.1212504705002377
0,always_freeze,2032,0.0,0.0,-0.018017359950048384,-0.12296845750143603,-0.04124340171072652,-0.6529797398299428,,0,-0.20072789055963097
0,always_freeze,2032,0.0,0.0,0.11341385367645235,-0.1220746845368249,-0.09100078237413031,0.3371229740789443,,0,-0.018027144722249266
0,always_freeze,2032,0.0,0.0,0.20030989951519645,-0.21670738288848101,-0.07976366122090225,0.8022436406475562,,0,-0.05537831411732094
0,always_freeze,2032,0.0,0.0,-0.11689004685970539,0.382027756748203,-0.1459398908956392,-0.5885004417454933,,0,-0.20779970956212265
0,always_freeze,2032,0.0,0.0,0.15512068085384872,-0.49627344395082296,0.05327564867955836,-0.49070364152719836,,0,-0.107343427835937
0,always_freeze,2032,0.0,0.0,-0.11822150357914468,-0.26732384021897415,-0.09993121572448953,-0.20164783815716536,,0,-0.18820256316721903
0,always_freeze,2032,0.0,0.0,0.0872672183745466,-0.26433940034962355,-0.11118987182297488,0.9681223155347609,,0,-0.04762646311103802
0,always_freeze,2032,0.0,0.0,-0.19130599175002383,-0.4563809017599326,0.10992572107160589,0.5677707123902886,,0,-0.1255655402715961
0,always_freeze,2032,0.0,0.0,0.19918380707948863,0.09348858815376204,0.019040405623468704,-0.4163249679495007,,0,-0.04158590780772553
0,always_freeze,2032,0.0,0.0,-0.19521665322463932,0.39863883554629786,-0.027449273014267,0.884125676794137,,0,-0.24057502329283847
0,always_freeze,2032,0.0,0.0,-0.21145101085324552,0.426195577265821,0.10965556340877045,0.6338751866706402,,0,-0.3883089735774365
0,always_freeze,2032,0.0,0.0,0.23524119305888064,-0.18605301587227951,-0.017259657407084184,0.7552102687536919,,0,-0.11302191557176378
0,always_freeze,2032,0.0,0.0,-0.07795174140236638,-0.052156686094574245,0.018973160730771266,-0.34575111221894406,,0,-0.03792600420465239
0,always_freeze,2032,0.0,0.0,-0.033668255476272335,-0.1725734700847743,0.12180797050090028,0.18397839572361385,,0,-0.0775189721822704
0,always_freeze,2032,0.0,0.0,-0.16907494503910653,0.23722104006924416,0.07007530109779561,-0.5762368198749008,,0,-0.02112057791030817
0,always_freeze,2032,0.0,0.0,-0.1116410955988063,-0.3693972214385036,0.0862563787812691,0.3015043416579235,,0,-0.1072233341915025
0,always_freeze,2032,0.0,0.0,-0.07837595298441319,0.37253283428954154,-0.07735196052146998,-0.9144132346240312,,0,-0.21940663278978045
0,always_freeze,2032,0.0,0.0,0.020648917744697515,-0.2768512080963187,-0.03599791079812287,-0.864633546656101,,0,-0.33210131119706826
0,always_freeze,2032,0.0,0.0,0.10779974980913615,0.45352466690669246,0.05704146306322483,0.7652887576478549,,0,-0.43871440448716553
0,always_freeze,2032,0.0,0.0,-0.05492988691717732,-0.45210726251745426,0.07565932482984802,0.22343058428073603,,0,-0.04771007144597952
0,always_freeze,2032,0.0,0.0,0.05760719150630317,-0.478075768445674,-0.08408812524389637,-0.2052038236222058,,0,-0.2004814054599147
0,always_freeze,2032,0.0,0.0,0.07746894116645775,-0.07227642188967187,0.12935553217254317,-0.4806520332439179,,0,-0.018355186239609918
0,always_freeze,2032,0.0,0.0,-0.1490751082051605,0.44103556705253666,0.10387619763869746,0.8187191625190255,,0,-0.5048720139560907
0,always_freeze,2032,0.0,0.0,-0.0012888644638468505,0.41763418648714234,-0.0671543354818394,0.05500901708232453,,0,-0.020293286983024905
0,always_freeze,2032,0.0,0.0,0.11850139309741575,-0.3928972659639173,0.05567739293032156,0.2900311677074996,,0,-0.03228426362786546
0,always_freeze,2032,0.0,0.0,-0.015159602126216698,0.4515321759110219,0.12424154352404201,0.3693094253031648,,0,-0.3409123318015977
0,always_freeze,2032,0.0,0.0,0.1781165756382211,0.3058392605380067,-0.021065972431829505,-0.4778888566778223,,0,-0.07158162880239077
0,always_freeze,2032,0.0,0.0,-0.1547048879709515,0.24897307011132663,0.1213954211941882,0.8111122204893226,,0,-0.44845991071561037
0,always_freeze,2032,0.0,0.0,-0.002120161786173469,-0.17184976597372892,0.04852499662286619,0.021724098713244544,,0,-0.020396777452154256
0,always_freeze,2032,0.0,0.0,-0.21856429263863109,0.17016032302355666,0.011770348305949863,0.008013635662230678,,0,-0.02155085201155661
0,always_freeze,2032,0.0,0.0,-0.06282171311026047,0.19563174742521983,-0.07618915969692491,0.3815588884528256,,0,-0.01977620353633406
0,always_freeze,2032,0.0,0.0,0.005974131748530842,-0.3899524505841978,-0.030036990553484702,0.8587715674402359,,0,-0.06686993739939391
0,always_freeze,2032,0.0,0.0,0.09427643744582331,-0.3984982074180845,0.11241397167920689,-0.48779650889385207,,0,-0.0426100208829308
4,action_only,2030,8.0,-2.0,-0.05184600350204882,0.30607942143937183,0.10099304756404573,-0.2530248106604298,,0,-0.23672587105547127
4,action_only,2030,8.0,-2.0,-0.1746701675661021,-0.0960382503057311,-0.07758359458311934,-0.9072980629069103,,0,-0.555726246771835
4,action_only,2030,8.0,-2.0,0.10087321247067488,-0.1781914725731859,0.10810903795123564,0.4947797228192494,,0,-0.35177943256708055
4,action_only,2030,8.0,-2.0,-0.11061107803132053,-0.15683820569066687,0.029557280869386304,0.5523579826519649,,0,-0.2549704948872888
4,action_only,2030,8.0,-2.0,-0.11244633322915232,-0.2523323291940618,-0.08078175843615758,0.7014294184526371,,0,-0.21219325324419777
4,action_only,2030,8.0,-2.0,-0.03249481063765236,0.297320955958965,0.08713878784359438,-0.24534403441657937,,0,-0.2291231106457425
4,action_only,2030,8.0,-2.0,-0.2128657522118897,-0.3795630479155544,0.018756430666800133,0.6211744595695985,,0,-0.22444627464073222
4,action_only,2030,8.0,-2.0,-0.04125832193110157,-0.0887831501503984,-0.08845466779033351,-0.6387509190747986,,0,-0.4011157097672045
4,action_only,2030,8.0,-2.0,-0.1961992408789655,-0.2083538592638955,-0.007986654650933678,-0.6154045455662835,,0,-0.3402320467724796
4,action_only,2030,8.0,-2.0,-0.16562323687385,-0.2733998816963822,-0.10837784863116101,-0.33998648124044517,,0,-0.413728132446538
4,action_only,2030,8.0,-2.0,-0.2393439382184675,0.0717705870988169,0.09286956528659143,-0.9550839743869992,,0,-0.2563343183648189
4,action_only,2030,8.0,-2.0,-0.1293965880091248,0.02752419448843768,0.14113885165268072,0.9944181516349018,,0,-0.7780278733339198
4,action_only,2030,8.0,-2.0,-0.24871107746498927,-0.29938154133106964,0.025446922056065135,0.40658082299074727,,0,-0.20847398862638425
4,action_only,2030,8.0,-2.0,-0.08221678174018854,0.17139958868425698,-0.03823551044323044,0.058579013211461195,,0,-0.20380539428696795
4,action_only,2030,8.0,-2.0,-0.0583582840637652,0.2194612905757084,-0.07634937683435745,0.3653484228930721,,0,-0.23092174744321473
4,action_only,2030,8.0,-2.0,-0.04988577268458283,-0.07789351033620806,0.0793096184914518,0.439263667930472,,0,-0.2990973695465045
4,action_only,2030,8.0,-2.0,-0.24910183637657646,0.44845897341128094,0.036456235280835,-0.8651716035641965,,0,-0.2383420129399249
4,action_only,2030,8.0,-2.0,-0.012014557874164,0.01692531270132336,-0.1488798447885841,0.4777890790089574,,0,-0.21722691057265378
4,action_only,2030,8.0,-2.0,0.07135007270608962,0.19457424037197468,-0.0678098459052404,0.46840836436307964,,0,-0.2608003686913414
4,action_only,2030,8.0,-2.0,-0.010332518879528907,0.2955235774800139,-0.10406964857029463,0.2144724089766188,,0,-0.2237813902350006
4,action_only,2030,8.0,-2.0,-0.16372352617243813,0.39306591204031316,0.1481721978303123,-0.6748941429681388,,0,-0.20586241361066987
4,action_only,2030,8.0,-2.0,-0.07900715659985724,0.34110492262895664,0.0651917415315823,0.06022892227747434,,0,-0.286654380864296
4,action_only,2030,8.0,-2.0,-0.05477919429534028,0.0928960523511676,-0.04417563996210884,-0.40160684783356126,,0,-0.2382144419190126
4,action_only,2030,8.0,-2.0,0.08546167953971262,-0.3133598337615493,-0.0525314198288976,-0.6335436313154903,,0,-0.38321099277516074
4,action_only,2030,8.0,-2.0,0.19777029486169678,0.36649577401099176,0.11499320740060989,0.5603658954529374,,0,-0.6979545313728414
4,action_only,2030,8.0,-2.0,-0.15214140323953612,-0.46337065588170534,-0.026757446180497343,0.5380984358701089,,0,-0.2016645769325196
4,action_only,2030,8.0,-2.0,0.22865119423133778,-0.45714569075357037,-0.1457865575881901,0.9773209857901659,,0,-0.22229021908302546
4,action_only,2030,8.0,-2.0,-0.23202367017315628,-0.003566724635694296,0.001562438412149314,0.40745027430264824,,0,-0.22898152946042657
4,action_only,2030,8.0,-2.0,-0.1163189765726666,0.3732638918786515,-0.03942925647658095,0.12384672478393144,,0,-0.23307597169289515
4,action_only,2030,8.0,-2.0,0.17497647362832425,0.04009854363336052,0.04049765122913601,0.003291045139735882,,0,-0.2187095682949853
4,action_only,2030,8.0,-2.0,0.21117851654077502,-0.038140109587037174,-0.021662473564537987,-0.6905630402341905,,0,-0.26940861428070545
4,action_only,2030,8.0,-2.0,0.08111152296731428,0.39398162322906694,-0.07317993963361681,-0.23996179617651547,,0,-0.22258363265189451
4,action_only,2030,8.0,-2.0,-0.23512842594624062,-0.07925923036509064,0.044190096590837336,-0.7469962832660819,,0,-0.28733057989078836
4,action_only,2030,8.0,-2.0,0.14288723007155796,-0.3677795924230466,0.08212546185605069,-0.4235124635062011,,0,-0.18689838370617054
4,action_only,2030,8.0,-2.0,0.021032964973469737,-0.02631751023522033,-0.03597850764534562,0.6941167096109981,,0,-0.27853874908113974
4,action_only,2030,8.0,-2.0,-0.1000126504446634,-0.3157118928679221,0.07853218318496319,0.04168884941597595,,0,-0.18488617975119911
4,action_only,2030,8.0,-2.0,0.15265004930217052,-0.36443176343201233,0.057010322604900104,-0.24333297120016706,,0,-0.18170926922430095
4,action_only,2030,8.0,-2.0,0.1728960900835289,0.4978108002253202,0.1347512880915044,0.512138613039256,,0,-0.7971840521660811
4,action_only,2030,8.0,-2.0,-0.13794172072230004,0.2523563335356085,-0.07627609400165962,0.6374054670125864,,0,-0.28210888593653266
4,action_only,2030,8.0,-2.0,0.12232806968614085,0.2790916470408108,0.05126162458101299,-0.052528483320705366,,0,-0.25947176710557496
4,action_only,2030,8.0,-2.0,0.04411692908133491,0.14370649656475665,-0.1424939375835341,-0.8807516257527177,,0,-0.5287679279919147
4,action_only,2030,8.0,-2.0,-0.04818470777040351,0.03507477552719762,-0.03121113869144833,-0.38954138036986174,,0,-0.2311706723655495
4,action_only,2030,8.0,-2.0,-0.061741698435153536,-0.21738020529300228,-0.14814469312178866,0.09411456277199148,,0,-0.2942362150918335
4,action_only,2030,8.0,-2.0,0.10798219580122403,-0.013327890407098142,0.11522885326154489,-0.4347669778331049,,0,-0.18209353297349556
4,action_only,2030,8.0,-2.0,0.02964323930949897,-0.33728262282208876,0.020995901843503167,0.03545891479456542,,0,-0.18284073805386605
4,action_only,2030,8.0,-2.0,-0.19127657643298324,-0.006366838994584345,-0.12025766177631131,0.371870969733503,,0,-0.21932825940332218
4,action_only,2030,8.0,-2.0,0.06228276560775298,-0.11416833641517976,-0.10040857881207688,0.3364488398021621,,0,-0.20325075373114562
4,action_only,2030,8.0,-2.0,-0.004513231278477359,0.19063809501508655,-0.12717927829649459,0.16192327587643685,,0,-0.22033245813024133
4,action_only,2030,8.0,-2.0,0.08751556538446681,-0.05232433589254193,-0.05577903904144785,0.3963749067973721,,0,-0.21213446816873122
4,action_only,2030,8.0,-2.0,-0.12005219468295641,0.2312462372416506,-0.14256012243204116,-0.1574196787062363,,0,-0.2758240244854686
4,action_only,2030,8.0,-2.0,0.03406304572905289,-0.10366774974351156,0.0922263507368278,0.619401797543425,,0,-0.39071026273735254
4,action_only,2030,8.0,-2.0,-0.22576549038460858,0.4785897534640512,0.024075450510955165,0.3924311236153992,,0,-0.36910818296516495
4,action_only,2030,8.0,-2.0,0.1540769353616137,0.2737429839829577,0.10063374135746586,0.513495678515373,,0,-0.5607576698479992
4,action_only,2030,8.0,-2.0,0.039467936271113946,-0.43108336076345866,-0.0020020605007881054,-0.46518989307802516,,0,-0.29563062198709117
4,action_only,2030,8.0,-2.0,0.06205152188869095,-0.464544024075189,0.03995502402254755,-0.3786386870963008,,0,-0.23067642022516732
4,action_only,2030,8.0,-2.0,-0.13371271560443138,-0.2805805024807255,-0.023090921287984234,-0.7598913679230228,,0,-0.42904818655946836
4,action_only,2030,8.0,-2.0,-0.19783396007151605,-0.09498100989584568,0.08431783029709747,0.6849151318630617,,0,-0.36785412187482347
4,action_only,2030,8.0,-2.0,-0.04794666198426195,0.21103313285010683,-0.04749904442938542,0.2746714753603463,,0,-0.22811228651703322
4,action_only,2030,8.0,-2.0,0.18459989159238321,-0.29048621819121834,0.13687854976409183,-0.38116787349079484,,0,-0.17329255469846966
4,action_only,2030,8.0,-2.0,-0.052596513525193234,0.3728039044424841,0.04544368088243514,0.2619753303164607,,0,-0.34188066347800133
4,action_only,2030,8.0,-2.0,-0.13023886920061645,-0.4000915140241518,0.11025984943854675,0.26190545607406035,,0,-0.21396637594237544
4,action_only,2030,8.0,-2.0,0.07363891060096278,0.39055726666343815,-0.0006869946930977144,-0.3965470574024279,,0,-0.21014099063786956
4,action_only,2030,8.0,-2.0,-0.0604382319260936,0.27485034661966123,0.06813537822018145,0.16366773976564253,,0,-0.302914363027006
4,action_only,2030,8.0,-2.0,-0.05218653577595406,-0.05363362003716077,-0.05397920266786094,0.007692874763531199,,0,-0.20420442870986105
4,action_only,2031,8.0,-2.0,-0.05719559306725752,0.029977481420147667,0.12842040260494766,0.2967636762235082,,0,-0.3469065767451054
4,action_only,2031,8.0,-2.0,0.00041479846092579153,0.2721927656375751,0.11014879009583631,0.3854936434772629,,0,-0.46492384455779373
4,action_only,2031,8.0,-2.0,-0.07587045350273108,-0.25069801024430605,0.08963116482608541,0.38660453020354213,,0,-0.25012601345373714
4,action_only,2031,8.0,-2.0,-0.16072924027203384,0.4939430909001882,-0.1358630047616157,-0.8812733049729311,,0,-0.4370224656063011
4,action_only,2031,8.0,-2.0,0.24478606058792612,0.21544858332038674,-0.06602284886490674,0.9546284718587277,,0,-0.472601133195579
4,action_only,2031,8.0,-2.0,-0.06766414239262963,-0.38218468219959956,-0.032598289634361816,0.987348958235774,,0,-0.26795001184049433
4,action_only,2031,8.0,-2.0,-0.10924017350661602,0.3754688310904263,-0.1395799529012843,0.863510397476903,,0,-0.3271413363135156
4,action_only,2031,8.0,-2.0,-0.13533111001840514,-0.04147778849238515,0.14068175335234165,0.12043226304240329,,0,-0.27216697672211865
4,action_only,2031,8.0,-2.0,0.07978135920252649,-0.023029679336416975,-0.06538883311653178,-0.9965905229899363,,0,-0.4677079049361019
4,action_only,2031,8.0,-2.0,0.24791850639542956,-0.37942870206141854,-0.07364437009577098,0.5677461484354571,,0,-0.203721645346496
4,action_only,2031,8.0,-2.0,-0.00019031193364671406,-0.002740967741479361,-0.038986250374450485,0.24015787853474557,,0,-0.20159458281303902
4,action_only,2031,8.0,-2.0,-0.09187037674143367,-0.3189788131123753,-0.0024639503641179505,-0.8352063207937217,,0,-0.42634242750565876
4,action_only,2031,8.0,-2.0,0.08457043881961968,0.43130667197173067,-0.022205297391200696,-0.2903455258061334,,0,-0.21944413306238808
4,action_only,2031,8.0,-2.0,0.043297730134621626,-0.26430226555847003,-0.013176510592217555,0.20956588122333253,,0,-0.18684733523856878
4,action_only,2031,8.0,-2.0,-0.10094702247921938,-0.36775367605226494,0.09169644069195076,-0.18779302771909512,,0,-0.1835911748346432
4,action_only,2031,8.0,-2.0,0.1884744089590798,-0.18925371788006506,0.0909228694650712,-0.8298318940671692,,0,-0.21691302828396022
4,action_only,2031,8.0,-2.0,0.009440229344430062,-0.135091109056364,-0.03635134315064523,-0.739372215805318,,0,-0.3561568114355708
4,action_only,2031,8.0,-2.0,0.07521640816545822,-0.3415091287433899,0.07555238392778321,0.7646136173184206,,0,-0.34902831934859235
4,action_only,2031,8.0,-2.0,-0.08952153948342478,0.19379466813065394,-0.08336120587227071,0.8171416305483021,,0,-0.3142677956139775
4,action_only,2031,8.0,-2.0,0.08713994647273327,-0.025246928221083098,-0.038656775628084034,-0.17415188676743076,,0,-0.20328774387829984
4,action_only,2031,8.0,-2.0,-0.21842331465768017,0.08360161299281577,-0.027927589315817514,-0.021641587680241603,,0,-0.20417808598473924
4,action_only,2031,8.0,-2.0,-0.23817768139675016,0.32912885268562886,-0.0454553087606549,0.5842483877496001,,0,-0.30411245784455543
4,action_only,2031,8.0,-2.0,0.0035549008617828393,-0.13584934794824965,-0.020728546539534237,-0.43703856431753074,,0,-0.24994210457589947
4,action_only,2031,8.0,-2.0,0.06809837093073917,-0.0930635512668826,0.018350245073017635,-0.9734092402142873,,0,-0.3320675366881467
4,action_only,2031,8.0,-2.0,0.05974480105472729,-0.18686403018196263,0.023105223860972524,-0.45029444570361776,,0,-0.21420496168060096
4,action_only,2031,8.0,-2.0,0.21004191179998616,-0.051135912337605394,0.08308904019903207,0.2946149937151734,,0,-0.31060188329936456
4,action_only,2031,8.0,-2.0,0.10503274783308614,-0.36169591995039485,-0.08476374293807364,0.024535690726771753,,0,-0.24316176692975175
4,action_only,2031,8.0,-2.0,0.18631626379720384,-0.2868283780049591,-0.13569236308343777,0.31330259950078965,,0,-0.2244326422688358
4,action_only,2031,8.0,-2.0,0.08684596990970628,-0.44277480118184553,0.06277299506718287,0.036861988274649926,,0,-0.17756208334879203
4,action_only,2031,8.0,-2.0,0.23632962805057833,-0.2737434696336881,-0.045053013304271264,-0.1361091609668743,,0,-0.21525122537250485
4,action_only,2031,8.0,-2.0,-0.24754269979104693,0.37075844396283286,0.11558464735629273,-0.8259862480601177,,0,-0.19896651115635725
4,action_only,2031,8.0,-2.0,-0.035163736461436945,0.15658602203133398,-0.10605356980128908,-0.7802959413323836,,0,-0.41121327751140463
4,action_only,2031,8.0,-2.0,0.1231977590524218,-0.4168767854115202,0.13205614302995097,-0.404141022751507,,0,-0.17249543018695931
4,action_only,2031,8.0,-2.0,0.10273485677697786,0.3513288363432773,-0.09688081669079518,-0.74999894407966,,0,-0.3161430906859183
4,action_only,2031,8.0,-2.0,-0.013090082483146914,0.4216551912347666,-0.12893868354606336,-0.8075099557518162,,0,-0.38375230104171515
4,action_only,2031,8.0,-2.0,-0.21087361925095793,-0.34008392139782284,0.1029692819011512,0.31729222948064506,,0,-0.22574861025928072
4,action_only,2031,8.0,-2.0,-0.2172681570069221,0.3108853840027679,-0.08437578210308493,0.8343107050785301,,0,-0.3370005176888694
4,action_only,2031,8.0,-2.0,0.17854695665205939,-0.4438756321523265,0.01529411115016352,-0.6977299565415498,,0,-0.3229722914970106
4,action_only,2031,8.0,-2.0,0.07726669354380805,0.13774062240984086,0.13352727004458623,0.02909579767429915,,0,-0.31869954386497795
4,action_only,2031,8.0,-2.0,0.18710394121383273,0.3686179697175588,-0.014019474719358327,-0.8007416270501262,,0,-0.24135979571946597
4,action_only,2031,8.0,-2.0,0.048972261799093364,0.1313385331831709,-0.1067307445679048,-0.3287918720466534,,0,-0.2676621705308683
4,action_only,2031,8.0,-2.0,0.09718291577752147,0.005872463345556023,0.011593024748510788,0.8024727635428832,,0,-0.39732117730121924
4,action_only,2031,8.0,-2.0,0.14935170488128746,-0.22825866066070433,-0.018477079629208498,0.8933377939132572,,0,-0.32157766592415593
4,action_only,2031,8.0,-2.0,0.20067413053531086,-0.12633436261752995,0.13885268365760403,0.23148772800943207,,0,-0.33586294455284443
4,action_only,2031,8.0,-2.0,-0.08589425396771094,0.13351245123576228,-0.07198172220174581,0.13023504799854502,,0,-0.20608945811283388
4,action_only,2031,8.0,-2.0,-0.05447144287086386,-0.07576520117734209,-0.08846130582813654,-0.6777708922035284,,0,-0.4160668930568568
4,action_only,2031,8.0,-2.0,-0.21747418066798524,0.28640932106450523,-0.11237846207802576,-0.4280926413579471,,0,-0.30792808816042394
4,action_only,2031,8.0,-2.0,-0.05216380534868992,-0.22703978591909113,-0.011007289099728285,-0.5554858405333485,,0,-0.29905121221662484
4,action_only,2031,8.0,-2.0,0.03105329714463445,0.30896916347743897,-0.07959698733646935,-0.6980137769170842,,0,-0.29641621596070905
4,action_only,2031,8.0,-2.0,-0.19657397761776896,0.186031639190528,-0.09673404053650989,-0.5648180890272156,,0,-0.3446021052484758
4,action_only,2031,8.0,-2.0,-0.24065859109650412,-0.03358991134538736,0.08494174947500269,-0.627427741652242,,0,-0.21619372333262146
4,action_only,2031,8.0,-2.0,-0.16438692285361428,-0.07705859830215234,-0.09437117764258032,-0.060380711664147046,,0,-0.2595721786702359
4,action_only,2031,8.0,-2.0,-0.21948801697981907,-0.429201148312808,-0.09017604969109227,0.9486938308081985,,0,-0.22606577040492945
4,action_only,2031,8.0,-2.0,-0.2203960579142219,-0.4038488461308124,-0.1398016283202744,0.5512330483767147,,0,-0.2541651484560924
4,action_only,2031,8.0,-2.0,-0.0009873401921921543,-0.08332778477370284,0.036001141293737715,0.3957285842005567,,0,-0.24855960405295857
4,action_only,2031,8.0,-2.0,0.2303375008521033,0.3238000738487845,-0.1478056767727303,0.6569586795054065,,0,-0.3101672870728663
4,action_only,2031,8.0,-2.0,0.227850678441546,-0.4460371563529001,-0.12204663784886981,0.34031384088368677,,0,-0.22510782355091344
4,action_only,2031,8.0,-2.0,0.2274924967009811,0.39736651004177115,-0.13230561030604085,-0.9171359809818949,,0,-0.4010710356310375
4,action_only,2031,8.0,-2.0,0.11694240802170658,0.23984145815095692,0.14438369093870743,0.5678026795051414,,0,-0.6731040858284263
4,action_only,2031,8.0,-2.0,0.2457258071475672,-0.21488261959083332,0.038315898536961185,-0.7895688558206044,,0,-0.2576045112859545
4,action_only,2031,8.0,-2.0,0.08430786495974618,-0.10895607224188542,0.04434566901735931,-0.9470092391609788,,0,-0.2898985832753237
4,action_only,2031,8.0,-2.0,0.24717650707901756,-0.042475513854508096,-0.05002850584194453,0.6459609604524086,,0,-0.28660799388405284
4,action_only,2031,8.0,-2.0,0.18558918665217328,0.197465699954667,0.1402031382125212,-0.08117756266642817,,0,-0.3334866677268126
4,action_only,2032,8.0,-2.0,0.008367459450451809,0.112264267629136,-0.025505805762366246,0.9840330568368314,,0,-0.44005041422138713
4,action_only,2032,8.0,-2.0,-0.1864171860319725,-0.25834647716187553,-0.11060540575936717,0.35773423293883067,,0,-0.23323003901337885
4,action_only,2032,8.0,-2.0,-0.20366109945424188,0.2841634660303536,0.0897209301453448,0.22832577124943332,,0,-0.33176153337149245
4,action_only,2032,8.0,-2.0,-0.20733308285993302,-0.02397936104058851,-0.010641318927114785,-0.5635161851876977,,0,-0.2841602787202586
4,action_only,2032,8.0,-2.0,-0.2017684173697365,0.49274223679378937,-0.04197515345875004,-0.46473893672876265,,0,-0.23099072680141144
4,action_only,2032,8.0,-2.0,0.09638989472669934,0.13130541528275663,-0.049527757258839955,-0.13947319219939724,,0,-0.20368088782541008
4,action_only,2032,8.0,-2.0,-0.17167077945785825,-0.3093585094041926,-0.01631447319820245,-0.023030024907035207,,0,-0.22263050963654385
4,action_only,2032,8.0,-2.0,-0.08846827591619444,0.4787430018856348,0.09557815176991791,-0.6442691955697661,,0,-0.20787884731584777
4,action_only,2032,8.0,-2.0,-0.24263214384426413,0.4592575433995567,-0.04659935423082169,0.8930348063474585,,0,-0.4592311690588757
4,action_only,2032,8.0,-2.0,-0.004075901659786163,0.350707700715706,-0.002463934842299592,-0.3881444932383227,,0,-0.20468884391946568
4,action_only,2032,8.0,-2.0,-0.0055155840254163535,0.25220908338844383,-0.0171824870703845,-0.7044532273319046,,0,-0.24691657144339424
4,action_only,2032,8.0,-2.0,0.1758520768405965,-0.0664346598679999,0.10959733380349987,-0.30229058052119595,,0,-0.19135302122696593
4,action_only,2032,8.0,-2.0,0.12321084464730131,-0.23547928304079868,-0.12592058439601292,0.6503637799178794,,0,-0.2093605271158164
4,action_only,2032,8.0,-2.0,0.04602596567933842,0.30167465619720657,0.09590450935538827,0.584415406085927,,0,-0.570343112762274
4,action_only,2032,8.0,-2.0,0.2089783149025276,0.07662012298435994,0.09665010891405842,0.008752578361251206,,0,-0.2768011690271686
4,action_only,2032,8.0,-2.0,0.17503574940750427,-0.45444987710930873,0.06507797129550932,0.6174163542102524,,0,-0.2721379458160485
4,action_only,2032,8.0,-2.0,-0.14736757146152718,0.2896404065813466,0.00686426178750954,0.09196397701471937,,0,-0.23163130994946088
4,action_only,2032,8.0,-2.0,0.22625629338967296,-0.41724318697738905,-0.13587726539817796,0.7256744058189266,,0,-0.20919593779596082
4,action_only,2032,8.0,-2.0,0.04158565721454649,-0.21396274179404817,-0.04856866055407734,0.2634864857914767,,0,-0.19219700901628384
4,action_only,2032,8.0,-2.0,-0.2174158797852948,-0.2627353948709128,0.019808773451125916,0.6176378502993707,,0,-0.2386843526514792
4,action_only,2032,8.0,-2.0,0.02280545884951579,0.3793168185543673,-0.0006454883047744553,0.1993706771828747,,0,-0.2890111795754135
4,action_only,2032,8.0,-2.0,-0.061885346607069125,0.41813104039128157,-0.09809940995781084,-0.32335571362830007,,0,-0.243016970511744
4,action_only,2032,8.0,-2.0,0.18425302638319846,-0.18379902287720584,-0.07023529146192369,0.026446679546727525,,0,-0.20707862053189272
4,action_only,2032,8.0,-2.0,-0.22830186029714528,-0.07446259371436525,0.1144998098008013,0.41813649981596623,,0,-0.3154744660112487
4,action_only,2032,8.0,-2.0,0.0416969770121981,0.44144831788540373,0.04198110518606485,-0.2773927169166308,,0,-0.2362061736229715
4,action_only,2032,8.0,-2.0,-0.006145111708868278,0.05275204584477733,0.11880155740849793,0.00457213393540723,,0,-0.2563138474791464
4,action_only,2032,8.0,-2.0,0.16277111421400892,0.10029901714083311,0.04483622634218959,-0.7114426903009092,,0,-0.20492916128093713
4,action_only,2032,8.0,-2.0,0.014667942510301846,-0.2821447137829929,-0.052050304653680546,0.3223045477500319,,0,-0.19308121074041829
4,action_only,2032,8.0,-2.0,-0.06934258565612567,-0.40706592325006385,0.08728528241195943,-0.6408550616657391,,0,-0.253114253932295
4,action_only,2032,8.0,-2.0,-0.038121502975177246,0.22011668511728733,0.02752551202854836,-0.47931180393926587,,0,-0.19599580752001391
4,action_only,2032,8.0,-2.0,0.16574472353629083,-0.31758928197572467,0.05315569680949392,-0.7036773435787596,,0,-0.24883760799394067
4,action_only,2032,8.0,-2.0,-0.018017359950048384,-0.12296845750143603,-0.04124340171072652,-0.6529797398299428,,0,-0.3349907331411506
4,action_only,2032,8.0,-2.0,0.11341385367645235,-0.1220746845368249,-0.09100078237413031,0.3371229740789443,,0,-0.20157333868012176
4,action_only,2032,8.0,-2.0,0.20030989951519645,-0.21670738288848101,-0.07976366122090225,0.8022436406475562,,0,-0.2526562989126588
4,action_only,2032,8.0,-2.0,-0.11689004685970539,0.382027756748203,-0.1459398908956392,-0.5885004417454933,,0,-0.36060335695484136
4,action_only,2032,8.0,-2.0,0.15512068085384872,-0.49627344395082296,0.05327564867955836,-0.49070364152719836,,0,-0.23620898444675287
4,action_only,2032,8.0,-2.0,-0.11822150357914468,-0.26732384021897415,-0.09993121572448953,-0.20164783815716536,,0,-0.33609180095655966
4,action_only,2032,8.0,-2.0,0.0872672183745466,-0.26433940034962355,-0.11118987182297488,0.9681223155347609,,0,-0.24540114255019727
4,action_only,2032,8.0,-2.0,-0.19130599175002383,-0.4563809017599326,0.10992572107160589,0.5677707123902886,,0,-0.26856122617916206
4,action_only,2032,8.0,-2.0,0.19918380707948863,0.09348858815376204,0.019040405623468704,-0.4163249679495007,,0,-0.19497292464466048
4,action_only,2032,8.0,-2.0,-0.19521665322463932,0.39863883554629786,-0.027449273014267,0.884125676794137,,0,-0.46913867631357586
4,action_only,2032,8.0,-2.0,-0.21145101085324552,0.426195577265821,0.10965556340877045,0.6338751866706402,,0,-0.6250868357269016
4,action_only,2032,8.0,-2.0,0.23524119305888064,-0.18605301587227951,-0.017259657407084184,0.7552102687536919,,0,-0.30764906925678637
4,action_only,2032,8.0,-2.0,-0.07795174140236638,-0.052156686094574245,0.018973160730771266,-0.34575111221894406,,0,-0.2015652838200553
4,action_only,2032,8.0,-2.0,-0.033668255476272335,-0.1725734700847743,0.12180797050090028,0.18397839572361385,,0,-0.2494270070992517
4,action_only,2032,8.0,-2.0,-0.16907494503910653,0.23722104006924416,0.07007530109779561,-0.5762368198749008,,0,-0.19403208798476676
4,action_only,2032,8.0,-2.0,-0.1116410955988063,-0.3693972214385036,0.0862563787812691,0.3015043416579235,,0,-0.21049262074105116
4,action_only,2032,8.0,-2.0,-0.07837595298441319,0.37253283428954154,-0.07735196052146998,-0.9144132346240312,,0,-0.3615374333669165
4,action_only,2032,8.0,-2.0,0.020648917744697515,-0.2768512080963187,-0.03599791079812287,-0.864633546656101,,0,-0.45489416565221735
4,action_only,2032,8.0,-2.0,0.10779974980913615,0.45352466690669246,0.05704146306322483,0.7652887576478549,,0,-0.7019445488593768
4,action_only,2032,8.0,-2.0,-0.05492988691717732,-0.45210726251745426,0.07565932482984802,0.22343058428073603,,0,-0.19037926666051985
4,action_only,2032,8.0,-2.0,0.05760719150630317,-0.478075768445674,-0.08408812524389637,-0.2052038236222058,,0,-0.33734561334894686
4,action_only,2032,8.0,-2.0,0.07746894116645775,-0.07227642188967187,0.12935553217254317,-0.4806520332439179,,0,-0.17615115645232546
4,action_only,2032,8.0,-2.0,-0.1490751082051605,0.44103556705253666,0.10387619763869746,0.8187191625190255,,0,-0.7713348195291775
4,action_only,2032,8.0,-2.0,-0.0012888644638468505,0.41763418648714234,-0.0671543354818394,0.05500901708232453,,0,-0.2319762179705728
4,action_only,2032,8.0,-2.0,0.11850139309741575,-0.3928972659639173,0.05567739293032156,0.2900311677074996,,0,-0.20011550491363853
4,action_only,2032,8.0,-2.0,-0.015159602126216698,0.4515321759110219,0.12424154352404201,0.3693094253031648,,0,-0.5713536197468171
4,action_only,2032,8.0,-2.0,0.1781165756382211,0.3058392605380067,-0.021065972431829505,-0.4778888566778223,,0,-0.214273551178355
4,action_only,2032,8.0,-2.0,-0.1547048879709515,0.24897307011132663,0.1213954211941882,0.8111122204893226,,0,-0.6934245550946313
4,action_only,2032,8.0,-2.0,-0.002120161786173469,-0.17184976597372892,0.04852499662286619,0.021724098713244544,,0,-0.18536344300904842
4,action_only,2032,8.0,-2.0,-0.21856429263863109,0.17016032302355666,0.011770348305949863,0.008013635662230678,,0,-0.20573326071852177
4,action_only,2032,8.0,-2.0,-0.06282171311026047,0.19563174742521983,-0.07618915969692491,0.3815588884528256,,0,-0.22913478729119394
4,action_only,2032,8.0,-2.0,0.005974131748530842,-0.3899524505841978,-0.030036990553484702,0.8587715674402359,,0,-0.24429765391185607
4,action_only,2032,8.0,-2.0,0.09427643744582331,-0.3984982074180845,0.11241397167920689,-0.48779650889385207,,0,-0.18485935259043024
4,commit_gate,2030,2.8000000000000003,-0.7000000000000001,-0.05184600350204882,0.30607942143937183,0.10099304756404573,-0.2530248106604298,,0,-0.06012163293943805
4,commit_gate,2030,2.8000000000000003,-0.7000000000000001,-0.1746701675661021,-0.0960382503057311,-0.07758359458311934,-0.9072980629069103,,0,-0.42295601138930794
4,commit_gate,2030,2.8000000000000003,-0.7000000000000001,0.10087321247067488,-0.1781914725731859,0.10810903795123564,0.4947797228192494,,0,-0.16960117342317368
4,commit_gate,2030,2.8000000000000003,-0.7000000000000001,-0.11061107803132053,-0.15683820569066687,0.029557280869386304,0.5523579826519649,,0,-0.07633059008169397
4,commit_gate,2030,2.8000000000000003,-0.7000000000000001,-0.11244633322915232,-0.2523323291940618,-0.08078175843615758,0.7014294184526371,,0,-0.03570974001059611
4,commit_gate,2030,2.8000000000000003,-0.7000000000000001,-0.03249481063765236,0.297320955958965,0.08713878784359438,-0.24534403441657937,,0,-0.053153899877415395
4,commit_gate,2030,2.8000000000000003,-0.7000000000000001,-0.2128657522118897,-0.3795630479155544,0.018756430666800133,0.6211744595695985,,0,-0.05650996931072181
4,commit_gate,2030,2.8000000000000003,-0.7000000000000001,-0.04125832193110157,-0.0887831501503984,-0.08845466779033351,-0.6387509190747986,,0,-0.2600822406013355
4,commit_gate,2030,2.8000000000000003,-0.7000000000000001,-0.1961992408789655,-0.2083538592638955,-0.007986654650933678,-0.6154045455662835,,0,-0.20088578605491
4,commit_gate,2030,2.8000000000000003,-0.7000000000000001,-0.16562323687385,-0.2733998816963822,-0.10837784863116101,-0.33998648124044517,,0,-0.26963072030178975
4,commit_gate,2030,2.8000000000000003,-0.7000000000000001,-0.2393439382184675,0.0717705870988169,0.09286956528659143,-0.9550839743869992,,0,-0.11473474960793742
4,commit_gate,2030,2.8000000000000003,-0.7000000000000001,-0.1293965880091248,0.02752419448843768,0.14113885165268072,0.9944181516349018,,0,-0.5508638496261934
4,commit_gate,2030,2.8000000000000003,-0.7000000000000001,-0.24871107746498927,-0.29938154133106964,0.025446922056065135,0.40658082299074727,,0,-0.04407646309173036
4,commit_gate,2030,2.8000000000000003,-0.7000000000000001,-0.08221678174018854,0.17139958868425698,-0.03823551044323044,0.058579013211461195,,0,-0.02685842973182721
4,commit_gate,2030,2.8000000000000003,-0.7000000000000001,-0.0583582840637652,0.2194612905757084,-0.07634937683435745,0.3653484228930721,,0,-0.03983972851184951
4,commit_gate,2030,2.8000000000000003,-0.7000000000000001,-0.04988577268458283,-0.07789351033620806,0.0793096184914518,0.439263667930472,,0,-0.11719355999585762
4,commit_gate,2030,2.8000000000000003,-0.7000000000000001,-0.24910183637657646,0.44845897341128094,0.036456235280835,-0.8651716035641965,,0,-0.07885164876473647
4,commit_gate,2030,2.8000000000000003,-0.7000000000000001,-0.012014557874164,0.01692531270132336,-0.1488798447885841,0.4777890790089574,,0,-0.032351971616682004
4,commit_gate,2030,2.8000000000000003,-0.7000000000000001,0.07135007270608962,0.19457424037197468,-0.0678098459052404,0.46840836436307964,,0,-0.06535626995607052
4,commit_gate,2030,2.8000000000000003,-0.7000000000000001,-0.010332518879528907,0.2955235774800139,-0.10406964857029463,0.2144724089766188,,0,-0.03339445067986541
4,commit_gate,2030,2.8000000000000003,-0.7000000000000001,-0.16372352617243813,0.39306591204031316,0.1481721978303123,-0.6748941429681388,,0,-0.0397609461510658
4,commit_gate,2030,2.8000000000000003,-0.7000000000000001,-0.07900715659985724,0.34110492262895664,0.0651917415315823,0.06022892227747434,,0,-0.09689818015397694
4,commit_gate,2030,2.8000000000000003,-0.7000000000000001,-0.05477919429534028,0.0928960523511676,-0.04417563996210884,-0.40160684783356126,,0,-0.07907184790114498
4,commit_gate,2030,2.8000000000000003,-0.7000000000000001,0.08546167953971262,-0.3133598337615493,-0.0525314198288976,-0.6335436313154903,,0,-0.24707953630299412
4,commit_gate,2030,2.8000000000000003,-0.7000000000000001,0.19777029486169678,0.36649577401099176,0.11499320740060989,0.5603658954529374,,0,-0.4721875030274823
4,commit_gate,2030,2.8000000000000003,-0.7000000000000001,-0.15214140323953612,-0.46337065588170534,-0.026757446180497343,0.5380984358701089,,0,-0.04097217149300946
4,commit_gate,2030,2.8000000000000003,-0.7000000000000001,0.22865119423133778,-0.45714569075357037,-0.1457865575881901,0.9773209857901659,,0,-0.0435091587380649
4,commit_gate,2030,2.8000000000000003,-0.7000000000000001,-0.23202367017315628,-0.003566724635694296,0.001562438412149314,0.40745027430264824,,0,-0.049660112128179786
4,commit_gate,2030,2.8000000000000003,-0.7000000000000001,-0.1163189765726666,0.3732638918786515,-0.03942925647658095,0.12384672478393144,,0,-0.04264342105786825
4,commit_gate,2030,2.8000000000000003,-0.7000000000000001,0.17497647362832425,0.04009854363336052,0.04049765122913601,0.003291045139735882,,0,-0.04703505891596296
4,commit_gate,2030,2.8000000000000003,-0.7000000000000001,0.21117851654077502,-0.038140109587037174,-0.021662473564537987,-0.6905630402341905,,0,-0.12367831273927063
4,commit_gate,2030,2.8000000000000003,-0.7000000000000001,0.08111152296731428,0.39398162322906694,-0.07317993963361681,-0.23996179617651547,,0,-0.042233818044391656
4,commit_gate,2030,2.8000000000000003,-0.7000000000000001,-0.23512842594624062,-0.07925923036509064,0.044190096590837336,-0.7469962832660819,,0,-0.14575859330240135
4,commit_gate,2030,2.8000000000000003,-0.7000000000000001,0.14288723007155796,-0.3677795924230466,0.08212546185605069,-0.4235124635062011,,0,-0.047338472368159724
4,commit_gate,2030,2.8000000000000003,-0.7000000000000001,0.021032964973469737,-0.02631751023522033,-0.03597850764534562,0.6941167096109981,,0,-0.08731871914682209
4,commit_gate,2030,2.8000000000000003,-0.7000000000000001,-0.1000126504446634,-0.3157118928679221,0.07853218318496319,0.04168884941597595,,0,-0.03081993933946844
4,commit_gate,2030,2.8000000000000003,-0.7000000000000001,0.15265004930217052,-0.36443176343201233,0.057010322604900104,-0.24333297120016706,,0,-0.03734117738012346
4,commit_gate,2030,2.8000000000000003,-0.7000000000000001,0.1728960900835289,0.4978108002253202,0.1347512880915044,0.512138613039256,,0,-0.561421086083594
4,commit_gate,2030,2.8000000000000003,-0.7000000000000001,-0.13794172072230004,0.2523563335356085,-0.07627609400165962,0.6374054670125864,,0,-0.07892939626650437
4,commit_gate,2030,2.8000000000000003,-0.7000000000000001,0.12232806968614085,0.2790916470408108,0.05126162458101299,-0.052528483320705366,,0,-0.07643671371757318
4,commit_gate,2030,2.8000000000000003,-0.7000000000000001,0.04411692908133491,0.14370649656475665,-0.1424939375835341,-0.8807516257527177,,0,-0.39043188887598473
4,commit_gate,2030,2.8000000000000003,-0.7000000000000001,-0.04818470777040351,0.03507477552719762,-0.03121113869144833,-0.38954138036986174,,0,-0.0744384013956727
4,commit_gate,2030,2.8000000000000003,-0.7000000000000001,-0.061741698435153536,-0.21738020529300228,-0.14814469312178866,0.09411456277199148,,0,-0.13153135163007604
4,commit_gate,2030,2.8000000000000003,-0.7000000000000001,0.10798219580122403,-0.013327890407098142,0.11522885326154489,-0.4347669778331049,,0,-0.02707099719966478
4,commit_gate,2030,2.8000000000000003,-0.7000000000000001,0.02964323930949897,-0.33728262282208876,0.020995901843503167,0.03545891479456542,,0,-0.03025193135673061
4,commit_gate,2030,2.8000000000000003,-0.7000000000000001,-0.19127657643298324,-0.006366838994584345,-0.12025766177631131,0.371870969733503,,0,-0.041390737459138266
4,commit_gate,2030,2.8000000000000003,-0.7000000000000001,0.06228276560775298,-0.11416833641517976,-0.10040857881207688,0.3364488398021621,,0,-0.07411652247861257
4,commit_gate,2030,2.8000000000000003,-0.7000000000000001,-0.004513231278477359,0.19063809501508655,-0.12717927829649459,0.16192327587643685,,0,-0.03720511254585912
4,commit_gate,2030,2.8000000000000003,-0.7000000000000001,0.08751556538446681,-0.05232433589254193,-0.05577903904144785,0.3963749067973721,,0,-0.0336515864021336
4,commit_gate,2030,2.8000000000000003,-0.7000000000000001,-0.12005219468295641,0.2312462372416506,-0.14256012243204116,-0.1574196787062363,,0,-0.10165274769315423
4,commit_gate,2030,2.8000000000000003,-0.7000000000000001,0.03406304572905289,-0.10366774974351156,0.0922263507368278,0.619401797543425,,0,-0.20033228852509985
4,commit_gate,2030,2.8000000000000003,-0.7000000000000001,-0.22576549038460858,0.4785897534640512,0.024075450510955165,0.3924311236153992,,0,-0.1594808867013245
4,commit_gate,2030,2.8000000000000003,-0.7000000000000001,0.1540769353616137,0.2737429839829577,0.10063374135746586,0.513495678515373,,0,-0.34763589320722044
4,commit_gate,2030,2.8000000000000003,-0.7000000000000001,0.039467936271113946,-0.43108336076345866,-0.0020020605007881054,-0.46518989307802516,,0,-0.15835314692869348
4,commit_gate,2030,2.8000000000000003,-0.7000000000000001,0.06205152188869095,-0.464544024075189,0.03995502402254755,-0.3786386870963008,,0,-0.09362040645496325
4,commit_gate,2030,2.8000000000000003,-0.7000000000000001,-0.13371271560443138,-0.2805805024807255,-0.023090921287984234,-0.7598913679230228,,0,-0.29483549296052136
4,commit_gate,2030,2.8000000000000003,-0.7000000000000001,-0.19783396007151605,-0.09498100989584568,0.08431783029709747,0.6849151318630617,,0,-0.1774968514268035
4,commit_gate,2030,2.8000000000000003,-0.7000000000000001,-0.04794666198426195,0.21103313285010683,-0.04749904442938542,0.2746714753603463,,0,-0.04064849730679724
4,commit_gate,2030,2.8000000000000003,-0.7000000000000001,0.18459989159238321,-0.29048621819121834,0.13687854976409183,-0.38116787349079484,,0,-0.02799043747842088
4,commit_gate,2030,2.8000000000000003,-0.7000000000000001,-0.052596513525193234,0.3728039044424841,0.04544368088243514,0.2619753303164607,,0,-0.14170688363328524
4,commit_gate,2030,2.8000000000000003,-0.7000000000000001,-0.13023886920061645,-0.4000915140241518,0.11025984943854675,0.26190545607406035,,0,-0.05525958746298539
4,commit_gate,2030,2.8000000000000003,-0.7000000000000001,0.07363891060096278,0.39055726666343815,-0.0006869946930977144,-0.3965470574024279,,0,-0.035744319786828765
4,commit_gate,2030,2.8000000000000003,-0.7000000000000001,-0.0604382319260936,0.27485034661966123,0.06813537822018145,0.16366773976564253,,0,-0.11233146596356368
4,commit_gate,2030,2.8000000000000003,-0.7000000000000001,-0.05218653577595406,-0.05363362003716077,-0.05397920266786094,0.007692874763531199,,0,-0.039843739006722306
4,commit_gate,2031,2.8000000000000003,-0.7000000000000001,-0.05719559306725752,0.029977481420147667,0.12842040260494766,0.2967636762235082,,0,-0.16122528371013917
4,commit_gate,2031,2.8000000000000003,-0.7000000000000001,0.00041479846092579153,0.2721927656375751,0.11014879009583631,0.3854936434772629,,0,-0.2599486305767244
4,commit_gate,2031,2.8000000000000003,-0.7000000000000001,-0.07587045350273108,-0.25069801024430605,0.08963116482608541,0.38660453020354213,,0,-0.07982475162931625
4,commit_gate,2031,2.8000000000000003,-0.7000000000000001,-0.16072924027203384,0.4939430909001882,-0.1358630047616157,-0.8812733049729311,,0,-0.28605057854112864
4,commit_gate,2031,2.8000000000000003,-0.7000000000000001,0.24478606058792612,0.21544858332038674,-0.06602284886490674,0.9546284718587277,,0,-0.2507721367957851
4,commit_gate,2031,2.8000000000000003,-0.7000000000000001,-0.06766414239262963,-0.38218468219959956,-0.032598289634361816,0.987348958235774,,0,-0.08680058995416287
4,commit_gate,2031,2.8000000000000003,-0.7000000000000001,-0.10924017350661602,0.3754688310904263,-0.1395799529012843,0.863510397476903,,0,-0.10634137886086341
4,commit_gate,2031,2.8000000000000003,-0.7000000000000001,-0.13533111001840514,-0.04147778849238515,0.14068175335234165,0.12043226304240329,,0,-0.09829808204228957
4,commit_gate,2031,2.8000000000000003,-0.7000000000000001,0.07978135920252649,-0.023029679336416975,-0.06538883311653178,-0.9965905229899363,,0,-0.3333643893588649
4,commit_gate,2031,2.8000000000000003,-0.7000000000000001,0.24791850639542956,-0.37942870206141854,-0.07364437009577098,0.5677461484354571,,0,-0.035110474403703955
4,commit_gate,2031,2.8000000000000003,-0.7000000000000001,-0.00019031193364671406,-0.002740967741479361,-0.038986250374450485,0.24015787853474557,,0,-0.026781440481721208
4,commit_gate,2031,2.8000000000000003,-0.7000000000000001,-0.09187037674143367,-0.3189788131123753,-0.0024639503641179505,-0.8352063207937217,,0,-0.29497098185018444
4,commit_gate,2031,2.8000000000000003,-0.7000000000000001,0.08457043881961968,0.43130667197173067,-0.022205297391200696,-0.2903455258061334,,0,-0.0389588641187622
4,commit_gate,2031,2.8000000000000003,-0.7000000000000001,0.043297730134621626,-0.26430226555847003,-0.013176510592217555,0.20956588122333253,,0,-0.025734879551261074
4,commit_gate,2031,2.8000000000000003,-0.7000000000000001,-0.10094702247921938,-0.36775367605226494,0.09169644069195076,-0.18779302771909512,,0,-0.03835389808950038
4,commit_gate,2031,2.8000000000000003,-0.7000000000000001,0.1884744089590798,-0.18925371788006506,0.0909228694650712,-0.8298318940671692,,0,-0.08069594983503044
4,commit_gate,2031,2.8000000000000003,-0.7000000000000001,0.009440229344430062,-0.135091109056364,-0.03635134315064523,-0.739372215805318,,0,-0.21696037527663775
4,commit_gate,2031,2.8000000000000003,-0.7000000000000001,0.07521640816545822,-0.3415091287433899,0.07555238392778321,0.7646136173184206,,0,-0.16750440982078457
4,commit_gate,2031,2.8000000000000003,-0.7000000000000001,-0.08952153948342478,0.19379466813065394,-0.08336120587227071,0.8171416305483021,,0,-0.10653556979025747
4,commit_gate,2031,2.8000000000000003,-0.7000000000000001,0.08713994647273327,-0.025246928221083098,-0.038656775628084034,-0.17415188676743076,,0,-0.04223928493519765
4,commit_gate,2031,2.8000000000000003,-0.7000000000000001,-0.21842331465768017,0.08360161299281577,-0.027927589315817514,-0.021641587680241603,,0,-0.03559156527351917
4,commit_gate,2031,2.8000000000000003,-0.7000000000000001,-0.23817768139675016,0.32912885268562886,-0.0454553087606549,0.5842483877496001,,0,-0.0989021255586636
4,commit_gate,2031,2.8000000000000003,-0.7000000000000001,0.0035549008617828393,-0.13584934794824965,-0.020728546539534237,-0.43703856431753074,,0,-0.10132029108760886
4,commit_gate,2031,2.8000000000000003,-0.7000000000000001,0.06809837093073917,-0.0930635512668826,0.018350245073017635,-0.9734092402142873,,0,-0.19708636930309664
4,commit_gate,2031,2.8000000000000003,-0.7000000000000001,0.05974480105472729,-0.18686403018196263,0.023105223860972524,-0.45029444570361776,,0,-0.06849840228341472
4,commit_gate,2031,2.8000000000000003,-0.7000000000000001,0.21004191179998616,-0.051135912337605394,0.08308904019903207,0.2946149937151734,,0,-0.13001942087255666
4,commit_gate,2031,2.8000000000000003,-0.7000000000000001,0.10503274783308614,-0.36169591995039485,-0.08476374293807364,0.024535690726771753,,0,-0.08991740989047385
4,commit_gate,2031,2.8000000000000003,-0.7000000000000001,0.18631626379720384,-0.2868283780049591,-0.13569236308343777,0.31330259950078965,,0,-0.05830090174546303
4,commit_gate,2031,2.8000000000000003,-0.7000000000000001,0.08684596990970628,-0.44277480118184553,0.06277299506718287,0.036861988274649926,,0,-0.02865478325845782
4,commit_gate,2031,2.8000000000000003,-0.7000000000000001,0.23632962805057833,-0.2737434696336881,-0.045053013304271264,-0.1361091609668743,,0,-0.0630237976723262
4,commit_gate,2031,2.8000000000000003,-0.7000000000000001,-0.24754269979104693,0.37075844396283286,0.11558464735629273,-0.8259862480601177,,0,-0.04110669995843165
4,commit_gate,2031,2.8000000000000003,-0.7000000000000001,-0.035163736461436945,0.15658602203133398,-0.10605356980128908,-0.7802959413323836,,0,-0.26613100625563596
4,commit_gate,2031,2.8000000000000003,-0.7000000000000001,0.1231977590524218,-0.4168767854115202,0.13205614302995097,-0.404141022751507,,0,-0.033531257544094535
4,commit_gate,2031,2.8000000000000003,-0.7000000000000001,0.10273485677697786,0.3513288363432773,-0.09688081669079518,-0.74999894407966,,0,-0.15887258513052996
4,commit_gate,2031,2.8000000000000003,-0.7000000000000001,-0.013090082483146914,0.4216551912347666,-0.12893868354606336,-0.8075099557518162,,0,-0.2289106995362554
4,commit_gate,2031,2.8000000000000003,-0.7000000000000001,-0.21087361925095793,-0.34008392139782284,0.1029692819011512,0.31729222948064506,,0,-0.06306602724965696
4,commit_gate,2031,2.8000000000000003,-0.7000000000000001,-0.2172681570069221,0.3108853840027679,-0.08437578210308493,0.8343107050785301,,0,-0.12260278621215022
4,commit_gate,2031,2.8000000000000003,-0.7000000000000001,0.17854695665205939,-0.4438756321523265,0.01529411115016352,-0.6977299565415498,,0,-0.19268690339066646
4,commit_gate,2031,2.8000000000000003,-0.7000000000000001,0.07726669354380805,0.13774062240984086,0.13352727004458623,0.02909579767429915,,0,-0.13646386049233908
4,commit_gate,2031,2.8000000000000003,-0.7000000000000001,0.18710394121383273,0.3686179697175588,-0.014019474719358327,-0.8007416270501262,,0,-0.08010764693868247
4,commit_gate,2031,2.8000000000000003,-0.7000000000000001,0.048972261799093364,0.1313385331831709,-0.1067307445679048,-0.3287918720466534,,0,-0.10357096510190354
4,commit_gate,2031,2.8000000000000003,-0.7000000000000001,0.09718291577752147,0.005872463345556023,0.011593024748510788,0.8024727635428832,,0,-0.1960427113995882
4,commit_gate,2031,2.8000000000000003,-0.7000000000000001,0.14935170488128746,-0.22825866066070433,-0.018477079629208498,0.8933377939132572,,0,-0.13208483262298512
4,commit_gate,2031,2.8000000000000003,-0.7000000000000001,0.20067413053531086,-0.12633436261752995,0.13885268365760403,0.23148772800943207,,0,-0.158633017768735
4,commit_gate,2031,2.8000000000000003,-0.7000000000000001,-0.08589425396771094,0.13351245123576228,-0.07198172220174581,0.13023504799854502,,0,-0.028650105927078142
4,commit_gate,2031,2.8000000000000003,-0.7000000000000001,-0.05447144287086386,-0.07576520117734209,-0.08846130582813654,-0.6777708922035284,,0,-0.276517907676215
4,commit_gate,2031,2.8000000000000003,-0.7000000000000001,-0.21747418066798524,0.28640932106450523,-0.11237846207802576,-0.4280926413579471,,0,-0.14487627330791053
4,commit_gate,2031,2.8000000000000003,-0.7000000000000001,-0.05216380534868992,-0.22703978591909113,-0.011007289099728285,-0.5554858405333485,,0,-0.1567503940257628
4,commit_gate,2031,2.8000000000000003,-0.7000000000000001,0.03105329714463445,0.30896916347743897,-0.07959698733646935,-0.6980137769170842,,0,-0.13884938957049006
4,commit_gate,2031,2.8000000000000003,-0.7000000000000001,-0.19657397761776896,0.186031639190528,-0.09673404053650989,-0.5648180890272156,,0,-0.18946675827678458
4,commit_gate,2031,2.8000000000000003,-0.7000000000000001,-0.24065859109650412,-0.03358991134538736,0.08494174947500269,-0.627427741652242,,0,-0.07031785842160038
4,commit_gate,2031,2.8000000000000003,-0.7000000000000001,-0.16438692285361428,-0.07705859830215234,-0.09437117764258032,-0.060380711664147046,,0,-0.09779070145611553
4,commit_gate,2031,2.8000000000000003,-0.7000000000000001,-0.21948801697981907,-0.429201148312808,-0.09017604969109227,0.9486938308081985,,0,-0.05122591832915042
4,commit_gate,2031,2.8000000000000003,-0.7000000000000001,-0.2203960579142219,-0.4038488461308124,-0.1398016283202744,0.5512330483767147,,0,-0.08898790096450532
4,commit_gate,2031,2.8000000000000003,-0.7000000000000001,-0.0009873401921921543,-0.08332778477370284,0.036001141293737715,0.3957285842005567,,0,-0.07055336066493768
4,commit_gate,2031,2.8000000000000003,-0.7000000000000001,0.2303375008521033,0.3238000738487845,-0.1478056767727303,0.6569586795054065,,0,-0.09668861271546142
4,commit_gate,2031,2.8000000000000003,-0.7000000000000001,0.227850678441546,-0.4460371563529001,-0.12204663784886981,0.34031384088368677,,0,-0.06548233043132443
4,commit_gate,2031,2.8000000000000003,-0.7000000000000001,0.2274924967009811,0.39736651004177115,-0.13230561030604085,-0.9171359809818949,,0,-0.25255751211497285
4,commit_gate,2031,2.8000000000000003,-0.7000000000000001,0.11694240802170658,0.23984145815095692,0.14438369093870743,0.5678026795051414,,0,-0.4539168857048927
4,commit_gate,2031,2.8000000000000003,-0.7000000000000001,0.2457258071475672,-0.21488261959083332,0.038315898536961185,-0.7895688558206044,,0,-0.12057605583884244
4,commit_gate,2031,2.8000000000000003,-0.7000000000000001,0.08430786495974618,-0.10895607224188542,0.04434566901735931,-0.9470092391609788,,0,-0.15462461622619597
4,commit_gate,2031,2.8000000000000003,-0.7000000000000001,0.24717650707901756,-0.042475513854508096,-0.05002850584194453,0.6459609604524086,,0,-0.09582531001868944
4,commit_gate,2031,2.8000000000000003,-0.7000000000000001,0.18558918665217328,0.197465699954667,0.1402031382125212,-0.08117756266642817,,0,-0.15067101983168268
4,commit_gate,2032,2.8000000000000003,-0.7000000000000001,0.008367459450451809,0.112264267629136,-0.025505805762366246,0.9840330568368314,,0,-0.2262808360037514
4,commit_gate,2032,2.8000000000000003,-0.7000000000000001,-0.1864171860319725,-0.25834647716187553,-0.11060540575936717,0.35773423293883067,,0,-0.06775720637448913
4,commit_gate,2032,2.8000000000000003,-0.7000000000000001,-0.20366109945424188,0.2841634660303536,0.0897209301453448,0.22832577124943332,,0,-0.13817217970571793
4,commit_gate,2032,2.8000000000000003,-0.7000000000000001,-0.20733308285993302,-0.02397936104058851,-0.010641318927114785,-0.5635161851876977,,0,-0.13523637242409775
4,commit_gate,2032,2.8000000000000003,-0.7000000000000001,-0.2017684173697365,0.49274223679378937,-0.04197515345875004,-0.46473893672876265,,0,-0.05603682391405427
4,commit_gate,2032,2.8000000000000003,-0.7000000000000001,0.09638989472669934,0.13130541528275663,-0.049527757258839955,-0.13947319219939724,,0,-0.10110516139795288
4,commit_gate,2032,2.8000000000000003,-0.7000000000000001,-0.17167077945785825,-0.3093585094041926,-0.01631447319820245,-0.023030024907035207,,0,-0.07129531990749248
4,commit_gate,2032,2.8000000000000003,-0.7000000000000001,-0.08846827591619444,0.4787430018856348,0.09557815176991791,-0.6442691955697661,,0,-0.037497056696460716
4,commit_gate,2032,2.8000000000000003,-0.7000000000000001,-0.24263214384426413,0.4592575433995567,-0.04659935423082169,0.8930348063474585,,0,-0.23039463555903242
4,commit_gate,2032,2.8000000000000003,-0.7000000000000001,-0.004075901659786163,0.350707700715706,-0.002463934842299592,-0.3881444932383227,,0,-0.032885874570169844
4,commit_gate,2032,2.8000000000000003,-0.7000000000000001,-0.0055155840254163535,0.25220908338844383,-0.0171824870703845,-0.7044532273319046,,0,-0.08939731671066346
4,commit_gate,2032,2.8000000000000003,-0.7000000000000001,0.1758520768405965,-0.0664346598679999,0.10959733380349987,-0.30229058052119595,,0,-0.034046921683948114
4,commit_gate,2032,2.8000000000000003,-0.7000000000000001,0.12321084464730131,-0.23547928304079868,-0.12592058439601292,0.6503637799178794,,0,-0.03120861360718751
4,commit_gate,2032,2.8000000000000003,-0.7000000000000001,0.04602596567933842,0.30167465619720657,0.09590450935538827,0.584415406085927,,0,-0.3535999072840778
4,commit_gate,2032,2.8000000000000003,-0.7000000000000001,0.2089783149025276,0.07662012298435994,0.09665010891405842,0.008752578361251206,,0,-0.1000068458280109
4,commit_gate,2032,2.8000000000000003,-0.7000000000000001,0.17503574940750427,-0.45444987710930873,0.06507797129550932,0.6174163542102524,,0,-0.10282999435732358
4,commit_gate,2032,2.8000000000000003,-0.7000000000000001,-0.14736757146152718,0.2896404065813466,0.00686426178750954,0.09196397701471937,,0,-0.04681647399246767
4,commit_gate,2032,2.8000000000000003,-0.7000000000000001,0.22625629338967296,-0.41724318697738905,-0.13587726539817796,0.7256744058189266,,0,-0.03678829588596596
4,commit_gate,2032,2.8000000000000003,-0.7000000000000001,0.04158565721454649,-0.21396274179404817,-0.04856866055407734,0.2634864857914767,,0,-0.026989796778592486
4,commit_gate,2032,2.8000000000000003,-0.7000000000000001,-0.2174158797852948,-0.2627353948709128,0.019808773451125916,0.6176378502993707,,0,-0.06479137725230279
4,commit_gate,2032,2.8000000000000003,-0.7000000000000001,0.02280545884951579,0.3793168185543673,-0.0006454883047744553,0.1993706771828747,,0,-0.09227718004423832
4,commit_gate,2032,2.8000000000000003,-0.7000000000000001,-0.061885346607069125,0.41813104039128157,-0.09809940995781084,-0.32335571362830007,,0,-0.06507103087305444
4,commit_gate,2032,2.8000000000000003,-0.7000000000000001,0.18425302638319846,-0.18379902287720584,-0.07023529146192369,0.026446679546727525,,0,-0.04625539588516987
4,commit_gate,2032,2.8000000000000003,-0.7000000000000001,-0.22830186029714528,-0.07446259371436525,0.1144998098008013,0.41813649981596623,,0,-0.13376105400933755
4,commit_gate,2032,2.8000000000000003,-0.7000000000000001,0.0416969770121981,0.44144831788540373,0.04198110518606485,-0.2773927169166308,,0,-0.05399871447301029
4,commit_gate,2032,2.8000000000000003,-0.7000000000000001,-0.006145111708868278,0.05275204584477733,0.11880155740849793,0.00457213393540723,,0,-0.08213112356137525
4,commit_gate,2032,2.8000000000000003,-0.7000000000000001,0.16277111421400892,0.10029901714083311,0.04483622634218959,-0.7114426903009092,,0,-0.054014157846414085
4,commit_gate,2032,2.8000000000000003,-0.7000000000000001,0.014667942510301846,-0.2821447137829929,-0.052050304653680546,0.3223045477500319,,0,-0.029481516838633183
4,commit_gate,2032,2.8000000000000003,-0.7000000000000001,-0.06934258565612567,-0.40706592325006385,0.08728528241195943,-0.6408550616657391,,0,-0.12038071197770832
4,commit_gate,2032,2.8000000000000003,-0.7000000000000001,-0.038121502975177246,0.22011668511728733,0.02752551202854836,-0.47931180393926587,,0,-0.03393923843585333
4,commit_gate,2032,2.8000000000000003,-0.7000000000000001,0.16574472353629083,-0.31758928197572467,0.05315569680949392,-0.7036773435787596,,0,-0.11390556556885931
4,commit_gate,2032,2.8000000000000003,-0.7000000000000001,-0.018017359950048384,-0.12296845750143603,-0.04124340171072652,-0.6529797398299428,,0,-0.19376112435809195
4,commit_gate,2032,2.8000000000000003,-0.7000000000000001,0.11341385367645235,-0.1220746845368249,-0.09100078237413031,0.3371229740789443,,0,-0.05117209523302661
4,commit_gate,2032,2.8000000000000003,-0.7000000000000001,0.20030989951519645,-0.21670738288848101,-0.07976366122090225,0.8022436406475562,,0,-0.06721986295297927
4,commit_gate,2032,2.8000000000000003,-0.7000000000000001,-0.11689004685970539,0.382027756748203,-0.1459398908956392,-0.5885004417454933,,0,-0.20170418851440927
4,commit_gate,2032,2.8000000000000003,-0.7000000000000001,0.15512068085384872,-0.49627344395082296,0.05327564867955836,-0.49070364152719836,,0,-0.1026747456210248
4,commit_gate,2032,2.8000000000000003,-0.7000000000000001,-0.11822150357914468,-0.26732384021897415,-0.09993121572448953,-0.20164783815716536,,0,-0.18742366927421095
4,commit_gate,2032,2.8000000000000003,-0.7000000000000001,0.0872672183745466,-0.26433940034962355,-0.11118987182297488,0.9681223155347609,,0,-0.05794538256235499
4,commit_gate,2032,2.8000000000000003,-0.7000000000000001,-0.19130599175002383,-0.4563809017599326,0.10992572107160589,0.5677707123902886,,0,-0.10174871058953941
4,commit_gate,2032,2.8000000000000003,-0.7000000000000001,0.19918380707948863,0.09348858815376204,0.019040405623468704,-0.4163249679495007,,0,-0.035240714455077364
4,commit_gate,2032,2.8000000000000003,-0.7000000000000001,-0.19521665322463932,0.39863883554629786,-0.027449273014267,0.884125676794137,,0,-0.2433369349128861
4,commit_gate,2032,2.8000000000000003,-0.7000000000000001,-0.21145101085324552,0.426195577265821,0.10965556340877045,0.6338751866706402,,0,-0.39884670224223817
4,commit_gate,2032,2.8000000000000003,-0.7000000000000001,0.23524119305888064,-0.18605301587227951,-0.017259657407084184,0.7552102687536919,,0,-0.1202808582231814
4,commit_gate,2032,2.8000000000000003,-0.7000000000000001,-0.07795174140236638,-0.052156686094574245,0.018973160730771266,-0.34575111221894406,,0,-0.04815194337183553
4,commit_gate,2032,2.8000000000000003,-0.7000000000000001,-0.033668255476272335,-0.1725734700847743,0.12180797050090028,0.18397839572361385,,0,-0.0805463786441128
4,commit_gate,2032,2.8000000000000003,-0.7000000000000001,-0.16907494503910653,0.23722104006924416,0.07007530109779561,-0.5762368198749008,,0,-0.03477912186825695
4,commit_gate,2032,2.8000000000000003,-0.7000000000000001,-0.1116410955988063,-0.3693972214385036,0.0862563787812691,0.3015043416579235,,0,-0.049962645016506595
4,commit_gate,2032,2.8000000000000003,-0.7000000000000001,-0.07837595298441319,0.37253283428954154,-0.07735196052146998,-0.9144132346240312,,0,-0.21208345629575664
4,commit_gate,2032,2.8000000000000003,-0.7000000000000001,0.020648917744697515,-0.2768512080963187,-0.03599791079812287,-0.864633546656101,,0,-0.325850189650963
4,commit_gate,2032,2.8000000000000003,-0.7000000000000001,0.10779974980913615,0.45352466690669246,0.05704146306322483,0.7652887576478549,,0,-0.46625137646430187
4,commit_gate,2032,2.8000000000000003,-0.7000000000000001,-0.05492988691717732,-0.45210726251745426,0.07565932482984802,0.22343058428073603,,0,-0.036472872137064384
4,commit_gate,2032,2.8000000000000003,-0.7000000000000001,0.05760719150630317,-0.478075768445674,-0.08408812524389637,-0.2052038236222058,,0,-0.19557182677554424
4,commit_gate,2032,2.8000000000000003,-0.7000000000000001,0.07746894116645775,-0.07227642188967187,0.12935553217254317,-0.4806520332439179,,0,-0.025143099941888295
4,commit_gate,2032,2.8000000000000003,-0.7000000000000001,-0.1490751082051605,0.44103556705253666,0.10387619763869746,0.8187191625190255,,0,-0.5315761184434058
4,commit_gate,2032,2.8000000000000003,-0.7000000000000001,-0.0012888644638468505,0.41763418648714234,-0.0671543354818394,0.05500901708232453,,0,-0.040428740159223445
4,commit_gate,2032,2.8000000000000003,-0.7000000000000001,0.11850139309741575,-0.3928972659639173,0.05567739293032156,0.2900311677074996,,0,-0.04068105282743558
4,commit_gate,2032,2.8000000000000003,-0.7000000000000001,-0.015159602126216698,0.4515321759110219,0.12424154352404201,0.3693094253031648,,0,-0.3533270372811376
4,commit_gate,2032,2.8000000000000003,-0.7000000000000001,0.1781165756382211,0.3058392605380067,-0.021065972431829505,-0.4778888566778223,,0,-0.04607498830607614
4,commit_gate,2032,2.8000000000000003,-0.7000000000000001,-0.1547048879709515,0.24897307011132663,0.1213954211941882,0.8111122204893226,,0,-0.4666650374790483
4,commit_gate,2032,2.8000000000000003,-0.7000000000000001,-0.002120161786173469,-0.17184976597372892,0.04852499662286619,0.021724098713244544,,0,-0.02536972158563784
4,commit_gate,2032,2.8000000000000003,-0.7000000000000001,-0.21856429263863109,0.17016032302355666,0.011770348305949863,0.008013635662230678,,0,-0.031390677154366185
4,commit_gate,2032,2.8000000000000003,-0.7000000000000001,-0.06282171311026047,0.19563174742521983,-0.07618915969692491,0.3815588884528256,,0,-0.03888421375555727
4,commit_gate,2032,2.8000000000000003,-0.7000000000000001,0.005974131748530842,-0.3899524505841978,-0.030036990553484702,0.8587715674402359,,0,-0.06769920829980872
4,commit_gate,2032,2.8000000000000003,-0.7000000000000001,0.09427643744582331,-0.3984982074180845,0.11241397167920689,-0.48779650889385207,,0,-0.04793566959023446
4,always_freeze,2030,0.0,0.0,-0.05184600350204882,0.30607942143937183,0.10099304756404573,-0.2530248106604298,,0,-0.04760913519382071
4,always_freeze,2030,0.0,0.0,-0.1746701675661021,-0.0960382503057311,-0.07758359458311934,-0.9072980629069103,,0,-0.41813159577531506
4,always_freeze,2030,0.0,0.0,0.10087321247067488,-0.1781914725731859,0.10810903795123564,0.4947797228192494,,0,-0.1685355047908323
4,always_freeze,2030,0.0,0.0,-0.11061107803132053,-0.15683820569066687,0.029557280869386304,0.5523579826519649,,0,-0.07533818208388152
4,always_freeze,2030,0.0,0.0,-0.11244633322915232,-0.2523323291940618,-0.08078175843615758,0.7014294184526371,,0,-0.037163434842123214
4,always_freeze,2030,0.0,0.0,-0.03249481063765236,0.297320955958965,0.08713878784359438,-0.24534403441657937,,0,-0.03893716625266705
4,always_freeze,2030,0.0,0.0,-0.2128657522118897,-0.3795630479155544,0.018756430666800133,0.6211744595695985,,0,-0.10626370270035602
4,always_freeze,2030,0.0,0.0,-0.04125832193110157,-0.0887831501503984,-0.08845466779033351,-0.6387509190747986,,0,-0.26658607645313376
4,always_freeze,2030,0.0,0.0,-0.1961992408789655,-0.2083538592638955,-0.007986654650933678,-0.6154045455662835,,0,-0.20321019456063347
4,always_freeze,2030,0.0,0.0,-0.16562323687385,-0.2733998816963822,-0.10837784863116101,-0.33998648124044517,,0,-0.2725393772590639
4,always_freeze,2030,0.0,0.0,-0.2393439382184675,0.0717705870988169,0.09286956528659143,-0.9550839743869992,,0,-0.11508348551904585
4,always_freeze,2030,0.0,0.0,-0.1293965880091248,0.02752419448843768,0.14113885165268072,0.9944181516349018,,0,-0.5222112986810301
4,always_freeze,2030,0.0,0.0,-0.24871107746498927,-0.29938154133106964,0.025446922056065135,0.40658082299074727,,0,-0.045643421760897314
4,always_freeze,2030,0.0,0.0,-0.08221678174018854,0.17139958868425698,-0.03823551044323044,0.058579013211461195,,0,-0.00880645683371097
4,always_freeze,2030,0.0,0.0,-0.0583582840637652,0.2194612905757084,-0.07634937683435745,0.3653484228930721,,0,-0.02055934036271315
4,always_freeze,2030,0.0,0.0,-0.04988577268458283,-0.07789351033620806,0.0793096184914518,0.439263667930472,,0,-0.11607382380851164
4,always_freeze,2030,0.0,0.0,-0.24910183637657646,0.44845897341128094,0.036456235280835,-0.8651716035641965,,0,-0.07645533018065843
4,always_freeze,2030,0.0,0.0,-0.012014557874164,0.01692531270132336,-0.1488798447885841,0.4777890790089574,,0,-0.01618716936395602
4,always_freeze,2030,0.0,0.0,0.07135007270608962,0.19457424037197468,-0.0678098459052404,0.46840836436307964,,0,-0.04945150044327589
4,always_freeze,2030,0.0,0.0,-0.010332518879528907,0.2955235774800139,-0.10406964857029463,0.2144724089766188,,0,-0.013406534857786107
4,always_freeze,2030,0.0,0.0,-0.16372352617243813,0.39306591204031316,0.1481721978303123,-0.6748941429681388,,0,-0.03215009790846976
4,always_freeze,2030,0.0,0.0,-0.07900715659985724,0.34110492262895664,0.0651917415315823,0.06022892227747434,,0,-0.08798412492103726
4,always_freeze,2030,0.0,0.0,-0.05477919429534028,0.0928960523511676,-0.04417563996210884,-0.40160684783356126,,0,-0.07533248798530766
4,always_freeze,2030,0.0,0.0,0.08546167953971262,-0.3133598337615493,-0.0525314198288976,-0.6335436313154903,,0,-0.25590463521181234
4,always_freeze,2030,0.0,0.0,0.19777029486169678,0.36649577401099176,0.11499320740060989,0.5603658954529374,,0,-0.4462152435606699
4,always_freeze,2030,0.0,0.0,-0.15214140323953612,-0.46337065588170534,-0.026757446180497343,0.5380984358701089,,0,-0.03076718153147321
4,always_freeze,2030,0.0,0.0,0.22865119423133778,-0.45714569075357037,-0.1457865575881901,0.9773209857901659,,0,-0.03756283476339769
4,always_freeze,2030,0.0,0.0,-0.23202367017315628,-0.003566724635694296,0.001562438412149314,0.40745027430264824,,0,-0.07461706557956634
4,always_freeze,2030,0.0,0.0,-0.1163189765726666,0.3732638918786515,-0.03942925647658095,0.12384672478393144,,0,-0.02488651820688378
4,always_freeze,2030,0.0,0.0,0.17497647362832425,0.04009854363336052,0.04049765122913601,0.003291045139735882,,0,-0.03095563801742963
4,always_freeze,2030,0.0,0.0,0.21117851654077502,-0.038140109587037174,-0.021662473564537987,-0.6905630402341905,,0,-0.1339089066228031
4,always_freeze,2030,0.0,0.0,0.08111152296731428,0.39398162322906694,-0.07317993963361681,-0.23996179617651547,,0,-0.059094192441391774
4,always_freeze,2030,0.0,0.0,-0.23512842594624062,-0.07925923036509064,0.044190096590837336,-0.7469962832660819,,0,-0.14687465348052262
4,always_freeze,2030,0.0,0.0,0.14288723007155796,-0.3677795924230466,0.08212546185605069,-0.4235124635062011,,0,-0.04269853343026852
4,always_freeze,2030,0.0,0.0,0.021032964973469737,-0.02631751023522033,-0.03597850764534562,0.6941167096109981,,0,-0.0787252750755936
4,always_freeze,2030,0.0,0.0,-0.1000126504446634,-0.3157118928679221,0.07853218318496319,0.04168884941597595,,0,-0.020808025987212906
4,always_freeze,2030,0.0,0.0,0.15265004930217052,-0.36443176343201233,0.057010322604900104,-0.24333297120016706,,0,-0.029606479605007213
4,always_freeze,2030,0.0,0.0,0.1728960900835289,0.4978108002253202,0.1347512880915044,0.512138613039256,,0,-0.5221561498379641
4,always_freeze,2030,0.0,0.0,-0.13794172072230004,0.2523563335356085,-0.07627609400165962,0.6374054670125864,,0,-0.06812086030440198
4,always_freeze,2030,0.0,0.0,0.12232806968614085,0.2790916470408108,0.05126162458101299,-0.052528483320705366,,0,-0.06297359672674088
4,always_freeze,2030,0.0,0.0,0.04411692908133491,0.14370649656475665,-0.1424939375835341,-0.8807516257527177,,0,-0.39393667971376006
4,always_freeze,2030,0.0,0.0,-0.04818470777040351,0.03507477552719762,-0.03121113869144833,-0.38954138036986174,,0,-0.06970477836697687
4,always_freeze,2030,0.0,0.0,-0.061741698435153536,-0.21738020529300228,-0.14814469312178866,0.09411456277199148,,0,-0.13046421917922865
4,always_freeze,2030,0.0,0.0,0.10798219580122403,-0.013327890407098142,0.11522885326154489,-0.4347669778331049,,0,-0.009963656023544471
4,always_freeze,2030,0.0,0.0,0.02964323930949897,-0.33728262282208876,0.020995901843503167,0.03545891479456542,,0,-0.015796377140909895
4,always_freeze,2030,0.0,0.0,-0.19127657643298324,-0.006366838994584345,-0.12025766177631131,0.371870969733503,,0,-0.024746464230316904
4,always_freeze,2030,0.0,0.0,0.06228276560775298,-0.11416833641517976,-0.10040857881207688,0.3364488398021621,,0,-0.014941690220460251
4,always_freeze,2030,0.0,0.0,-0.004513231278477359,0.19063809501508655,-0.12717927829649459,0.16192327587643685,,0,-0.024696960288269763
4,always_freeze,2030,0.0,0.0,0.08751556538446681,-0.05232433589254193,-0.05577903904144785,0.3963749067973721,,0,-0.013907894600495787
4,always_freeze,2030,0.0,0.0,-0.12005219468295641,0.2312462372416506,-0.14256012243204116,-0.1574196787062363,,0,-0.09786954729266875
4,always_freeze,2030,0.0,0.0,0.03406304572905289,-0.10366774974351156,0.0922263507368278,0.619401797543425,,0,-0.19926677922575092
4,always_freeze,2030,0.0,0.0,-0.22576549038460858,0.4785897534640512,0.024075450510955165,0.3924311236153992,,0,-0.1560253124301758
4,always_freeze,2030,0.0,0.0,0.1540769353616137,0.2737429839829577,0.10063374135746586,0.513495678515373,,0,-0.33272242138733077
4,always_freeze,2030,0.0,0.0,0.039467936271113946,-0.43108336076345866,-0.0020020605007881054,-0.46518989307802516,,0,-0.1638109788960493
4,always_freeze,2030,0.0,0.0,0.06205152188869095,-0.464544024075189,0.03995502402254755,-0.3786386870963008,,0,-0.09424161668138364
4,always_freeze,2030,0.0,0.0,-0.13371271560443138,-0.2805805024807255,-0.023090921287984234,-0.7598913679230228,,0,-0.29867872875637136
4,always_freeze,2030,0.0,0.0,-0.19783396007151605,-0.09498100989584568,0.08431783029709747,0.6849151318630617,,0,-0.18580974605815984
4,always_freeze,2030,0.0,0.0,-0.04794666198426195,0.21103313285010683,-0.04749904442938542,0.2746714753603463,,0,-0.021857011978463486
4,always_freeze,2030,0.0,0.0,0.18459989159238321,-0.29048621819121834,0.13687854976409183,-0.38116787349079484,,0,-0.02385997578995873
4,always_freeze,2030,0.0,0.0,-0.052596513525193234,0.3728039044424841,0.04544368088243514,0.2619753303164607,,0,-0.13458882216530477
4,always_freeze,2030,0.0,0.0,-0.13023886920061645,-0.4000915140241518,0.11025984943854675,0.26190545607406035,,0,-0.12121120988329162
4,always_freeze,2030,0.0,0.0,0.07363891060096278,0.39055726666343815,-0.0006869946930977144,-0.3965470574024279,,0,-0.02268653484994571
4,always_freeze,2030,0.0,0.0,-0.0604382319260936,0.27485034661966123,0.06813537822018145,0.16366773976564253,,0,-0.10537344128901144
4,always_freeze,2030,0.0,0.0,-0.05218653577595406,-0.05363362003716077,-0.05397920266786094,0.007692874763531199,,0,-0.025553512308488614
4,always_freeze,2031,0.0,0.0,-0.05719559306725752,0.029977481420147667,0.12842040260494766,0.2967636762235082,,0,-0.16104492078671928
4,always_freeze,2031,0.0,0.0,0.00041479846092579153,0.2721927656375751,0.11014879009583631,0.3854936434772629,,0,-0.2529237814122108
4,always_freeze,2031,0.0,0.0,-0.07587045350273108,-0.25069801024430605,0.08963116482608541,0.38660453020354213,,0,-0.08026297592362208
4,always_freeze,2031,0.0,0.0,-0.16072924027203384,0.4939430909001882,-0.1358630047616157,-0.8812733049729311,,0,-0.29077490467531547
4,always_freeze,2031,0.0,0.0,0.24478606058792612,0.21544858332038674,-0.06602284886490674,0.9546284718587277,,0,-0.23813274678092838
4,always_freeze,2031,0.0,0.0,-0.06766414239262963,-0.38218468219959956,-0.032598289634361816,0.987348958235774,,0,-0.09226181858930493
4,always_freeze,2031,0.0,0.0,-0.10924017350661602,0.3754688310904263,-0.1395799529012843,0.863510397476903,,0,-0.09555946414039529
4,always_freeze,2031,0.0,0.0,-0.13533111001840514,-0.04147778849238515,0.14068175335234165,0.12043226304240329,,0,-0.09863218104657782
4,always_freeze,2031,0.0,0.0,0.07978135920252649,-0.023029679336416975,-0.06538883311653178,-0.9965905229899363,,0,-0.34001002064366886
4,always_freeze,2031,0.0,0.0,0.24791850639542956,-0.37942870206141854,-0.07364437009577098,0.5677461484354571,,0,-0.023721255448348088
4,always_freeze,2031,0.0,0.0,-0.00019031193364671406,-0.002740967741479361,-0.038986250374450485,0.24015787853474557,,0,-0.009126420269792839
4,always_freeze,2031,0.0,0.0,-0.09187037674143367,-0.3189788131123753,-0.0024639503641179505,-0.8352063207937217,,0,-0.29921882716104414
4,always_freeze,2031,0.0,0.0,0.08457043881961968,0.43130667197173067,-0.022205297391200696,-0.2903455258061334,,0,-0.022462201304591818
4,always_freeze,2031,0.0,0.0,0.043297730134621626,-0.26430226555847003,-0.013176510592217555,0.20956588122333253,,0,-0.012873144609590966
4,always_freeze,2031,0.0,0.0,-0.10094702247921938,-0.36775367605226494,0.09169644069195076,-0.18779302771909512,,0,-0.02740460457131069
4,always_freeze,2031,0.0,0.0,0.1884744089590798,-0.18925371788006506,0.0909228694650712,-0.8298318940671692,,0,-0.0857972193346466
4,always_freeze,2031,0.0,0.0,0.009440229344430062,-0.135091109056364,-0.03635134315064523,-0.739372215805318,,0,-0.225867199697115
4,always_freeze,2031,0.0,0.0,0.07521640816545822,-0.3415091287433899,0.07555238392778321,0.7646136173184206,,0,-0.16978595188133394
4,always_freeze,2031,0.0,0.0,-0.08952153948342478,0.19379466813065394,-0.08336120587227071,0.8171416305483021,,0,-0.09857768114873357
4,always_freeze,2031,0.0,0.0,0.08713994647273327,-0.025246928221083098,-0.038656775628084034,-0.17415188676743076,,0,-0.03257278683334494
4,always_freeze,2031,0.0,0.0,-0.21842331465768017,0.08360161299281577,-0.027927589315817514,-0.021641587680241603,,0,-0.018718785425406635
4,always_freeze,2031,0.0,0.0,-0.23817768139675016,0.32912885268562886,-0.0454553087606549,0.5842483877496001,,0,-0.0931753390985668
4,always_freeze,2031,0.0,0.0,0.0035549008617828393,-0.13584934794824965,-0.020728546539534237,-0.43703856431753074,,0,-0.10162335993105871
4,always_freeze,2031,0.0,0.0,0.06809837093073917,-0.0930635512668826,0.018350245073017635,-0.9734092402142873,,0,-0.20772199480951326
4,always_freeze,2031,0.0,0.0,0.05974480105472729,-0.18686403018196263,0.023105223860972524,-0.45029444570361776,,0,-0.06550063486019858
4,always_freeze,2031,0.0,0.0,0.21004191179998616,-0.051135912337605394,0.08308904019903207,0.2946149937151734,,0,-0.1231214368098157
4,always_freeze,2031,0.0,0.0,0.10503274783308614,-0.36169591995039485,-0.08476374293807364,0.024535690726771753,,0,-0.08839506939497396
4,always_freeze,2031,0.0,0.0,0.18631626379720384,-0.2868283780049591,-0.13569236308343777,0.31330259950078965,,0,-0.05353923745441012
4,always_freeze,2031,0.0,0.0,0.08684596990970628,-0.44277480118184553,0.06277299506718287,0.036861988274649926,,0,-0.021288215705408686
4,always_freeze,2031,0.0,0.0,0.23632962805057833,-0.2737434696336881,-0.045053013304271264,-0.1361091609668743,,0,-0.06303243208347051
4,always_freeze,2031,0.0,0.0,-0.24754269979104693,0.37075844396283286,0.11558464735629273,-0.8259862480601177,,0,-0.03161710558223575
4,always_freeze,2031,0.0,0.0,-0.035163736461436945,0.15658602203133398,-0.10605356980128908,-0.7802959413323836,,0,-0.27308605129879304
4,always_freeze,2031,0.0,0.0,0.1231977590524218,-0.4168767854115202,0.13205614302995097,-0.404141022751507,,0,-0.026507004945775597
4,always_freeze,2031,0.0,0.0,0.10273485677697786,0.3513288363432773,-0.09688081669079518,-0.74999894407966,,0,-0.17200102752453547
4,always_freeze,2031,0.0,0.0,-0.013090082483146914,0.4216551912347666,-0.12893868354606336,-0.8075099557518162,,0,-0.23893275566850528
4,always_freeze,2031,0.0,0.0,-0.21087361925095793,-0.34008392139782284,0.1029692819011512,0.31729222948064506,,0,-0.13561100903434237
4,always_freeze,2031,0.0,0.0,-0.2172681570069221,0.3108853840027679,-0.08437578210308493,0.8343107050785301,,0,-0.11814739589674197
4,always_freeze,2031,0.0,0.0,0.17854695665205939,-0.4438756321523265,0.01529411115016352,-0.6977299565415498,,0,-0.2028545028403436
4,always_freeze,2031,0.0,0.0,0.07726669354380805,0.13774062240984086,0.13352727004458623,0.02909579767429915,,0,-0.1302651657197088
4,always_freeze,2031,0.0,0.0,0.18710394121383273,0.3686179697175588,-0.014019474719358327,-0.8007416270501262,,0,-0.10126770628886009
4,always_freeze,2031,0.0,0.0,0.048972261799093364,0.1313385331831709,-0.1067307445679048,-0.3287918720466534,,0,-0.10532529745696409
4,always_freeze,2031,0.0,0.0,0.09718291577752147,0.005872463345556023,0.011593024748510788,0.8024727635428832,,0,-0.19071065798811468
4,always_freeze,2031,0.0,0.0,0.14935170488128746,-0.22825866066070433,-0.018477079629208498,0.8933377939132572,,0,-0.1285032193408725
4,always_freeze,2031,0.0,0.0,0.20067413053531086,-0.12633436261752995,0.13885268365760403,0.23148772800943207,,0,-0.15470924927459268
4,always_freeze,2031,0.0,0.0,-0.08589425396771094,0.13351245123576228,-0.07198172220174581,0.13023504799854502,,0,-0.008165768806558438
4,always_freeze,2031,0.0,0.0,-0.05447144287086386,-0.07576520117734209,-0.08846130582813654,-0.6777708922035284,,0,-0.28222043865148516
4,always_freeze,2031,0.0,0.0,-0.21747418066798524,0.28640932106450523,-0.11237846207802576,-0.4280926413579471,,0,-0.14514641531953254
4,always_freeze,2031,0.0,0.0,-0.05216380534868992,-0.22703978591909113,-0.011007289099728285,-0.5554858405333485,,0,-0.1610180836002432
4,always_freeze,2031,0.0,0.0,0.03105329714463445,0.30896916347743897,-0.07959698733646935,-0.6980137769170842,,0,-0.14838065600771227
4,always_freeze,2031,0.0,0.0,-0.19657397761776896,0.186031639190528,-0.09673404053650989,-0.5648180890272156,,0,-0.193694113481102
4,always_freeze,2031,0.0,0.0,-0.24065859109650412,-0.03358991134538736,0.08494174947500269,-0.627427741652242,,0,-0.06444100628841812
4,always_freeze,2031,0.0,0.0,-0.16438692285361428,-0.07705859830215234,-0.09437117764258032,-0.060380711664147046,,0,-0.09299389736865679
4,always_freeze,2031,0.0,0.0,-0.21948801697981907,-0.429201148312808,-0.09017604969109227,0.9486938308081985,,0,-0.053983813924643125
4,always_freeze,2031,0.0,0.0,-0.2203960579142219,-0.4038488461308124,-0.1398016283202744,0.5512330483767147,,0,-0.0820856600737485
4,always_freeze,2031,0.0,0.0,-0.0009873401921921543,-0.08332778477370284,0.036001141293737715,0.3957285842005567,,0,-0.06257957158879399
4,always_freeze,2031,0.0,0.0,0.2303375008521033,0.3238000738487845,-0.1478056767727303,0.6569586795054065,,0,-0.08041730532593874
4,always_freeze,2031,0.0,0.0,0.227850678441546,-0.4460371563529001,-0.12204663784886981,0.34031384088368677,,0,-0.06306648116168737
4,always_freeze,2031,0.0,0.0,0.2274924967009811,0.39736651004177115,-0.13230561030604085,-0.9171359809818949,,0,-0.27411253047992123
4,always_freeze,2031,0.0,0.0,0.11694240802170658,0.23984145815095692,0.14438369093870743,0.5678026795051414,,0,-0.4323819777993492
4,always_freeze,2031,0.0,0.0,0.2457258071475672,-0.21488261959083332,0.038315898536961185,-0.7895688558206044,,0,-0.13199265390611475
4,always_freeze,2031,0.0,0.0,0.08430786495974618,-0.10895607224188542,0.04434566901735931,-0.9470092391609788,,0,-0.1640160893754597
4,always_freeze,2031,0.0,0.0,0.24717650707901756,-0.042475513854508096,-0.05002850584194453,0.6459609604524086,,0,-0.0841667737640911
4,always_freeze,2031,0.0,0.0,0.18558918665217328,0.197465699954667,0.1402031382125212,-0.08117756266642817,,0,-0.1426324215055644
4,always_freeze,2032,0.0,0.0,0.008367459450451809,0.112264267629136,-0.025505805762366246,0.9840330568368314,,0,-0.22097869041799467
4,always_freeze,2032,0.0,0.0,-0.1864171860319725,-0.25834647716187553,-0.11060540575936717,0.35773423293883067,,0,-0.05850320640008541
4,always_freeze,2032,0.0,0.0,-0.20366109945424188,0.2841634660303536,0.0897209301453448,0.22832577124943332,,0,-0.13736984736688354
4,always_freeze,2032,0.0,0.0,-0.20733308285993302,-0.02397936104058851,-0.010641318927114785,-0.5635161851876977,,0,-0.13596350415327602
4,always_freeze,2032,0.0,0.0,-0.2017684173697365,0.49274223679378937,-0.04197515345875004,-0.46473893672876265,,0,-0.047901990453440145
4,always_freeze,2032,0.0,0.0,0.09638989472669934,0.13130541528275663,-0.049527757258839955,-0.13947319219939724,,0,-0.04237298222340846
4,always_freeze,2032,0.0,0.0,-0.17167077945785825,-0.3093585094041926,-0.01631447319820245,-0.023030024907035207,,0,-0.0643402191668812
4,always_freeze,2032,0.0,0.0,-0.08846827591619444,0.4787430018856348,0.09557815176991791,-0.6442691955697661,,0,-0.024636333985949783
4,always_freeze,2032,0.0,0.0,-0.24263214384426413,0.4592575433995567,-0.04659935423082169,0.8930348063474585,,0,-0.22754445620640165
4,always_freeze,2032,0.0,0.0,-0.004075901659786163,0.350707700715706,-0.002463934842299592,-0.3881444932383227,,0,-0.058916248873456666
4,always_freeze,2032,0.0,0.0,-0.0055155840254163535,0.25220908338844383,-0.0171824870703845,-0.7044532273319046,,0,-0.09113216300124502
4,always_freeze,2032,0.0,0.0,0.1758520768405965,-0.0664346598679999,0.10959733380349987,-0.30229058052119595,,0,-0.018200737371154737
4,always_freeze,2032,0.0,0.0,0.12321084464730131,-0.23547928304079868,-0.12592058439601292,0.6503637799178794,,0,-0.02417512288330312
4,always_freeze,2032,0.0,0.0,0.04602596567933842,0.30167465619720657,0.09590450935538827,0.584415406085927,,0,-0.3385231019526369
4,always_freeze,2032,0.0,0.0,0.2089783149025276,0.07662012298435994,0.09665010891405842,0.008752578361251206,,0,-0.09059146516287556
4,always_freeze,2032,0.0,0.0,0.17503574940750427,-0.45444987710930873,0.06507797129550932,0.6174163542102524,,0,-0.10159811153483152
4,always_freeze,2032,0.0,0.0,-0.14736757146152718,0.2896404065813466,0.00686426178750954,0.09196397701471937,,0,-0.03260837062675464
4,always_freeze,2032,0.0,0.0,0.22625629338967296,-0.41724318697738905,-0.13587726539817796,0.7256744058189266,,0,-0.046740481152276116
4,always_freeze,2032,0.0,0.0,0.04158565721454649,-0.21396274179404817,-0.04856866055407734,0.2634864857914767,,0,-0.008936464425639909
4,always_freeze,2032,0.0,0.0,-0.2174158797852948,-0.2627353948709128,0.019808773451125916,0.6176378502993707,,0,-0.11353858807954507
4,always_freeze,2032,0.0,0.0,0.02280545884951579,0.3793168185543673,-0.0006454883047744553,0.1993706771828747,,0,-0.07973437041889607
4,always_freeze,2032,0.0,0.0,-0.061885346607069125,0.41813104039128157,-0.09809940995781084,-0.32335571362830007,,0,-0.06039035354128402
4,always_freeze,2032,0.0,0.0,0.18425302638319846,-0.18379902287720584,-0.07023529146192369,0.026446679546727525,,0,-0.04011587320523317
4,always_freeze,2032,0.0,0.0,-0.22830186029714528,-0.07446259371436525,0.1144998098008013,0.41813649981596623,,0,-0.14207455132370758
4,always_freeze,2032,0.0,0.0,0.0416969770121981,0.44144831788540373,0.04198110518606485,-0.2773927169166308,,0,-0.03762019641903669
4,always_freeze,2032,0.0,0.0,-0.006145111708868278,0.05275204584477733,0.11880155740849793,0.00457213393540723,,0,-0.07475112167378502
4,always_freeze,2032,0.0,0.0,0.16277111421400892,0.10029901714083311,0.04483622634218959,-0.7114426903009092,,0,-0.05791324605814628
4,always_freeze,2032,0.0,0.0,0.014667942510301846,-0.2821447137829929,-0.052050304653680546,0.3223045477500319,,0,-0.012513298321398088
4,always_freeze,2032,0.0,0.0,-0.06934258565612567,-0.40706592325006385,0.08728528241195943,-0.6408550616657391,,0,-0.12238344740146623
4,always_freeze,2032,0.0,0.0,-0.038121502975177246,0.22011668511728733,0.02752551202854836,-0.47931180393926587,,0,-0.021560574065810207
4,always_freeze,2032,0.0,0.0,0.16574472353629083,-0.31758928197572467,0.05315569680949392,-0.7036773435787596,,0,-0.1212504705002377
4,always_freeze,2032,0.0,0.0,-0.018017359950048384,-0.12296845750143603,-0.04124340171072652,-0.6529797398299428,,0,-0.20072789055963097
4,always_freeze,2032,0.0,0.0,0.11341385367645235,-0.1220746845368249,-0.09100078237413031,0.3371229740789443,,0,-0.018027144722249266
4,always_freeze,2032,0.0,0.0,0.20030989951519645,-0.21670738288848101,-0.07976366122090225,0.8022436406475562,,0,-0.05537831411732094
4,always_freeze,2032,0.0,0.0,-0.11689004685970539,0.382027756748203,-0.1459398908956392,-0.5885004417454933,,0,-0.20779970956212265
4,always_freeze,2032,0.0,0.0,0.15512068085384872,-0.49627344395082296,0.05327564867955836,-0.49070364152719836,,0,-0.107343427835937
4,always_freeze,2032,0.0,0.0,-0.11822150357914468,-0.26732384021897415,-0.09993121572448953,-0.20164783815716536,,0,-0.18820256316721903
4,always_freeze,2032,0.0,0.0,0.0872672183745466,-0.26433940034962355,-0.11118987182297488,0.9681223155347609,,0,-0.04762646311103802
4,always_freeze,2032,0.0,0.0,-0.19130599175002383,-0.4563809017599326,0.10992572107160589,0.5677707123902886,,0,-0.1255655402715961
4,always_freeze,2032,0.0,0.0,0.19918380707948863,0.09348858815376204,0.019040405623468704,-0.4163249679495007,,0,-0.04158590780772553
4,always_freeze,2032,0.0,0.0,-0.19521665322463932,0.39863883554629786,-0.027449273014267,0.884125676794137,,0,-0.24057502329283847
4,always_freeze,2032,0.0,0.0,-0.21145101085324552,0.426195577265821,0.10965556340877045,0.6338751866706402,,0,-0.3883089735774365
4,always_freeze,2032,0.0,0.0,0.23524119305888064,-0.18605301587227951,-0.017259657407084184,0.7552102687536919,,0,-0.11302191557176378
4,always_freeze,2032,0.0,0.0,-0.07795174140236638,-0.052156686094574245,0.018973160730771266,-0.34575111221894406,,0,-0.03792600420465239
4,always_freeze,2032,0.0,0.0,-0.033668255476272335,-0.1725734700847743,0.12180797050090028,0.18397839572361385,,0,-0.0775189721822704
4,always_freeze,2032,0.0,0.0,-0.16907494503910653,0.23722104006924416,0.07007530109779561,-0.5762368198749008,,0,-0.02112057791030817
4,always_freeze,2032,0.0,0.0,-0.1116410955988063,-0.3693972214385036,0.0862563787812691,0.3015043416579235,,0,-0.1072233341915025
4,always_freeze,2032,0.0,0.0,-0.07837595298441319,0.37253283428954154,-0.07735196052146998,-0.9144132346240312,,0,-0.21940663278978045
4,always_freeze,2032,0.0,0.0,0.020648917744697515,-0.2768512080963187,-0.03599791079812287,-0.864633546656101,,0,-0.33210131119706826
4,always_freeze,2032,0.0,0.0,0.10779974980913615,0.45352466690669246,0.05704146306322483,0.7652887576478549,,0,-0.43871440448716553
4,always_freeze,2032,0.0,0.0,-0.05492988691717732,-0.45210726251745426,0.07565932482984802,0.22343058428073603,,0,-0.04771007144597952
4,always_freeze,2032,0.0,0.0,0.05760719150630317,-0.478075768445674,-0.08408812524389637,-0.2052038236222058,,0,-0.2004814054599147
4,always_freeze,2032,0.0,0.0,0.07746894116645775,-0.07227642188967187,0.12935553217254317,-0.4806520332439179,,0,-0.018355186239609918
4,always_freeze,2032,0.0,0.0,-0.1490751082051605,0.44103556705253666,0.10387619763869746,0.8187191625190255,,0,-0.5048720139560907
4,always_freeze,2032,0.0,0.0,-0.0012888644638468505,0.41763418648714234,-0.0671543354818394,0.05500901708232453,,0,-0.020293286983024905
4,always_freeze,2032,0.0,0.0,0.11850139309741575,-0.3928972659639173,0.05567739293032156,0.2900311677074996,,0,-0.03228426362786546
4,always_freeze,2032,0.0,0.0,-0.015159602126216698,0.4515321759110219,0.12424154352404201,0.3693094253031648,,0,-0.3409123318015977
4,always_freeze,2032,0.0,0.0,0.1781165756382211,0.3058392605380067,-0.021065972431829505,-0.4778888566778223,,0,-0.07158162880239077
4,always_freeze,2032,0.0,0.0,-0.1547048879709515,0.24897307011132663,0.1213954211941882,0.8111122204893226,,0,-0.44845991071561037
4,always_freeze,2032,0.0,0.0,-0.002120161786173469,-0.17184976597372892,0.04852499662286619,0.021724098713244544,,0,-0.020396777452154256
4,always_freeze,2032,0.0,0.0,-0.21856429263863109,0.17016032302355666,0.011770348305949863,0.008013635662230678,,0,-0.02155085201155661
4,always_freeze,2032,0.0,0.0,-0.06282171311026047,0.19563174742521983,-0.07618915969692491,0.3815588884528256,,0,-0.01977620353633406
4,always_freeze,2032,0.0,0.0,0.005974131748530842,-0.3899524505841978,-0.030036990553484702,0.8587715674402359,,0,-0.06686993739939391
4,always_freeze,2032,0.0,0.0,0.09427643744582331,-0.3984982074180845,0.11241397167920689,-0.48779650889385207,,0,-0.0426100208829308
6,action_only,2030,12.0,-3.0,-0.05184600350204882,0.30607942143937183,0.10099304756404573,-0.2530248106604298,,0,-0.4788860351460237
6,action_only,2030,12.0,-3.0,-0.1746701675661021,-0.0960382503057311,-0.07758359458311934,-0.9072980629069103,,0,-0.735701899445311
6,action_only,2030,12.0,-3.0,0.10087321247067488,-0.1781914725731859,0.10810903795123564,0.4947797228192494,,0,-0.6002959234214512
6,action_only,2030,12.0,-3.0,-0.11061107803132053,-0.15683820569066687,0.029557280869386304,0.5523579826519649,,0,-0.5011918313584791
6,action_only,2030,12.0,-3.0,-0.11244633322915232,-0.2523323291940618,-0.08078175843615758,0.7014294184526371,,0,-0.4574882388584521
6,action_only,2030,12.0,-3.0,-0.03249481063765236,0.297320955958965,0.08713878784359438,-0.24534403441657937,,0,-0.47064212445316345
6,action_only,2030,12.0,-3.0,-0.2128657522118897,-0.3795630479155544,0.018756430666800133,0.6211744595695985,,0,-0.45731823737270044
6,action_only,2030,12.0,-3.0,-0.04125832193110157,-0.0887831501503984,-0.08845466779033351,-0.6387509190747986,,0,-0.5944921534993917
6,action_only,2030,12.0,-3.0,-0.1961992408789655,-0.2083538592638955,-0.007986654650933678,-0.6154045455662835,,0,-0.5325868920197011
6,action_only,2030,12.0,-3.0,-0.16562323687385,-0.2733998816963822,-0.10837784863116101,-0.33998648124044517,,0,-0.6099415372164283
6,action_only,2030,12.0,-3.0,-0.2393439382184675,0.0717705870988169,0.09286956528659143,-0.9550839743869992,,0,-0.4527000555796574
6,action_only,2030,12.0,-3.0,-0.1293965880091248,0.02752419448843768,0.14113885165268072,0.9944181516349018,,0,-1.0801705798790997
6,action_only,2030,12.0,-3.0,-0.24871107746498927,-0.29938154133106964,0.025446922056065135,0.40658082299074727,,0,-0.4366398364825186
6,action_only,2030,12.0,-3.0,-0.08221678174018854,0.17139958868425698,-0.03823551044323044,0.058579013211461195,,0,-0.4485629622304976
6,action_only,2030,12.0,-3.0,-0.0583582840637652,0.2194612905757084,-0.07634937683435745,0.3653484228930721,,0,-0.49448637719882255
6,action_only,2030,12.0,-3.0,-0.04988577268458283,-0.07789351033620806,0.0793096184914518,0.439263667930472,,0,-0.548322510340648
6,action_only,2030,12.0,-3.0,-0.24910183637657646,0.44845897341128094,0.036456235280835,-0.8651716035641965,,0,-0.4592450684402278
6,action_only,2030,12.0,-3.0,-0.012014557874164,0.01692531270132336,-0.1488798447885841,0.4777890790089574,,0,-0.47352865325508114
6,action_only,2030,12.0,-3.0,0.07135007270608962,0.19457424037197468,-0.0678098459052404,0.46840836436307964,,0,-0.5294569501090353
6,action_only,2030,12.0,-3.0,-0.010332518879528907,0.2955235774800139,-0.10406964857029463,0.2144724089766188,,0,-0.4864843871799728
6,action_only,2030,12.0,-3.0,-0.16372352617243813,0.39306591204031316,0.1481721978303123,-0.6748941429681388,,0,-0.43416260496425046
6,action_only,2030,12.0,-3.0,-0.07900715659985724,0.34110492262895664,0.0651917415315823,0.06022892227747434,,0,-0.5461958921363207
6,action_only,2030,12.0,-3.0,-0.05477919429534028,0.0928960523511676,-0.04417563996210884,-0.40160684783356126,,0,-0.4590890750325038
6,action_only,2030,12.0,-3.0,0.08546167953971262,-0.3133598337615493,-0.0525314198288976,-0.6335436313154903,,0,-0.5682242609789275
6,action_only,2030,12.0,-3.0,0.19777029486169678,0.36649577401099176,0.11499320740060989,0.5603658954529374,,0,-0.9994446952305609
6,action_only,2030,12.0,-3.0,-0.15214140323953612,-0.46337065588170534,-0.026757446180497343,0.5380984358701089,,0,-0.42555395343201624
6,action_only,2030,12.0,-3.0,0.22865119423133778,-0.45714569075357037,-0.1457865575881901,0.9773209857901659,,0,-0.47067868818145775
6,action_only,2030,12.0,-3.0,-0.23202367017315628,-0.003566724635694296,0.001562438412149314,0.40745027430264824,,0,-0.47685980490525304
6,action_only,2030,12.0,-3.0,-0.1163189765726666,0.3732638918786515,-0.03942925647658095,0.12384672478393144,,0,-0.49529958318273976
6,action_only,2030,12.0,-3.0,0.17497647362832425,0.04009854363336052,0.04049765122913601,0.003291045139735882,,0,-0.45494552612447886
6,action_only,2030,12.0,-3.0,0.21117851654077502,-0.038140109587037174,-0.021662473564537987,-0.6905630402341905,,0,-0.4689500317781789
6,action_only,2030,12.0,-3.0,0.08111152296731428,0.39398162322906694,-0.07317993963361681,-0.23996179617651547,,0,-0.47133795940585455
6,action_only,2030,12.0,-3.0,-0.23512842594624062,-0.07925923036509064,0.044190096590837336,-0.7469962832660819,,0,-0.48388416737014295
6,action_only,2030,12.0,-3.0,0.14288723007155796,-0.3677795924230466,0.08212546185605069,-0.4235124635062011,,0,-0.3804723137192666
6,action_only,2030,12.0,-3.0,0.021032964973469737,-0.02631751023522033,-0.03597850764534562,0.6941167096109981,,0,-0.5416409831197183
6,action_only,2030,12.0,-3.0,-0.1000126504446634,-0.3157118928679221,0.07853218318496319,0.04168884941597595,,0,-0.3983365833878695
6,action_only,2030,12.0,-3.0,0.15265004930217052,-0.36443176343201233,0.057010322604900104,-0.24333297120016706,,0,-0.3820413882644027
6,action_only,2030,12.0,-3.0,0.1728960900835289,0.4978108002253202,0.1347512880915044,0.512138613039256,,0,-1.1104051666025119
6,action_only,2030,12.0,-3.0,-0.13794172072230004,0.2523563335356085,-0.07627609400165962,0.6374054670125864,,0,-0.5615266913464697
6,action_only,2030,12.0,-3.0,0.12232806968614085,0.2790916470408108,0.05126162458101299,-0.052528483320705366,,0,-0.510120554822468
6,action_only,2030,12.0,-3.0,0.04411692908133491,0.14370649656475665,-0.1424939375835341,-0.8807516257527177,,0,-0.7162706341967632
6,action_only,2030,12.0,-3.0,-0.04818470777040351,0.03507477552719762,-0.03121113869144833,-0.38954138036986174,,0,-0.44877878163258994
6,action_only,2030,12.0,-3.0,-0.061741698435153536,-0.21738020529300228,-0.14814469312178866,0.09411456277199148,,0,-0.5135942249365588
6,action_only,2030,12.0,-3.0,0.10798219580122403,-0.013327890407098142,0.11522885326154489,-0.4347669778331049,,0,-0.3959020537951563
6,action_only,2030,12.0,-3.0,0.02964323930949897,-0.33728262282208876,0.020995901843503167,0.03545891479456542,,0,-0.39482068894049094
6,action_only,2030,12.0,-3.0,-0.19127657643298324,-0.006366838994584345,-0.12025766177631131,0.371870969733503,,0,-0.46671468531464055
6,action_only,2030,12.0,-3.0,0.06228276560775298,-0.11416833641517976,-0.10040857881207688,0.3364488398021621,,0,-0.4435853969085526
6,action_only,2030,12.0,-3.0,-0.004513231278477359,0.19063809501508655,-0.12717927829649459,0.16192327587643685,,0,-0.47378725333178523
6,action_only,2030,12.0,-3.0,0.08751556538446681,-0.05232433589254193,-0.05577903904144785,0.3963749067973721,,0,-0.4588983767578123
6,action_only,2030,12.0,-3.0,-0.12005219468295641,0.2312462372416506,-0.14256012243204116,-0.1574196787062363,,0,-0.5098337321807788
6,action_only,2030,12.0,-3.0,0.03406304572905289,-0.10366774974351156,0.0922263507368278,0.619401797543425,,0,-0.6500622818504349
6,action_only,2030,12.0,-3.0,-0.22576549038460858,0.4785897534640512,0.024075450510955165,0.3924311236153992,,0,-0.6549826784198579
6,action_only,2030,12.0,-3.0,0.1540769353616137,0.2737429839829577,0.10063374135746586,0.513495678515373,,0,-0.8473534497968235
6,action_only,2030,12.0,-3.0,0.039467936271113946,-0.43108336076345866,-0.0020020605007881054,-0.46518989307802516,,0,-0.4850650670996178
6,action_only,2030,12.0,-3.0,0.06205152188869095,-0.464544024075189,0.03995502402254755,-0.3786386870963008,,0,-0.4210975335896509
6,action_only,2030,12.0,-3.0,-0.13371271560443138,-0.2805805024807255,-0.023090921287984234,-0.7598913679230228,,0,-0.6105405598671875
6,action_only,2030,12.0,-3.0,-0.19783396007151605,-0.09498100989584568,0.08431783029709747,0.6849151318630617,,0,-0.62803299617212
6,action_only,2030,12.0,-3.0,-0.04794666198426195,0.21103313285010683,-0.04749904442938542,0.2746714753603463,,0,-0.4865629572337216
6,action_only,2030,12.0,-3.0,0.18459989159238321,-0.29048621819121834,0.13687854976409183,-0.38116787349079484,,0,-0.3739472661450059
6,action_only,2030,12.0,-3.0,-0.052596513525193234,0.3728039044424841,0.04544368088243514,0.2619753303164607,,0,-0.6148447476463201
6,action_only,2030,12.0,-3.0,-0.13023886920061645,-0.4000915140241518,0.11025984943854675,0.26190545607406035,,0,-0.4330066072751157
6,action_only,2030,12.0,-3.0,0.07363891060096278,0.39055726666343815,-0.0006869946930977144,-0.3965470574024279,,0,-0.4504351255035624
6,action_only,2030,12.0,-3.0,-0.0604382319260936,0.27485034661966123,0.06813537822018145,0.16366773976564253,,0,-0.5633924765083804
6,action_only,2030,12.0,-3.0,-0.05218653577595406,-0.05363362003716077,-0.05397920266786094,0.007692874763531199,,0,-0.43253791676163694
6,action_only,2031,12.0,-3.0,-0.05719559306725752,0.029977481420147667,0.12842040260494766,0.2967636762235082,,0,-0.5999376713509166
6,action_only,2031,12.0,-3.0,0.00041479846092579153,0.2721927656375751,0.11014879009583631,0.3854936434772629,,0,-0.7423407409849627
6,action_only,2031,12.0,-3.0,-0.07587045350273108,-0.25069801024430605,0.08963116482608541,0.38660453020354213,,0,-0.48441712540205284
6,action_only,2031,12.0,-3.0,-0.16072924027203384,0.4939430909001882,-0.1358630047616157,-0.8812733049729311,,0,-0.644158088203745
6,action_only,2031,12.0,-3.0,0.24478606058792612,0.21544858332038674,-0.06602284886490674,0.9546284718587277,,0,-0.7739872028210811
6,action_only,2031,12.0,-3.0,-0.06766414239262963,-0.38218468219959956,-0.032598289634361816,0.987348958235774,,0,-0.5185681474320318
6,action_only,2031,12.0,-3.0,-0.10924017350661602,0.3754688310904263,-0.1395799529012843,0.863510397476903,,0,-0.6298942118070985
6,action_only,2031,12.0,-3.0,-0.13533111001840514,-0.04147778849238515,0.14068175335234165,0.12043226304240329,,0,-0.5102445828334525
6,action_only,2031,12.0,-3.0,0.07978135920252649,-0.023029679336416975,-0.06538883311653178,-0.9965905229899363,,0,-0.6481738342693333
6,action_only,2031,12.0,-3.0,0.24791850639542956,-0.37942870206141854,-0.07364437009577098,0.5677461484354571,,0,-0.43768211762361103
6,action_only,2031,12.0,-3.0,-0.00019031193364671406,-0.002740967741479361,-0.038986250374450485,0.24015787853474557,,0,-0.4435340309956774
6,action_only,2031,12.0,-3.0,-0.09187037674143367,-0.3189788131123753,-0.0024639503641179505,-0.8352063207937217,,0,-0.6046413320178964
6,action_only,2031,12.0,-3.0,0.08457043881961968,0.43130667197173067,-0.022205297391200696,-0.2903455258061334,,0,-0.4678309277225008
6,action_only,2031,12.0,-3.0,0.043297730134621626,-0.26430226555847003,-0.013176510592217555,0.20956588122333253,,0,-0.410531013225939
6,action_only,2031,12.0,-3.0,-0.10094702247921938,-0.36775367605226494,0.09169644069195076,-0.18779302771909512,,0,-0.385077206724233
6,action_only,2031,12.0,-3.0,0.1884744089590798,-0.18925371788006506,0.0909228694650712,-0.8298318940671692,,0,-0.40562803831716027
6,action_only,2031,12.0,-3.0,0.009440229344430062,-0.135091109056364,-0.03635134315064523,-0.739372215805318,,0,-0.5468163343719242
6,action_only,2031,12.0,-3.0,0.07521640816545822,-0.3415091287433899,0.07555238392778321,0.7646136173184206,,0,-0.5974233983295676
6,action_only,2031,12.0,-3.0,-0.08952153948342478,0.19379466813065394,-0.08336120587227071,0.8171416305483021,,0,-0.5995240434412646
6,action_only,2031,12.0,-3.0,0.08713994647273327,-0.025246928221083098,-0.038656775628084034,-0.17415188676743076,,0,-0.4266668771791486
6,action_only,2031,12.0,-3.0,-0.21842331465768017,0.08360161299281577,-0.027927589315817514,-0.021641587680241603,,0,-0.43820191192587377
6,action_only,2031,12.0,-3.0,-0.23817768139675016,0.32912885268562886,-0.0454553087606549,0.5842483877496001,,0,-0.5858762104328263
6,action_only,2031,12.0,-3.0,0.0035549008617828393,-0.13584934794824965,-0.020728546539534237,-0.43703856431753074,,0,-0.4564004404694195
6,action_only,2031,12.0,-3.0,0.06809837093073917,-0.0930635512668826,0.018350245073017635,-0.9734092402142873,,0,-0.5193258363001484
6,action_only,2031,12.0,-3.0,0.05974480105472729,-0.18686403018196263,0.023105223860972524,-0.45029444570361776,,0,-0.4165240272021248
6,action_only,2031,12.0,-3.0,0.21004191179998616,-0.051135912337605394,0.08308904019903207,0.2946149937151734,,0,-0.5573533997545945
6,action_only,2031,12.0,-3.0,0.10503274783308614,-0.36169591995039485,-0.08476374293807364,0.024535690726771753,,0,-0.45640927205513054
6,action_only,2031,12.0,-3.0,0.18631626379720384,-0.2868283780049591,-0.13569236308343777,0.31330259950078965,,0,-0.4553404920721945
6,action_only,2031,12.0,-3.0,0.08684596990970628,-0.44277480118184553,0.06277299506718287,0.036861988274649926,,0,-0.3840926600854927
6,action_only,2031,12.0,-3.0,0.23632962805057833,-0.2737434696336881,-0.045053013304271264,-0.1361091609668743,,0,-0.42667048813473457
6,action_only,2031,12.0,-3.0,-0.24754269979104693,0.37075844396283286,0.11558464735629273,-0.8259862480601177,,0,-0.417108181899757
6,action_only,2031,12.0,-3.0,-0.035163736461436945,0.15658602203133398,-0.10605356980128908,-0.7802959413323836,,0,-0.6098576818898855
6,action_only,2031,12.0,-3.0,0.1231977590524218,-0.4168767854115202,0.13205614302995097,-0.404141022751507,,0,-0.3648315351935395
6,action_only,2031,12.0,-3.0,0.10273485677697786,0.3513288363432773,-0.09688081669079518,-0.74999894407966,,0,-0.5289108772752047
6,action_only,2031,12.0,-3.0,-0.013090082483146914,0.4216551912347666,-0.12893868354606336,-0.8075099557518162,,0,-0.5913749611504282
6,action_only,2031,12.0,-3.0,-0.21087361925095793,-0.34008392139782284,0.1029692819011512,0.31729222948064506,,0,-0.4502417045551858
6,action_only,2031,12.0,-3.0,-0.2172681570069221,0.3108853840027679,-0.08437578210308493,0.8343107050785301,,0,-0.6311460918740948
6,action_only,2031,12.0,-3.0,0.17854695665205939,-0.4438756321523265,0.01529411115016352,-0.6977299565415498,,0,-0.5025134170987988
6,action_only,2031,12.0,-3.0,0.07726669354380805,0.13774062240984086,0.13352727004458623,0.02909579767429915,,0,-0.5669998415232518
6,action_only,2031,12.0,-3.0,0.18710394121383273,0.3686179697175588,-0.014019474719358327,-0.8007416270501262,,0,-0.46178620045230884
6,action_only,2031,12.0,-3.0,0.048972261799093364,0.1313385331831709,-0.1067307445679048,-0.3287918720466534,,0,-0.4897253280990895
6,action_only,2031,12.0,-3.0,0.09718291577752147,0.005872463345556023,0.011593024748510788,0.8024727635428832,,0,-0.6719295031566461
6,action_only,2031,12.0,-3.0,0.14935170488128746,-0.22825866066070433,-0.018477079629208498,0.8933377939132572,,0,-0.5818443579366679
6,action_only,2031,12.0,-3.0,0.20067413053531086,-0.12633436261752995,0.13885268365760403,0.23148772800943207,,0,-0.5773153570960239
6,action_only,2031,12.0,-3.0,-0.08589425396771094,0.13351245123576228,-0.07198172220174581,0.13023504799854502,,0,-0.45190593846176164
6,action_only,2031,12.0,-3.0,-0.05447144287086386,-0.07576520117734209,-0.08846130582813654,-0.6777708922035284,,0,-0.6090688025942523
6,action_only,2031,12.0,-3.0,-0.21747418066798524,0.28640932106450523,-0.11237846207802576,-0.4280926413579471,,0,-0.5340620939269817
6,action_only,2031,12.0,-3.0,-0.05216380534868992,-0.22703978591909113,-0.011007289099728285,-0.5554858405333485,,0,-0.4925781536650385
6,action_only,2031,12.0,-3.0,0.03105329714463445,0.30896916347743897,-0.07959698733646935,-0.6980137769170842,,0,-0.5123355913246458
6,action_only,2031,12.0,-3.0,-0.19657397761776896,0.186031639190528,-0.09673404053650989,-0.5648180890272156,,0,-0.5553773220832068
6,action_only,2031,12.0,-3.0,-0.24065859109650412,-0.03358991134538736,0.08494174947500269,-0.627427741652242,,0,-0.4186344675187758
6,action_only,2031,12.0,-3.0,-0.16438692285361428,-0.07705859830215234,-0.09437117764258032,-0.060380711664147046,,0,-0.48470237552199197
6,action_only,2031,12.0,-3.0,-0.21948801697981907,-0.429201148312808,-0.09017604969109227,0.9486938308081985,,0,-0.46982260203254567
6,action_only,2031,12.0,-3.0,-0.2203960579142219,-0.4038488461308124,-0.1398016283202744,0.5512330483767147,,0,-0.484915238842251
6,action_only,2031,12.0,-3.0,-0.0009873401921921543,-0.08332778477370284,0.036001141293737715,0.3957285842005567,,0,-0.4935320627534663
6,action_only,2031,12.0,-3.0,0.2303375008521033,0.3238000738487845,-0.1478056767727303,0.6569586795054065,,0,-0.6023167549137399
6,action_only,2031,12.0,-3.0,0.227850678441546,-0.4460371563529001,-0.12204663784886981,0.34031384088368677,,0,-0.44726731566963096
6,action_only,2031,12.0,-3.0,0.2274924967009811,0.39736651004177115,-0.13230561030604085,-0.9171359809818949,,0,-0.603696355697078
6,action_only,2031,12.0,-3.0,0.11694240802170658,0.23984145815095692,0.14438369093870743,0.5678026795051414,,0,-0.9659169955217933
6,action_only,2031,12.0,-3.0,0.2457258071475672,-0.21488261959083332,0.038315898536961185,-0.7895688558206044,,0,-0.4468584889353063
6,action_only,2031,12.0,-3.0,0.08430786495974618,-0.10895607224188542,0.04434566901735931,-0.9470092391609788,,0,-0.4767220035885048
6,action_only,2031,12.0,-3.0,0.24717650707901756,-0.042475513854508096,-0.05002850584194453,0.6459609604524086,,0,-0.548637799569439
6,action_only,2031,12.0,-3.0,0.18558918665217328,0.197465699954667,0.1402031382125212,-0.08117756266642817,,0,-0.5821070676397251
6,action_only,2032,12.0,-3.0,0.008367459450451809,0.112264267629136,-0.025505805762366246,0.9840330568368314,,0,-0.7314665679230231
6,action_only,2032,12.0,-3.0,-0.1864171860319725,-0.25834647716187553,-0.11060540575936717,0.35773423293883067,,0,-0.4640000849474524
6,action_only,2032,12.0,-3.0,-0.20366109945424188,0.2841634660303536,0.0897209301453448,0.22832577124943332,,0,-0.5960437227873584
6,action_only,2032,12.0,-3.0,-0.20733308285993302,-0.02397936104058851,-0.010641318927114785,-0.5635161851876977,,0,-0.4888975130968358
6,action_only,2032,12.0,-3.0,-0.2017684173697365,0.49274223679378937,-0.04197515345875004,-0.46473893672876265,,0,-0.4730182390819821
6,action_only,2032,12.0,-3.0,0.09638989472669934,0.13130541528275663,-0.049527757258839955,-0.13947319219939724,,0,-0.4387148765251125
6,action_only,2032,12.0,-3.0,-0.17167077945785825,-0.3093585094041926,-0.01631447319820245,-0.023030024907035207,,0,-0.43345159579451686
6,action_only,2032,12.0,-3.0,-0.08846827591619444,0.4787430018856348,0.09557815176991791,-0.6442691955697661,,0,-0.4422130874359983
6,action_only,2032,12.0,-3.0,-0.24263214384426413,0.4592575433995567,-0.04659935423082169,0.8930348063474585,,0,-0.7708720051579953
6,action_only,2032,12.0,-3.0,-0.004075901659786163,0.350707700715706,-0.002463934842299592,-0.3881444932383227,,0,-0.44186328405800096
6,action_only,2032,12.0,-3.0,-0.0055155840254163535,0.25220908338844383,-0.0171824870703845,-0.7044532273319046,,0,-0.4623688785591753
6,action_only,2032,12.0,-3.0,0.1758520768405965,-0.0664346598679999,0.10959733380349987,-0.30229058052119595,,0,-0.40806843344770166
6,action_only,2032,12.0,-3.0,0.12321084464730131,-0.23547928304079868,-0.12592058439601292,0.6503637799178794,,0,-0.4566231990468172
6,action_only,2032,12.0,-3.0,0.04602596567933842,0.30167465619720657,0.09590450935538827,0.584415406085927,,0,-0.8616471162749229
6,action_only,2032,12.0,-3.0,0.2089783149025276,0.07662012298435994,0.09665010891405842,0.008752578361251206,,0,-0.5185431857360577
6,action_only,2032,12.0,-3.0,0.17503574940750427,-0.45444987710930873,0.06507797129550932,0.6174163542102524,,0,-0.5049917058757992
6,action_only,2032,12.0,-3.0,-0.14736757146152718,0.2896404065813466,0.00686426178750954,0.09196397701471937,,0,-0.48609258298132557
6,action_only,2032,12.0,-3.0,0.22625629338967296,-0.41724318697738905,-0.13587726539817796,0.7256744058189266,,0,-0.4488901577336628
6,action_only,2032,12.0,-3.0,0.04158565721454649,-0.21396274179404817,-0.04856866055407734,0.2634864857914767,,0,-0.4216594326721663
6,action_only,2032,12.0,-3.0,-0.2174158797852948,-0.2627353948709128,0.019808773451125916,0.6176378502993707,,0,-0.4792698752249075
6,action_only,2032,12.0,-3.0,0.02280545884951579,0.3793168185543673,-0.0006454883047744553,0.1993706771828747,,0,-0.5582140803423055
6,action_only,2032,12.0,-3.0,-0.061885346607069125,0.41813104039128157,-0.09809940995781084,-0.32335571362830007,,0,-0.4883324571281234
6,action_only,2032,12.0,-3.0,0.18425302638319846,-0.18379902287720584,-0.07023529146192369,0.026446679546727525,,0,-0.43035228932543285
6,action_only,2032,12.0,-3.0,-0.22830186029714528,-0.07446259371436525,0.1144998098008013,0.41813649981596623,,0,-0.5641970103499624
6,action_only,2032,12.0,-3.0,0.0416969770121981,0.44144831788540373,0.04198110518606485,-0.2773927169166308,,0,-0.4861167761896303
6,action_only,2032,12.0,-3.0,-0.006145111708868278,0.05275204584477733,0.11880155740849793,0.00457213393540723,,0,-0.4949298265454962
6,action_only,2032,12.0,-3.0,0.16277111421400892,0.10029901714083311,0.04483622634218959,-0.7114426903009092,,0,-0.41377560099105926
6,action_only,2032,12.0,-3.0,0.014667942510301846,-0.2821447137829929,-0.052050304653680546,0.3223045477500319,,0,-0.420575783457438
6,action_only,2032,12.0,-3.0,-0.06934258565612567,-0.40706592325006385,0.08728528241195943,-0.6408550616657391,,0,-0.43719333036676594
6,action_only,2032,12.0,-3.0,-0.038121502975177246,0.22011668511728733,0.02752551202854836,-0.47931180393926587,,0,-0.42021744671267486
6,action_only,2032,12.0,-3.0,0.16574472353629083,-0.31758928197572467,0.05315569680949392,-0.7036773435787596,,0,-0.43593805575358996
6,action_only,2032,12.0,-3.0,-0.018017359950048384,-0.12296845750143603,-0.04124340171072652,-0.6529797398299428,,0,-0.5313383457301856
6,action_only,2032,12.0,-3.0,0.11341385367645235,-0.1220746845368249,-0.09100078237413031,0.3371229740789443,,0,-0.4416162839564395
6,action_only,2032,12.0,-3.0,0.20030989951519645,-0.21670738288848101,-0.07976366122090225,0.8022436406475562,,0,-0.5086521489641965
6,action_only,2032,12.0,-3.0,-0.11689004685970539,0.382027756748203,-0.1459398908956392,-0.5885004417454933,,0,-0.5798168581690649
6,action_only,2032,12.0,-3.0,0.15512068085384872,-0.49627344395082296,0.05327564867955836,-0.49070364152719836,,0,-0.4215422198725518
6,action_only,2032,12.0,-3.0,-0.11822150357914468,-0.26732384021897415,-0.09993121572448953,-0.20164783815716536,,0,-0.5401975937682058
6,action_only,2032,12.0,-3.0,0.0872672183745466,-0.26433940034962355,-0.11118987182297488,0.9681223155347609,,0,-0.5049304835243131
6,action_only,2032,12.0,-3.0,-0.19130599175002383,-0.4563809017599326,0.10992572107160589,0.5677707123902886,,0,-0.49812406415429605
6,action_only,2032,12.0,-3.0,0.19918380707948863,0.09348858815376204,0.019040405623468704,-0.4163249679495007,,0,-0.41575483593857326
6,action_only,2032,12.0,-3.0,-0.19521665322463932,0.39863883554629786,-0.027449273014267,0.884125676794137,,0,-0.7763791698464381
6,action_only,2032,12.0,-3.0,-0.21145101085324552,0.426195577265821,0.10965556340877045,0.6338751866706402,,0,-0.9287727970732562
6,action_only,2032,12.0,-3.0,0.23524119305888064,-0.18605301587227951,-0.017259657407084184,0.7552102687536919,,0,-0.5648841648015618
6,action_only,2032,12.0,-3.0,-0.07795174140236638,-0.052156686094574245,0.018973160730771266,-0.34575111221894406,,0,-0.41457883698380876
6,action_only,2032,12.0,-3.0,-0.033668255476272335,-0.1725734700847743,0.12180797050090028,0.18397839572361385,,0,-0.48122826348770587
6,action_only,2032,12.0,-3.0,-0.16907494503910653,0.23722104006924416,0.07007530109779561,-0.5762368198749008,,0,-0.41439214411569
6,action_only,2032,12.0,-3.0,-0.1116410955988063,-0.3693972214385036,0.0862563787812691,0.3015043416579235,,0,-0.4323042375741274
6,action_only,2032,12.0,-3.0,-0.07837595298441319,0.37253283428954154,-0.07735196052146998,-0.9144132346240312,,0,-0.569288335513369
6,action_only,2032,12.0,-3.0,0.020648917744697515,-0.2768512080963187,-0.03599791079812287,-0.864633546656101,,0,-0.6339258761684933
6,action_only,2032,12.0,-3.0,0.10779974980913615,0.45352466690669246,0.05704146306322483,0.7652887576478549,,0,-1.0171062920726046
6,action_only,2032,12.0,-3.0,-0.05492988691717732,-0.45210726251745426,0.07565932482984802,0.22343058428073603,,0,-0.403591276185148
6,action_only,2032,12.0,-3.0,0.05760719150630317,-0.478075768445674,-0.08408812524389637,-0.2052038236222058,,0,-0.5312450611215809
6,action_only,2032,12.0,-3.0,0.07746894116645775,-0.07227642188967187,0.12935553217254317,-0.4806520332439179,,0,-0.384589692348554
6,action_only,2032,12.0,-3.0,-0.1490751082051605,0.44103556705253666,0.10387619763869746,0.8187191625190255,,0,-1.0907152609877424
6,action_only,2032,12.0,-3.0,-0.0012888644638468505,0.41763418648714234,-0.0671543354818394,0.05500901708232453,,0,-0.49556172301245377
6,action_only,2032,12.0,-3.0,0.11850139309741575,-0.3928972659639173,0.05567739293032156,0.2900311677074996,,0,-0.42055467269134955
6,action_only,2032,12.0,-3.0,-0.015159602126216698,0.4515321759110219,0.12424154352404201,0.3693094253031648,,0,-0.8640854938520204
6,action_only,2032,12.0,-3.0,0.1781165756382211,0.3058392605380067,-0.021065972431829505,-0.4778888566778223,,0,-0.44639262214464354
6,action_only,2032,12.0,-3.0,-0.1547048879709515,0.24897307011132663,0.1213954211941882,0.8111122204893226,,0,-0.996408447783425
6,action_only,2032,12.0,-3.0,-0.002120161786173469,-0.17184976597372892,0.04852499662286619,0.021724098713244544,,0,-0.4068289689242629
6,action_only,2032,12.0,-3.0,-0.21856429263863109,0.17016032302355666,0.011770348305949863,0.008013635662230678,,0,-0.44682397860699097
6,action_only,2032,12.0,-3.0,-0.06282171311026047,0.19563174742521983,-0.07618915969692491,0.3815588884528256,,0,-0.4916640532883111
6,action_only,2032,12.0,-3.0,0.005974131748530842,-0.3899524505841978,-0.030036990553484702,0.8587715674402359,,0,-0.48877736217424267
6,action_only,2032,12.0,-3.0,0.09427643744582331,-0.3984982074180845,0.11241397167920689,-0.48779650889385207,,0,-0.3746338905290366
6,commit_gate,2030,2.4000000000000004,-0.6000000000000001,-0.05184600350204882,0.30607942143937183,0.10099304756404573,-0.2530248106604298,,0,-0.053337623400728104
6,commit_gate,2030,2.4000000000000004,-0.6000000000000001,-0.1746701675661021,-0.0960382503057311,-0.07758359458311934,-0.9072980629069103,,0,-0.4178976961218454
6,commit_gate,2030,2.4000000000000004,-0.6000000000000001,0.10087321247067488,-0.1781914725731859,0.10810903795123564,0.4947797228192494,,0,-0.16254111234833116
6,commit_gate,2030,2.4000000000000004,-0.6000000000000001,-0.11061107803132053,-0.15683820569066687,0.029557280869386304,0.5523579826519649,,0,-0.06953331095434155
6,commit_gate,2030,2.4000000000000004,-0.6000000000000001,-0.11244633322915232,-0.2523323291940618,-0.08078175843615758,0.7014294184526371,,0,-0.029092365252600432
6,commit_gate,2030,2.4000000000000004,-0.6000000000000001,-0.03249481063765236,0.297320955958965,0.08713878784359438,-0.24534403441657937,,0,-0.046403903042402876
6,commit_gate,2030,2.4000000000000004,-0.6000000000000001,-0.2128657522118897,-0.3795630479155544,0.018756430666800133,0.6211744595695985,,0,-0.05020113950570682
6,commit_gate,2030,2.4000000000000004,-0.6000000000000001,-0.04125832193110157,-0.0887831501503984,-0.08845466779033351,-0.6387509190747986,,0,-0.2546834045833738
6,commit_gate,2030,2.4000000000000004,-0.6000000000000001,-0.1961992408789655,-0.2083538592638955,-0.007986654650933678,-0.6154045455662835,,0,-0.1956024478376724
6,commit_gate,2030,2.4000000000000004,-0.6000000000000001,-0.16562323687385,-0.2733998816963822,-0.10837784863116101,-0.33998648124044517,,0,-0.264271879935805
6,commit_gate,2030,2.4000000000000004,-0.6000000000000001,-0.2393439382184675,0.0717705870988169,0.09286956528659143,-0.9550839743869992,,0,-0.10943943303284343
6,commit_gate,2030,2.4000000000000004,-0.6000000000000001,-0.1293965880091248,0.02752419448843768,0.14113885165268072,0.9944181516349018,,0,-0.5417166733228351
6,commit_gate,2030,2.4000000000000004,-0.6000000000000001,-0.24871107746498927,-0.29938154133106964,0.025446922056065135,0.40658082299074727,,0,-0.037913492750491044
6,commit_gate,2030,2.4000000000000004,-0.6000000000000001,-0.08221678174018854,0.17139958868425698,-0.03823551044323044,0.058579013211461195,,0,-0.020158356259743826
6,commit_gate,2030,2.4000000000000004,-0.6000000000000001,-0.0583582840637652,0.2194612905757084,-0.07634937683435745,0.3653484228930721,,0,-0.03256012928894422
6,commit_gate,2030,2.4000000000000004,-0.6000000000000001,-0.04988577268458283,-0.07789351033620806,0.0793096184914518,0.439263667930472,,0,-0.11019807394160659
6,commit_gate,2030,2.4000000000000004,-0.6000000000000001,-0.24910183637657646,0.44845897341128094,0.036456235280835,-0.8651716035641965,,0,-0.07284240079873525
6,commit_gate,2030,2.4000000000000004,-0.6000000000000001,-0.012014557874164,0.01692531270132336,-0.1488798447885841,0.4777890790089574,,0,-0.025375150840121263
6,commit_gate,2030,2.4000000000000004,-0.6000000000000001,0.07135007270608962,0.19457424037197468,-0.0678098459052404,0.46840836436307964,,0,-0.05786118332530589
6,commit_gate,2030,2.4000000000000004,-0.6000000000000001,-0.010332518879528907,0.2955235774800139,-0.10406964857029463,0.2144724089766188,,0,-0.026142857651827705
6,commit_gate,2030,2.4000000000000004,-0.6000000000000001,-0.16372352617243813,0.39306591204031316,0.1481721978303123,-0.6748941429681388,,0,-0.03342015919256456
6,commit_gate,2030,2.4000000000000004,-0.6000000000000001,-0.07900715659985724,0.34110492262895664,0.0651917415315823,0.06022892227747434,,0,-0.08956918588276937
6,commit_gate,2030,2.4000000000000004,-0.6000000000000001,-0.05477919429534028,0.0928960523511676,-0.04417563996210884,-0.40160684783356126,,0,-0.07309296501278287
6,commit_gate,2030,2.4000000000000004,-0.6000000000000001,0.08546167953971262,-0.3133598337615493,-0.0525314198288976,-0.6335436313154903,,0,-0.2419977055648354
6,commit_gate,2030,2.4000000000000004,-0.6000000000000001,0.19777029486169678,0.36649577401099176,0.11499320740060989,0.5603658954529374,,0,-0.4631210631419798
6,commit_gate,2030,2.4000000000000004,-0.6000000000000001,-0.15214140323953612,-0.46337065588170534,-0.026757446180497343,0.5380984358701089,,0,-0.034989991883061525
6,commit_gate,2030,2.4000000000000004,-0.6000000000000001,0.22865119423133778,-0.45714569075357037,-0.1457865575881901,0.9773209857901659,,0,-0.036791299812991854
6,commit_gate,2030,2.4000000000000004,-0.6000000000000001,-0.23202367017315628,-0.003566724635694296,0.001562438412149314,0.40745027430264824,,0,-0.04287151753360105
6,commit_gate,2030,2.4000000000000004,-0.6000000000000001,-0.1163189765726666,0.3732638918786515,-0.03942925647658095,0.12384672478393144,,0,-0.0353672760861224
6,commit_gate,2030,2.4000000000000004,-0.6000000000000001,0.17497647362832425,0.04009854363336052,0.04049765122913601,0.003291045139735882,,0,-0.040475073329088264
6,commit_gate,2030,2.4000000000000004,-0.6000000000000001,0.21117851654077502,-0.038140109587037174,-0.021662473564537987,-0.6905630402341905,,0,-0.11813293294836864
6,commit_gate,2030,2.4000000000000004,-0.6000000000000001,0.08111152296731428,0.39398162322906694,-0.07317993963361681,-0.23996179617651547,,0,-0.03535848235771349
6,commit_gate,2030,2.4000000000000004,-0.6000000000000001,-0.23512842594624062,-0.07925923036509064,0.044190096590837336,-0.7469962832660819,,0,-0.14047395480444003
6,commit_gate,2030,2.4000000000000004,-0.6000000000000001,0.14288723007155796,-0.3677795924230466,0.08212546185605069,-0.4235124635062011,,0,-0.04211534628507733
6,commit_gate,2030,2.4000000000000004,-0.6000000000000001,0.021032964973469737,-0.02631751023522033,-0.03597850764534562,0.6941167096109981,,0,-0.0800054655762479
6,commit_gate,2030,2.4000000000000004,-0.6000000000000001,-0.1000126504446634,-0.3157118928679221,0.07853218318496319,0.04168884941597595,,0,-0.025033408310662794
6,commit_gate,2030,2.4000000000000004,-0.6000000000000001,0.15265004930217052,-0.36443176343201233,0.057010322604900104,-0.24333297120016706,,0,-0.031934279038160984
6,commit_gate,2030,2.4000000000000004,-0.6000000000000001,0.1728960900835289,0.4978108002253202,0.1347512880915044,0.512138613039256,,0,-0.5518761233034527
6,commit_gate,2030,2.4000000000000004,-0.6000000000000001,-0.13794172072230004,0.2523563335356085,-0.07627609400165962,0.6374054670125864,,0,-0.0711490004548905
6,commit_gate,2030,2.4000000000000004,-0.6000000000000001,0.12232806968614085,0.2790916470408108,0.05126162458101299,-0.052528483320705366,,0,-0.06937681254189369
6,commit_gate,2030,2.4000000000000004,-0.6000000000000001,0.04411692908133491,0.14370649656475665,-0.1424939375835341,-0.8807516257527177,,0,-0.3852677969579436
6,commit_gate,2030,2.4000000000000004,-0.6000000000000001,-0.04818470777040351,0.03507477552719762,-0.03121113869144833,-0.38954138036986174,,0,-0.06855708148283328
6,commit_gate,2030,2.4000000000000004,-0.6000000000000001,-0.061741698435153536,-0.21738020529300228,-0.14814469312178866,0.09411456277199148,,0,-0.12544304583451488
6,commit_gate,2030,2.4000000000000004,-0.6000000000000001,0.10798219580122403,-0.013327890407098142,0.11522885326154489,-0.4347669778331049,,0,-0.02119114146117314
6,commit_gate,2030,2.4000000000000004,-0.6000000000000001,0.02964323930949897,-0.33728262282208876,0.020995901843503167,0.03545891479456542,,0,-0.024542022589562063
6,commit_gate,2030,2.4000000000000004,-0.6000000000000001,-0.19127657643298324,-0.006366838994584345,-0.12025766177631131,0.371870969733503,,0,-0.034718837138117735
6,commit_gate,2030,2.4000000000000004,-0.6000000000000001,0.06228276560775298,-0.11416833641517976,-0.10040857881207688,0.3364488398021621,,0,-0.06770708544888936
6,commit_gate,2030,2.4000000000000004,-0.6000000000000001,-0.004513231278477359,0.19063809501508655,-0.12717927829649459,0.16192327587643685,,0,-0.03027108653856804
6,commit_gate,2030,2.4000000000000004,-0.6000000000000001,0.08751556538446681,-0.05232433589254193,-0.05577903904144785,0.3963749067973721,,0,-0.026884567147631107
6,commit_gate,2030,2.4000000000000004,-0.6000000000000001,-0.12005219468295641,0.2312462372416506,-0.14256012243204116,-0.1574196787062363,,0,-0.09505974181020509
6,commit_gate,2030,2.4000000000000004,-0.6000000000000001,0.03406304572905289,-0.10366774974351156,0.0922263507368278,0.619401797543425,,0,-0.19293567619073163
6,commit_gate,2030,2.4000000000000004,-0.6000000000000001,-0.22576549038460858,0.4785897534640512,0.024075450510955165,0.3924311236153992,,0,-0.1513407274120682
6,commit_gate,2030,2.4000000000000004,-0.6000000000000001,0.1540769353616137,0.2737429839829577,0.10063374135746586,0.513495678515373,,0,-0.33915818505454537
6,commit_gate,2030,2.4000000000000004,-0.6000000000000001,0.039467936271113946,-0.43108336076345866,-0.0020020605007881054,-0.46518989307802516,,0,-0.15322731925618188
6,commit_gate,2030,2.4000000000000004,-0.6000000000000001,0.06205152188869095,-0.464544024075189,0.03995502402254755,-0.3786386870963008,,0,-0.08851156234495695
6,commit_gate,2030,2.4000000000000004,-0.6000000000000001,-0.13371271560443138,-0.2805805024807255,-0.023090921287984234,-0.7598913679230228,,0,-0.28982854144596454
6,commit_gate,2030,2.4000000000000004,-0.6000000000000001,-0.19783396007151605,-0.09498100989584568,0.08431783029709747,0.6849151318630617,,0,-0.17014848439628588
6,commit_gate,2030,2.4000000000000004,-0.6000000000000001,-0.04794666198426195,0.21103313285010683,-0.04749904442938542,0.2746714753603463,,0,-0.0335022975842234
6,commit_gate,2030,2.4000000000000004,-0.6000000000000001,0.18459989159238321,-0.29048621819121834,0.13687854976409183,-0.38116787349079484,,0,-0.02250453423910744
6,commit_gate,2030,2.4000000000000004,-0.6000000000000001,-0.052596513525193234,0.3728039044424841,0.04544368088243514,0.2619753303164607,,0,-0.1339306752699015
6,commit_gate,2030,2.4000000000000004,-0.6000000000000001,-0.13023886920061645,-0.4000915140241518,0.11025984943854675,0.26190545607406035,,0,-0.04925838700099515
6,commit_gate,2030,2.4000000000000004,-0.6000000000000001,0.07363891060096278,0.39055726666343815,-0.0006869946930977144,-0.3965470574024279,,0,-0.029088841580486843
6,commit_gate,2030,2.4000000000000004,-0.6000000000000001,-0.0604382319260936,0.27485034661966123,0.06813537822018145,0.16366773976564253,,0,-0.10496172535766728
6,commit_gate,2030,2.4000000000000004,-0.6000000000000001,-0.05218653577595406,-0.05363362003716077,-0.05397920266786094,0.007692874763531199,,0,-0.03367758936458113
6,commit_gate,2031,2.4000000000000004,-0.6000000000000001,-0.05719559306725752,0.029977481420147667,0.12842040260494766,0.2967636762235082,,0,-0.15401973749373782
6,commit_gate,2031,2.4000000000000004,-0.6000000000000001,0.00041479846092579153,0.2721927656375751,0.11014879009583631,0.3854936434772629,,0,-0.25189078542437077
6,commit_gate,2031,2.4000000000000004,-0.6000000000000001,-0.07587045350273108,-0.25069801024430605,0.08963116482608541,0.38660453020354213,,0,-0.07333268206144974
6,commit_gate,2031,2.4000000000000004,-0.6000000000000001,-0.16072924027203384,0.4939430909001882,-0.1358630047616157,-0.8812733049729311,,0,-0.2801978074740538
6,commit_gate,2031,2.4000000000000004,-0.6000000000000001,0.24478606058792612,0.21544858332038674,-0.06602284886490674,0.9546284718587277,,0,-0.24209157710249624
6,commit_gate,2031,2.4000000000000004,-0.6000000000000001,-0.06766414239262963,-0.38218468219959956,-0.032598289634361816,0.987348958235774,,0,-0.07995166393105554
6,commit_gate,2031,2.4000000000000004,-0.6000000000000001,-0.10924017350661602,0.3754688310904263,-0.1395799529012843,0.863510397476903,,0,-0.09784056696486257
6,commit_gate,2031,2.4000000000000004,-0.6000000000000001,-0.13533111001840514,-0.04147778849238515,0.14068175335234165,0.12043226304240329,,0,-0.09161700524699996
6,commit_gate,2031,2.4000000000000004,-0.6000000000000001,0.07978135920252649,-0.023029679336416975,-0.06538883311653178,-0.9965905229899363,,0,-0.3283010694598309
6,commit_gate,2031,2.4000000000000004,-0.6000000000000001,0.24791850639542956,-0.37942870206141854,-0.07364437009577098,0.5677461484354571,,0,-0.028763425172551683
6,commit_gate,2031,2.4000000000000004,-0.6000000000000001,-0.00019031193364671406,-0.002740967741479361,-0.038986250374450485,0.24015787853474557,,0,-0.020169981140885307
6,commit_gate,2031,2.4000000000000004,-0.6000000000000001,-0.09187037674143367,-0.3189788131123753,-0.0024639503641179505,-0.8352063207937217,,0,-0.2900657503261646
6,commit_gate,2031,2.4000000000000004,-0.6000000000000001,0.08457043881961968,0.43130667197173067,-0.022205297391200696,-0.2903455258061334,,0,-0.032051898622615135
6,commit_gate,2031,2.4000000000000004,-0.6000000000000001,0.043297730134621626,-0.26430226555847003,-0.013176510592217555,0.20956588122333253,,0,-0.019688199846714625
6,commit_gate,2031,2.4000000000000004,-0.6000000000000001,-0.10094702247921938,-0.36775367605226494,0.09169644069195076,-0.18779302771909512,,0,-0.03292337873453749
6,commit_gate,2031,2.4000000000000004,-0.6000000000000001,0.1884744089590798,-0.18925371788006506,0.0909228694650712,-0.8298318940671692,,0,-0.07558738846405536
6,commit_gate,2031,2.4000000000000004,-0.6000000000000001,0.009440229344430062,-0.135091109056364,-0.03635134315064523,-0.739372215805318,,0,-0.2117663306602654
6,commit_gate,2031,2.4000000000000004,-0.6000000000000001,0.07521640816545822,-0.3415091287433899,0.07555238392778321,0.7646136173184206,,0,-0.1605078988438026
6,commit_gate,2031,2.4000000000000004,-0.6000000000000001,-0.08952153948342478,0.19379466813065394,-0.08336120587227071,0.8171416305483021,,0,-0.09855990564691292
6,commit_gate,2031,2.4000000000000004,-0.6000000000000001,0.08713994647273327,-0.025246928221083098,-0.038656775628084034,-0.17415188676743076,,0,-0.036177646996208894
6,commit_gate,2031,2.4000000000000004,-0.6000000000000001,-0.21842331465768017,0.08360161299281577,-0.027927589315817514,-0.021641587680241603,,0,-0.029259795664048162
6,commit_gate,2031,2.4000000000000004,-0.6000000000000001,-0.23817768139675016,0.32912885268562886,-0.0454553087606549,0.5842483877496001,,0,-0.09102511787439001
6,commit_gate,2031,2.4000000000000004,-0.6000000000000001,0.0035549008617828393,-0.13584934794824965,-0.020728546539534237,-0.43703856431753074,,0,-0.09575747666547682
6,commit_gate,2031,2.4000000000000004,-0.6000000000000001,0.06809837093073917,-0.0930635512668826,0.018350245073017635,-0.9734092402142873,,0,-0.19204417331279824
6,commit_gate,2031,2.4000000000000004,-0.6000000000000001,0.05974480105472729,-0.18686403018196263,0.023105223860972524,-0.45029444570361776,,0,-0.06304446387219191
6,commit_gate,2031,2.4000000000000004,-0.6000000000000001,0.21004191179998616,-0.051135912337605394,0.08308904019903207,0.2946149937151734,,0,-0.12303395297103338
6,commit_gate,2031,2.4000000000000004,-0.6000000000000001,0.10503274783308614,-0.36169591995039485,-0.08476374293807364,0.024535690726771753,,0,-0.08419291198271961
6,commit_gate,2031,2.4000000000000004,-0.6000000000000001,0.18631626379720384,-0.2868283780049591,-0.13569236308343777,0.31330259950078965,,0,-0.05206686685696371
6,commit_gate,2031,2.4000000000000004,-0.6000000000000001,0.08684596990970628,-0.44277480118184553,0.06277299506718287,0.036861988274649926,,0,-0.023072216418458524
6,commit_gate,2031,2.4000000000000004,-0.6000000000000001,0.23632962805057833,-0.2737434696336881,-0.045053013304271264,-0.1361091609668743,,0,-0.05731306040618532
6,commit_gate,2031,2.4000000000000004,-0.6000000000000001,-0.24754269979104693,0.37075844396283286,0.11558464735629273,-0.8259862480601177,,0,-0.03514400132833065
6,commit_gate,2031,2.4000000000000004,-0.6000000000000001,-0.035163736461436945,0.15658602203133398,-0.10605356980128908,-0.7802959413323836,,0,-0.2607225436209635
6,commit_gate,2031,2.4000000000000004,-0.6000000000000001,0.1231977590524218,-0.4168767854115202,0.13205614302995097,-0.404141022751507,,0,-0.02831708998221394
6,commit_gate,2031,2.4000000000000004,-0.6000000000000001,0.10273485677697786,0.3513288363432773,-0.09688081669079518,-0.74999894407966,,0,-0.1528798317138476
6,commit_gate,2031,2.4000000000000004,-0.6000000000000001,-0.013090082483146914,0.4216551912347666,-0.12893868354606336,-0.8075099557518162,,0,-0.22310916503083703
6,commit_gate,2031,2.4000000000000004,-0.6000000000000001,-0.21087361925095793,-0.34008392139782284,0.1029692819011512,0.31729222948064506,,0,-0.05691063276039931
6,commit_gate,2031,2.4000000000000004,-0.6000000000000001,-0.2172681570069221,0.3108853840027679,-0.08437578210308493,0.8343107050785301,,0,-0.11436085997352859
6,commit_gate,2031,2.4000000000000004,-0.6000000000000001,0.17854695665205939,-0.4438756321523265,0.01529411115016352,-0.6977299565415498,,0,-0.18773363684478472
6,commit_gate,2031,2.4000000000000004,-0.6000000000000001,0.07726669354380805,0.13774062240984086,0.13352727004458623,0.02909579767429915,,0,-0.12938579782934545
6,commit_gate,2031,2.4000000000000004,-0.6000000000000001,0.18710394121383273,0.3686179697175588,-0.014019474719358327,-0.8007416270501262,,0,-0.07397969856057776
6,commit_gate,2031,2.4000000000000004,-0.6000000000000001,0.048972261799093364,0.1313385331831709,-0.1067307445679048,-0.3287918720466534,,0,-0.09733139949565113
6,commit_gate,2031,2.4000000000000004,-0.6000000000000001,0.09718291577752147,0.005872463345556023,0.011593024748510788,0.8024727635428832,,0,-0.18822953747474666
6,commit_gate,2031,2.4000000000000004,-0.6000000000000001,0.14935170488128746,-0.22825866066070433,-0.018477079629208498,0.8933377939132572,,0,-0.12481571940888612
6,commit_gate,2031,2.4000000000000004,-0.6000000000000001,0.20067413053531086,-0.12633436261752995,0.13885268365760403,0.23148772800943207,,0,-0.15175039227604767
6,commit_gate,2031,2.4000000000000004,-0.6000000000000001,-0.08589425396771094,0.13351245123576228,-0.07198172220174581,0.13023504799854502,,0,-0.021949274308977546
6,commit_gate,2031,2.4000000000000004,-0.6000000000000001,-0.05447144287086386,-0.07576520117734209,-0.08846130582813654,-0.6777708922035284,,0,-0.27112141512947335
6,commit_gate,2031,2.4000000000000004,-0.6000000000000001,-0.21747418066798524,0.28640932106450523,-0.11237846207802576,-0.4280926413579471,,0,-0.13854796005122647
6,commit_gate,2031,2.4000000000000004,-0.6000000000000001,-0.05216380534868992,-0.22703978591909113,-0.011007289099728285,-0.5554858405333485,,0,-0.1514309846108365
6,commit_gate,2031,2.4000000000000004,-0.6000000000000001,0.03105329714463445,0.30896916347743897,-0.07959698733646935,-0.6980137769170842,,0,-0.1329290366442689
6,commit_gate,2031,2.4000000000000004,-0.6000000000000001,-0.19657397761776896,0.186031639190528,-0.09673404053650989,-0.5648180890272156,,0,-0.1836745670152533
6,commit_gate,2031,2.4000000000000004,-0.6000000000000001,-0.24065859109650412,-0.03358991134538736,0.08494174947500269,-0.627427741652242,,0,-0.06486540646125909
6,commit_gate,2031,2.4000000000000004,-0.6000000000000001,-0.16438692285361428,-0.07705859830215234,-0.09437117764258032,-0.060380711664147046,,0,-0.09174486732582036
6,commit_gate,2031,2.4000000000000004,-0.6000000000000001,-0.21948801697981907,-0.429201148312808,-0.09017604969109227,0.9486938308081985,,0,-0.04471416267284074
6,commit_gate,2031,2.4000000000000004,-0.6000000000000001,-0.2203960579142219,-0.4038488461308124,-0.1398016283202744,0.5512330483767147,,0,-0.08286272388508113
6,commit_gate,2031,2.4000000000000004,-0.6000000000000001,-0.0009873401921921543,-0.08332778477370284,0.036001141293737715,0.3957285842005567,,0,-0.06375757003890604
6,commit_gate,2031,2.4000000000000004,-0.6000000000000001,0.2303375008521033,0.3238000738487845,-0.1478056767727303,0.6569586795054065,,0,-0.08843173372515217
6,commit_gate,2031,2.4000000000000004,-0.6000000000000001,0.227850678441546,-0.4460371563529001,-0.12204663784886981,0.34031384088368677,,0,-0.05951225146314953
6,commit_gate,2031,2.4000000000000004,-0.6000000000000001,0.2274924967009811,0.39736651004177115,-0.13230561030604085,-0.9171359809818949,,0,-0.24678447867896694
6,commit_gate,2031,2.4000000000000004,-0.6000000000000001,0.11694240802170658,0.23984145815095692,0.14438369093870743,0.5678026795051414,,0,-0.4451159080042614
6,commit_gate,2031,2.4000000000000004,-0.6000000000000001,0.2457258071475672,-0.21488261959083332,0.038315898536961185,-0.7895688558206044,,0,-0.11543169727610507
6,commit_gate,2031,2.4000000000000004,-0.6000000000000001,0.08430786495974618,-0.10895607224188542,0.04434566901735931,-0.9470092391609788,,0,-0.14948958385192196
6,commit_gate,2031,2.4000000000000004,-0.6000000000000001,0.24717650707901756,-0.042475513854508096,-0.05002850584194453,0.6459609604524086,,0,-0.08849821529853558
6,commit_gate,2031,2.4000000000000004,-0.6000000000000001,0.18558918665217328,0.197465699954667,0.1402031382125212,-0.08117756266642817,,0,-0.1435434021674955
6,commit_gate,2032,2.4000000000000004,-0.6000000000000001,0.008367459450451809,0.112264267629136,-0.025505805762366246,0.9840330568368314,,0,-0.2179716796327356
6,commit_gate,2032,2.4000000000000004,-0.6000000000000001,-0.1864171860319725,-0.25834647716187553,-0.11060540575936717,0.35773423293883067,,0,-0.06159874225862371
6,commit_gate,2032,2.4000000000000004,-0.6000000000000001,-0.20366109945424188,0.2841634660303536,0.0897209301453448,0.22832577124943332,,0,-0.1306775244185133
6,commit_gate,2032,2.4000000000000004,-0.6000000000000001,-0.20733308285993302,-0.02397936104058851,-0.010641318927114785,-0.5635161851876977,,0,-0.12967182896334223
6,commit_gate,2032,2.4000000000000004,-0.6000000000000001,-0.2017684173697365,0.49274223679378937,-0.04197515345875004,-0.46473893672876265,,0,-0.04941288442648596
6,commit_gate,2032,2.4000000000000004,-0.6000000000000001,0.09638989472669934,0.13130541528275663,-0.049527757258839955,-0.13947319219939724,,0,-0.08999241674334382
6,commit_gate,2032,2.4000000000000004,-0.6000000000000001,-0.17167077945785825,-0.3093585094041926,-0.01631447319820245,-0.023030024907035207,,0,-0.06566700256225148
6,commit_gate,2032,2.4000000000000004,-0.6000000000000001,-0.08846827591619444,0.4787430018856348,0.09557815176991791,-0.6442691955697661,,0,-0.030987494101096507
6,commit_gate,2032,2.4000000000000004,-0.6000000000000001,-0.24263214384426413,0.4592575433995567,-0.04659935423082169,0.8930348063474585,,0,-0.22148936608873218
6,commit_gate,2032,2.4000000000000004,-0.6000000000000001,-0.004075901659786163,0.350707700715706,-0.002463934842299592,-0.3881444932383227,,0,-0.08856360601448157
6,commit_gate,2032,2.4000000000000004,-0.6000000000000001,-0.0055155840254163535,0.25220908338844383,-0.0171824870703845,-0.7044532273319046,,0,-0.08345645431332399
6,commit_gate,2032,2.4000000000000004,-0.6000000000000001,0.1758520768405965,-0.0664346598679999,0.10959733380349987,-0.30229058052119595,,0,-0.02806448816799068
6,commit_gate,2032,2.4000000000000004,-0.6000000000000001,0.12321084464730131,-0.23547928304079868,-0.12592058439601292,0.6503637799178794,,0,-0.024501735182397805
6,commit_gate,2032,2.4000000000000004,-0.6000000000000001,0.04602596567933842,0.30167465619720657,0.09590450935538827,0.584415406085927,,0,-0.3449846318552922
6,commit_gate,2032,2.4000000000000004,-0.6000000000000001,0.2089783149025276,0.07662012298435994,0.09665010891405842,0.008752578361251206,,0,-0.09317669905231633
6,commit_gate,2032,2.4000000000000004,-0.6000000000000001,0.17503574940750427,-0.45444987710930873,0.06507797129550932,0.6174163542102524,,0,-0.09636517946682617
6,commit_gate,2032,2.4000000000000004,-0.6000000000000001,-0.14736757146152718,0.2896404065813466,0.00686426178750954,0.09196397701471937,,0,-0.03976026122244385
6,commit_gate,2032,2.4000000000000004,-0.6000000000000001,0.22625629338967296,-0.41724318697738905,-0.13587726539817796,0.7256744058189266,,0,-0.030319597895743507
6,commit_gate,2032,2.4000000000000004,-0.6000000000000001,0.04158565721454649,-0.21396274179404817,-0.04856866055407734,0.2634864857914767,,0,-0.020788765073885895
6,commit_gate,2032,2.4000000000000004,-0.6000000000000001,-0.2174158797852948,-0.2627353948709128,0.019808773451125916,0.6176378502993707,,0,-0.05822635480636
6,commit_gate,2032,2.4000000000000004,-0.6000000000000001,0.02280545884951579,0.3793168185543673,-0.0006454883047744553,0.1993706771828747,,0,-0.0846738978584293
6,commit_gate,2032,2.4000000000000004,-0.6000000000000001,-0.061885346607069125,0.41813104039128157,-0.09809940995781084,-0.32335571362830007,,0,-0.05832376253908448
6,commit_gate,2032,2.4000000000000004,-0.6000000000000001,0.18425302638319846,-0.18379902287720584,-0.07023529146192369,0.026446679546727525,,0,-0.040210820374107156
6,commit_gate,2032,2.4000000000000004,-0.6000000000000001,-0.22830186029714528,-0.07446259371436525,0.1144998098008013,0.41813649981596623,,0,-0.12677058638835012
6,commit_gate,2032,2.4000000000000004,-0.6000000000000001,0.0416969770121981,0.44144831788540373,0.04198110518606485,-0.2773927169166308,,0,-0.046989308919580274
6,commit_gate,2032,2.4000000000000004,-0.6000000000000001,-0.006145111708868278,0.05275204584477733,0.11880155740849793,0.00457213393540723,,0,-0.07543478154627604
6,commit_gate,2032,2.4000000000000004,-0.6000000000000001,0.16277111421400892,0.10029901714083311,0.04483622634218959,-0.7114426903009092,,0,-0.04831816399961909
6,commit_gate,2032,2.4000000000000004,-0.6000000000000001,0.014667942510301846,-0.2821447137829929,-0.052050304653680546,0.3223045477500319,,0,-0.023356863950103463
6,commit_gate,2032,2.4000000000000004,-0.6000000000000001,-0.06934258565612567,-0.40706592325006385,0.08728528241195943,-0.6408550616657391,,0,-0.11543058302132113
6,commit_gate,2032,2.4000000000000004,-0.6000000000000001,-0.038121502975177246,0.22011668511728733,0.02752551202854836,-0.47931180393926587,,0,-0.027815464659615964
6,commit_gate,2032,2.4000000000000004,-0.6000000000000001,0.16574472353629083,-0.31758928197572467,0.05315569680949392,-0.7036773435787596,,0,-0.1088551286339596
6,commit_gate,2032,2.4000000000000004,-0.6000000000000001,-0.018017359950048384,-0.12296845750143603,-0.04124340171072652,-0.6529797398299428,,0,-0.18849973455128857
6,commit_gate,2032,2.4000000000000004,-0.6000000000000001,0.11341385367645235,-0.1220746845368249,-0.09100078237413031,0.3371229740789443,,0,-0.046394862266887535
6,commit_gate,2032,2.4000000000000004,-0.6000000000000001,0.20030989951519645,-0.21670738288848101,-0.07976366122090225,0.8022436406475562,,0,-0.0601669547077617
6,commit_gate,2032,2.4000000000000004,-0.6000000000000001,-0.11689004685970539,0.382027756748203,-0.1459398908956392,-0.5885004417454933,,0,-0.19551561377222282
6,commit_gate,2032,2.4000000000000004,-0.6000000000000001,0.15512068085384872,-0.49627344395082296,0.05327564867955836,-0.49070364152719836,,0,-0.09769032708058348
6,commit_gate,2032,2.4000000000000004,-0.6000000000000001,-0.11822150357914468,-0.26732384021897415,-0.09993121572448953,-0.20164783815716536,,0,-0.18175279152366947
6,commit_gate,2032,2.4000000000000004,-0.6000000000000001,0.0872672183745466,-0.26433940034962355,-0.11118987182297488,0.9681223155347609,,0,-0.05085572570074856
6,commit_gate,2032,2.4000000000000004,-0.6000000000000001,-0.19130599175002383,-0.4563809017599326,0.10992572107160589,0.5677707123902886,,0,-0.09540438138163641
6,commit_gate,2032,2.4000000000000004,-0.6000000000000001,0.19918380707948863,0.09348858815376204,0.019040405623468704,-0.4163249679495007,,0,-0.029188689576409108
6,commit_gate,2032,2.4000000000000004,-0.6000000000000001,-0.19521665322463932,0.39863883554629786,-0.027449273014267,0.884125676794137,,0,-0.2345364818487603
6,commit_gate,2032,2.4000000000000004,-0.6000000000000001,-0.21145101085324552,0.426195577265821,0.10965556340877045,0.6338751866706402,,0,-0.3898479009881966
6,commit_gate,2032,2.4000000000000004,-0.6000000000000001,0.23524119305888064,-0.18605301587227951,-0.017259657407084184,0.7552102687536919,,0,-0.11308463478402501
6,commit_gate,2032,2.4000000000000004,-0.6000000000000001,-0.07795174140236638,-0.052156686094574245,0.018973160730771266,-0.34575111221894406,,0,-0.04240391285949538
6,commit_gate,2032,2.4000000000000004,-0.6000000000000001,-0.033668255476272335,-0.1725734700847743,0.12180797050090028,0.18397839572361385,,0,-0.0740835917629699
6,commit_gate,2032,2.4000000000000004,-0.6000000000000001,-0.16907494503910653,0.23722104006924416,0.07007530109779561,-0.5762368198749008,,0,-0.028771999124091976
6,commit_gate,2032,2.4000000000000004,-0.6000000000000001,-0.1116410955988063,-0.3693972214385036,0.0862563787812691,0.3015043416579235,,0,-0.043900069669726066
6,commit_gate,2032,2.4000000000000004,-0.6000000000000001,-0.07837595298441319,0.37253283428954154,-0.07735196052146998,-0.9144132346240312,,0,-0.20626462994145903
6,commit_gate,2032,2.4000000000000004,-0.6000000000000001,0.020648917744697515,-0.2768512080963187,-0.03599791079812287,-0.864633546656101,,0,-0.3208981453431498
6,commit_gate,2032,2.4000000000000004,-0.6000000000000001,0.10779974980913615,0.45352466690669246,0.05704146306322483,0.7652887576478549,,0,-0.45680768701288826
6,commit_gate,2032,2.4000000000000004,-0.6000000000000001,-0.05492988691717732,-0.45210726251745426,0.07565932482984802,0.22343058428073603,,0,-0.030691855958203763
6,commit_gate,2032,2.4000000000000004,-0.6000000000000001,0.05760719150630317,-0.478075768445674,-0.08408812524389637,-0.2052038236222058,,0,-0.1901805826447216
6,commit_gate,2032,2.4000000000000004,-0.6000000000000001,0.07746894116645775,-0.07227642188967187,0.12935553217254317,-0.4806520332439179,,0,-0.01943078966583182
6,commit_gate,2032,2.4000000000000004,-0.6000000000000001,-0.1490751082051605,0.44103556705253666,0.10387619763869746,0.8187191625190255,,0,-0.5219346552113507
6,commit_gate,2032,2.4000000000000004,-0.6000000000000001,-0.0012888644638468505,0.41763418648714234,-0.0671543354818394,0.05500901708232453,,0,-0.03309576173307889
6,commit_gate,2032,2.4000000000000004,-0.6000000000000001,0.11850139309741575,-0.3928972659639173,0.05567739293032156,0.2900311677074996,,0,-0.03465738203279242
6,commit_gate,2032,2.4000000000000004,-0.6000000000000001,-0.015159602126216698,0.4515321759110219,0.12424154352404201,0.3693094253031648,,0,-0.34464836489995343
6,commit_gate,2032,2.4000000000000004,-0.6000000000000001,0.1781165756382211,0.3058392605380067,-0.021065972431829505,-0.4778888566778223,,0,-0.039673869392646284
6,commit_gate,2032,2.4000000000000004,-0.6000000000000001,-0.1547048879709515,0.24897307011132663,0.1213954211941882,0.8111122204893226,,0,-0.45758753266963725
6,commit_gate,2032,2.4000000000000004,-0.6000000000000001,-0.002120161786173469,-0.17184976597372892,0.04852499662286619,0.021724098713244544,,0,-0.019337159408031084
6,commit_gate,2032,2.4000000000000004,-0.6000000000000001,-0.21856429263863109,0.17016032302355666,0.011770348305949863,0.008013635662230678,,0,-0.02479477095818018
6,commit_gate,2032,2.4000000000000004,-0.6000000000000001,-0.06282171311026047,0.19563174742521983,-0.07618915969692491,0.3815588884528256,,0,-0.031642501110903005
6,commit_gate,2032,2.4000000000000004,-0.6000000000000001,0.005974131748530842,-0.3899524505841978,-0.030036990553484702,0.8587715674402359,,0,-0.061029823693769844
6,commit_gate,2032,2.4000000000000004,-0.6000000000000001,0.09427643744582331,-0.3984982074180845,0.11241397167920689,-0.48779650889385207,,0,-0.04281261135916543
6,always_freeze,2030,0.0,0.0,-0.05184600350204882,0.30607942143937183,0.10099304756404573,-0.2530248106604298,,0,-0.04760913519382071
6,always_freeze,2030,0.0,0.0,-0.1746701675661021,-0.0960382503057311,-0.07758359458311934,-0.9072980629069103,,0,-0.41813159577531506
6,always_freeze,2030,0.0,0.0,0.10087321247067488,-0.1781914725731859,0.10810903795123564,0.4947797228192494,,0,-0.1685355047908323
6,always_freeze,2030,0.0,0.0,-0.11061107803132053,-0.15683820569066687,0.029557280869386304,0.5523579826519649,,0,-0.07533818208388152
6,always_freeze,2030,0.0,0.0,-0.11244633322915232,-0.2523323291940618,-0.08078175843615758,0.7014294184526371,,0,-0.037163434842123214
6,always_freeze,2030,0.0,0.0,-0.03249481063765236,0.297320955958965,0.08713878784359438,-0.24534403441657937,,0,-0.03893716625266705
6,always_freeze,2030,0.0,0.0,-0.2128657522118897,-0.3795630479155544,0.018756430666800133,0.6211744595695985,,0,-0.10626370270035602
6,always_freeze,2030,0.0,0.0,-0.04125832193110157,-0.0887831501503984,-0.08845466779033351,-0.6387509190747986,,0,-0.26658607645313376
6,always_freeze,2030,0.0,0.0,-0.1961992408789655,-0.2083538592638955,-0.007986654650933678,-0.6154045455662835,,0,-0.20321019456063347
6,always_freeze,2030,0.0,0.0,-0.16562323687385,-0.2733998816963822,-0.10837784863116101,-0.33998648124044517,,0,-0.2725393772590639
6,always_freeze,2030,0.0,0.0,-0.2393439382184675,0.0717705870988169,0.09286956528659143,-0.9550839743869992,,0,-0.11508348551904585
6,always_freeze,2030,0.0,0.0,-0.1293965880091248,0.02752419448843768,0.14113885165268072,0.9944181516349018,,0,-0.5222112986810301
6,always_freeze,2030,0.0,0.0,-0.24871107746498927,-0.29938154133106964,0.025446922056065135,0.40658082299074727,,0,-0.045643421760897314
6,always_freeze,2030,0.0,0.0,-0.08221678174018854,0.17139958868425698,-0.03823551044323044,0.058579013211461195,,0,-0.00880645683371097
6,always_freeze,2030,0.0,0.0,-0.0583582840637652,0.2194612905757084,-0.07634937683435745,0.3653484228930721,,0,-0.02055934036271315
6,always_freeze,2030,0.0,0.0,-0.04988577268458283,-0.07789351033620806,0.0793096184914518,0.439263667930472,,0,-0.11607382380851164
6,always_freeze,2030,0.0,0.0,-0.24910183637657646,0.44845897341128094,0.036456235280835,-0.8651716035641965,,0,-0.07645533018065843
6,always_freeze,2030,0.0,0.0,-0.012014557874164,0.01692531270132336,-0.1488798447885841,0.4777890790089574,,0,-0.01618716936395602
6,always_freeze,2030,0.0,0.0,0.07135007270608962,0.19457424037197468,-0.0678098459052404,0.46840836436307964,,0,-0.04945150044327589
6,always_freeze,2030,0.0,0.0,-0.010332518879528907,0.2955235774800139,-0.10406964857029463,0.2144724089766188,,0,-0.013406534857786107
6,always_freeze,2030,0.0,0.0,-0.16372352617243813,0.39306591204031316,0.1481721978303123,-0.6748941429681388,,0,-0.03215009790846976
6,always_freeze,2030,0.0,0.0,-0.07900715659985724,0.34110492262895664,0.0651917415315823,0.06022892227747434,,0,-0.08798412492103726
6,always_freeze,2030,0.0,0.0,-0.05477919429534028,0.0928960523511676,-0.04417563996210884,-0.40160684783356126,,0,-0.07533248798530766
6,always_freeze,2030,0.0,0.0,0.08546167953971262,-0.3133598337615493,-0.0525314198288976,-0.6335436313154903,,0,-0.25590463521181234
6,always_freeze,2030,0.0,0.0,0.19777029486169678,0.36649577401099176,0.11499320740060989,0.5603658954529374,,0,-0.4462152435606699
6,always_freeze,2030,0.0,0.0,-0.15214140323953612,-0.46337065588170534,-0.026757446180497343,0.5380984358701089,,0,-0.03076718153147321
6,always_freeze,2030,0.0,0.0,0.22865119423133778,-0.45714569075357037,-0.1457865575881901,0.9773209857901659,,0,-0.03756283476339769
6,always_freeze,2030,0.0,0.0,-0.23202367017315628,-0.003566724635694296,0.001562438412149314,0.40745027430264824,,0,-0.07461706557956634
6,always_freeze,2030,0.0,0.0,-0.1163189765726666,0.3732638918786515,-0.03942925647658095,0.12384672478393144,,0,-0.02488651820688378
6,always_freeze,2030,0.0,0.0,0.17497647362832425,0.04009854363336052,0.04049765122913601,0.003291045139735882,,0,-0.03095563801742963
6,always_freeze,2030,0.0,0.0,0.21117851654077502,-0.038140109587037174,-0.021662473564537987,-0.6905630402341905,,0,-0.1339089066228031
6,always_freeze,2030,0.0,0.0,0.08111152296731428,0.39398162322906694,-0.07317993963361681,-0.23996179617651547,,0,-0.059094192441391774
6,always_freeze,2030,0.0,0.0,-0.23512842594624062,-0.07925923036509064,0.044190096590837336,-0.7469962832660819,,0,-0.14687465348052262
6,always_freeze,2030,0.0,0.0,0.14288723007155796,-0.3677795924230466,0.08212546185605069,-0.4235124635062011,,0,-0.04269853343026852
6,always_freeze,2030,0.0,0.0,0.021032964973469737,-0.02631751023522033,-0.03597850764534562,0.6941167096109981,,0,-0.0787252750755936
6,always_freeze,2030,0.0,0.0,-0.1000126504446634,-0.3157118928679221,0.07853218318496319,0.04168884941597595,,0,-0.020808025987212906
6,always_freeze,2030,0.0,0.0,0.15265004930217052,-0.36443176343201233,0.057010322604900104,-0.24333297120016706,,0,-0.029606479605007213
6,always_freeze,2030,0.0,0.0,0.1728960900835289,0.4978108002253202,0.1347512880915044,0.512138613039256,,0,-0.5221561498379641
6,always_freeze,2030,0.0,0.0,-0.13794172072230004,0.2523563335356085,-0.07627609400165962,0.6374054670125864,,0,-0.06812086030440198
6,always_freeze,2030,0.0,0.0,0.12232806968614085,0.2790916470408108,0.05126162458101299,-0.052528483320705366,,0,-0.06297359672674088
6,always_freeze,2030,0.0,0.0,0.04411692908133491,0.14370649656475665,-0.1424939375835341,-0.8807516257527177,,0,-0.39393667971376006
6,always_freeze,2030,0.0,0.0,-0.04818470777040351,0.03507477552719762,-0.03121113869144833,-0.38954138036986174,,0,-0.06970477836697687
6,always_freeze,2030,0.0,0.0,-0.061741698435153536,-0.21738020529300228,-0.14814469312178866,0.09411456277199148,,0,-0.13046421917922865
6,always_freeze,2030,0.0,0.0,0.10798219580122403,-0.013327890407098142,0.11522885326154489,-0.4347669778331049,,0,-0.009963656023544471
6,always_freeze,2030,0.0,0.0,0.02964323930949897,-0.33728262282208876,0.020995901843503167,0.03545891479456542,,0,-0.015796377140909895
6,always_freeze,2030,0.0,0.0,-0.19127657643298324,-0.006366838994584345,-0.12025766177631131,0.371870969733503,,0,-0.024746464230316904
6,always_freeze,2030,0.0,0.0,0.06228276560775298,-0.11416833641517976,-0.10040857881207688,0.3364488398021621,,0,-0.014941690220460251
6,always_freeze,2030,0.0,0.0,-0.004513231278477359,0.19063809501508655,-0.12717927829649459,0.16192327587643685,,0,-0.024696960288269763
6,always_freeze,2030,0.0,0.0,0.08751556538446681,-0.05232433589254193,-0.05577903904144785,0.3963749067973721,,0,-0.013907894600495787
6,always_freeze,2030,0.0,0.0,-0.12005219468295641,0.2312462372416506,-0.14256012243204116,-0.1574196787062363,,0,-0.09786954729266875
6,always_freeze,2030,0.0,0.0,0.03406304572905289,-0.10366774974351156,0.0922263507368278,0.619401797543425,,0,-0.19926677922575092
6,always_freeze,2030,0.0,0.0,-0.22576549038460858,0.4785897534640512,0.024075450510955165,0.3924311236153992,,0,-0.1560253124301758
6,always_freeze,2030,0.0,0.0,0.1540769353616137,0.2737429839829577,0.10063374135746586,0.513495678515373,,0,-0.33272242138733077
6,always_freeze,2030,0.0,0.0,0.039467936271113946,-0.43108336076345866,-0.0020020605007881054,-0.46518989307802516,,0,-0.1638109788960493
6,always_freeze,2030,0.0,0.0,0.06205152188869095,-0.464544024075189,0.03995502402254755,-0.3786386870963008,,0,-0.09424161668138364
6,always_freeze,2030,0.0,0.0,-0.13371271560443138,-0.2805805024807255,-0.023090921287984234,-0.7598913679230228,,0,-0.29867872875637136
6,always_freeze,2030,0.0,0.0,-0.19783396007151605,-0.09498100989584568,0.08431783029709747,0.6849151318630617,,0,-0.18580974605815984
6,always_freeze,2030,0.0,0.0,-0.04794666198426195,0.21103313285010683,-0.04749904442938542,0.2746714753603463,,0,-0.021857011978463486
6,always_freeze,2030,0.0,0.0,0.18459989159238321,-0.29048621819121834,0.13687854976409183,-0.38116787349079484,,0,-0.02385997578995873
6,always_freeze,2030,0.0,0.0,-0.052596513525193234,0.3728039044424841,0.04544368088243514,0.2619753303164607,,0,-0.13458882216530477
6,always_freeze,2030,0.0,0.0,-0.13023886920061645,-0.4000915140241518,0.11025984943854675,0.26190545607406035,,0,-0.12121120988329162
6,always_freeze,2030,0.0,0.0,0.07363891060096278,0.39055726666343815,-0.0006869946930977144,-0.3965470574024279,,0,-0.02268653484994571
6,always_freeze,2030,0.0,0.0,-0.0604382319260936,0.27485034661966123,0.06813537822018145,0.16366773976564253,,0,-0.10537344128901144
6,always_freeze,2030,0.0,0.0,-0.05218653577595406,-0.05363362003716077,-0.05397920266786094,0.007692874763531199,,0,-0.025553512308488614
6,always_freeze,2031,0.0,0.0,-0.05719559306725752,0.029977481420147667,0.12842040260494766,0.2967636762235082,,0,-0.16104492078671928
6,always_freeze,2031,0.0,0.0,0.00041479846092579153,0.2721927656375751,0.11014879009583631,0.3854936434772629,,0,-0.2529237814122108
6,always_freeze,2031,0.0,0.0,-0.07587045350273108,-0.25069801024430605,0.08963116482608541,0.38660453020354213,,0,-0.08026297592362208
6,always_freeze,2031,0.0,0.0,-0.16072924027203384,0.4939430909001882,-0.1358630047616157,-0.8812733049729311,,0,-0.29077490467531547
6,always_freeze,2031,0.0,0.0,0.24478606058792612,0.21544858332038674,-0.06602284886490674,0.9546284718587277,,0,-0.23813274678092838
6,always_freeze,2031,0.0,0.0,-0.06766414239262963,-0.38218468219959956,-0.032598289634361816,0.987348958235774,,0,-0.09226181858930493
6,always_freeze,2031,0.0,0.0,-0.10924017350661602,0.3754688310904263,-0.1395799529012843,0.863510397476903,,0,-0.09555946414039529
6,always_freeze,2031,0.0,0.0,-0.13533111001840514,-0.04147778849238515,0.14068175335234165,0.12043226304240329,,0,-0.09863218104657782
6,always_freeze,2031,0.0,0.0,0.07978135920252649,-0.023029679336416975,-0.06538883311653178,-0.9965905229899363,,0,-0.34001002064366886
6,always_freeze,2031,0.0,0.0,0.24791850639542956,-0.37942870206141854,-0.07364437009577098,0.5677461484354571,,0,-0.023721255448348088
6,always_freeze,2031,0.0,0.0,-0.00019031193364671406,-0.002740967741479361,-0.038986250374450485,0.24015787853474557,,0,-0.009126420269792839
6,always_freeze,2031,0.0,0.0,-0.09187037674143367,-0.3189788131123753,-0.0024639503641179505,-0.8352063207937217,,0,-0.29921882716104414
6,always_freeze,2031,0.0,0.0,0.08457043881961968,0.43130667197173067,-0.022205297391200696,-0.2903455258061334,,0,-0.022462201304591818
6,always_freeze,2031,0.0,0.0,0.043297730134621626,-0.26430226555847003,-0.013176510592217555,0.20956588122333253,,0,-0.012873144609590966
6,always_freeze,2031,0.0,0.0,-0.10094702247921938,-0.36775367605226494,0.09169644069195076,-0.18779302771909512,,0,-0.02740460457131069
6,always_freeze,2031,0.0,0.0,0.1884744089590798,-0.18925371788006506,0.0909228694650712,-0.8298318940671692,,0,-0.0857972193346466
6,always_freeze,2031,0.0,0.0,0.009440229344430062,-0.135091109056364,-0.03635134315064523,-0.739372215805318,,0,-0.225867199697115
6,always_freeze,2031,0.0,0.0,0.07521640816545822,-0.3415091287433899,0.07555238392778321,0.7646136173184206,,0,-0.16978595188133394
6,always_freeze,2031,0.0,0.0,-0.08952153948342478,0.19379466813065394,-0.08336120587227071,0.8171416305483021,,0,-0.09857768114873357
6,always_freeze,2031,0.0,0.0,0.08713994647273327,-0.025246928221083098,-0.038656775628084034,-0.17415188676743076,,0,-0.03257278683334494
6,always_freeze,2031,0.0,0.0,-0.21842331465768017,0.08360161299281577,-0.027927589315817514,-0.021641587680241603,,0,-0.018718785425406635
6,always_freeze,2031,0.0,0.0,-0.23817768139675016,0.32912885268562886,-0.0454553087606549,0.5842483877496001,,0,-0.0931753390985668
6,always_freeze,2031,0.0,0.0,0.0035549008617828393,-0.13584934794824965,-0.020728546539534237,-0.43703856431753074,,0,-0.10162335993105871
6,always_freeze,2031,0.0,0.0,0.06809837093073917,-0.0930635512668826,0.018350245073017635,-0.9734092402142873,,0,-0.20772199480951326
6,always_freeze,2031,0.0,0.0,0.05974480105472729,-0.18686403018196263,0.023105223860972524,-0.45029444570361776,,0,-0.06550063486019858
6,always_freeze,2031,0.0,0.0,0.21004191179998616,-0.051135912337605394,0.08308904019903207,0.2946149937151734,,0,-0.1231214368098157
6,always_freeze,2031,0.0,0.0,0.10503274783308614,-0.36169591995039485,-0.08476374293807364,0.024535690726771753,,0,-0.08839506939497396
6,always_freeze,2031,0.0,0.0,0.18631626379720384,-0.2868283780049591,-0.13569236308343777,0.31330259950078965,,0,-0.05353923745441012
6,always_freeze,2031,0.0,0.0,0.08684596990970628,-0.44277480118184553,0.06277299506718287,0.036861988274649926,,0,-0.021288215705408686
6,always_freeze,2031,0.0,0.0,0.23632962805057833,-0.2737434696336881,-0.045053013304271264,-0.1361091609668743,,0,-0.06303243208347051
6,always_freeze,2031,0.0,0.0,-0.24754269979104693,0.37075844396283286,0.11558464735629273,-0.8259862480601177,,0,-0.03161710558223575
6,always_freeze,2031,0.0,0.0,-0.035163736461436945,0.15658602203133398,-0.10605356980128908,-0.7802959413323836,,0,-0.27308605129879304
6,always_freeze,2031,0.0,0.0,0.1231977590524218,-0.4168767854115202,0.13205614302995097,-0.404141022751507,,0,-0.026507004945775597
6,always_freeze,2031,0.0,0.0,0.10273485677697786,0.3513288363432773,-0.09688081669079518,-0.74999894407966,,0,-0.17200102752453547
6,always_freeze,2031,0.0,0.0,-0.013090082483146914,0.4216551912347666,-0.12893868354606336,-0.8075099557518162,,0,-0.23893275566850528
6,always_freeze,2031,0.0,0.0,-0.21087361925095793,-0.34008392139782284,0.1029692819011512,0.31729222948064506,,0,-0.13561100903434237
6,always_freeze,2031,0.0,0.0,-0.2172681570069221,0.3108853840027679,-0.08437578210308493,0.8343107050785301,,0,-0.11814739589674197
6,always_freeze,2031,0.0,0.0,0.17854695665205939,-0.4438756321523265,0.01529411115016352,-0.6977299565415498,,0,-0.2028545028403436
6,always_freeze,2031,0.0,0.0,0.07726669354380805,0.13774062240984086,0.13352727004458623,0.02909579767429915,,0,-0.1302651657197088
6,always_freeze,2031,0.0,0.0,0.18710394121383273,0.3686179697175588,-0.014019474719358327,-0.8007416270501262,,0,-0.10126770628886009
6,always_freeze,2031,0.0,0.0,0.048972261799093364,0.1313385331831709,-0.1067307445679048,-0.3287918720466534,,0,-0.10532529745696409
6,always_freeze,2031,0.0,0.0,0.09718291577752147,0.005872463345556023,0.011593024748510788,0.8024727635428832,,0,-0.19071065798811468
6,always_freeze,2031,0.0,0.0,0.14935170488128746,-0.22825866066070433,-0.018477079629208498,0.8933377939132572,,0,-0.1285032193408725
6,always_freeze,2031,0.0,0.0,0.20067413053531086,-0.12633436261752995,0.13885268365760403,0.23148772800943207,,0,-0.15470924927459268
6,always_freeze,2031,0.0,0.0,-0.08589425396771094,0.13351245123576228,-0.07198172220174581,0.13023504799854502,,0,-0.008165768806558438
6,always_freeze,2031,0.0,0.0,-0.05447144287086386,-0.07576520117734209,-0.08846130582813654,-0.6777708922035284,,0,-0.28222043865148516
6,always_freeze,2031,0.0,0.0,-0.21747418066798524,0.28640932106450523,-0.11237846207802576,-0.4280926413579471,,0,-0.14514641531953254
6,always_freeze,2031,0.0,0.0,-0.05216380534868992,-0.22703978591909113,-0.011007289099728285,-0.5554858405333485,,0,-0.1610180836002432
6,always_freeze,2031,0.0,0.0,0.03105329714463445,0.30896916347743897,-0.07959698733646935,-0.6980137769170842,,0,-0.14838065600771227
6,always_freeze,2031,0.0,0.0,-0.19657397761776896,0.186031639190528,-0.09673404053650989,-0.5648180890272156,,0,-0.193694113481102
6,always_freeze,2031,0.0,0.0,-0.24065859109650412,-0.03358991134538736,0.08494174947500269,-0.627427741652242,,0,-0.06444100628841812
6,always_freeze,2031,0.0,0.0,-0.16438692285361428,-0.07705859830215234,-0.09437117764258032,-0.060380711664147046,,0,-0.09299389736865679
6,always_freeze,2031,0.0,0.0,-0.21948801697981907,-0.429201148312808,-0.09017604969109227,0.9486938308081985,,0,-0.053983813924643125
6,always_freeze,2031,0.0,0.0,-0.2203960579142219,-0.4038488461308124,-0.1398016283202744,0.5512330483767147,,0,-0.0820856600737485
6,always_freeze,2031,0.0,0.0,-0.0009873401921921543,-0.08332778477370284,0.036001141293737715,0.3957285842005567,,0,-0.06257957158879399
6,always_freeze,2031,0.0,0.0,0.2303375008521033,0.3238000738487845,-0.1478056767727303,0.6569586795054065,,0,-0.08041730532593874
6,always_freeze,2031,0.0,0.0,0.227850678441546,-0.4460371563529001,-0.12204663784886981,0.34031384088368677,,0,-0.06306648116168737
6,always_freeze,2031,0.0,0.0,0.2274924967009811,0.39736651004177115,-0.13230561030604085,-0.9171359809818949,,0,-0.27411253047992123
6,always_freeze,2031,0.0,0.0,0.11694240802170658,0.23984145815095692,0.14438369093870743,0.5678026795051414,,0,-0.4323819777993492
6,always_freeze,2031,0.0,0.0,0.2457258071475672,-0.21488261959083332,0.038315898536961185,-0.7895688558206044,,0,-0.13199265390611475
6,always_freeze,2031,0.0,0.0,0.08430786495974618,-0.10895607224188542,0.04434566901735931,-0.9470092391609788,,0,-0.1640160893754597
6,always_freeze,2031,0.0,0.0,0.24717650707901756,-0.042475513854508096,-0.05002850584194453,0.6459609604524086,,0,-0.0841667737640911
6,always_freeze,2031,0.0,0.0,0.18558918665217328,0.197465699954667,0.1402031382125212,-0.08117756266642817,,0,-0.1426324215055644
6,always_freeze,2032,0.0,0.0,0.008367459450451809,0.112264267629136,-0.025505805762366246,0.9840330568368314,,0,-0.22097869041799467
6,always_freeze,2032,0.0,0.0,-0.1864171860319725,-0.25834647716187553,-0.11060540575936717,0.35773423293883067,,0,-0.05850320640008541
6,always_freeze,2032,0.0,0.0,-0.20366109945424188,0.2841634660303536,0.0897209301453448,0.22832577124943332,,0,-0.13736984736688354
6,always_freeze,2032,0.0,0.0,-0.20733308285993302,-0.02397936104058851,-0.010641318927114785,-0.5635161851876977,,0,-0.13596350415327602
6,always_freeze,2032,0.0,0.0,-0.2017684173697365,0.49274223679378937,-0.04197515345875004,-0.46473893672876265,,0,-0.047901990453440145
6,always_freeze,2032,0.0,0.0,0.09638989472669934,0.13130541528275663,-0.049527757258839955,-0.13947319219939724,,0,-0.04237298222340846
6,always_freeze,2032,0.0,0.0,-0.17167077945785825,-0.3093585094041926,-0.01631447319820245,-0.023030024907035207,,0,-0.0643402191668812
6,always_freeze,2032,0.0,0.0,-0.08846827591619444,0.4787430018856348,0.09557815176991791,-0.6442691955697661,,0,-0.024636333985949783
6,always_freeze,2032,0.0,0.0,-0.24263214384426413,0.4592575433995567,-0.04659935423082169,0.8930348063474585,,0,-0.22754445620640165
6,always_freeze,2032,0.0,0.0,-0.004075901659786163,0.350707700715706,-0.002463934842299592,-0.3881444932383227,,0,-0.058916248873456666
6,always_freeze,2032,0.0,0.0,-0.0055155840254163535,0.25220908338844383,-0.0171824870703845,-0.7044532273319046,,0,-0.09113216300124502
6,always_freeze,2032,0.0,0.0,0.1758520768405965,-0.0664346598679999,0.10959733380349987,-0.30229058052119595,,0,-0.018200737371154737
6,always_freeze,2032,0.0,0.0,0.12321084464730131,-0.23547928304079868,-0.12592058439601292,0.6503637799178794,,0,-0.02417512288330312
6,always_freeze,2032,0.0,0.0,0.04602596567933842,0.30167465619720657,0.09590450935538827,0.584415406085927,,0,-0.3385231019526369
6,always_freeze,2032,0.0,0.0,0.2089783149025276,0.07662012298435994,0.09665010891405842,0.008752578361251206,,0,-0.09059146516287556
6,always_freeze,2032,0.0,0.0,0.17503574940750427,-0.45444987710930873,0.06507797129550932,0.6174163542102524,,0,-0.10159811153483152
6,always_freeze,2032,0.0,0.0,-0.14736757146152718,0.2896404065813466,0.00686426178750954,0.09196397701471937,,0,-0.03260837062675464
6,always_freeze,2032,0.0,0.0,0.22625629338967296,-0.41724318697738905,-0.13587726539817796,0.7256744058189266,,0,-0.046740481152276116
6,always_freeze,2032,0.0,0.0,0.04158565721454649,-0.21396274179404817,-0.04856866055407734,0.2634864857914767,,0,-0.008936464425639909
6,always_freeze,2032,0.0,0.0,-0.2174158797852948,-0.2627353948709128,0.019808773451125916,0.6176378502993707,,0,-0.11353858807954507
6,always_freeze,2032,0.0,0.0,0.02280545884951579,0.3793168185543673,-0.0006454883047744553,0.1993706771828747,,0,-0.07973437041889607
6,always_freeze,2032,0.0,0.0,-0.061885346607069125,0.41813104039128157,-0.09809940995781084,-0.32335571362830007,,0,-0.06039035354128402
6,always_freeze,2032,0.0,0.0,0.18425302638319846,-0.18379902287720584,-0.07023529146192369,0.026446679546727525,,0,-0.04011587320523317
6,always_freeze,2032,0.0,0.0,-0.22830186029714528,-0.07446259371436525,0.1144998098008013,0.41813649981596623,,0,-0.14207455132370758
6,always_freeze,2032,0.0,0.0,0.0416969770121981,0.44144831788540373,0.04198110518606485,-0.2773927169166308,,0,-0.03762019641903669
6,always_freeze,2032,0.0,0.0,-0.006145111708868278,0.05275204584477733,0.11880155740849793,0.00457213393540723,,0,-0.07475112167378502
6,always_freeze,2032,0.0,0.0,0.16277111421400892,0.10029901714083311,0.04483622634218959,-0.7114426903009092,,0,-0.05791324605814628
6,always_freeze,2032,0.0,0.0,0.014667942510301846,-0.2821447137829929,-0.052050304653680546,0.3223045477500319,,0,-0.012513298321398088
6,always_freeze,2032,0.0,0.0,-0.06934258565612567,-0.40706592325006385,0.08728528241195943,-0.6408550616657391,,0,-0.12238344740146623
6,always_freeze,2032,0.0,0.0,-0.038121502975177246,0.22011668511728733,0.02752551202854836,-0.47931180393926587,,0,-0.021560574065810207
6,always_freeze,2032,0.0,0.0,0.16574472353629083,-0.31758928197572467,0.05315569680949392,-0.7036773435787596,,0,-0.1212504705002377
6,always_freeze,2032,0.0,0.0,-0.018017359950048384,-0.12296845750143603,-0.04124340171072652,-0.6529797398299428,,0,-0.20072789055963097
6,always_freeze,2032,0.0,0.0,0.11341385367645235,-0.1220746845368249,-0.09100078237413031,0.3371229740789443,,0,-0.018027144722249266
6,always_freeze,2032,0.0,0.0,0.20030989951519645,-0.21670738288848101,-0.07976366122090225,0.8022436406475562,,0,-0.05537831411732094
6,always_freeze,2032,0.0,0.0,-0.11689004685970539,0.382027756748203,-0.1459398908956392,-0.5885004417454933,,0,-0.20779970956212265
6,always_freeze,2032,0.0,0.0,0.15512068085384872,-0.49627344395082296,0.05327564867955836,-0.49070364152719836,,0,-0.107343427835937
6,always_freeze,2032,0.0,0.0,-0.11822150357914468,-0.26732384021897415,-0.09993121572448953,-0.20164783815716536,,0,-0.18820256316721903
6,always_freeze,2032,0.0,0.0,0.0872672183745466,-0.26433940034962355,-0.11118987182297488,0.9681223155347609,,0,-0.04762646311103802
6,always_freeze,2032,0.0,0.0,-0.19130599175002383,-0.4563809017599326,0.10992572107160589,0.5677707123902886,,0,-0.1255655402715961
6,always_freeze,2032,0.0,0.0,0.19918380707948863,0.09348858815376204,0.019040405623468704,-0.4163249679495007,,0,-0.04158590780772553
6,always_freeze,2032,0.0,0.0,-0.19521665322463932,0.39863883554629786,-0.027449273014267,0.884125676794137,,0,-0.24057502329283847
6,always_freeze,2032,0.0,0.0,-0.21145101085324552,0.426195577265821,0.10965556340877045,0.6338751866706402,,0,-0.3883089735774365
6,always_freeze,2032,0.0,0.0,0.23524119305888064,-0.18605301587227951,-0.017259657407084184,0.7552102687536919,,0,-0.11302191557176378
6,always_freeze,2032,0.0,0.0,-0.07795174140236638,-0.052156686094574245,0.018973160730771266,-0.34575111221894406,,0,-0.03792600420465239
6,always_freeze,2032,0.0,0.0,-0.033668255476272335,-0.1725734700847743,0.12180797050090028,0.18397839572361385,,0,-0.0775189721822704
6,always_freeze,2032,0.0,0.0,-0.16907494503910653,0.23722104006924416,0.07007530109779561,-0.5762368198749008,,0,-0.02112057791030817
6,always_freeze,2032,0.0,0.0,-0.1116410955988063,-0.3693972214385036,0.0862563787812691,0.3015043416579235,,0,-0.1072233341915025
6,always_freeze,2032,0.0,0.0,-0.07837595298441319,0.37253283428954154,-0.07735196052146998,-0.9144132346240312,,0,-0.21940663278978045
6,always_freeze,2032,0.0,0.0,0.020648917744697515,-0.2768512080963187,-0.03599791079812287,-0.864633546656101,,0,-0.33210131119706826
6,always_freeze,2032,0.0,0.0,0.10779974980913615,0.45352466690669246,0.05704146306322483,0.7652887576478549,,0,-0.43871440448716553
6,always_freeze,2032,0.0,0.0,-0.05492988691717732,-0.45210726251745426,0.07565932482984802,0.22343058428073603,,0,-0.04771007144597952
6,always_freeze,2032,0.0,0.0,0.05760719150630317,-0.478075768445674,-0.08408812524389637,-0.2052038236222058,,0,-0.2004814054599147
6,always_freeze,2032,0.0,0.0,0.07746894116645775,-0.07227642188967187,0.12935553217254317,-0.4806520332439179,,0,-0.018355186239609918
6,always_freeze,2032,0.0,0.0,-0.1490751082051605,0.44103556705253666,0.10387619763869746,0.8187191625190255,,0,-0.5048720139560907
6,always_freeze,2032,0.0,0.0,-0.0012888644638468505,0.41763418648714234,-0.0671543354818394,0.05500901708232453,,0,-0.020293286983024905
6,always_freeze,2032,0.0,0.0,0.11850139309741575,-0.3928972659639173,0.05567739293032156,0.2900311677074996,,0,-0.03228426362786546
6,always_freeze,2032,0.0,0.0,-0.015159602126216698,0.4515321759110219,0.12424154352404201,0.3693094253031648,,0,-0.3409123318015977
6,always_freeze,2032,0.0,0.0,0.1781165756382211,0.3058392605380067,-0.021065972431829505,-0.4778888566778223,,0,-0.07158162880239077
6,always_freeze,2032,0.0,0.0,-0.1547048879709515,0.24897307011132663,0.1213954211941882,0.8111122204893226,,0,-0.44845991071561037
6,always_freeze,2032,0.0,0.0,-0.002120161786173469,-0.17184976597372892,0.04852499662286619,0.021724098713244544,,0,-0.020396777452154256
6,always_freeze,2032,0.0,0.0,-0.21856429263863109,0.17016032302355666,0.011770348305949863,0.008013635662230678,,0,-0.02155085201155661
6,always_freeze,2032,0.0,0.0,-0.06282171311026047,0.19563174742521983,-0.07618915969692491,0.3815588884528256,,0,-0.01977620353633406
6,always_freeze,2032,0.0,0.0,0.005974131748530842,-0.3899524505841978,-0.030036990553484702,0.8587715674402359,,0,-0.06686993739939391
6,always_freeze,2032,0.0,0.0,0.09427643744582331,-0.3984982074180845,0.11241397167920689,-0.48779650889385207,,0,-0.0426100208829308
8,action_only,2030,16.0,-4.0,-0.05184600350204882,0.30607942143937183,0.10099304756404573,-0.2530248106604298,,0,-0.8065862848817638
8,action_only,2030,16.0,-4.0,-0.1746701675661021,-0.0960382503057311,-0.07758359458311934,-0.9072980629069103,11,3,-0.9796043134399505
8,action_only,2030,16.0,-4.0,0.10087321247067488,-0.1781914725731859,0.10810903795123564,0.4947797228192494,,0,-0.9357955700160353
8,action_only,2030,16.0,-4.0,-0.11061107803132053,-0.15683820569066687,0.029557280869386304,0.5523579826519649,,0,-0.8352276368304158
8,action_only,2030,16.0,-4.0,-0.11244633322915232,-0.2523323291940618,-0.08078175843615758,0.7014294184526371,,0,-0.7917532700466764
8,action_only,2030,16.0,-4.0,-0.03249481063765236,0.297320955958965,0.08713878784359438,-0.24534403441657937,,0,-0.7976585716061723
8,action_only,2030,16.0,-4.0,-0.2128657522118897,-0.3795630479155544,0.018756430666800133,0.6211744595695985,,0,-0.7738772441404618
8,action_only,2030,16.0,-4.0,-0.04125832193110157,-0.0887831501503984,-0.08845466779033351,-0.6387509190747986,,0,-0.8574233062551111
8,action_only,2030,16.0,-4.0,-0.1961992408789655,-0.2083538592638955,-0.007986654650933678,-0.6154045455662835,,0,-0.7938608266001831
8,action_only,2030,16.0,-4.0,-0.16562323687385,-0.2733998816963822,-0.10837784863116101,-0.33998648124044517,,0,-0.8725513604571729
8,action_only,2030,16.0,-4.0,-0.2393439382184675,0.0717705870988169,0.09286956528659143,-0.9550839743869992,,0,-0.7190613853452427
8,action_only,2030,16.0,-4.0,-0.1293965880091248,0.02752419448843768,0.14113885165268072,0.9944181516349018,,0,-1.4828500165860277
8,action_only,2030,16.0,-4.0,-0.24871107746498927,-0.29938154133106964,0.025446922056065135,0.40658082299074727,,0,-0.7468488247239394
8,action_only,2030,16.0,-4.0,-0.08221678174018854,0.17139958868425698,-0.03823551044323044,0.058579013211461195,,0,-0.7814128097019484
8,action_only,2030,16.0,-4.0,-0.0583582840637652,0.2194612905757084,-0.07634937683435745,0.3653484228930721,,0,-0.8527031729049487
8,action_only,2030,16.0,-4.0,-0.04988577268458283,-0.07789351033620806,0.0793096184914518,0.439263667930472,,0,-0.8854678515616999
8,action_only,2030,16.0,-4.0,-0.24910183637657646,0.44845897341128094,0.036456235280835,-0.8651716035641965,,0,-0.7592439749310101
8,action_only,2030,16.0,-4.0,-0.012014557874164,0.01692531270132336,-0.1488798447885841,0.4777890790089574,,0,-0.8227480074088149
8,action_only,2030,16.0,-4.0,0.07135007270608962,0.19457424037197468,-0.0678098459052404,0.46840836436307964,,0,-0.8941000429674771
8,action_only,2030,16.0,-4.0,-0.010332518879528907,0.2955235774800139,-0.10406964857029463,0.2144724089766188,,0,-0.8436911729680038
8,action_only,2030,16.0,-4.0,-0.16372352617243813,0.39306591204031316,0.1481721978303123,-0.6748941429681388,,0,-0.7431319068424517
8,action_only,2030,16.0,-4.0,-0.07900715659985724,0.34110492262895664,0.0651917415315823,0.06022892227747434,,0,-0.8972422122297056
8,action_only,2030,16.0,-4.0,-0.05477919429534028,0.0928960523511676,-0.04417563996210884,-0.40160684783356126,,0,-0.7549133293352503
8,action_only,2030,16.0,-4.0,0.08546167953971262,-0.3133598337615493,-0.0525314198288976,-0.6335436313154903,,0,-0.8169052219832523
8,action_only,2030,16.0,-4.0,0.19777029486169678,0.36649577401099176,0.11499320740060989,0.5603658954529374,,0,-1.402674284485202
8,action_only,2030,16.0,-4.0,-0.15214140323953612,-0.46337065588170534,-0.026757446180497343,0.5380984358701089,,0,-0.7305682028095067
8,action_only,2030,16.0,-4.0,0.22865119423133778,-0.45714569075357037,-0.1457865575881901,0.9773209857901659,,0,-0.8094086107998067
8,action_only,2030,16.0,-4.0,-0.23202367017315628,-0.003566724635694296,0.001562438412149314,0.40745027430264824,,0,-0.813635461321575
8,action_only,2030,16.0,-4.0,-0.1163189765726666,0.3732638918786515,-0.03942925647658095,0.12384672478393144,,0,-0.851338735600189
8,action_only,2030,16.0,-4.0,0.17497647362832425,0.04009854363336052,0.04049765122913601,0.003291045139735882,,0,-0.7753187450995256
8,action_only,2030,16.0,-4.0,0.21117851654077502,-0.038140109587037174,-0.021662473564537987,-0.6905630402341905,,0,-0.7402819381280449
8,action_only,2030,16.0,-4.0,0.08111152296731428,0.39398162322906694,-0.07317993963361681,-0.23996179617651547,,0,-0.8094550469973429
8,action_only,2030,16.0,-4.0,-0.23512842594624062,-0.07925923036509064,0.044190096590837336,-0.7469962832660819,,0,-0.7473980131230126
8,action_only,2030,16.0,-4.0,0.14288723007155796,-0.3677795924230466,0.08212546185605069,-0.4235124635062011,,0,-0.6431935472421816
8,action_only,2030,16.0,-4.0,0.021032964973469737,-0.02631751023522033,-0.03597850764534562,0.6941167096109981,,0,-0.898709278479817
8,action_only,2030,16.0,-4.0,-0.1000126504446634,-0.3157118928679221,0.07853218318496319,0.04168884941597595,,0,-0.6880780935734155
8,action_only,2030,16.0,-4.0,0.15265004930217052,-0.36443176343201233,0.057010322604900104,-0.24333297120016706,,0,-0.6541791184208373
8,action_only,2030,16.0,-4.0,0.1728960900835289,0.4978108002253202,0.1347512880915044,0.512138613039256,,0,-1.528809521307877
8,action_only,2030,16.0,-4.0,-0.13794172072230004,0.2523563335356085,-0.07627609400165962,0.6374054670125864,,0,-0.9408052587055914
8,action_only,2030,16.0,-4.0,0.12232806968614085,0.2790916470408108,0.05126162458101299,-0.052528483320705366,,0,-0.8494129594926059
8,action_only,2030,16.0,-4.0,0.04411692908133491,0.14370649656475665,-0.1424939375835341,-0.8807516257527177,,0,-0.9640630636890735
8,action_only,2030,16.0,-4.0,-0.04818470777040351,0.03507477552719762,-0.03121113869144833,-0.38954138036986174,,0,-0.7440261435998942
8,action_only,2030,16.0,-4.0,-0.061741698435153536,-0.21738020529300228,-0.14814469312178866,0.09411456277199148,,0,-0.8102847233761138
8,action_only,2030,16.0,-4.0,0.10798219580122403,-0.013327890407098142,0.11522885326154489,-0.4347669778331049,,0,-0.6856796661095167
8,action_only,2030,16.0,-4.0,0.02964323930949897,-0.33728262282208876,0.020995901843503167,0.03545891479456542,,0,-0.6831212581742653
8,action_only,2030,16.0,-4.0,-0.19127657643298324,-0.006366838994584345,-0.12025766177631131,0.371870969733503,,0,-0.8039917434659529
8,action_only,2030,16.0,-4.0,0.06228276560775298,-0.11416833641517976,-0.10040857881207688,0.3364488398021621,,0,-0.7710266739862267
8,action_only,2030,16.0,-4.0,-0.004513231278477359,0.19063809501508655,-0.12717927829649459,0.16192327587643685,,0,-0.8188575040620054
8,action_only,2030,16.0,-4.0,0.08751556538446681,-0.05232433589254193,-0.05577903904144785,0.3963749067973721,,0,-0.7945026105270668
8,action_only,2030,16.0,-4.0,-0.12005219468295641,0.2312462372416506,-0.14256012243204116,-0.1574196787062363,,0,-0.8287325378695723
8,action_only,2030,16.0,-4.0,0.03406304572905289,-0.10366774974351156,0.0922263507368278,0.619401797543425,,0,-1.0000731086440189
8,action_only,2030,16.0,-4.0,-0.22576549038460858,0.4785897534640512,0.024075450510955165,0.3924311236153992,,0,-1.0413078350923684
8,action_only,2030,16.0,-4.0,0.1540769353616137,0.2737429839829577,0.10063374135746586,0.513495678515373,,0,-1.2336118865734411
8,action_only,2030,16.0,-4.0,0.039467936271113946,-0.43108336076345866,-0.0020020605007881054,-0.46518989307802516,,0,-0.7386462375971535
8,action_only,2030,16.0,-4.0,0.06205152188869095,-0.464544024075189,0.03995502402254755,-0.3786386870963008,,0,-0.6796871106145
8,action_only,2030,16.0,-4.0,-0.13371271560443138,-0.2805805024807255,-0.023090921287984234,-0.7598913679230228,,0,-0.8560626905392996
8,action_only,2030,16.0,-4.0,-0.19783396007151605,-0.09498100989584568,0.08431783029709747,0.6849151318630617,,0,-0.9795768572488819
8,action_only,2030,16.0,-4.0,-0.04794666198426195,0.21103313285010683,-0.04749904442938542,0.2746714753603463,,0,-0.8376651771038638
8,action_only,2030,16.0,-4.0,0.18459989159238321,-0.29048621819121834,0.13687854976409183,-0.38116787349079484,,0,-0.6457802355141418
8,action_only,2030,16.0,-4.0,-0.052596513525193234,0.3728039044424841,0.04544368088243514,0.2619753303164607,,0,-0.9836836325136151
8,action_only,2030,16.0,-4.0,-0.13023886920061645,-0.4000915140241518,0.11025984943854675,0.26190545607406035,,0,-0.7297789294143608
8,action_only,2030,16.0,-4.0,0.07363891060096278,0.39055726666343815,-0.0006869946930977144,-0.3965470574024279,,0,-0.776679284439774
8,action_only,2030,16.0,-4.0,-0.0604382319260936,0.27485034661966123,0.06813537822018145,0.16366773976564253,,0,-0.9155742012307768
8,action_only,2030,16.0,-4.0,-0.05218653577595406,-0.05363362003716077,-0.05397920266786094,0.007692874763531199,,0,-0.7434966531570246
8,action_only,2031,16.0,-4.0,-0.05719559306725752,0.029977481420147667,0.12842040260494766,0.2967636762235082,,0,-0.9413019335112129
8,action_only,2031,16.0,-4.0,0.00041479846092579153,0.2721927656375751,0.11014879009583631,0.3854936434772629,,0,-1.1157182602141689
8,action_only,2031,16.0,-4.0,-0.07587045350273108,-0.25069801024430605,0.08963116482608541,0.38660453020354213,,0,-0.8017280419199461
8,action_only,2031,16.0,-4.0,-0.16072924027203384,0.4939430909001882,-0.1358630047616157,-0.8812733049729311,,0,-0.9219431153199587
8,action_only,2031,16.0,-4.0,0.24478606058792612,0.21544858332038674,-0.06602284886490674,0.9546284718587277,,0,-1.181014731425715
8,action_only,2031,16.0,-4.0,-0.06766414239262963,-0.38218468219959956,-0.032598289634361816,0.987348958235774,,0,-0.8593035353247459
8,action_only,2031,16.0,-4.0,-0.10924017350661602,0.3754688310904263,-0.1395799529012843,0.863510397476903,,0,-1.0405221364914312
8,action_only,2031,16.0,-4.0,-0.13533111001840514,-0.04147778849238515,0.14068175335234165,0.12043226304240329,,0,-0.8319126239514538
8,action_only,2031,16.0,-4.0,0.07978135920252649,-0.023029679336416975,-0.06538883311653178,-0.9965905229899363,,0,-0.8930828278168463
8,action_only,2031,16.0,-4.0,0.24791850639542956,-0.37942870206141854,-0.07364437009577098,0.5677461484354571,,0,-0.7563375715574445
8,action_only,2031,16.0,-4.0,-0.00019031193364671406,-0.002740967741479361,-0.038986250374450485,0.24015787853474557,,0,-0.7726139820068577
8,action_only,2031,16.0,-4.0,-0.09187037674143367,-0.3189788131123753,-0.0024639503641179505,-0.8352063207937217,,0,-0.8450797010084163
8,action_only,2031,16.0,-4.0,0.08457043881961968,0.43130667197173067,-0.022205297391200696,-0.2903455258061334,,0,-0.8050112244465081
8,action_only,2031,16.0,-4.0,0.043297730134621626,-0.26430226555847003,-0.013176510592217555,0.20956588122333253,,0,-0.7149347150751846
8,action_only,2031,16.0,-4.0,-0.10094702247921938,-0.36775367605226494,0.09169644069195076,-0.18779302771909512,,0,-0.6585034015351281
8,action_only,2031,16.0,-4.0,0.1884744089590798,-0.18925371788006506,0.0909228694650712,-0.8298318940671692,,0,-0.6615901329282307
8,action_only,2031,16.0,-4.0,0.009440229344430062,-0.135091109056364,-0.03635134315064523,-0.739372215805318,,0,-0.8020859846316852
8,action_only,2031,16.0,-4.0,0.07521640816545822,-0.3415091287433899,0.07555238392778321,0.7646136173184206,,0,-0.9332674626036456
8,action_only,2031,16.0,-4.0,-0.08952153948342478,0.19379466813065394,-0.08336120587227071,0.8171416305483021,,0,-0.9865086049711483
8,action_only,2031,16.0,-4.0,0.08713994647273327,-0.025246928221083098,-0.038656775628084034,-0.17415188676743076,,0,-0.7306733536117116
8,action_only,2031,16.0,-4.0,-0.21842331465768017,0.08360161299281577,-0.027927589315817514,-0.021641587680241603,,0,-0.7567317399800347
8,action_only,2031,16.0,-4.0,-0.23817768139675016,0.32912885268562886,-0.0454553087606549,0.5842483877496001,,0,-0.9679597683511952
8,action_only,2031,16.0,-4.0,0.0035549008617828393,-0.13584934794824965,-0.020728546539534237,-0.43703856431753074,,0,-0.7329680924495446
8,action_only,2031,16.0,-4.0,0.06809837093073917,-0.0930635512668826,0.018350245073017635,-0.9734092402142873,,0,-0.7681860892536967
8,action_only,2031,16.0,-4.0,0.05974480105472729,-0.18686403018196263,0.023105223860972524,-0.45029444570361776,,0,-0.6915371810601264
8,action_only,2031,16.0,-4.0,0.21004191179998616,-0.051135912337605394,0.08308904019903207,0.2946149937151734,,0,-0.8908844786615908
8,action_only,2031,16.0,-4.0,0.10503274783308614,-0.36169591995039485,-0.08476374293807364,0.024535690726771753,,0,-0.745860868493234
8,action_only,2031,16.0,-4.0,0.18631626379720384,-0.2868283780049591,-0.13569236308343777,0.31330259950078965,,0,-0.770155526232953
8,action_only,2031,16.0,-4.0,0.08684596990970628,-0.44277480118184553,0.06277299506718287,0.036861988274649926,,0,-0.664608021992711
8,action_only,2031,16.0,-4.0,0.23632962805057833,-0.2737434696336881,-0.045053013304271264,-0.1361091609668743,,0,-0.7144696585360797
8,action_only,2031,16.0,-4.0,-0.24754269979104693,0.37075844396283286,0.11558464735629273,-0.8259862480601177,,0,-0.7129436426107633
8,action_only,2031,16.0,-4.0,-0.035163736461436945,0.15658602203133398,-0.10605356980128908,-0.7802959413323836,,0,-0.8732560288517905
8,action_only,2031,16.0,-4.0,0.1231977590524218,-0.4168767854115202,0.13205614302995097,-0.404141022751507,,0,-0.6254483640338493
8,action_only,2031,16.0,-4.0,0.10273485677697786,0.3513288363432773,-0.09688081669079518,-0.74999894407966,,0,-0.818502653212435
8,action_only,2031,16.0,-4.0,-0.013090082483146914,0.4216551912347666,-0.12893868354606336,-0.8075099557518162,,0,-0.8717401902122941
8,action_only,2031,16.0,-4.0,-0.21087361925095793,-0.34008392139782284,0.1029692819011512,0.31729222948064506,,0,-0.7544377693008956
8,action_only,2031,16.0,-4.0,-0.2172681570069221,0.3108853840027679,-0.08437578210308493,0.8343107050785301,,0,-1.0300058492147977
8,action_only,2031,16.0,-4.0,0.17854695665205939,-0.4438756321523265,0.01529411115016352,-0.6977299565415498,,0,-0.7460248920070539
8,action_only,2031,16.0,-4.0,0.07726669354380805,0.13774062240984086,0.13352727004458623,0.02909579767429915,,0,-0.9020257137688432
8,action_only,2031,16.0,-4.0,0.18710394121383273,0.3686179697175588,-0.014019474719358327,-0.8007416270501262,,0,-0.7586072234302231
8,action_only,2031,16.0,-4.0,0.048972261799093364,0.1313385331831709,-0.1067307445679048,-0.3287918720466534,,0,-0.792174644687662
8,action_only,2031,16.0,-4.0,0.09718291577752147,0.005872463345556023,0.011593024748510788,0.8024727635428832,,0,-1.043156047609867
8,action_only,2031,16.0,-4.0,0.14935170488128746,-0.22825866066070433,-0.018477079629208498,0.8933377939132572,,0,-0.9347453322850128
8,action_only,2031,16.0,-4.0,0.20067413053531086,-0.12633436261752995,0.13885268365760403,0.23148772800943207,,0,-0.9030188714732529
8,action_only,2031,16.0,-4.0,-0.08589425396771094,0.13351245123576228,-0.07198172220174581,0.13023504799854502,,0,-0.786497725897456
8,action_only,2031,16.0,-4.0,-0.05447144287086386,-0.07576520117734209,-0.08846130582813654,-0.6777708922035284,,0,-0.8702191329872314
8,action_only,2031,16.0,-4.0,-0.21747418066798524,0.28640932106450523,-0.11237846207802576,-0.4280926413579471,,0,-0.8340250856912406
8,action_only,2031,16.0,-4.0,-0.05216380534868992,-0.22703978591909113,-0.011007289099728285,-0.5554858405333485,,0,-0.755517090816247
8,action_only,2031,16.0,-4.0,0.03105329714463445,0.30896916347743897,-0.07959698733646935,-0.6980137769170842,,0,-0.8005162101458282
8,action_only,2031,16.0,-4.0,-0.19657397761776896,0.186031639190528,-0.09673404053650989,-0.5648180890272156,,0,-0.8392438778651932
8,action_only,2031,16.0,-4.0,-0.24065859109650412,-0.03358991134538736,0.08494174947500269,-0.627427741652242,,0,-0.6934269276903932
8,action_only,2031,16.0,-4.0,-0.16438692285361428,-0.07705859830215234,-0.09437117764258032,-0.060380711664147046,,0,-0.7847053234949467
8,action_only,2031,16.0,-4.0,-0.21948801697981907,-0.429201148312808,-0.09017604969109227,0.9486938308081985,,0,-0.802338987154214
8,action_only,2031,16.0,-4.0,-0.2203960579142219,-0.4038488461308124,-0.1398016283202744,0.5512330483767147,,0,-0.799954995614977
8,action_only,2031,16.0,-4.0,-0.0009873401921921543,-0.08332778477370284,0.036001141293737715,0.3957285842005567,,0,-0.8257059465195741
8,action_only,2031,16.0,-4.0,0.2303375008521033,0.3238000738487845,-0.1478056767727303,0.6569586795054065,,0,-0.998389194890435
8,action_only,2031,16.0,-4.0,0.227850678441546,-0.4460371563529001,-0.12204663784886981,0.34031384088368677,,0,-0.7502101097903929
8,action_only,2031,16.0,-4.0,0.2274924967009811,0.39736651004177115,-0.13230561030604085,-0.9171359809818949,,0,-0.8759389997557254
8,action_only,2031,16.0,-4.0,0.11694240802170658,0.23984145815095692,0.14438369093870743,0.5678026795051414,,0,-1.3578423388571912
8,action_only,2031,16.0,-4.0,0.2457258071475672,-0.21488261959083332,0.038315898536961185,-0.7895688558206044,,0,-0.7007355123267457
8,action_only,2031,16.0,-4.0,0.08430786495974618,-0.10895607224188542,0.04434566901735931,-0.9470092391609788,,0,-0.7302418241862308
8,action_only,2031,16.0,-4.0,0.24717650707901756,-0.042475513854508096,-0.05002850584194453,0.6459609604524086,,0,-0.9041189797748574
8,action_only,2031,16.0,-4.0,0.18558918665217328,0.197465699954667,0.1402031382125212,-0.08117756266642817,,0,-0.9173426451082258
8,action_only,2032,16.0,-4.0,0.008367459450451809,0.112264267629136,-0.025505805762366246,0.9840330568368314,,0,-1.1253845641737297
8,action_only,2032,16.0,-4.0,-0.1864171860319725,-0.25834647716187553,-0.11060540575936717,0.35773423293883067,,0,-0.7788265267760658
8,action_only,2032,16.0,-4.0,-0.20366109945424188,0.2841634660303536,0.0897209301453448,0.22832577124943332,,0,-0.9530527353000925
8,action_only,2032,16.0,-4.0,-0.20733308285993302,-0.02397936104058851,-0.010641318927114785,-0.5635161851876977,,0,-0.7647260079608569
8,action_only,2032,16.0,-4.0,-0.2017684173697365,0.49274223679378937,-0.04197515345875004,-0.46473893672876265,,0,-0.8021709454072704
8,action_only,2032,16.0,-4.0,0.09638989472669934,0.13130541528275663,-0.049527757258839955,-0.13947319219939724,,0,-0.7584288826414022
8,action_only,2032,16.0,-4.0,-0.17167077945785825,-0.3093585094041926,-0.01631447319820245,-0.023030024907035207,,0,-0.7204692130465334
8,action_only,2032,16.0,-4.0,-0.08846827591619444,0.4787430018856348,0.09557815176991791,-0.6442691955697661,,0,-0.7597294469640368
8,action_only,2032,16.0,-4.0,-0.24263214384426413,0.4592575433995567,-0.04659935423082169,0.8930348063474585,,0,-1.1919504161438808
8,action_only,2032,16.0,-4.0,-0.004075901659786163,0.350707700715706,-0.002463934842299592,-0.3881444932383227,,0,-0.7640679059387894
8,action_only,2032,16.0,-4.0,-0.0055155840254163535,0.25220908338844383,-0.0171824870703845,-0.7044532273319046,,0,-0.753239851589901
8,action_only,2032,16.0,-4.0,0.1758520768405965,-0.0664346598679999,0.10959733380349987,-0.30229058052119595,,0,-0.7017213914898847
8,action_only,2032,16.0,-4.0,0.12321084464730131,-0.23547928304079868,-0.12592058439601292,0.6503637799178794,,0,-0.7936141044473675
8,action_only,2032,16.0,-4.0,0.04602596567933842,0.30167465619720657,0.09590450935538827,0.584415406085927,,0,-1.2535292778969302
8,action_only,2032,16.0,-4.0,0.2089783149025276,0.07662012298435994,0.09665010891405842,0.008752578361251206,,0,-0.8453668187406789
8,action_only,2032,16.0,-4.0,0.17503574940750427,-0.45444987710930873,0.06507797129550932,0.6174163542102524,,0,-0.8204721247618914
8,action_only,2032,16.0,-4.0,-0.14736757146152718,0.2896404065813466,0.00686426178750954,0.09196397701471937,,0,-0.8313723567394374
8,action_only,2032,16.0,-4.0,0.22625629338967296,-0.41724318697738905,-0.13587726539817796,0.7256744058189266,,0,-0.77579165387905
8,action_only,2032,16.0,-4.0,0.04158565721454649,-0.21396274179404817,-0.04856866055407734,0.2634864857914767,,0,-0.7341438399165109
8,action_only,2032,16.0,-4.0,-0.2174158797852948,-0.2627353948709128,0.019808773451125916,0.6176378502993707,,0,-0.80609226628544
8,action_only,2032,16.0,-4.0,0.02280545884951579,0.3793168185543673,-0.0006454883047744553,0.1993706771828747,,0,-0.922706642793585
8,action_only,2032,16.0,-4.0,-0.061885346607069125,0.41813104039128157,-0.09809940995781084,-0.32335571362830007,,0,-0.8137470588854737
8,action_only,2032,16.0,-4.0,0.18425302638319846,-0.18379902287720584,-0.07023529146192369,0.026446679546727525,,0,-0.734426779844194
8,action_only,2032,16.0,-4.0,-0.22830186029714528,-0.07446259371436525,0.1144998098008013,0.41813649981596623,,0,-0.9002969296736512
8,action_only,2032,16.0,-4.0,0.0416969770121981,0.44144831788540373,0.04198110518606485,-0.2773927169166308,,0,-0.8246724781524157
8,action_only,2032,16.0,-4.0,-0.006145111708868278,0.05275204584477733,0.11880155740849793,0.00457213393540723,,0,-0.8175704480318672
8,action_only,2032,16.0,-4.0,0.16277111421400892,0.10029901714083311,0.04483622634218959,-0.7114426903009092,,0,-0.6974356712955571
8,action_only,2032,16.0,-4.0,0.014667942510301846,-0.2821447137829929,-0.052050304653680546,0.3223045477500319,,0,-0.7304926109670011
8,action_only,2032,16.0,-4.0,-0.06934258565612567,-0.40706592325006385,0.08728528241195943,-0.6408550616657391,,0,-0.6866422777884329
8,action_only,2032,16.0,-4.0,-0.038121502975177246,0.22011668511728733,0.02752551202854836,-0.47931180393926587,,0,-0.7248754767423831
8,action_only,2032,16.0,-4.0,0.16574472353629083,-0.31758928197572467,0.05315569680949392,-0.7036773435787596,,0,-0.6898132465723681
8,action_only,2032,16.0,-4.0,-0.018017359950048384,-0.12296845750143603,-0.04124340171072652,-0.6529797398299428,,0,-0.792484218554402
8,action_only,2032,16.0,-4.0,0.11341385367645235,-0.1220746845368249,-0.09100078237413031,0.3371229740789443,,0,-0.7685488090495354
8,action_only,2032,16.0,-4.0,0.20030989951519645,-0.21670738288848101,-0.07976366122090225,0.8022436406475562,,0,-0.8567150483984672
8,action_only,2032,16.0,-4.0,-0.11689004685970539,0.382027756748203,-0.1459398908956392,-0.5885004417454933,,0,-0.8700750742419043
8,action_only,2032,16.0,-4.0,0.15512068085384872,-0.49627344395082296,0.05327564867955836,-0.49070364152719836,,0,-0.6730298025180931
8,action_only,2032,16.0,-4.0,-0.11822150357914468,-0.26732384021897415,-0.09993121572448953,-0.20164783815716536,,0,-0.8181420795659494
8,action_only,2032,16.0,-4.0,0.0872672183745466,-0.26433940034962355,-0.11118987182297488,0.9681223155347609,,0,-0.8582611650565409
8,action_only,2032,16.0,-4.0,-0.19130599175002383,-0.4563809017599326,0.10992572107160589,0.5677707123902886,,0,-0.8088352502413334
8,action_only,2032,16.0,-4.0,0.19918380707948863,0.09348858815376204,0.019040405623468704,-0.4163249679495007,,0,-0.7157029337161179
8,action_only,2032,16.0,-4.0,-0.19521665322463932,0.39863883554629786,-0.027449273014267,0.884125676794137,,0,-1.1913039966186347
8,action_only,2032,16.0,-4.0,-0.21145101085324552,0.426195577265821,0.10965556340877045,0.6338751866706402,,0,-1.3357360212924019
8,action_only,2032,16.0,-4.0,0.23524119305888064,-0.18605301587227951,-0.017259657407084184,0.7552102687536919,,0,-0.9136483737448516
8,action_only,2032,16.0,-4.0,-0.07795174140236638,-0.052156686094574245,0.018973160730771266,-0.34575111221894406,,0,-0.7042430857537276
8,action_only,2032,16.0,-4.0,-0.033668255476272335,-0.1725734700847743,0.12180797050090028,0.18397839572361385,,0,-0.7947729126718118
8,action_only,2032,16.0,-4.0,-0.16907494503910653,0.23722104006924416,0.07007530109779561,-0.5762368198749008,,0,-0.7135784770188579
8,action_only,2032,16.0,-4.0,-0.1116410955988063,-0.3693972214385036,0.0862563787812691,0.3015043416579235,,0,-0.7331113476193613
8,action_only,2032,16.0,-4.0,-0.07837595298441319,0.37253283428954154,-0.07735196052146998,-0.9144132346240312,,0,-0.8443563448570379
8,action_only,2032,16.0,-4.0,0.020648917744697515,-0.2768512080963187,-0.03599791079812287,-0.864633546656101,,0,-0.8764138312253088
8,action_only,2032,16.0,-4.0,0.10779974980913615,0.45352466690669246,0.05704146306322483,0.7652887576478549,,0,-1.4389893958976028
8,action_only,2032,16.0,-4.0,-0.05492988691717732,-0.45210726251745426,0.07565932482984802,0.22343058428073603,,0,-0.6929968602961626
8,action_only,2032,16.0,-4.0,0.05760719150630317,-0.478075768445674,-0.08408812524389637,-0.2052038236222058,,0,-0.795056206755566
8,action_only,2032,16.0,-4.0,0.07746894116645775,-0.07227642188967187,0.12935553217254317,-0.4806520332439179,,0,-0.6670417545139231
8,action_only,2032,16.0,-4.0,-0.1490751082051605,0.44103556705253666,0.10387619763869746,0.8187191625190255,,0,-1.5170199529867676
8,action_only,2032,16.0,-4.0,-0.0012888644638468505,0.41763418648714234,-0.0671543354818394,0.05500901708232453,,0,-0.8534947147251077
8,action_only,2032,16.0,-4.0,0.11850139309741575,-0.3928972659639173,0.05567739293032156,0.2900311677074996,,0,-0.7197958816570708
8,action_only,2032,16.0,-4.0,-0.015159602126216698,0.4515321759110219,0.12424154352404201,0.3693094253031648,,0,-1.2580050225557118
8,action_only,2032,16.0,-4.0,0.1781165756382211,0.3058392605380067,-0.021065972431829505,-0.4778888566778223,,0,-0.7617787983885695
8,action_only,2032,16.0,-4.0,-0.1547048879709515,0.24897307011132663,0.1213954211941882,0.8111122204893226,,0,-1.401348460752857
8,action_only,2032,16.0,-4.0,-0.002120161786173469,-0.17184976597372892,0.04852499662286619,0.021724098713244544,,0,-0.7076288036105116
8,action_only,2032,16.0,-4.0,-0.21856429263863109,0.17016032302355666,0.011770348305949863,0.008013635662230678,,0,-0.7744086424033829
8,action_only,2032,16.0,-4.0,-0.06282171311026047,0.19563174742521983,-0.07618915969692491,0.3815588884528256,,0,-0.848527074806313
8,action_only,2032,16.0,-4.0,0.005974131748530842,-0.3899524505841978,-0.030036990553484702,0.8587715674402359,,0,-0.8212519529559994
8,action_only,2032,16.0,-4.0,0.09427643744582331,-0.3984982074180845,0.11241397167920689,-0.48779650889385207,,0,-0.6319224898164558
8,commit_gate,2030,2.4000000000000004,-0.6000000000000001,-0.05184600350204882,0.30607942143937183,0.10099304756404573,-0.2530248106604298,,0,-0.053337623400728104
8,commit_gate,2030,2.4000000000000004,-0.6000000000000001,-0.1746701675661021,-0.0960382503057311,-0.07758359458311934,-0.9072980629069103,,0,-0.4178976961218454
8,commit_gate,2030,2.4000000000000004,-0.6000000000000001,0.10087321247067488,-0.1781914725731859,0.10810903795123564,0.4947797228192494,,0,-0.16254111234833116
8,commit_gate,2030,2.4000000000000004,-0.6000000000000001,-0.11061107803132053,-0.15683820569066687,0.029557280869386304,0.5523579826519649,,0,-0.06953331095434155
8,commit_gate,2030,2.4000000000000004,-0.6000000000000001,-0.11244633322915232,-0.2523323291940618,-0.08078175843615758,0.7014294184526371,,0,-0.029092365252600432
8,commit_gate,2030,2.4000000000000004,-0.6000000000000001,-0.03249481063765236,0.297320955958965,0.08713878784359438,-0.24534403441657937,,0,-0.046403903042402876
8,commit_gate,2030,2.4000000000000004,-0.6000000000000001,-0.2128657522118897,-0.3795630479155544,0.018756430666800133,0.6211744595695985,,0,-0.05020113950570682
8,commit_gate,2030,2.4000000000000004,-0.6000000000000001,-0.04125832193110157,-0.0887831501503984,-0.08845466779033351,-0.6387509190747986,,0,-0.2546834045833738
8,commit_gate,2030,2.4000000000000004,-0.6000000000000001,-0.1961992408789655,-0.2083538592638955,-0.007986654650933678,-0.6154045455662835,,0,-0.1956024478376724
8,commit_gate,2030,2.4000000000000004,-0.6000000000000001,-0.16562323687385,-0.2733998816963822,-0.10837784863116101,-0.33998648124044517,,0,-0.264271879935805
8,commit_gate,2030,2.4000000000000004,-0.6000000000000001,-0.2393439382184675,0.0717705870988169,0.09286956528659143,-0.9550839743869992,,0,-0.10943943303284343
8,commit_gate,2030,2.4000000000000004,-0.6000000000000001,-0.1293965880091248,0.02752419448843768,0.14113885165268072,0.9944181516349018,,0,-0.5417166733228351
8,commit_gate,2030,2.4000000000000004,-0.6000000000000001,-0.24871107746498927,-0.29938154133106964,0.025446922056065135,0.40658082299074727,,0,-0.037913492750491044
8,commit_gate,2030,2.4000000000000004,-0.6000000000000001,-0.08221678174018854,0.17139958868425698,-0.03823551044323044,0.058579013211461195,,0,-0.020158356259743826
8,commit_gate,2030,2.4000000000000004,-0.6000000000000001,-0.0583582840637652,0.2194612905757084,-0.07634937683435745,0.3653484228930721,,0,-0.03256012928894422
8,commit_gate,2030,2.4000000000000004,-0.6000000000000001,-0.04988577268458283,-0.07789351033620806,0.0793096184914518,0.439263667930472,,0,-0.11019807394160659
8,commit_gate,2030,2.4000000000000004,-0.6000000000000001,-0.24910183637657646,0.44845897341128094,0.036456235280835,-0.8651716035641965,,0,-0.07284240079873525
8,commit_gate,2030,2.4000000000000004,-0.6000000000000001,-0.012014557874164,0.01692531270132336,-0.1488798447885841,0.4777890790089574,,0,-0.025375150840121263
8,commit_gate,2030,2.4000000000000004,-0.6000000000000001,0.07135007270608962,0.19457424037197468,-0.0678098459052404,0.46840836436307964,,0,-0.05786118332530589
8,commit_gate,2030,2.4000000000000004,-0.6000000000000001,-0.010332518879528907,0.2955235774800139,-0.10406964857029463,0.2144724089766188,,0,-0.026142857651827705
8,commit_gate,2030,2.4000000000000004,-0.6000000000000001,-0.16372352617243813,0.39306591204031316,0.1481721978303123,-0.6748941429681388,,0,-0.03342015919256456
8,commit_gate,2030,2.4000000000000004,-0.6000000000000001,-0.07900715659985724,0.34110492262895664,0.0651917415315823,0.06022892227747434,,0,-0.08956918588276937
8,commit_gate,2030,2.4000000000000004,-0.6000000000000001,-0.05477919429534028,0.0928960523511676,-0.04417563996210884,-0.40160684783356126,,0,-0.07309296501278287
8,commit_gate,2030,2.4000000000000004,-0.6000000000000001,0.08546167953971262,-0.3133598337615493,-0.0525314198288976,-0.6335436313154903,,0,-0.2419977055648354
8,commit_gate,2030,2.4000000000000004,-0.6000000000000001,0.19777029486169678,0.36649577401099176,0.11499320740060989,0.5603658954529374,,0,-0.4631210631419798
8,commit_gate,2030,2.4000000000000004,-0.6000000000000001,-0.15214140323953612,-0.46337065588170534,-0.026757446180497343,0.5380984358701089,,0,-0.034989991883061525
8,commit_gate,2030,2.4000000000000004,-0.6000000000000001,0.22865119423133778,-0.45714569075357037,-0.1457865575881901,0.9773209857901659,,0,-0.036791299812991854
8,commit_gate,2030,2.4000000000000004,-0.6000000000000001,-0.23202367017315628,-0.003566724635694296,0.001562438412149314,0.40745027430264824,,0,-0.04287151753360105
8,commit_gate,2030,2.4000000000000004,-0.6000000000000001,-0.1163189765726666,0.3732638918786515,-0.03942925647658095,0.12384672478393144,,0,-0.0353672760861224
8,commit_gate,2030,2.4000000000000004,-0.6000000000000001,0.17497647362832425,0.04009854363336052,0.04049765122913601,0.003291045139735882,,0,-0.040475073329088264
8,commit_gate,2030,2.4000000000000004,-0.6000000000000001,0.21117851654077502,-0.038140109587037174,-0.021662473564537987,-0.6905630402341905,,0,-0.11813293294836864
8,commit_gate,2030,2.4000000000000004,-0.6000000000000001,0.08111152296731428,0.39398162322906694,-0.07317993963361681,-0.23996179617651547,,0,-0.03535848235771349
8,commit_gate,2030,2.4000000000000004,-0.6000000000000001,-0.23512842594624062,-0.07925923036509064,0.044190096590837336,-0.7469962832660819,,0,-0.14047395480444003
8,commit_gate,2030,2.4000000000000004,-0.6000000000000001,0.14288723007155796,-0.3677795924230466,0.08212546185605069,-0.4235124635062011,,0,-0.04211534628507733
8,commit_gate,2030,2.4000000000000004,-0.6000000000000001,0.021032964973469737,-0.02631751023522033,-0.03597850764534562,0.6941167096109981,,0,-0.0800054655762479
8,commit_gate,2030,2.4000000000000004,-0.6000000000000001,-0.1000126504446634,-0.3157118928679221,0.07853218318496319,0.04168884941597595,,0,-0.025033408310662794
8,commit_gate,2030,2.4000000000000004,-0.6000000000000001,0.15265004930217052,-0.36443176343201233,0.057010322604900104,-0.24333297120016706,,0,-0.031934279038160984
8,commit_gate,2030,2.4000000000000004,-0.6000000000000001,0.1728960900835289,0.4978108002253202,0.1347512880915044,0.512138613039256,,0,-0.5518761233034527
8,commit_gate,2030,2.4000000000000004,-0.6000000000000001,-0.13794172072230004,0.2523563335356085,-0.07627609400165962,0.6374054670125864,,0,-0.0711490004548905
8,commit_gate,2030,2.4000000000000004,-0.6000000000000001,0.12232806968614085,0.2790916470408108,0.05126162458101299,-0.052528483320705366,,0,-0.06937681254189369
8,commit_gate,2030,2.4000000000000004,-0.6000000000000001,0.04411692908133491,0.14370649656475665,-0.1424939375835341,-0.8807516257527177,,0,-0.3852677969579436
8,commit_gate,2030,2.4000000000000004,-0.6000000000000001,-0.04818470777040351,0.03507477552719762,-0.03121113869144833,-0.38954138036986174,,0,-0.06855708148283328
8,commit_gate,2030,2.4000000000000004,-0.6000000000000001,-0.061741698435153536,-0.21738020529300228,-0.14814469312178866,0.09411456277199148,,0,-0.12544304583451488
8,commit_gate,2030,2.4000000000000004,-0.6000000000000001,0.10798219580122403,-0.013327890407098142,0.11522885326154489,-0.4347669778331049,,0,-0.02119114146117314
8,commit_gate,2030,2.4000000000000004,-0.6000000000000001,0.02964323930949897,-0.33728262282208876,0.020995901843503167,0.03545891479456542,,0,-0.024542022589562063
8,commit_gate,2030,2.4000000000000004,-0.6000000000000001,-0.19127657643298324,-0.006366838994584345,-0.12025766177631131,0.371870969733503,,0,-0.034718837138117735
8,commit_gate,2030,2.4000000000000004,-0.6000000000000001,0.06228276560775298,-0.11416833641517976,-0.10040857881207688,0.3364488398021621,,0,-0.06770708544888936
8,commit_gate,2030,2.4000000000000004,-0.6000000000000001,-0.004513231278477359,0.19063809501508655,-0.12717927829649459,0.16192327587643685,,0,-0.03027108653856804
8,commit_gate,2030,2.4000000000000004,-0.6000000000000001,0.08751556538446681,-0.05232433589254193,-0.05577903904144785,0.3963749067973721,,0,-0.026884567147631107
8,commit_gate,2030,2.4000000000000004,-0.6000000000000001,-0.12005219468295641,0.2312462372416506,-0.14256012243204116,-0.1574196787062363,,0,-0.09505974181020509
8,commit_gate,2030,2.4000000000000004,-0.6000000000000001,0.03406304572905289,-0.10366774974351156,0.0922263507368278,0.619401797543425,,0,-0.19293567619073163
8,commit_gate,2030,2.4000000000000004,-0.6000000000000001,-0.22576549038460858,0.4785897534640512,0.024075450510955165,0.3924311236153992,,0,-0.1513407274120682
8,commit_gate,2030,2.4000000000000004,-0.6000000000000001,0.1540769353616137,0.2737429839829577,0.10063374135746586,0.513495678515373,,0,-0.33915818505454537
8,commit_gate,2030,2.4000000000000004,-0.6000000000000001,0.039467936271113946,-0.43108336076345866,-0.0020020605007881054,-0.46518989307802516,,0,-0.15322731925618188
8,commit_gate,2030,2.4000000000000004,-0.6000000000000001,0.06205152188869095,-0.464544024075189,0.03995502402254755,-0.3786386870963008,,0,-0.08851156234495695
8,commit_gate,2030,2.4000000000000004,-0.6000000000000001,-0.13371271560443138,-0.2805805024807255,-0.023090921287984234,-0.7598913679230228,,0,-0.28982854144596454
8,commit_gate,2030,2.4000000000000004,-0.6000000000000001,-0.19783396007151605,-0.09498100989584568,0.08431783029709747,0.6849151318630617,,0,-0.17014848439628588
8,commit_gate,2030,2.4000000000000004,-0.6000000000000001,-0.04794666198426195,0.21103313285010683,-0.04749904442938542,0.2746714753603463,,0,-0.0335022975842234
8,commit_gate,2030,2.4000000000000004,-0.6000000000000001,0.18459989159238321,-0.29048621819121834,0.13687854976409183,-0.38116787349079484,,0,-0.02250453423910744
8,commit_gate,2030,2.4000000000000004,-0.6000000000000001,-0.052596513525193234,0.3728039044424841,0.04544368088243514,0.2619753303164607,,0,-0.1339306752699015
8,commit_gate,2030,2.4000000000000004,-0.6000000000000001,-0.13023886920061645,-0.4000915140241518,0.11025984943854675,0.26190545607406035,,0,-0.04925838700099515
8,commit_gate,2030,2.4000000000000004,-0.6000000000000001,0.07363891060096278,0.39055726666343815,-0.0006869946930977144,-0.3965470574024279,,0,-0.029088841580486843
8,commit_gate,2030,2.4000000000000004,-0.6000000000000001,-0.0604382319260936,0.27485034661966123,0.06813537822018145,0.16366773976564253,,0,-0.10496172535766728
8,commit_gate,2030,2.4000000000000004,-0.6000000000000001,-0.05218653577595406,-0.05363362003716077,-0.05397920266786094,0.007692874763531199,,0,-0.03367758936458113
8,commit_gate,2031,2.4000000000000004,-0.6000000000000001,-0.05719559306725752,0.029977481420147667,0.12842040260494766,0.2967636762235082,,0,-0.15401973749373782
8,commit_gate,2031,2.4000000000000004,-0.6000000000000001,0.00041479846092579153,0.2721927656375751,0.11014879009583631,0.3854936434772629,,0,-0.25189078542437077
8,commit_gate,2031,2.4000000000000004,-0.6000000000000001,-0.07587045350273108,-0.25069801024430605,0.08963116482608541,0.38660453020354213,,0,-0.07333268206144974
8,commit_gate,2031,2.4000000000000004,-0.6000000000000001,-0.16072924027203384,0.4939430909001882,-0.1358630047616157,-0.8812733049729311,,0,-0.2801978074740538
8,commit_gate,2031,2.4000000000000004,-0.6000000000000001,0.24478606058792612,0.21544858332038674,-0.06602284886490674,0.9546284718587277,,0,-0.24209157710249624
8,commit_gate,2031,2.4000000000000004,-0.6000000000000001,-0.06766414239262963,-0.38218468219959956,-0.032598289634361816,0.987348958235774,,0,-0.07995166393105554
8,commit_gate,2031,2.4000000000000004,-0.6000000000000001,-0.10924017350661602,0.3754688310904263,-0.1395799529012843,0.863510397476903,,0,-0.09784056696486257
8,commit_gate,2031,2.4000000000000004,-0.6000000000000001,-0.13533111001840514,-0.04147778849238515,0.14068175335234165,0.12043226304240329,,0,-0.09161700524699996
8,commit_gate,2031,2.4000000000000004,-0.6000000000000001,0.07978135920252649,-0.023029679336416975,-0.06538883311653178,-0.9965905229899363,,0,-0.3283010694598309
8,commit_gate,2031,2.4000000000000004,-0.6000000000000001,0.24791850639542956,-0.37942870206141854,-0.07364437009577098,0.5677461484354571,,0,-0.028763425172551683
8,commit_gate,2031,2.4000000000000004,-0.6000000000000001,-0.00019031193364671406,-0.002740967741479361,-0.038986250374450485,0.24015787853474557,,0,-0.020169981140885307
8,commit_gate,2031,2.4000000000000004,-0.6000000000000001,-0.09187037674143367,-0.3189788131123753,-0.0024639503641179505,-0.8352063207937217,,0,-0.2900657503261646
8,commit_gate,2031,2.4000000000000004,-0.6000000000000001,0.08457043881961968,0.43130667197173067,-0.022205297391200696,-0.2903455258061334,,0,-0.032051898622615135
8,commit_gate,2031,2.4000000000000004,-0.6000000000000001,0.043297730134621626,-0.26430226555847003,-0.013176510592217555,0.20956588122333253,,0,-0.019688199846714625
8,commit_gate,2031,2.4000000000000004,-0.6000000000000001,-0.10094702247921938,-0.36775367605226494,0.09169644069195076,-0.18779302771909512,,0,-0.03292337873453749
8,commit_gate,2031,2.4000000000000004,-0.6000000000000001,0.1884744089590798,-0.18925371788006506,0.0909228694650712,-0.8298318940671692,,0,-0.07558738846405536
8,commit_gate,2031,2.4000000000000004,-0.6000000000000001,0.009440229344430062,-0.135091109056364,-0.03635134315064523,-0.739372215805318,,0,-0.2117663306602654
8,commit_gate,2031,2.4000000000000004,-0.6000000000000001,0.07521640816545822,-0.3415091287433899,0.07555238392778321,0.7646136173184206,,0,-0.1605078988438026
8,commit_gate,2031,2.4000000000000004,-0.6000000000000001,-0.08952153948342478,0.19379466813065394,-0.08336120587227071,0.8171416305483021,,0,-0.09855990564691292
8,commit_gate,2031,2.4000000000000004,-0.6000000000000001,0.08713994647273327,-0.025246928221083098,-0.038656775628084034,-0.17415188676743076,,0,-0.036177646996208894
8,commit_gate,2031,2.4000000000000004,-0.6000000000000001,-0.21842331465768017,0.08360161299281577,-0.027927589315817514,-0.021641587680241603,,0,-0.029259795664048162
8,commit_gate,2031,2.4000000000000004,-0.6000000000000001,-0.23817768139675016,0.32912885268562886,-0.0454553087606549,0.5842483877496001,,0,-0.09102511787439001
8,commit_gate,2031,2.4000000000000004,-0.6000000000000001,0.0035549008617828393,-0.13584934794824965,-0.020728546539534237,-0.43703856431753074,,0,-0.09575747666547682
8,commit_gate,2031,2.4000000000000004,-0.6000000000000001,0.06809837093073917,-0.0930635512668826,0.018350245073017635,-0.9734092402142873,,0,-0.19204417331279824
8,commit_gate,2031,2.4000000000000004,-0.6000000000000001,0.05974480105472729,-0.18686403018196263,0.023105223860972524,-0.45029444570361776,,0,-0.06304446387219191
8,commit_gate,2031,2.4000000000000004,-0.6000000000000001,0.21004191179998616,-0.051135912337605394,0.08308904019903207,0.2946149937151734,,0,-0.12303395297103338
8,commit_gate,2031,2.4000000000000004,-0.6000000000000001,0.10503274783308614,-0.36169591995039485,-0.08476374293807364,0.024535690726771753,,0,-0.08419291198271961
8,commit_gate,2031,2.4000000000000004,-0.6000000000000001,0.18631626379720384,-0.2868283780049591,-0.13569236308343777,0.31330259950078965,,0,-0.05206686685696371
8,commit_gate,2031,2.4000000000000004,-0.6000000000000001,0.08684596990970628,-0.44277480118184553,0.06277299506718287,0.036861988274649926,,0,-0.023072216418458524
8,commit_gate,2031,2.4000000000000004,-0.6000000000000001,0.23632962805057833,-0.2737434696336881,-0.045053013304271264,-0.1361091609668743,,0,-0.05731306040618532
8,commit_gate,2031,2.4000000000000004,-0.6000000000000001,-0.24754269979104693,0.37075844396283286,0.11558464735629273,-0.8259862480601177,,0,-0.03514400132833065
8,commit_gate,2031,2.4000000000000004,-0.6000000000000001,-0.035163736461436945,0.15658602203133398,-0.10605356980128908,-0.7802959413323836,,0,-0.2607225436209635
8,commit_gate,2031,2.4000000000000004,-0.6000000000000001,0.1231977590524218,-0.4168767854115202,0.13205614302995097,-0.404141022751507,,0,-0.02831708998221394
8,commit_gate,2031,2.4000000000000004,-0.6000000000000001,0.10273485677697786,0.3513288363432773,-0.09688081669079518,-0.74999894407966,,0,-0.1528798317138476
8,commit_gate,2031,2.4000000000000004,-0.6000000000000001,-0.013090082483146914,0.4216551912347666,-0.12893868354606336,-0.8075099557518162,,0,-0.22310916503083703
8,commit_gate,2031,2.4000000000000004,-0.6000000000000001,-0.21087361925095793,-0.34008392139782284,0.1029692819011512,0.31729222948064506,,0,-0.05691063276039931
8,commit_gate,2031,2.4000000000000004,-0.6000000000000001,-0.2172681570069221,0.3108853840027679,-0.08437578210308493,0.8343107050785301,,0,-0.11436085997352859
8,commit_gate,2031,2.4000000000000004,-0.6000000000000001,0.17854695665205939,-0.4438756321523265,0.01529411115016352,-0.6977299565415498,,0,-0.18773363684478472
8,commit_gate,2031,2.4000000000000004,-0.6000000000000001,0.07726669354380805,0.13774062240984086,0.13352727004458623,0.02909579767429915,,0,-0.12938579782934545
8,commit_gate,2031,2.4000000000000004,-0.6000000000000001,0.18710394121383273,0.3686179697175588,-0.014019474719358327,-0.8007416270501262,,0,-0.07397969856057776
8,commit_gate,2031,2.4000000000000004,-0.6000000000000001,0.048972261799093364,0.1313385331831709,-0.1067307445679048,-0.3287918720466534,,0,-0.09733139949565113
8,commit_gate,2031,2.4000000000000004,-0.6000000000000001,0.09718291577752147,0.005872463345556023,0.011593024748510788,0.8024727635428832,,0,-0.18822953747474666
8,commit_gate,2031,2.4000000000000004,-0.6000000000000001,0.14935170488128746,-0.22825866066070433,-0.018477079629208498,0.8933377939132572,,0,-0.12481571940888612
8,commit_gate,2031,2.4000000000000004,-0.6000000000000001,0.20067413053531086,-0.12633436261752995,0.13885268365760403,0.23148772800943207,,0,-0.15175039227604767
8,commit_gate,2031,2.4000000000000004,-0.6000000000000001,-0.08589425396771094,0.13351245123576228,-0.07198172220174581,0.13023504799854502,,0,-0.021949274308977546
8,commit_gate,2031,2.4000000000000004,-0.6000000000000001,-0.05447144287086386,-0.07576520117734209,-0.08846130582813654,-0.6777708922035284,,0,-0.27112141512947335
8,commit_gate,2031,2.4000000000000004,-0.6000000000000001,-0.21747418066798524,0.28640932106450523,-0.11237846207802576,-0.4280926413579471,,0,-0.13854796005122647
8,commit_gate,2031,2.4000000000000004,-0.6000000000000001,-0.05216380534868992,-0.22703978591909113,-0.011007289099728285,-0.5554858405333485,,0,-0.1514309846108365
8,commit_gate,2031,2.4000000000000004,-0.6000000000000001,0.03105329714463445,0.30896916347743897,-0.07959698733646935,-0.6980137769170842,,0,-0.1329290366442689
8,commit_gate,2031,2.4000000000000004,-0.6000000000000001,-0.19657397761776896,0.186031639190528,-0.09673404053650989,-0.5648180890272156,,0,-0.1836745670152533
8,commit_gate,2031,2.4000000000000004,-0.6000000000000001,-0.24065859109650412,-0.03358991134538736,0.08494174947500269,-0.627427741652242,,0,-0.06486540646125909
8,commit_gate,2031,2.4000000000000004,-0.6000000000000001,-0.16438692285361428,-0.07705859830215234,-0.09437117764258032,-0.060380711664147046,,0,-0.09174486732582036
8,commit_gate,2031,2.4000000000000004,-0.6000000000000001,-0.21948801697981907,-0.429201148312808,-0.09017604969109227,0.9486938308081985,,0,-0.04471416267284074
8,commit_gate,2031,2.4000000000000004,-0.6000000000000001,-0.2203960579142219,-0.4038488461308124,-0.1398016283202744,0.5512330483767147,,0,-0.08286272388508113
8,commit_gate,2031,2.4000000000000004,-0.6000000000000001,-0.0009873401921921543,-0.08332778477370284,0.036001141293737715,0.3957285842005567,,0,-0.06375757003890604
8,commit_gate,2031,2.4000000000000004,-0.6000000000000001,0.2303375008521033,0.3238000738487845,-0.1478056767727303,0.6569586795054065,,0,-0.08843173372515217
8,commit_gate,2031,2.4000000000000004,-0.6000000000000001,0.227850678441546,-0.4460371563529001,-0.12204663784886981,0.34031384088368677,,0,-0.05951225146314953
8,commit_gate,2031,2.4000000000000004,-0.6000000000000001,0.2274924967009811,0.39736651004177115,-0.13230561030604085,-0.9171359809818949,,0,-0.24678447867896694
8,commit_gate,2031,2.4000000000000004,-0.6000000000000001,0.11694240802170658,0.23984145815095692,0.14438369093870743,0.5678026795051414,,0,-0.4451159080042614
8,commit_gate,2031,2.4000000000000004,-0.6000000000000001,0.2457258071475672,-0.21488261959083332,0.038315898536961185,-0.7895688558206044,,0,-0.11543169727610507
8,commit_gate,2031,2.4000000000000004,-0.6000000000000001,0.08430786495974618,-0.10895607224188542,0.04434566901735931,-0.9470092391609788,,0,-0.14948958385192196
8,commit_gate,2031,2.4000000000000004,-0.6000000000000001,0.24717650707901756,-0.042475513854508096,-0.05002850584194453,0.6459609604524086,,0,-0.08849821529853558
8,commit_gate,2031,2.4000000000000004,-0.6000000000000001,0.18558918665217328,0.197465699954667,0.1402031382125212,-0.08117756266642817,,0,-0.1435434021674955
8,commit_gate,2032,2.4000000000000004,-0.6000000000000001,0.008367459450451809,0.112264267629136,-0.025505805762366246,0.9840330568368314,,0,-0.2179716796327356
8,commit_gate,2032,2.4000000000000004,-0.6000000000000001,-0.1864171860319725,-0.25834647716187553,-0.11060540575936717,0.35773423293883067,,0,-0.06159874225862371
8,commit_gate,2032,2.4000000000000004,-0.6000000000000001,-0.20366109945424188,0.2841634660303536,0.0897209301453448,0.22832577124943332,,0,-0.1306775244185133
8,commit_gate,2032,2.4000000000000004,-0.6000000000000001,-0.20733308285993302,-0.02397936104058851,-0.010641318927114785,-0.5635161851876977,,0,-0.12967182896334223
8,commit_gate,2032,2.4000000000000004,-0.6000000000000001,-0.2017684173697365,0.49274223679378937,-0.04197515345875004,-0.46473893672876265,,0,-0.04941288442648596
8,commit_gate,2032,2.4000000000000004,-0.6000000000000001,0.09638989472669934,0.13130541528275663,-0.049527757258839955,-0.13947319219939724,,0,-0.08999241674334382
8,commit_gate,2032,2.4000000000000004,-0.6000000000000001,-0.17167077945785825,-0.3093585094041926,-0.01631447319820245,-0.023030024907035207,,0,-0.06566700256225148
8,commit_gate,2032,2.4000000000000004,-0.6000000000000001,-0.08846827591619444,0.4787430018856348,0.09557815176991791,-0.6442691955697661,,0,-0.030987494101096507
8,commit_gate,2032,2.4000000000000004,-0.6000000000000001,-0.24263214384426413,0.4592575433995567,-0.04659935423082169,0.8930348063474585,,0,-0.22148936608873218
8,commit_gate,2032,2.4000000000000004,-0.6000000000000001,-0.004075901659786163,0.350707700715706,-0.002463934842299592,-0.3881444932383227,,0,-0.08856360601448157
8,commit_gate,2032,2.4000000000000004,-0.6000000000000001,-0.0055155840254163535,0.25220908338844383,-0.0171824870703845,-0.7044532273319046,,0,-0.08345645431332399
8,commit_gate,2032,2.4000000000000004,-0.6000000000000001,0.1758520768405965,-0.0664346598679999,0.10959733380349987,-0.30229058052119595,,0,-0.02806448816799068
8,commit_gate,2032,2.4000000000000004,-0.6000000000000001,0.12321084464730131,-0.23547928304079868,-0.12592058439601292,0.6503637799178794,,0,-0.024501735182397805
8,commit_gate,2032,2.4000000000000004,-0.6000000000000001,0.04602596567933842,0.30167465619720657,0.09590450935538827,0.584415406085927,,0,-0.3449846318552922
8,commit_gate,2032,2.4000000000000004,-0.6000000000000001,0.2089783149025276,0.07662012298435994,0.09665010891405842,0.008752578361251206,,0,-0.09317669905231633
8,commit_gate,2032,2.4000000000000004,-0.6000000000000001,0.17503574940750427,-0.45444987710930873,0.06507797129550932,0.6174163542102524,,0,-0.09636517946682617
8,commit_gate,2032,2.4000000000000004,-0.6000000000000001,-0.14736757146152718,0.2896404065813466,0.00686426178750954,0.09196397701471937,,0,-0.03976026122244385
8,commit_gate,2032,2.4000000000000004,-0.6000000000000001,0.22625629338967296,-0.41724318697738905,-0.13587726539817796,0.7256744058189266,,0,-0.030319597895743507
8,commit_gate,2032,2.4000000000000004,-0.6000000000000001,0.04158565721454649,-0.21396274179404817,-0.04856866055407734,0.2634864857914767,,0,-0.020788765073885895
8,commit_gate,2032,2.4000000000000004,-0.6000000000000001,-0.2174158797852948,-0.2627353948709128,0.019808773451125916,0.6176378502993707,,0,-0.05822635480636
8,commit_gate,2032,2.4000000000000004,-0.6000000000000001,0.02280545884951579,0.3793168185543673,-0.0006454883047744553,0.1993706771828747,,0,-0.0846738978584293
8,commit_gate,2032,2.4000000000000004,-0.6000000000000001,-0.061885346607069125,0.41813104039128157,-0.09809940995781084,-0.32335571362830007,,0,-0.05832376253908448
8,commit_gate,2032,2.4000000000000004,-0.6000000000000001,0.18425302638319846,-0.18379902287720584,-0.07023529146192369,0.026446679546727525,,0,-0.040210820374107156
8,commit_gate,2032,2.4000000000000004,-0.6000000000000001,-0.22830186029714528,-0.07446259371436525,0.1144998098008013,0.41813649981596623,,0,-0.12677058638835012
8,commit_gate,2032,2.4000000000000004,-0.6000000000000001,0.0416969770121981,0.44144831788540373,0.04198110518606485,-0.2773927169166308,,0,-0.046989308919580274
8,commit_gate,2032,2.4000000000000004,-0.6000000000000001,-0.006145111708868278,0.05275204584477733,0.11880155740849793,0.00457213393540723,,0,-0.07543478154627604
8,commit_gate,2032,2.4000000000000004,-0.6000000000000001,0.16277111421400892,0.10029901714083311,0.04483622634218959,-0.7114426903009092,,0,-0.04831816399961909
8,commit_gate,2032,2.4000000000000004,-0.6000000000000001,0.014667942510301846,-0.2821447137829929,-0.052050304653680546,0.3223045477500319,,0,-0.023356863950103463
8,commit_gate,2032,2.4000000000000004,-0.6000000000000001,-0.06934258565612567,-0.40706592325006385,0.08728528241195943,-0.6408550616657391,,0,-0.11543058302132113
8,commit_gate,2032,2.4000000000000004,-0.6000000000000001,-0.038121502975177246,0.22011668511728733,0.02752551202854836,-0.47931180393926587,,0,-0.027815464659615964
8,commit_gate,2032,2.4000000000000004,-0.6000000000000001,0.16574472353629083,-0.31758928197572467,0.05315569680949392,-0.7036773435787596,,0,-0.1088551286339596
8,commit_gate,2032,2.4000000000000004,-0.6000000000000001,-0.018017359950048384,-0.12296845750143603,-0.04124340171072652,-0.6529797398299428,,0,-0.18849973455128857
8,commit_gate,2032,2.4000000000000004,-0.6000000000000001,0.11341385367645235,-0.1220746845368249,-0.09100078237413031,0.3371229740789443,,0,-0.046394862266887535
8,commit_gate,2032,2.4000000000000004,-0.6000000000000001,0.20030989951519645,-0.21670738288848101,-0.07976366122090225,0.8022436406475562,,0,-0.0601669547077617
8,commit_gate,2032,2.4000000000000004,-0.6000000000000001,-0.11689004685970539,0.382027756748203,-0.1459398908956392,-0.5885004417454933,,0,-0.19551561377222282
8,commit_gate,2032,2.4000000000000004,-0.6000000000000001,0.15512068085384872,-0.49627344395082296,0.05327564867955836,-0.49070364152719836,,0,-0.09769032708058348
8,commit_gate,2032,2.4000000000000004,-0.6000000000000001,-0.11822150357914468,-0.26732384021897415,-0.09993121572448953,-0.20164783815716536,,0,-0.18175279152366947
8,commit_gate,2032,2.4000000000000004,-0.6000000000000001,0.0872672183745466,-0.26433940034962355,-0.11118987182297488,0.9681223155347609,,0,-0.05085572570074856
8,commit_gate,2032,2.4000000000000004,-0.6000000000000001,-0.19130599175002383,-0.4563809017599326,0.10992572107160589,0.5677707123902886,,0,-0.09540438138163641
8,commit_gate,2032,2.4000000000000004,-0.6000000000000001,0.19918380707948863,0.09348858815376204,0.019040405623468704,-0.4163249679495007,,0,-0.029188689576409108
8,commit_gate,2032,2.4000000000000004,-0.6000000000000001,-0.19521665322463932,0.39863883554629786,-0.027449273014267,0.884125676794137,,0,-0.2345364818487603
8,commit_gate,2032,2.4000000000000004,-0.6000000000000001,-0.21145101085324552,0.426195577265821,0.10965556340877045,0.6338751866706402,,0,-0.3898479009881966
8,commit_gate,2032,2.4000000000000004,-0.6000000000000001,0.23524119305888064,-0.18605301587227951,-0.017259657407084184,0.7552102687536919,,0,-0.11308463478402501
8,commit_gate,2032,2.4000000000000004,-0.6000000000000001,-0.07795174140236638,-0.052156686094574245,0.018973160730771266,-0.34575111221894406,,0,-0.04240391285949538
8,commit_gate,2032,2.4000000000000004,-0.6000000000000001,-0.033668255476272335,-0.1725734700847743,0.12180797050090028,0.18397839572361385,,0,-0.0740835917629699
8,commit_gate,2032,2.4000000000000004,-0.6000000000000001,-0.16907494503910653,0.23722104006924416,0.07007530109779561,-0.5762368198749008,,0,-0.028771999124091976
8,commit_gate,2032,2.4000000000000004,-0.6000000000000001,-0.1116410955988063,-0.3693972214385036,0.0862563787812691,0.3015043416579235,,0,-0.043900069669726066
8,commit_gate,2032,2.4000000000000004,-0.6000000000000001,-0.07837595298441319,0.37253283428954154,-0.07735196052146998,-0.9144132346240312,,0,-0.20626462994145903
8,commit_gate,2032,2.4000000000000004,-0.6000000000000001,0.020648917744697515,-0.2768512080963187,-0.03599791079812287,-0.864633546656101,,0,-0.3208981453431498
8,commit_gate,2032,2.4000000000000004,-0.6000000000000001,0.10779974980913615,0.45352466690669246,0.05704146306322483,0.7652887576478549,,0,-0.45680768701288826
8,commit_gate,2032,2.4000000000000004,-0.6000000000000001,-0.05492988691717732,-0.45210726251745426,0.07565932482984802,0.22343058428073603,,0,-0.030691855958203763
8,commit_gate,2032,2.4000000000000004,-0.6000000000000001,0.05760719150630317,-0.478075768445674,-0.08408812524389637,-0.2052038236222058,,0,-0.1901805826447216
8,commit_gate,2032,2.4000000000000004,-0.6000000000000001,0.07746894116645775,-0.07227642188967187,0.12935553217254317,-0.4806520332439179,,0,-0.01943078966583182
8,commit_gate,2032,2.4000000000000004,-0.6000000000000001,-0.1490751082051605,0.44103556705253666,0.10387619763869746,0.8187191625190255,,0,-0.5219346552113507
8,commit_gate,2032,2.4000000000000004,-0.6000000000000001,-0.0012888644638468505,0.41763418648714234,-0.0671543354818394,0.05500901708232453,,0,-0.03309576173307889
8,commit_gate,2032,2.4000000000000004,-0.6000000000000001,0.11850139309741575,-0.3928972659639173,0.05567739293032156,0.2900311677074996,,0,-0.03465738203279242
8,commit_gate,2032,2.4000000000000004,-0.6000000000000001,-0.015159602126216698,0.4515321759110219,0.12424154352404201,0.3693094253031648,,0,-0.34464836489995343
8,commit_gate,2032,2.4000000000000004,-0.6000000000000001,0.1781165756382211,0.3058392605380067,-0.021065972431829505,-0.4778888566778223,,0,-0.039673869392646284
8,commit_gate,2032,2.4000000000000004,-0.6000000000000001,-0.1547048879709515,0.24897307011132663,0.1213954211941882,0.8111122204893226,,0,-0.45758753266963725
8,commit_gate,2032,2.4000000000000004,-0.6000000000000001,-0.002120161786173469,-0.17184976597372892,0.04852499662286619,0.021724098713244544,,0,-0.019337159408031084
8,commit_gate,2032,2.4000000000000004,-0.6000000000000001,-0.21856429263863109,0.17016032302355666,0.011770348305949863,0.008013635662230678,,0,-0.02479477095818018
8,commit_gate,2032,2.4000000000000004,-0.6000000000000001,-0.06282171311026047,0.19563174742521983,-0.07618915969692491,0.3815588884528256,,0,-0.031642501110903005
8,commit_gate,2032,2.4000000000000004,-0.6000000000000001,0.005974131748530842,-0.3899524505841978,-0.030036990553484702,0.8587715674402359,,0,-0.061029823693769844
8,commit_gate,2032,2.4000000000000004,-0.6000000000000001,0.09427643744582331,-0.3984982074180845,0.11241397167920689,-0.48779650889385207,,0,-0.04281261135916543
8,always_freeze,2030,0.0,0.0,-0.05184600350204882,0.30607942143937183,0.10099304756404573,-0.2530248106604298,,0,-0.04760913519382071
8,always_freeze,2030,0.0,0.0,-0.1746701675661021,-0.0960382503057311,-0.07758359458311934,-0.9072980629069103,,0,-0.41813159577531506
8,always_freeze,2030,0.0,0.0,0.10087321247067488,-0.1781914725731859,0.10810903795123564,0.4947797228192494,,0,-0.1685355047908323
8,always_freeze,2030,0.0,0.0,-0.11061107803132053,-0.15683820569066687,0.029557280869386304,0.5523579826519649,,0,-0.07533818208388152
8,always_freeze,2030,0.0,0.0,-0.11244633322915232,-0.2523323291940618,-0.08078175843615758,0.7014294184526371,,0,-0.037163434842123214
8,always_freeze,2030,0.0,0.0,-0.03249481063765236,0.297320955958965,0.08713878784359438,-0.24534403441657937,,0,-0.03893716625266705
8,always_freeze,2030,0.0,0.0,-0.2128657522118897,-0.3795630479155544,0.018756430666800133,0.6211744595695985,,0,-0.10626370270035602
8,always_freeze,2030,0.0,0.0,-0.04125832193110157,-0.0887831501503984,-0.08845466779033351,-0.6387509190747986,,0,-0.26658607645313376
8,always_freeze,2030,0.0,0.0,-0.1961992408789655,-0.2083538592638955,-0.007986654650933678,-0.6154045455662835,,0,-0.20321019456063347
8,always_freeze,2030,0.0,0.0,-0.16562323687385,-0.2733998816963822,-0.10837784863116101,-0.33998648124044517,,0,-0.2725393772590639
8,always_freeze,2030,0.0,0.0,-0.2393439382184675,0.0717705870988169,0.09286956528659143,-0.9550839743869992,,0,-0.11508348551904585
8,always_freeze,2030,0.0,0.0,-0.1293965880091248,0.02752419448843768,0.14113885165268072,0.9944181516349018,,0,-0.5222112986810301
8,always_freeze,2030,0.0,0.0,-0.24871107746498927,-0.29938154133106964,0.025446922056065135,0.40658082299074727,,0,-0.045643421760897314
8,always_freeze,2030,0.0,0.0,-0.08221678174018854,0.17139958868425698,-0.03823551044323044,0.058579013211461195,,0,-0.00880645683371097
8,always_freeze,2030,0.0,0.0,-0.0583582840637652,0.2194612905757084,-0.07634937683435745,0.3653484228930721,,0,-0.02055934036271315
8,always_freeze,2030,0.0,0.0,-0.04988577268458283,-0.07789351033620806,0.0793096184914518,0.439263667930472,,0,-0.11607382380851164
8,always_freeze,2030,0.0,0.0,-0.24910183637657646,0.44845897341128094,0.036456235280835,-0.8651716035641965,,0,-0.07645533018065843
8,always_freeze,2030,0.0,0.0,-0.012014557874164,0.01692531270132336,-0.1488798447885841,0.4777890790089574,,0,-0.01618716936395602
8,always_freeze,2030,0.0,0.0,0.07135007270608962,0.19457424037197468,-0.0678098459052404,0.46840836436307964,,0,-0.04945150044327589
8,always_freeze,2030,0.0,0.0,-0.010332518879528907,0.2955235774800139,-0.10406964857029463,0.2144724089766188,,0,-0.013406534857786107
8,always_freeze,2030,0.0,0.0,-0.16372352617243813,0.39306591204031316,0.1481721978303123,-0.6748941429681388,,0,-0.03215009790846976
8,always_freeze,2030,0.0,0.0,-0.07900715659985724,0.34110492262895664,0.0651917415315823,0.06022892227747434,,0,-0.08798412492103726
8,always_freeze,2030,0.0,0.0,-0.05477919429534028,0.0928960523511676,-0.04417563996210884,-0.40160684783356126,,0,-0.07533248798530766
8,always_freeze,2030,0.0,0.0,0.08546167953971262,-0.3133598337615493,-0.0525314198288976,-0.6335436313154903,,0,-0.25590463521181234
8,always_freeze,2030,0.0,0.0,0.19777029486169678,0.36649577401099176,0.11499320740060989,0.5603658954529374,,0,-0.4462152435606699
8,always_freeze,2030,0.0,0.0,-0.15214140323953612,-0.46337065588170534,-0.026757446180497343,0.5380984358701089,,0,-0.03076718153147321
8,always_freeze,2030,0.0,0.0,0.22865119423133778,-0.45714569075357037,-0.1457865575881901,0.9773209857901659,,0,-0.03756283476339769
8,always_freeze,2030,0.0,0.0,-0.23202367017315628,-0.003566724635694296,0.001562438412149314,0.40745027430264824,,0,-0.07461706557956634
8,always_freeze,2030,0.0,0.0,-0.1163189765726666,0.3732638918786515,-0.03942925647658095,0.12384672478393144,,0,-0.02488651820688378
8,always_freeze,2030,0.0,0.0,0.17497647362832425,0.04009854363336052,0.04049765122913601,0.003291045139735882,,0,-0.03095563801742963
8,always_freeze,2030,0.0,0.0,0.21117851654077502,-0.038140109587037174,-0.021662473564537987,-0.6905630402341905,,0,-0.1339089066228031
8,always_freeze,2030,0.0,0.0,0.08111152296731428,0.39398162322906694,-0.07317993963361681,-0.23996179617651547,,0,-0.059094192441391774
8,always_freeze,2030,0.0,0.0,-0.23512842594624062,-0.07925923036509064,0.044190096590837336,-0.7469962832660819,,0,-0.14687465348052262
8,always_freeze,2030,0.0,0.0,0.14288723007155796,-0.3677795924230466,0.08212546185605069,-0.4235124635062011,,0,-0.04269853343026852
8,always_freeze,2030,0.0,0.0,0.021032964973469737,-0.02631751023522033,-0.03597850764534562,0.6941167096109981,,0,-0.0787252750755936
8,always_freeze,2030,0.0,0.0,-0.1000126504446634,-0.3157118928679221,0.07853218318496319,0.04168884941597595,,0,-0.020808025987212906
8,always_freeze,2030,0.0,0.0,0.15265004930217052,-0.36443176343201233,0.057010322604900104,-0.24333297120016706,,0,-0.029606479605007213
8,always_freeze,2030,0.0,0.0,0.1728960900835289,0.4978108002253202,0.1347512880915044,0.512138613039256,,0,-0.5221561498379641
8,always_freeze,2030,0.0,0.0,-0.13794172072230004,0.2523563335356085,-0.07627609400165962,0.6374054670125864,,0,-0.06812086030440198
8,always_freeze,2030,0.0,0.0,0.12232806968614085,0.2790916470408108,0.05126162458101299,-0.052528483320705366,,0,-0.06297359672674088
8,always_freeze,2030,0.0,0.0,0.04411692908133491,0.14370649656475665,-0.1424939375835341,-0.8807516257527177,,0,-0.39393667971376006
8,always_freeze,2030,0.0,0.0,-0.04818470777040351,0.03507477552719762,-0.03121113869144833,-0.38954138036986174,,0,-0.06970477836697687
8,always_freeze,2030,0.0,0.0,-0.061741698435153536,-0.21738020529300228,-0.14814469312178866,0.09411456277199148,,0,-0.13046421917922865
8,always_freeze,2030,0.0,0.0,0.10798219580122403,-0.013327890407098142,0.11522885326154489,-0.4347669778331049,,0,-0.009963656023544471
8,always_freeze,2030,0.0,0.0,0.02964323930949897,-0.33728262282208876,0.020995901843503167,0.03545891479456542,,0,-0.015796377140909895
8,always_freeze,2030,0.0,0.0,-0.19127657643298324,-0.006366838994584345,-0.12025766177631131,0.371870969733503,,0,-0.024746464230316904
8,always_freeze,2030,0.0,0.0,0.06228276560775298,-0.11416833641517976,-0.10040857881207688,0.3364488398021621,,0,-0.014941690220460251
8,always_freeze,2030,0.0,0.0,-0.004513231278477359,0.19063809501508655,-0.12717927829649459,0.16192327587643685,,0,-0.024696960288269763
8,always_freeze,2030,0.0,0.0,0.08751556538446681,-0.05232433589254193,-0.05577903904144785,0.3963749067973721,,0,-0.013907894600495787
8,always_freeze,2030,0.0,0.0,-0.12005219468295641,0.2312462372416506,-0.14256012243204116,-0.1574196787062363,,0,-0.09786954729266875
8,always_freeze,2030,0.0,0.0,0.03406304572905289,-0.10366774974351156,0.0922263507368278,0.619401797543425,,0,-0.19926677922575092
8,always_freeze,2030,0.0,0.0,-0.22576549038460858,0.4785897534640512,0.024075450510955165,0.3924311236153992,,0,-0.1560253124301758
8,always_freeze,2030,0.0,0.0,0.1540769353616137,0.2737429839829577,0.10063374135746586,0.513495678515373,,0,-0.33272242138733077
8,always_freeze,2030,0.0,0.0,0.039467936271113946,-0.43108336076345866,-0.0020020605007881054,-0.46518989307802516,,0,-0.1638109788960493
8,always_freeze,2030,0.0,0.0,0.06205152188869095,-0.464544024075189,0.03995502402254755,-0.3786386870963008,,0,-0.09424161668138364
8,always_freeze,2030,0.0,0.0,-0.13371271560443138,-0.2805805024807255,-0.023090921287984234,-0.7598913679230228,,0,-0.29867872875637136
8,always_freeze,2030,0.0,0.0,-0.19783396007151605,-0.09498100989584568,0.08431783029709747,0.6849151318630617,,0,-0.18580974605815984
8,always_freeze,2030,0.0,0.0,-0.04794666198426195,0.21103313285010683,-0.04749904442938542,0.2746714753603463,,0,-0.021857011978463486
8,always_freeze,2030,0.0,0.0,0.18459989159238321,-0.29048621819121834,0.13687854976409183,-0.38116787349079484,,0,-0.02385997578995873
8,always_freeze,2030,0.0,0.0,-0.052596513525193234,0.3728039044424841,0.04544368088243514,0.2619753303164607,,0,-0.13458882216530477
8,always_freeze,2030,0.0,0.0,-0.13023886920061645,-0.4000915140241518,0.11025984943854675,0.26190545607406035,,0,-0.12121120988329162
8,always_freeze,2030,0.0,0.0,0.07363891060096278,0.39055726666343815,-0.0006869946930977144,-0.3965470574024279,,0,-0.02268653484994571
8,always_freeze,2030,0.0,0.0,-0.0604382319260936,0.27485034661966123,0.06813537822018145,0.16366773976564253,,0,-0.10537344128901144
8,always_freeze,2030,0.0,0.0,-0.05218653577595406,-0.05363362003716077,-0.05397920266786094,0.007692874763531199,,0,-0.025553512308488614
8,always_freeze,2031,0.0,0.0,-0.05719559306725752,0.029977481420147667,0.12842040260494766,0.2967636762235082,,0,-0.16104492078671928
8,always_freeze,2031,0.0,0.0,0.00041479846092579153,0.2721927656375751,0.11014879009583631,0.3854936434772629,,0,-0.2529237814122108
8,always_freeze,2031,0.0,0.0,-0.07587045350273108,-0.25069801024430605,0.08963116482608541,0.38660453020354213,,0,-0.08026297592362208
8,always_freeze,2031,0.0,0.0,-0.16072924027203384,0.4939430909001882,-0.1358630047616157,-0.8812733049729311,,0,-0.29077490467531547
8,always_freeze,2031,0.0,0.0,0.24478606058792612,0.21544858332038674,-0.06602284886490674,0.9546284718587277,,0,-0.23813274678092838
8,always_freeze,2031,0.0,0.0,-0.06766414239262963,-0.38218468219959956,-0.032598289634361816,0.987348958235774,,0,-0.09226181858930493
8,always_freeze,2031,0.0,0.0,-0.10924017350661602,0.3754688310904263,-0.1395799529012843,0.863510397476903,,0,-0.09555946414039529
8,always_freeze,2031,0.0,0.0,-0.13533111001840514,-0.04147778849238515,0.14068175335234165,0.12043226304240329,,0,-0.09863218104657782
8,always_freeze,2031,0.0,0.0,0.07978135920252649,-0.023029679336416975,-0.06538883311653178,-0.9965905229899363,,0,-0.34001002064366886
8,always_freeze,2031,0.0,0.0,0.24791850639542956,-0.37942870206141854,-0.07364437009577098,0.5677461484354571,,0,-0.023721255448348088
8,always_freeze,2031,0.0,0.0,-0.00019031193364671406,-0.002740967741479361,-0.038986250374450485,0.24015787853474557,,0,-0.009126420269792839
8,always_freeze,2031,0.0,0.0,-0.09187037674143367,-0.3189788131123753,-0.0024639503641179505,-0.8352063207937217,,0,-0.29921882716104414
8,always_freeze,2031,0.0,0.0,0.08457043881961968,0.43130667197173067,-0.022205297391200696,-0.2903455258061334,,0,-0.022462201304591818
8,always_freeze,2031,0.0,0.0,0.043297730134621626,-0.26430226555847003,-0.013176510592217555,0.20956588122333253,,0,-0.012873144609590966
8,always_freeze,2031,0.0,0.0,-0.10094702247921938,-0.36775367605226494,0.09169644069195076,-0.18779302771909512,,0,-0.02740460457131069
8,always_freeze,2031,0.0,0.0,0.1884744089590798,-0.18925371788006506,0.0909228694650712,-0.8298318940671692,,0,-0.0857972193346466
8,always_freeze,2031,0.0,0.0,0.009440229344430062,-0.135091109056364,-0.03635134315064523,-0.739372215805318,,0,-0.225867199697115
8,always_freeze,2031,0.0,0.0,0.07521640816545822,-0.3415091287433899,0.07555238392778321,0.7646136173184206,,0,-0.16978595188133394
8,always_freeze,2031,0.0,0.0,-0.08952153948342478,0.19379466813065394,-0.08336120587227071,0.8171416305483021,,0,-0.09857768114873357
8,always_freeze,2031,0.0,0.0,0.08713994647273327,-0.025246928221083098,-0.038656775628084034,-0.17415188676743076,,0,-0.03257278683334494
8,always_freeze,2031,0.0,0.0,-0.21842331465768017,0.08360161299281577,-0.027927589315817514,-0.021641587680241603,,0,-0.018718785425406635
8,always_freeze,2031,0.0,0.0,-0.23817768139675016,0.32912885268562886,-0.0454553087606549,0.5842483877496001,,0,-0.0931753390985668
8,always_freeze,2031,0.0,0.0,0.0035549008617828393,-0.13584934794824965,-0.020728546539534237,-0.43703856431753074,,0,-0.10162335993105871
8,always_freeze,2031,0.0,0.0,0.06809837093073917,-0.0930635512668826,0.018350245073017635,-0.9734092402142873,,0,-0.20772199480951326
8,always_freeze,2031,0.0,0.0,0.05974480105472729,-0.18686403018196263,0.023105223860972524,-0.45029444570361776,,0,-0.06550063486019858
8,always_freeze,2031,0.0,0.0,0.21004191179998616,-0.051135912337605394,0.08308904019903207,0.2946149937151734,,0,-0.1231214368098157
8,always_freeze,2031,0.0,0.0,0.10503274783308614,-0.36169591995039485,-0.08476374293807364,0.024535690726771753,,0,-0.08839506939497396
8,always_freeze,2031,0.0,0.0,0.18631626379720384,-0.2868283780049591,-0.13569236308343777,0.31330259950078965,,0,-0.05353923745441012
8,always_freeze,2031,0.0,0.0,0.08684596990970628,-0.44277480118184553,0.06277299506718287,0.036861988274649926,,0,-0.021288215705408686
8,always_freeze,2031,0.0,0.0,0.23632962805057833,-0.2737434696336881,-0.045053013304271264,-0.1361091609668743,,0,-0.06303243208347051
8,always_freeze,2031,0.0,0.0,-0.24754269979104693,0.37075844396283286,0.11558464735629273,-0.8259862480601177,,0,-0.03161710558223575
8,always_freeze,2031,0.0,0.0,-0.035163736461436945,0.15658602203133398,-0.10605356980128908,-0.7802959413323836,,0,-0.27308605129879304
8,always_freeze,2031,0.0,0.0,0.1231977590524218,-0.4168767854115202,0.13205614302995097,-0.404141022751507,,0,-0.026507004945775597
8,always_freeze,2031,0.0,0.0,0.10273485677697786,0.3513288363432773,-0.09688081669079518,-0.74999894407966,,0,-0.17200102752453547
8,always_freeze,2031,0.0,0.0,-0.013090082483146914,0.4216551912347666,-0.12893868354606336,-0.8075099557518162,,0,-0.23893275566850528
8,always_freeze,2031,0.0,0.0,-0.21087361925095793,-0.34008392139782284,0.1029692819011512,0.31729222948064506,,0,-0.13561100903434237
8,always_freeze,2031,0.0,0.0,-0.2172681570069221,0.3108853840027679,-0.08437578210308493,0.8343107050785301,,0,-0.11814739589674197
8,always_freeze,2031,0.0,0.0,0.17854695665205939,-0.4438756321523265,0.01529411115016352,-0.6977299565415498,,0,-0.2028545028403436
8,always_freeze,2031,0.0,0.0,0.07726669354380805,0.13774062240984086,0.13352727004458623,0.02909579767429915,,0,-0.1302651657197088
8,always_freeze,2031,0.0,0.0,0.18710394121383273,0.3686179697175588,-0.014019474719358327,-0.8007416270501262,,0,-0.10126770628886009
8,always_freeze,2031,0.0,0.0,0.048972261799093364,0.1313385331831709,-0.1067307445679048,-0.3287918720466534,,0,-0.10532529745696409
8,always_freeze,2031,0.0,0.0,0.09718291577752147,0.005872463345556023,0.011593024748510788,0.8024727635428832,,0,-0.19071065798811468
8,always_freeze,2031,0.0,0.0,0.14935170488128746,-0.22825866066070433,-0.018477079629208498,0.8933377939132572,,0,-0.1285032193408725
8,always_freeze,2031,0.0,0.0,0.20067413053531086,-0.12633436261752995,0.13885268365760403,0.23148772800943207,,0,-0.15470924927459268
8,always_freeze,2031,0.0,0.0,-0.08589425396771094,0.13351245123576228,-0.07198172220174581,0.13023504799854502,,0,-0.008165768806558438
8,always_freeze,2031,0.0,0.0,-0.05447144287086386,-0.07576520117734209,-0.08846130582813654,-0.6777708922035284,,0,-0.28222043865148516
8,always_freeze,2031,0.0,0.0,-0.21747418066798524,0.28640932106450523,-0.11237846207802576,-0.4280926413579471,,0,-0.14514641531953254
8,always_freeze,2031,0.0,0.0,-0.05216380534868992,-0.22703978591909113,-0.011007289099728285,-0.5554858405333485,,0,-0.1610180836002432
8,always_freeze,2031,0.0,0.0,0.03105329714463445,0.30896916347743897,-0.07959698733646935,-0.6980137769170842,,0,-0.14838065600771227
8,always_freeze,2031,0.0,0.0,-0.19657397761776896,0.186031639190528,-0.09673404053650989,-0.5648180890272156,,0,-0.193694113481102
8,always_freeze,2031,0.0,0.0,-0.24065859109650412,-0.03358991134538736,0.08494174947500269,-0.627427741652242,,0,-0.06444100628841812
8,always_freeze,2031,0.0,0.0,-0.16438692285361428,-0.07705859830215234,-0.09437117764258032,-0.060380711664147046,,0,-0.09299389736865679
8,always_freeze,2031,0.0,0.0,-0.21948801697981907,-0.429201148312808,-0.09017604969109227,0.9486938308081985,,0,-0.053983813924643125
8,always_freeze,2031,0.0,0.0,-0.2203960579142219,-0.4038488461308124,-0.1398016283202744,0.5512330483767147,,0,-0.0820856600737485
8,always_freeze,2031,0.0,0.0,-0.0009873401921921543,-0.08332778477370284,0.036001141293737715,0.3957285842005567,,0,-0.06257957158879399
8,always_freeze,2031,0.0,0.0,0.2303375008521033,0.3238000738487845,-0.1478056767727303,0.6569586795054065,,0,-0.08041730532593874
8,always_freeze,2031,0.0,0.0,0.227850678441546,-0.4460371563529001,-0.12204663784886981,0.34031384088368677,,0,-0.06306648116168737
8,always_freeze,2031,0.0,0.0,0.2274924967009811,0.39736651004177115,-0.13230561030604085,-0.9171359809818949,,0,-0.27411253047992123
8,always_freeze,2031,0.0,0.0,0.11694240802170658,0.23984145815095692,0.14438369093870743,0.5678026795051414,,0,-0.4323819777993492
8,always_freeze,2031,0.0,0.0,0.2457258071475672,-0.21488261959083332,0.038315898536961185,-0.7895688558206044,,0,-0.13199265390611475
8,always_freeze,2031,0.0,0.0,0.08430786495974618,-0.10895607224188542,0.04434566901735931,-0.9470092391609788,,0,-0.1640160893754597
8,always_freeze,2031,0.0,0.0,0.24717650707901756,-0.042475513854508096,-0.05002850584194453,0.6459609604524086,,0,-0.0841667737640911
8,always_freeze,2031,0.0,0.0,0.18558918665217328,0.197465699954667,0.1402031382125212,-0.08117756266642817,,0,-0.1426324215055644
8,always_freeze,2032,0.0,0.0,0.008367459450451809,0.112264267629136,-0.025505805762366246,0.9840330568368314,,0,-0.22097869041799467
8,always_freeze,2032,0.0,0.0,-0.1864171860319725,-0.25834647716187553,-0.11060540575936717,0.35773423293883067,,0,-0.05850320640008541
8,always_freeze,2032,0.0,0.0,-0.20366109945424188,0.2841634660303536,0.0897209301453448,0.22832577124943332,,0,-0.13736984736688354
8,always_freeze,2032,0.0,0.0,-0.20733308285993302,-0.02397936104058851,-0.010641318927114785,-0.5635161851876977,,0,-0.13596350415327602
8,always_freeze,2032,0.0,0.0,-0.2017684173697365,0.49274223679378937,-0.04197515345875004,-0.46473893672876265,,0,-0.047901990453440145
8,always_freeze,2032,0.0,0.0,0.09638989472669934,0.13130541528275663,-0.049527757258839955,-0.13947319219939724,,0,-0.04237298222340846
8,always_freeze,2032,0.0,0.0,-0.17167077945785825,-0.3093585094041926,-0.01631447319820245,-0.023030024907035207,,0,-0.0643402191668812
8,always_freeze,2032,0.0,0.0,-0.08846827591619444,0.4787430018856348,0.09557815176991791,-0.6442691955697661,,0,-0.024636333985949783
8,always_freeze,2032,0.0,0.0,-0.24263214384426413,0.4592575433995567,-0.04659935423082169,0.8930348063474585,,0,-0.22754445620640165
8,always_freeze,2032,0.0,0.0,-0.004075901659786163,0.350707700715706,-0.002463934842299592,-0.3881444932383227,,0,-0.058916248873456666
8,always_freeze,2032,0.0,0.0,-0.0055155840254163535,0.25220908338844383,-0.0171824870703845,-0.7044532273319046,,0,-0.09113216300124502
8,always_freeze,2032,0.0,0.0,0.1758520768405965,-0.0664346598679999,0.10959733380349987,-0.30229058052119595,,0,-0.018200737371154737
8,always_freeze,2032,0.0,0.0,0.12321084464730131,-0.23547928304079868,-0.12592058439601292,0.6503637799178794,,0,-0.02417512288330312
8,always_freeze,2032,0.0,0.0,0.04602596567933842,0.30167465619720657,0.09590450935538827,0.584415406085927,,0,-0.3385231019526369
8,always_freeze,2032,0.0,0.0,0.2089783149025276,0.07662012298435994,0.09665010891405842,0.008752578361251206,,0,-0.09059146516287556
8,always_freeze,2032,0.0,0.0,0.17503574940750427,-0.45444987710930873,0.06507797129550932,0.6174163542102524,,0,-0.10159811153483152
8,always_freeze,2032,0.0,0.0,-0.14736757146152718,0.2896404065813466,0.00686426178750954,0.09196397701471937,,0,-0.03260837062675464
8,always_freeze,2032,0.0,0.0,0.22625629338967296,-0.41724318697738905,-0.13587726539817796,0.7256744058189266,,0,-0.046740481152276116
8,always_freeze,2032,0.0,0.0,0.04158565721454649,-0.21396274179404817,-0.04856866055407734,0.2634864857914767,,0,-0.008936464425639909
8,always_freeze,2032,0.0,0.0,-0.2174158797852948,-0.2627353948709128,0.019808773451125916,0.6176378502993707,,0,-0.11353858807954507
8,always_freeze,2032,0.0,0.0,0.02280545884951579,0.3793168185543673,-0.0006454883047744553,0.1993706771828747,,0,-0.07973437041889607
8,always_freeze,2032,0.0,0.0,-0.061885346607069125,0.41813104039128157,-0.09809940995781084,-0.32335571362830007,,0,-0.06039035354128402
8,always_freeze,2032,0.0,0.0,0.18425302638319846,-0.18379902287720584,-0.07023529146192369,0.026446679546727525,,0,-0.04011587320523317
8,always_freeze,2032,0.0,0.0,-0.22830186029714528,-0.07446259371436525,0.1144998098008013,0.41813649981596623,,0,-0.14207455132370758
8,always_freeze,2032,0.0,0.0,0.0416969770121981,0.44144831788540373,0.04198110518606485,-0.2773927169166308,,0,-0.03762019641903669
8,always_freeze,2032,0.0,0.0,-0.006145111708868278,0.05275204584477733,0.11880155740849793,0.00457213393540723,,0,-0.07475112167378502
8,always_freeze,2032,0.0,0.0,0.16277111421400892,0.10029901714083311,0.04483622634218959,-0.7114426903009092,,0,-0.05791324605814628
8,always_freeze,2032,0.0,0.0,0.014667942510301846,-0.2821447137829929,-0.052050304653680546,0.3223045477500319,,0,-0.012513298321398088
8,always_freeze,2032,0.0,0.0,-0.06934258565612567,-0.40706592325006385,0.08728528241195943,-0.6408550616657391,,0,-0.12238344740146623
8,always_freeze,2032,0.0,0.0,-0.038121502975177246,0.22011668511728733,0.02752551202854836,-0.47931180393926587,,0,-0.021560574065810207
8,always_freeze,2032,0.0,0.0,0.16574472353629083,-0.31758928197572467,0.05315569680949392,-0.7036773435787596,,0,-0.1212504705002377
8,always_freeze,2032,0.0,0.0,-0.018017359950048384,-0.12296845750143603,-0.04124340171072652,-0.6529797398299428,,0,-0.20072789055963097
8,always_freeze,2032,0.0,0.0,0.11341385367645235,-0.1220746845368249,-0.09100078237413031,0.3371229740789443,,0,-0.018027144722249266
8,always_freeze,2032,0.0,0.0,0.20030989951519645,-0.21670738288848101,-0.07976366122090225,0.8022436406475562,,0,-0.05537831411732094
8,always_freeze,2032,0.0,0.0,-0.11689004685970539,0.382027756748203,-0.1459398908956392,-0.5885004417454933,,0,-0.20779970956212265
8,always_freeze,2032,0.0,0.0,0.15512068085384872,-0.49627344395082296,0.05327564867955836,-0.49070364152719836,,0,-0.107343427835937
8,always_freeze,2032,0.0,0.0,-0.11822150357914468,-0.26732384021897415,-0.09993121572448953,-0.20164783815716536,,0,-0.18820256316721903
8,always_freeze,2032,0.0,0.0,0.0872672183745466,-0.26433940034962355,-0.11118987182297488,0.9681223155347609,,0,-0.04762646311103802
8,always_freeze,2032,0.0,0.0,-0.19130599175002383,-0.4563809017599326,0.10992572107160589,0.5677707123902886,,0,-0.1255655402715961
8,always_freeze,2032,0.0,0.0,0.19918380707948863,0.09348858815376204,0.019040405623468704,-0.4163249679495007,,0,-0.04158590780772553
8,always_freeze,2032,0.0,0.0,-0.19521665322463932,0.39863883554629786,-0.027449273014267,0.884125676794137,,0,-0.24057502329283847
8,always_freeze,2032,0.0,0.0,-0.21145101085324552,0.426195577265821,0.10965556340877045,0.6338751866706402,,0,-0.3883089735774365
8,always_freeze,2032,0.0,0.0,0.23524119305888064,-0.18605301587227951,-0.017259657407084184,0.7552102687536919,,0,-0.11302191557176378
8,always_freeze,2032,0.0,0.0,-0.07795174140236638,-0.052156686094574245,0.018973160730771266,-0.34575111221894406,,0,-0.03792600420465239
8,always_freeze,2032,0.0,0.0,-0.033668255476272335,-0.1725734700847743,0.12180797050090028,0.18397839572361385,,0,-0.0775189721822704
8,always_freeze,2032,0.0,0.0,-0.16907494503910653,0.23722104006924416,0.07007530109779561,-0.5762368198749008,,0,-0.02112057791030817
8,always_freeze,2032,0.0,0.0,-0.1116410955988063,-0.3693972214385036,0.0862563787812691,0.3015043416579235,,0,-0.1072233341915025
8,always_freeze,2032,0.0,0.0,-0.07837595298441319,0.37253283428954154,-0.07735196052146998,-0.9144132346240312,,0,-0.21940663278978045
8,always_freeze,2032,0.0,0.0,0.020648917744697515,-0.2768512080963187,-0.03599791079812287,-0.864633546656101,,0,-0.33210131119706826
8,always_freeze,2032,0.0,0.0,0.10779974980913615,0.45352466690669246,0.05704146306322483,0.7652887576478549,,0,-0.43871440448716553
8,always_freeze,2032,0.0,0.0,-0.05492988691717732,-0.45210726251745426,0.07565932482984802,0.22343058428073603,,0,-0.04771007144597952
8,always_freeze,2032,0.0,0.0,0.05760719150630317,-0.478075768445674,-0.08408812524389637,-0.2052038236222058,,0,-0.2004814054599147
8,always_freeze,2032,0.0,0.0,0.07746894116645775,-0.07227642188967187,0.12935553217254317,-0.4806520332439179,,0,-0.018355186239609918
8,always_freeze,2032,0.0,0.0,-0.1490751082051605,0.44103556705253666,0.10387619763869746,0.8187191625190255,,0,-0.5048720139560907
8,always_freeze,2032,0.0,0.0,-0.0012888644638468505,0.41763418648714234,-0.0671543354818394,0.05500901708232453,,0,-0.020293286983024905
8,always_freeze,2032,0.0,0.0,0.11850139309741575,-0.3928972659639173,0.05567739293032156,0.2900311677074996,,0,-0.03228426362786546
8,always_freeze,2032,0.0,0.0,-0.015159602126216698,0.4515321759110219,0.12424154352404201,0.3693094253031648,,0,-0.3409123318015977
8,always_freeze,2032,0.0,0.0,0.1781165756382211,0.3058392605380067,-0.021065972431829505,-0.4778888566778223,,0,-0.07158162880239077
8,always_freeze,2032,0.0,0.0,-0.1547048879709515,0.24897307011132663,0.1213954211941882,0.8111122204893226,,0,-0.44845991071561037
8,always_freeze,2032,0.0,0.0,-0.002120161786173469,-0.17184976597372892,0.04852499662286619,0.021724098713244544,,0,-0.020396777452154256
8,always_freeze,2032,0.0,0.0,-0.21856429263863109,0.17016032302355666,0.011770348305949863,0.008013635662230678,,0,-0.02155085201155661
8,always_freeze,2032,0.0,0.0,-0.06282171311026047,0.19563174742521983,-0.07618915969692491,0.3815588884528256,,0,-0.01977620353633406
8,always_freeze,2032,0.0,0.0,0.005974131748530842,-0.3899524505841978,-0.030036990553484702,0.8587715674402359,,0,-0.06686993739939391
8,always_freeze,2032,0.0,0.0,0.09427643744582331,-0.3984982074180845,0.11241397167920689,-0.48779650889385207,,0,-0.0426100208829308
9,action_only,2030,18.0,-4.5,-0.05184600350204882,0.30607942143937183,0.10099304756404573,-0.2530248106604298,,0,-1.000428779418118
9,action_only,2030,18.0,-4.5,-0.1746701675661021,-0.0960382503057311,-0.07758359458311934,-0.9072980629069103,10,4,-1.1238053380439668
9,action_only,2030,18.0,-4.5,0.10087321247067488,-0.1781914725731859,0.10810903795123564,0.4947797228192494,,0,-1.1340070508114262
9,action_only,2030,18.0,-4.5,-0.11061107803132053,-0.15683820569066687,0.029557280869386304,0.5523579826519649,,0,-1.0331074915265537
9,action_only,2030,18.0,-4.5,-0.11244633322915232,-0.2523323291940618,-0.08078175843615758,0.7014294184526371,,0,-0.9903138946976634
9,action_only,2030,18.0,-4.5,-0.03249481063765236,0.297320955958965,0.08713878784359438,-0.24534403441657937,,0,-0.9911647389254606
9,action_only,2030,18.0,-4.5,-0.2128657522118897,-0.3795630479155544,0.018756430666800133,0.6211744595695985,,0,-0.9615470061798572
9,action_only,2030,18.0,-4.5,-0.04125832193110157,-0.0887831501503984,-0.08845466779033351,-0.6387509190747986,,0,-1.0112472425977859
9,action_only,2030,18.0,-4.5,-0.1961992408789655,-0.2083538592638955,-0.007986654650933678,-0.6154045455662835,,0,-0.9485667866886079
9,action_only,2030,18.0,-4.5,-0.16562323687385,-0.2733998816963822,-0.10837784863116101,-0.33998648124044517,,0,-1.0282000392617978
9,action_only,2030,18.0,-4.5,-0.2393439382184675,0.0717705870988169,0.09286956528659143,-0.9550839743869992,,0,-0.876644888108378
9,action_only,2030,18.0,-4.5,-0.1293965880091248,0.02752419448843768,0.14113885165268072,0.9944181516349018,88,16,-1.7191055880210642
9,action_only,2030,18.0,-4.5,-0.24871107746498927,-0.29938154133106964,0.025446922056065135,0.40658082299074727,,0,-0.9307483798237932
9,action_only,2030,18.0,-4.5,-0.08221678174018854,0.17139958868425698,-0.03823551044323044,0.058579013211461195,,0,-0.9789140494588316
9,action_only,2030,18.0,-4.5,-0.0583582840637652,0.2194612905757084,-0.07634937683435745,0.3653484228930721,,0,-1.0652675487354677
9,action_only,2030,18.0,-4.5,-0.04988577268458283,-0.07789351033620806,0.0793096184914518,0.439263667930472,,0,-1.08487244441307
9,action_only,2030,18.0,-4.5,-0.24910183637657646,0.44845897341128094,0.036456235280835,-0.8651716035641965,,0,-0.9347866031447898
9,action_only,2030,18.0,-4.5,-0.012014557874164,0.01692531270132336,-0.1488798447885841,0.4777890790089574,,0,-1.030287536959529
9,action_only,2030,18.0,-4.5,0.07135007270608962,0.19457424037197468,-0.0678098459052404,0.46840836436307964,,0,-1.110342571028638
9,action_only,2030,18.0,-4.5,-0.010332518879528907,0.2955235774800139,-0.10406964857029463,0.2144724089766188,,0,-1.0557389039696612
9,action_only,2030,18.0,-4.5,-0.16372352617243813,0.39306591204031316,0.1481721978303123,-0.6748941429681388,,0,-0.9258208647563191
9,action_only,2030,18.0,-4.5,-0.07900715659985724,0.34110492262895664,0.0651917415315823,0.06022892227747434,,0,-1.1049077710633652
9,action_only,2030,18.0,-4.5,-0.05477919429534028,0.0928960523511676,-0.04417563996210884,-0.40160684783356126,,0,-0.9291281265558379
9,action_only,2030,18.0,-4.5,0.08546167953971262,-0.3133598337615493,-0.0525314198288976,-0.6335436313154903,,0,-0.9641401286279454
9,action_only,2030,18.0,-4.5,0.19777029486169678,0.36649577401099176,0.11499320740060989,0.5603658954529374,,0,-1.6398407454751343
9,action_only,2030,18.0,-4.5,-0.15214140323953612,-0.46337065588170534,-0.026757446180497343,0.5380984358701089,,0,-0.9116153539043291
9,action_only,2030,18.0,-4.5,0.22865119423133778,-0.45714569075357037,-0.1457865575881901,0.9773209857901659,,0,-1.0107971485314002
9,action_only,2030,18.0,-4.5,-0.23202367017315628,-0.003566724635694296,0.001562438412149314,0.40745027430264824,,0,-1.013308577244207
9,action_only,2030,18.0,-4.5,-0.1163189765726666,0.3732638918786515,-0.03942925647658095,0.12384672478393144,,0,-1.0624692550794081
9,action_only,2030,18.0,-4.5,0.17497647362832425,0.04009854363336052,0.04049765122913601,0.003291045139735882,,0,-0.9650895612051431
9,action_only,2030,18.0,-4.5,0.21117851654077502,-0.038140109587037174,-0.021662473564537987,-0.6905630402341905,,0,-0.9011488685398035
9,action_only,2030,18.0,-4.5,0.08111152296731428,0.39398162322906694,-0.07317993963361681,-0.23996179617651547,,0,-1.0101040736897855
9,action_only,2030,18.0,-4.5,-0.23512842594624062,-0.07925923036509064,0.044190096590837336,-0.7469962832660819,,0,-0.9031390676724637
9,action_only,2030,18.0,-4.5,0.14288723007155796,-0.3677795924230466,0.08212546185605069,-0.4235124635062011,,0,-0.7986973733196983
9,action_only,2030,18.0,-4.5,0.021032964973469737,-0.02631751023522033,-0.03597850764534562,0.6941167096109981,,0,-1.1103938203285801
9,action_only,2030,18.0,-4.5,-0.1000126504446634,-0.3157118928679221,0.07853218318496319,0.04168884941597595,,0,-0.8596350046966018
9,action_only,2030,18.0,-4.5,0.15265004930217052,-0.36443176343201233,0.057010322604900104,-0.24333297120016706,,0,-0.8153803531044918
9,action_only,2030,18.0,-4.5,0.1728960900835289,0.4978108002253202,0.1347512880915044,0.512138613039256,72,31,-1.7746173998936277
9,action_only,2030,18.0,-4.5,-0.13794172072230004,0.2523563335356085,-0.07627609400165962,0.6374054670125864,,0,-1.1657320415730903
9,action_only,2030,18.0,-4.5,0.12232806968614085,0.2790916470408108,0.05126162458101299,-0.052528483320705366,,0,-1.050228526235331
9,action_only,2030,18.0,-4.5,0.04411692908133491,0.14370649656475665,-0.1424939375835341,-0.8807516257527177,,0,-1.1108090659953789
9,action_only,2030,18.0,-4.5,-0.04818470777040351,0.03507477552719762,-0.03121113869144833,-0.38954138036986174,,0,-0.9158635783457731
9,action_only,2030,18.0,-4.5,-0.061741698435153536,-0.21738020529300228,-0.14814469312178866,0.09411456277199148,,0,-0.9865524739421763
9,action_only,2030,18.0,-4.5,0.10798219580122403,-0.013327890407098142,0.11522885326154489,-0.4347669778331049,,0,-0.8571435398097454
9,action_only,2030,18.0,-4.5,0.02964323930949897,-0.33728262282208876,0.020995901843503167,0.03545891479456542,,0,-0.8540556076045599
9,action_only,2030,18.0,-4.5,-0.19127657643298324,-0.006366838994584345,-0.12025766177631131,0.371870969733503,,0,-1.0044329620900814
9,action_only,2030,18.0,-4.5,0.06228276560775298,-0.11416833641517976,-0.10040857881207688,0.3364488398021621,,0,-0.9655528819595648
9,action_only,2030,18.0,-4.5,-0.004513231278477359,0.19063809501508655,-0.12717927829649459,0.16192327587643685,,0,-1.0238359825097807
9,action_only,2030,18.0,-4.5,0.08751556538446681,-0.05232433589254193,-0.05577903904144785,0.3963749067973721,,0,-0.993676220293635
9,action_only,2030,18.0,-4.5,-0.12005219468295641,0.2312462372416506,-0.14256012243204116,-0.1574196787062363,,0,-1.0160816722920252
9,action_only,2030,18.0,-4.5,0.03406304572905289,-0.10366774974351156,0.0922263507368278,0.619401797543425,,0,-1.206853388666053
9,action_only,2030,18.0,-4.5,-0.22576549038460858,0.4785897534640512,0.024075450510955165,0.3924311236153992,,0,-1.269807606221946
9,action_only,2030,18.0,-4.5,0.1540769353616137,0.2737429839829577,0.10063374135746586,0.513495678515373,,0,-1.461360990207939
9,action_only,2030,18.0,-4.5,0.039467936271113946,-0.43108336076345866,-0.0020020605007881054,-0.46518989307802516,,0,-0.8887803715036251
9,action_only,2030,18.0,-4.5,0.06205152188869095,-0.464544024075189,0.03995502402254755,-0.3786386870963008,,0,-0.8327913635223898
9,action_only,2030,18.0,-4.5,-0.13371271560443138,-0.2805805024807255,-0.023090921287984234,-0.7598913679230228,,0,-1.0012470711838453
9,action_only,2030,18.0,-4.5,-0.19783396007151605,-0.09498100989584568,0.08431783029709747,0.6849151318630617,,0,-1.1873664381480675
9,action_only,2030,18.0,-4.5,-0.04794666198426195,0.21103313285010683,-0.04749904442938542,0.2746714753603463,,0,-1.0459256070335698
9,action_only,2030,18.0,-4.5,0.18459989159238321,-0.29048621819121834,0.13687854976409183,-0.38116787349079484,,0,-0.8065234730484135
9,action_only,2030,18.0,-4.5,-0.052596513525193234,0.3728039044424841,0.04544368088243514,0.2619753303164607,,0,-1.2018099436214313
9,action_only,2030,18.0,-4.5,-0.13023886920061645,-0.4000915140241518,0.11025984943854675,0.26190545607406035,,0,-0.9053126598586411
9,action_only,2030,18.0,-4.5,0.07363891060096278,0.39055726666343815,-0.0006869946930977144,-0.3965470574024279,,0,-0.9700915456081165
9,action_only,2030,18.0,-4.5,-0.0604382319260936,0.27485034661966123,0.06813537822018145,0.16366773976564253,,0,-1.123868856897307
9,action_only,2030,18.0,-4.5,-0.05218653577595406,-0.05363362003716077,-0.05397920266786094,0.007692874763531199,,0,-0.9281130242820175
9,action_only,2031,18.0,-4.5,-0.05719559306725752,0.029977481420147667,0.12842040260494766,0.2967636762235082,,0,-1.1428911528971162
9,action_only,2031,18.0,-4.5,0.00041479846092579153,0.2721927656375751,0.11014879009583631,0.3854936434772629,,0,-1.3360283084791427
9,action_only,2031,18.0,-4.5,-0.07587045350273108,-0.25069801024430605,0.08963116482608541,0.38660453020354213,,0,-0.9894557542447762
9,action_only,2031,18.0,-4.5,-0.16072924027203384,0.4939430909001882,-0.1358630047616157,-0.8812733049729311,,0,-1.0816554532975264
9,action_only,2031,18.0,-4.5,0.24478606058792612,0.21544858332038674,-0.06602284886490674,0.9546284718587277,,0,-1.4218248620538205
9,action_only,2031,18.0,-4.5,-0.06766414239262963,-0.38218468219959956,-0.032598289634361816,0.987348958235774,,0,-1.0614357935212992
9,action_only,2031,18.0,-4.5,-0.10924017350661602,0.3754688310904263,-0.1395799529012843,0.863510397476903,,0,-1.2840306045719874
9,action_only,2031,18.0,-4.5,-0.13533111001840514,-0.04147778849238515,0.14068175335234165,0.12043226304240329,,0,-1.0219559076458453
9,action_only,2031,18.0,-4.5,0.07978135920252649,-0.023029679336416975,-0.06538883311653178,-0.9965905229899363,,0,-1.0380253464545826
9,action_only,2031,18.0,-4.5,0.24791850639542956,-0.37942870206141854,-0.07364437009577098,0.5677461484354571,,0,-0.94558865159669
9,action_only,2031,18.0,-4.5,-0.00019031193364671406,-0.002740967741479361,-0.038986250374450485,0.24015787853474557,,0,-0.9678935503153066
9,action_only,2031,18.0,-4.5,-0.09187037674143367,-0.3189788131123753,-0.0024639503641179505,-0.8352063207937217,,0,-0.987163541076146
9,action_only,2031,18.0,-4.5,0.08457043881961968,0.43130667197173067,-0.022205297391200696,-0.2903455258061334,,0,-1.0049298739882606
9,action_only,2031,18.0,-4.5,0.043297730134621626,-0.26430226555847003,-0.013176510592217555,0.20956588122333253,,0,-0.8955459410224229
9,action_only,2031,18.0,-4.5,-0.10094702247921938,-0.36775367605226494,0.09169644069195076,-0.18779302771909512,,0,-0.8203196644196556
9,action_only,2031,18.0,-4.5,0.1884744089590798,-0.18925371788006506,0.0909228694650712,-0.8298318940671692,,0,-0.8130341287879442
9,action_only,2031,18.0,-4.5,0.009440229344430062,-0.135091109056364,-0.03635134315064523,-0.739372215805318,,0,-0.9532686577922619
9,action_only,2031,18.0,-4.5,0.07521640816545822,-0.3415091287433899,0.07555238392778321,0.7646136173184206,,0,-1.1318519586669196
9,action_only,2031,18.0,-4.5,-0.08952153948342478,0.19379466813065394,-0.08336120587227071,0.8171416305483021,,0,-1.2159543861000504
9,action_only,2031,18.0,-4.5,0.08713994647273327,-0.025246928221083098,-0.038656775628084034,-0.17415188676743076,,0,-0.9110954938150084
9,action_only,2031,18.0,-4.5,-0.21842331465768017,0.08360161299281577,-0.027927589315817514,-0.021641587680241603,,0,-0.94576384117567
9,action_only,2031,18.0,-4.5,-0.23817768139675016,0.32912885268562886,-0.0454553087606549,0.5842483877496001,,0,-1.1944000892579714
9,action_only,2031,18.0,-4.5,0.0035549008617828393,-0.13584934794824965,-0.020728546539534237,-0.43703856431753074,,0,-0.8959204947744622
9,action_only,2031,18.0,-4.5,0.06809837093073917,-0.0930635512668826,0.018350245073017635,-0.9734092402142873,,0,-0.9152928689274056
9,action_only,2031,18.0,-4.5,0.05974480105472729,-0.18686403018196263,0.023105223860972524,-0.45029444570361776,,0,-0.8545271055604815
9,action_only,2031,18.0,-4.5,0.21004191179998616,-0.051135912337605394,0.08308904019903207,0.2946149937151734,,0,-1.0880995664078454
9,action_only,2031,18.0,-4.5,0.10503274783308614,-0.36169591995039485,-0.08476374293807364,0.024535690726771753,,0,-0.9130834574037588
9,action_only,2031,18.0,-4.5,0.18631626379720384,-0.2868283780049591,-0.13569236308343777,0.31330259950078965,,0,-0.9562277791109461
9,action_only,2031,18.0,-4.5,0.08684596990970628,-0.44277480118184553,0.06277299506718287,0.036861988274649926,,0,-0.8307621963104326
9,action_only,2031,18.0,-4.5,0.23632962805057833,-0.2737434696336881,-0.045053013304271264,-0.1361091609668743,,0,-0.8852747867300864
9,action_only,2031,18.0,-4.5,-0.24754269979104693,0.37075844396283286,0.11558464735629273,-0.8259862480601177,,0,-0.8880336456428608
9,action_only,2031,18.0,-4.5,-0.035163736461436945,0.15658602203133398,-0.10605356980128908,-0.7802959413323836,,0,-1.029400835638902
9,action_only,2031,18.0,-4.5,0.1231977590524218,-0.4168767854115202,0.13205614302995097,-0.404141022751507,,0,-0.7795279800929069
9,action_only,2031,18.0,-4.5,0.10273485677697786,0.3513288363432773,-0.09688081669079518,-0.74999894407966,,0,-0.9883203369012795
9,action_only,2031,18.0,-4.5,-0.013090082483146914,0.4216551912347666,-0.12893868354606336,-0.8075099557518162,,0,-1.038089048384243
9,action_only,2031,18.0,-4.5,-0.21087361925095793,-0.34008392139782284,0.1029692819011512,0.31729222948064506,,0,-0.934389047118309
9,action_only,2031,18.0,-4.5,-0.2172681570069221,0.3108853840027679,-0.08437578210308493,0.8343107050785301,,0,-1.2664354443723105
9,action_only,2031,18.0,-4.5,0.17854695665205939,-0.4438756321523265,0.01529411115016352,-0.6977299565415498,,0,-0.8900745075928674
9,action_only,2031,18.0,-4.5,0.07726669354380805,0.13774062240984086,0.13352727004458623,0.02909579767429915,,0,-1.0998970878970147
9,action_only,2031,18.0,-4.5,0.18710394121383273,0.3686179697175588,-0.014019474719358327,-0.8007416270501262,,0,-0.9346169775326096
9,action_only,2031,18.0,-4.5,0.048972261799093364,0.1313385331831709,-0.1067307445679048,-0.3287918720466534,,0,-0.9702518793560174
9,action_only,2031,18.0,-4.5,0.09718291577752147,0.005872463345556023,0.011593024748510788,0.8024727635428832,,0,-1.2627760357111237
9,action_only,2031,18.0,-4.5,0.14935170488128746,-0.22825866066070433,-0.018477079629208498,0.8933377939132572,,0,-1.1438482828251675
9,action_only,2031,18.0,-4.5,0.20067413053531086,-0.12633436261752995,0.13885268365760403,0.23148772800943207,,0,-1.0953405187968714
9,action_only,2031,18.0,-4.5,-0.08589425396771094,0.13351245123576228,-0.07198172220174581,0.13023504799854502,,0,-0.9851537451276896
9,action_only,2031,18.0,-4.5,-0.05447144287086386,-0.07576520117734209,-0.08846130582813654,-0.6777708922035284,,0,-1.0198893358260674
9,action_only,2031,18.0,-4.5,-0.21747418066798524,0.28640932106450523,-0.11237846207802576,-0.4280926413579471,,0,-1.010635602238938
9,action_only,2031,18.0,-4.5,-0.05216380534868992,-0.22703978591909113,-0.011007289099728285,-0.5554858405333485,,0,-0.9112837971574378
9,action_only,2031,18.0,-4.5,0.03105329714463445,0.30896916347743897,-0.07959698733646935,-0.6980137769170842,,0,-0.9715026834329803
9,action_only,2031,18.0,-4.5,-0.19657397761776896,0.186031639190528,-0.09673404053650989,-0.5648180890272156,,0,-1.0076651256656595
9,action_only,2031,18.0,-4.5,-0.24065859109650412,-0.03358991134538736,0.08494174947500269,-0.627427741652242,,0,-0.8560816579770602
9,action_only,2031,18.0,-4.5,-0.16438692285361428,-0.07705859830215234,-0.09437117764258032,-0.060380711664147046,,0,-0.9613648285757666
9,action_only,2031,18.0,-4.5,-0.21948801697981907,-0.429201148312808,-0.09017604969109227,0.9486938308081985,,0,-0.9999480623436379
9,action_only,2031,18.0,-4.5,-0.2203960579142219,-0.4038488461308124,-0.1398016283202744,0.5512330483767147,,0,-0.9872759100880187
9,action_only,2031,18.0,-4.5,-0.0009873401921921543,-0.08332778477370284,0.036001141293737715,0.3957285842005567,,0,-1.0224431537538916
9,action_only,2031,18.0,-4.5,0.2303375008521033,0.3238000738487845,-0.1478056767727303,0.6569586795054065,,0,-1.2332526463904945
9,action_only,2031,18.0,-4.5,0.227850678441546,-0.4460371563529001,-0.12204663784886981,0.34031384088368677,,0,-0.9302489390587302
9,action_only,2031,18.0,-4.5,0.2274924967009811,0.39736651004177115,-0.13230561030604085,-0.9171359809818949,,0,-1.0319960350963602
9,action_only,2031,18.0,-4.5,0.11694240802170658,0.23984145815095692,0.14438369093870743,0.5678026795051414,,0,-1.588322649111478
9,action_only,2031,18.0,-4.5,0.2457258071475672,-0.21488261959083332,0.038315898536961185,-0.7895688558206044,,0,-0.8510385398292759
9,action_only,2031,18.0,-4.5,0.08430786495974618,-0.10895607224188542,0.04434566901735931,-0.9470092391609788,,0,-0.8802757963743812
9,action_only,2031,18.0,-4.5,0.24717650707901756,-0.042475513854508096,-0.05002850584194453,0.6459609604524086,,0,-1.1148628407325991
9,action_only,2031,18.0,-4.5,0.18558918665217328,0.197465699954667,0.1402031382125212,-0.08117756266642817,,0,-1.115284919073035
9,action_only,2032,18.0,-4.5,0.008367459450451809,0.112264267629136,-0.025505805762366246,0.9840330568368314,,0,-1.3584683509075475
9,action_only,2032,18.0,-4.5,-0.1864171860319725,-0.25834647716187553,-0.11060540575936717,0.35773423293883067,,0,-0.9659329338906469
9,action_only,2032,18.0,-4.5,-0.20366109945424188,0.2841634660303536,0.0897209301453448,0.22832577124943332,,0,-1.164074535793469
9,action_only,2032,18.0,-4.5,-0.20733308285993302,-0.02397936104058851,-0.010641318927114785,-0.5635161851876977,,0,-0.9282078713316506
9,action_only,2032,18.0,-4.5,-0.2017684173697365,0.49274223679378937,-0.04197515345875004,-0.46473893672876265,,0,-0.9946158759025109
9,action_only,2032,18.0,-4.5,0.09638989472669934,0.13130541528275663,-0.049527757258839955,-0.13947319219939724,,0,-0.9481744438520413
9,action_only,2032,18.0,-4.5,-0.17167077945785825,-0.3093585094041926,-0.01631447319820245,-0.023030024907035207,,0,-0.8907316010392855
9,action_only,2032,18.0,-4.5,-0.08846827591619444,0.4787430018856348,0.09557815176991791,-0.6442691955697661,,0,-0.9476637188267473
9,action_only,2032,18.0,-4.5,-0.24263214384426413,0.4592575433995567,-0.04659935423082169,0.8930348063474585,,0,-1.4410739195316142
9,action_only,2032,18.0,-4.5,-0.004075901659786163,0.350707700715706,-0.002463934842299592,-0.3881444932383227,,0,-0.9551266144202628
9,action_only,2032,18.0,-4.5,-0.0055155840254163535,0.25220908338844383,-0.0171824870703845,-0.7044532273319046,,0,-0.9257373604682414
9,action_only,2032,18.0,-4.5,0.1758520768405965,-0.0664346598679999,0.10959733380349987,-0.30229058052119595,,0,-0.8754791532812398
9,action_only,2032,18.0,-4.5,0.12321084464730131,-0.23547928304079868,-0.12592058439601292,0.6503637799178794,,0,-0.993884521936518
9,action_only,2032,18.0,-4.5,0.04602596567933842,0.30167465619720657,0.09590450935538827,0.584415406085927,,0,-1.4851377423836787
9,action_only,2032,18.0,-4.5,0.2089783149025276,0.07662012298435994,0.09665010891405842,0.008752578361251206,,0,-1.0386212948420703
9,action_only,2032,18.0,-4.5,0.17503574940750427,-0.45444987710930873,0.06507797129550932,0.6174163542102524,,0,-1.007193923841109
9,action_only,2032,18.0,-4.5,-0.14736757146152718,0.2896404065813466,0.00686426178750954,0.09196397701471937,,0,-1.0359925993667811
9,action_only,2032,18.0,-4.5,0.22625629338967296,-0.41724318697738905,-0.13587726539817796,0.7256744058189266,,0,-0.9701350426125621
9,action_only,2032,18.0,-4.5,0.04158565721454649,-0.21396274179404817,-0.04856866055407734,0.2634864857914767,,0,-0.9196647083772922
9,action_only,2032,18.0,-4.5,-0.2174158797852948,-0.2627353948709128,0.019808773451125916,0.6176378502993707,,0,-0.9998048026338862
9,action_only,2032,18.0,-4.5,0.02280545884951579,0.3793168185543673,-0.0006454883047744553,0.1993706771828747,,0,-1.1385336289206498
9,action_only,2032,18.0,-4.5,-0.061885346607069125,0.41813104039128157,-0.09809940995781084,-0.32335571362830007,,0,-1.0069228012546725
9,action_only,2032,18.0,-4.5,0.18425302638319846,-0.18379902287720584,-0.07023529146192369,0.026446679546727525,,0,-0.9149854583366921
9,action_only,2032,18.0,-4.5,-0.22830186029714528,-0.07446259371436525,0.1144998098008013,0.41813649981596623,,0,-1.098915272827402
9,action_only,2032,18.0,-4.5,0.0416969770121981,0.44144831788540373,0.04198110518606485,-0.2773927169166308,,0,-1.0251377530942805
9,action_only,2032,18.0,-4.5,-0.006145111708868278,0.05275204584477733,0.11880155740849793,0.00457213393540723,,0,-1.0083071520843958
9,action_only,2032,18.0,-4.5,0.16277111421400892,0.10029901714083311,0.04483622634218959,-0.7114426903009092,,0,-0.8655200221215565
9,action_only,2032,18.0,-4.5,0.014667942510301846,-0.2821447137829929,-0.052050304653680546,0.3223045477500319,,0,-0.9145139221211385
9,action_only,2032,18.0,-4.5,-0.06934258565612567,-0.40706592325006385,0.08728528241195943,-0.6408550616657391,,0,-0.8340896642323138
9,action_only,2032,18.0,-4.5,-0.038121502975177246,0.22011668511728733,0.02752551202854836,-0.47931180393926587,,0,-0.9054761905030572
9,action_only,2032,18.0,-4.5,0.16574472353629083,-0.31758928197572467,0.05315569680949392,-0.7036773435787596,,0,-0.8387171968621836
9,action_only,2032,18.0,-4.5,-0.018017359950048384,-0.12296845750143603,-0.04124340171072652,-0.6529797398299428,,0,-0.9461824643620924
9,action_only,2032,18.0,-4.5,0.11341385367645235,-0.1220746845368249,-0.09100078237413031,0.3371229740789443,,0,-0.9627365945030334
9,action_only,2032,18.0,-4.5,0.20030989951519645,-0.21670738288848101,-0.07976366122090225,0.8022436406475562,,0,-1.0632970604961096
9,action_only,2032,18.0,-4.5,-0.11689004685970539,0.382027756748203,-0.1459398908956392,-0.5885004417454933,,0,-1.0398885904397188
9,action_only,2032,18.0,-4.5,0.15512068085384872,-0.49627344395082296,0.05327564867955836,-0.49070364152719836,,0,-0.8218498631256083
9,action_only,2032,18.0,-4.5,-0.11822150357914468,-0.26732384021897415,-0.09993121572448953,-0.20164783815716536,,0,-0.9805067217280811
9,action_only,2032,18.0,-4.5,0.0872672183745466,-0.26433940034962355,-0.11118987182297488,0.9681223155347609,,0,-1.068126882579594
9,action_only,2032,18.0,-4.5,-0.19130599175002383,-0.4563809017599326,0.10992572107160589,0.5677707123902886,,0,-0.9925390831758943
9,action_only,2032,18.0,-4.5,0.19918380707948863,0.09348858815376204,0.019040405623468704,-0.4163249679495007,,0,-0.8935249007977817
9,action_only,2032,18.0,-4.5,-0.19521665322463932,0.39863883554629786,-0.027449273014267,0.884125676794137,,0,-1.4367051491796896
9,action_only,2032,18.0,-4.5,-0.21145101085324552,0.426195577265821,0.10965556340877045,0.6338751866706402,,0,-1.5752981608040673
9,action_only,2032,18.0,-4.5,0.23524119305888064,-0.18605301587227951,-0.017259657407084184,0.7552102687536919,,0,-1.1203000382587267
9,action_only,2032,18.0,-4.5,-0.07795174140236638,-0.052156686094574245,0.018973160730771266,-0.34575111221894406,,0,-0.8759791974846175
9,action_only,2032,18.0,-4.5,-0.033668255476272335,-0.1725734700847743,0.12180797050090028,0.18397839572361385,,0,-0.9801300922137366
9,action_only,2032,18.0,-4.5,-0.16907494503910653,0.23722104006924416,0.07007530109779561,-0.5762368198749008,,0,-0.890802695069143
9,action_only,2032,18.0,-4.5,-0.1116410955988063,-0.3693972214385036,0.0862563787812691,0.3015043416579235,,0,-0.9111507607170343
9,action_only,2032,18.0,-4.5,-0.07837595298441319,0.37253283428954154,-0.07735196052146998,-0.9144132346240312,,0,-1.0060441587075741
9,action_only,2032,18.0,-4.5,0.020648917744697515,-0.2768512080963187,-0.03599791079812287,-0.864633546656101,11,1,-1.0152483580403808
9,action_only,2032,18.0,-4.5,0.10779974980913615,0.45352466690669246,0.05704146306322483,0.7652887576478549,78,26,-1.6876085674388013
9,action_only,2032,18.0,-4.5,-0.05492988691717732,-0.45210726251745426,0.07565932482984802,0.22343058428073603,,0,-0.8643513892972209
9,action_only,2032,18.0,-4.5,0.05760719150630317,-0.478075768445674,-0.08408812524389637,-0.2052038236222058,,0,-0.9514812524704652
9,action_only,2032,18.0,-4.5,0.07746894116645775,-0.07227642188967187,0.12935553217254317,-0.4806520332439179,,0,-0.8341195887577387
9,action_only,2032,18.0,-4.5,-0.1490751082051605,0.44103556705253666,0.10387619763869746,0.8187191625190255,74,38,-1.7674380126711904
9,action_only,2032,18.0,-4.5,-0.0012888644638468505,0.41763418648714234,-0.0671543354818394,0.05500901708232453,,0,-1.0658066019143526
9,action_only,2032,18.0,-4.5,0.11850139309741575,-0.3928972659639173,0.05567739293032156,0.2900311677074996,,0,-0.8970526635947802
9,action_only,2032,18.0,-4.5,-0.015159602126216698,0.4515321759110219,0.12424154352404201,0.3693094253031648,,0,-1.490162513705795
9,action_only,2032,18.0,-4.5,0.1781165756382211,0.3058392605380067,-0.021065972431829505,-0.4778888566778223,,0,-0.9488367927162417
9,action_only,2032,18.0,-4.5,-0.1547048879709515,0.24897307011132663,0.1213954211941882,0.8111122204893226,,0,-1.6393409656933435
9,action_only,2032,18.0,-4.5,-0.002120161786173469,-0.17184976597372892,0.04852499662286619,0.021724098713244544,,0,-0.8858635348703444
9,action_only,2032,18.0,-4.5,-0.21856429263863109,0.17016032302355666,0.011770348305949863,0.008013635662230678,,0,-0.9686299044183573
9,action_only,2032,18.0,-4.5,-0.06282171311026047,0.19563174742521983,-0.07618915969692491,0.3815588884528256,,0,-1.060300802881363
9,action_only,2032,18.0,-4.5,0.005974131748530842,-0.3899524505841978,-0.030036990553484702,0.8587715674402359,,0,-1.0185042829084734
9,action_only,2032,18.0,-4.5,0.09427643744582331,-0.3984982074180845,0.11241397167920689,-0.48779650889385207,,0,-0.7840777129306479
9,commit_gate,2030,2.7,-0.675,-0.05184600350204882,0.30607942143937183,0.10099304756404573,-0.2530248106604298,,0,-0.058332182942649434
9,commit_gate,2030,2.7,-0.675,-0.1746701675661021,-0.0960382503057311,-0.07758359458311934,-0.9072980629069103,,0,-0.421617900576531
9,commit_gate,2030,2.7,-0.675,0.10087321247067488,-0.1781914725731859,0.10810903795123564,0.4947797228192494,,0,-0.16774039288519654
9,commit_gate,2030,2.7,-0.675,-0.11061107803132053,-0.15683820569066687,0.029557280869386304,0.5523579826519649,,0,-0.0745359905610329
9,commit_gate,2030,2.7,-0.675,-0.11244633322915232,-0.2523323291940618,-0.08078175843615758,0.7014294184526371,,0,-0.033960190147889965
9,commit_gate,2030,2.7,-0.675,-0.03249481063765236,0.297320955958965,0.08713878784359438,-0.24534403441657937,,0,-0.051373199966840276
9,commit_gate,2030,2.7,-0.675,-0.2128657522118897,-0.3795630479155544,0.018756430666800133,0.6211744595695985,,0,-0.054842214629301986
9,commit_gate,2030,2.7,-0.675,-0.04125832193110157,-0.0887831501503984,-0.08845466779033351,-0.6387509190747986,,0,-0.2586543076583899
9,commit_gate,2030,2.7,-0.675,-0.1961992408789655,-0.2083538592638955,-0.007986654650933678,-0.6154045455662835,,0,-0.19948819834360337
9,commit_gate,2030,2.7,-0.675,-0.16562323687385,-0.2733998816963822,-0.10837784863116101,-0.33998648124044517,,0,-0.26821249049715407
9,commit_gate,2030,2.7,-0.675,-0.2393439382184675,0.0717705870988169,0.09286956528659143,-0.9550839743869992,,0,-0.11333415683649199
9,commit_gate,2030,2.7,-0.675,-0.1293965880091248,0.02752419448843768,0.14113885165268072,0.9944181516349018,,0,-0.5484607740213202
9,commit_gate,2030,2.7,-0.675,-0.24871107746498927,-0.29938154133106964,0.025446922056065135,0.40658082299074727,,0,-0.04244692377087498
9,commit_gate,2030,2.7,-0.675,-0.08221678174018854,0.17139958868425698,-0.03823551044323044,0.058579013211461195,,0,-0.02508876013991852
9,commit_gate,2030,2.7,-0.675,-0.0583582840637652,0.2194612905757084,-0.07634937683435745,0.3653484228930721,,0,-0.03791811490236063
9,commit_gate,2030,2.7,-0.675,-0.04988577268458283,-0.07789351033620806,0.0793096184914518,0.439263667930472,,0,-0.11534847815562864
9,commit_gate,2030,2.7,-0.675,-0.24910183637657646,0.44845897341128094,0.036456235280835,-0.8651716035641965,,0,-0.07726362016767535
9,commit_gate,2030,2.7,-0.675,-0.012014557874164,0.01692531270132336,-0.1488798447885841,0.4777890790089574,,0,-0.030508586934952377
9,commit_gate,2030,2.7,-0.675,0.07135007270608962,0.19457424037197468,-0.0678098459052404,0.46840836436307964,,0,-0.06337901956765853
9,commit_gate,2030,2.7,-0.675,-0.010332518879528907,0.2955235774800139,-0.10406964857029463,0.2144724089766188,,0,-0.031480211256409686
9,commit_gate,2030,2.7,-0.675,-0.16372352617243813,0.39306591204031316,0.1481721978303123,-0.6748941429681388,,0,-0.038087336591177315
9,commit_gate,2030,2.7,-0.675,-0.07900715659985724,0.34110492262895664,0.0651917415315823,0.06022892227747434,,0,-0.09496598342631472
9,commit_gate,2030,2.7,-0.675,-0.05477919429534028,0.0928960523511676,-0.04417563996210884,-0.40160684783356126,,0,-0.07749142011001744
9,commit_gate,2030,2.7,-0.675,0.08546167953971262,-0.3133598337615493,-0.0525314198288976,-0.6335436313154903,,0,-0.24573510552508873
9,commit_gate,2030,2.7,-0.675,0.19777029486169678,0.36649577401099176,0.11499320740060989,0.5603658954529374,,0,-0.4698054162576972
9,commit_gate,2030,2.7,-0.675,-0.15214140323953612,-0.46337065588170534,-0.026757446180497343,0.5380984358701089,,0,-0.03938936564822799
9,commit_gate,2030,2.7,-0.675,0.22865119423133778,-0.45714569075357037,-0.1457865575881901,0.9773209857901659,,0,-0.041733440537355525
9,commit_gate,2030,2.7,-0.675,-0.23202367017315628,-0.003566724635694296,0.001562438412149314,0.40745027430264824,,0,-0.0478669460295629
9,commit_gate,2030,2.7,-0.675,-0.1163189765726666,0.3732638918786515,-0.03942925647658095,0.12384672478393144,,0,-0.040723264974718634
9,commit_gate,2030,2.7,-0.675,0.17497647362832425,0.04009854363336052,0.04049765122913601,0.003291045139735882,,0,-0.045303900496085285
9,commit_gate,2030,2.7,-0.675,0.21117851654077502,-0.038140109587037174,-0.021662473564537987,-0.6905630402341905,,0,-0.12221283101376416
9,commit_gate,2030,2.7,-0.675,0.08111152296731428,0.39398162322906694,-0.07317993963361681,-0.23996179617651547,,0,-0.040419100564728305
9,commit_gate,2030,2.7,-0.675,-0.23512842594624062,-0.07925923036509064,0.044190096590837336,-0.7469962832660819,,0,-0.14436058027978435
9,commit_gate,2030,2.7,-0.675,0.14288723007155796,-0.3677795924230466,0.08212546185605069,-0.4235124635062011,,0,-0.04595712559939053
9,commit_gate,2030,2.7,-0.675,0.021032964973469737,-0.02631751023522033,-0.03597850764534562,0.6941167096109981,,0,-0.08538889909784168
9,commit_gate,2030,2.7,-0.675,-0.1000126504446634,-0.3157118928679221,0.07853218318496319,0.04168884941597595,,0,-0.029290166955265977
9,commit_gate,2030,2.7,-0.675,0.15265004930217052,-0.36443176343201233,0.057010322604900104,-0.24333297120016706,,0,-0.03591138962406049
9,commit_gate,2030,2.7,-0.675,0.1728960900835289,0.4978108002253202,0.1347512880915044,0.512138613039256,,0,-0.5589148908612259
9,commit_gate,2030,2.7,-0.675,-0.13794172072230004,0.2523563335356085,-0.07627609400165962,0.6374054670125864,,0,-0.07687653127616893
9,commit_gate,2030,2.7,-0.675,0.12232806968614085,0.2790916470408108,0.05126162458101299,-0.052528483320705366,,0,-0.07457528894653255
9,commit_gate,2030,2.7,-0.675,0.04411692908133491,0.14370649656475665,-0.1424939375835341,-0.8807516257527177,,0,-0.3890655903146935
9,commit_gate,2030,2.7,-0.675,-0.04818470777040351,0.03507477552719762,-0.03121113869144833,-0.38954138036986174,,0,-0.07288356534609332
9,commit_gate,2030,2.7,-0.675,-0.061741698435153536,-0.21738020529300228,-0.14814469312178866,0.09411456277199148,,0,-0.12992131927365086
9,commit_gate,2030,2.7,-0.675,0.10798219580122403,-0.013327890407098142,0.11522885326154489,-0.4347669778331049,,0,-0.02551809975424994
9,commit_gate,2030,2.7,-0.675,0.02964323930949897,-0.33728262282208876,0.020995901843503167,0.03545891479456542,,0,-0.028741935243051093
9,commit_gate,2030,2.7,-0.675,-0.19127657643298324,-0.006366838994584345,-0.12025766177631131,0.371870969733503,,0,-0.03962678997833393
9,commit_gate,2030,2.7,-0.675,0.06228276560775298,-0.11416833641517976,-0.10040857881207688,0.3364488398021621,,0,-0.07246835117932157
9,commit_gate,2030,2.7,-0.675,-0.004513231278477359,0.19063809501508655,-0.12717927829649459,0.16192327587643685,,0,-0.03537365563506768
9,commit_gate,2030,2.7,-0.675,0.08751556538446681,-0.05232433589254193,-0.05577903904144785,0.3963749067973721,,0,-0.03186446209789732
9,commit_gate,2030,2.7,-0.675,-0.12005219468295641,0.2312462372416506,-0.14256012243204116,-0.1574196787062363,,0,-0.09991059166710409
9,commit_gate,2030,2.7,-0.675,0.03406304572905289,-0.10366774974351156,0.0922263507368278,0.619401797543425,,0,-0.19838395597158343
9,commit_gate,2030,2.7,-0.675,-0.22576549038460858,0.4785897534640512,0.024075450510955165,0.3924311236153992,,0,-0.15733584782926138
9,commit_gate,2030,2.7,-0.675,0.1540769353616137,0.2737429839829577,0.10063374135746586,0.513495678515373,,0,-0.34540671795462263
9,commit_gate,2030,2.7,-0.675,0.039467936271113946,-0.43108336076345866,-0.0020020605007881054,-0.46518989307802516,,0,-0.15699718402757443
9,commit_gate,2030,2.7,-0.675,0.06205152188869095,-0.464544024075189,0.03995502402254755,-0.3786386870963008,,0,-0.09226870815323386
9,commit_gate,2030,2.7,-0.675,-0.13371271560443138,-0.2805805024807255,-0.023090921287984234,-0.7598913679230228,,0,-0.2935106893246049
9,commit_gate,2030,2.7,-0.675,-0.19783396007151605,-0.09498100989584568,0.08431783029709747,0.6849151318630617,,0,-0.1755593276020753
9,commit_gate,2030,2.7,-0.675,-0.04794666198426195,0.21103313285010683,-0.04749904442938542,0.2746714753603463,,0,-0.03876221457767319
9,commit_gate,2030,2.7,-0.675,0.18459989159238321,-0.29048621819121834,0.13687854976409183,-0.38116787349079484,,0,-0.02654084858570737
9,commit_gate,2030,2.7,-0.675,-0.052596513525193234,0.3728039044424841,0.04544368088243514,0.2619753303164607,,0,-0.1396578806732451
9,commit_gate,2030,2.7,-0.675,-0.13023886920061645,-0.4000915140241518,0.11025984943854675,0.26190545607406035,,0,-0.05367406995774771
9,commit_gate,2030,2.7,-0.675,0.07363891060096278,0.39055726666343815,-0.0006869946930977144,-0.3965470574024279,,0,-0.03398780457186967
9,commit_gate,2030,2.7,-0.675,-0.0604382319260936,0.27485034661966123,0.06813537822018145,0.16366773976564253,,0,-0.11038873166339477
9,commit_gate,2030,2.7,-0.675,-0.05218653577595406,-0.05363362003716077,-0.05397920266786094,0.007692874763531199,,0,-0.038213590440980355
9,commit_gate,2031,2.7,-0.675,-0.05719559306725752,0.029977481420147667,0.12842040260494766,0.2967636762235082,,0,-0.15932636251815352
9,commit_gate,2031,2.7,-0.675,0.00041479846092579153,0.2721927656375751,0.11014879009583631,0.3854936434772629,,0,-0.2578276391148657
9,commit_gate,2031,2.7,-0.675,-0.07587045350273108,-0.25069801024430605,0.08963116482608541,0.38660453020354213,,0,-0.07811097707068174
9,commit_gate,2031,2.7,-0.675,-0.16072924027203384,0.4939430909001882,-0.1358630047616157,-0.8812733049729311,,0,-0.2845030477436577
9,commit_gate,2031,2.7,-0.675,0.24478606058792612,0.21544858332038674,-0.06602284886490674,0.9546284718587277,,0,-0.24848630889264373
9,commit_gate,2031,2.7,-0.675,-0.06766414239262963,-0.38218468219959956,-0.032598289634361816,0.987348958235774,,0,-0.08499125066992347
9,commit_gate,2031,2.7,-0.675,-0.10924017350661602,0.3754688310904263,-0.1395799529012843,0.863510397476903,,0,-0.10409947612475111
9,commit_gate,2031,2.7,-0.675,-0.13533111001840514,-0.04147778849238515,0.14068175335234165,0.12043226304240329,,0,-0.09653570936917119
9,commit_gate,2031,2.7,-0.675,0.07978135920252649,-0.023029679336416975,-0.06538883311653178,-0.9965905229899363,,0,-0.3320251105257886
9,commit_gate,2031,2.7,-0.675,0.24791850639542956,-0.37942870206141854,-0.07364437009577098,0.5677461484354571,,0,-0.033433085019251664
9,commit_gate,2031,2.7,-0.675,-0.00019031193364671406,-0.002740967741479361,-0.038986250374450485,0.24015787853474557,,0,-0.025034968208049516
9,commit_gate,2031,2.7,-0.675,-0.09187037674143367,-0.3189788131123753,-0.0024639503641179505,-0.8352063207937217,,0,-0.29367316851600445
9,commit_gate,2031,2.7,-0.675,0.08457043881961968,0.43130667197173067,-0.022205297391200696,-0.2903455258061334,,0,-0.037136470171086726
9,commit_gate,2031,2.7,-0.675,0.043297730134621626,-0.26430226555847003,-0.013176510592217555,0.20956588122333253,,0,-0.0241363516158508
9,commit_gate,2031,2.7,-0.675,-0.10094702247921938,-0.36775367605226494,0.09169644069195076,-0.18779302771909512,,0,-0.036917538233900746
9,commit_gate,2031,2.7,-0.675,0.1884744089590798,-0.18925371788006506,0.0909228694650712,-0.8298318940671692,,0,-0.07934517367000726
9,commit_gate,2031,2.7,-0.675,0.009440229344430062,-0.135091109056364,-0.03635134315064523,-0.739372215805318,,0,-0.21558624523385556
9,commit_gate,2031,2.7,-0.675,0.07521640816545822,-0.3415091287433899,0.07555238392778321,0.7646136173184206,,0,-0.16565943982030185
9,commit_gate,2031,2.7,-0.675,-0.08952153948342478,0.19379466813065394,-0.08336120587227071,0.8171416305483021,,0,-0.10443167781209145
9,commit_gate,2031,2.7,-0.675,0.08713994647273327,-0.025246928221083098,-0.038656775628084034,-0.17415188676743076,,0,-0.04063729818665565
9,commit_gate,2031,2.7,-0.675,-0.21842331465768017,0.08360161299281577,-0.027927589315817514,-0.021641587680241603,,0,-0.033917801928434285
9,commit_gate,2031,2.7,-0.675,-0.23817768139675016,0.32912885268562886,-0.0454553087606549,0.5842483877496001,,0,-0.09682421599685016
9,commit_gate,2031,2.7,-0.675,0.0035549008617828393,-0.13584934794824965,-0.020728546539534237,-0.43703856431753074,,0,-0.0998492313538839
9,commit_gate,2031,2.7,-0.675,0.06809837093073917,-0.0930635512668826,0.018350245073017635,-0.9734092402142873,,0,-0.19575253123215086
9,commit_gate,2031,2.7,-0.675,0.05974480105472729,-0.18686403018196263,0.023105223860972524,-0.45029444570361776,,0,-0.06705611986018102
9,commit_gate,2031,2.7,-0.675,0.21004191179998616,-0.051135912337605394,0.08308904019903207,0.2946149937151734,,0,-0.12817806048698147
9,commit_gate,2031,2.7,-0.675,0.10503274783308614,-0.36169591995039485,-0.08476374293807364,0.024535690726771753,,0,-0.08840332959051984
9,commit_gate,2031,2.7,-0.675,0.18631626379720384,-0.2868283780049591,-0.13569236308343777,0.31330259950078965,,0,-0.05665285610281492
9,commit_gate,2031,2.7,-0.675,0.08684596990970628,-0.44277480118184553,0.06277299506718287,0.036861988274649926,,0,-0.027178685848952392
9,commit_gate,2031,2.7,-0.675,0.23632962805057833,-0.2737434696336881,-0.045053013304271264,-0.1361091609668743,,0,-0.061514028081901685
9,commit_gate,2031,2.7,-0.675,-0.24754269979104693,0.37075844396283286,0.11558464735629273,-0.8259862480601177,,0,-0.039531270810230223
9,commit_gate,2031,2.7,-0.675,-0.035163736461436945,0.15658602203133398,-0.10605356980128908,-0.7802959413323836,,0,-0.26470000521060116
9,commit_gate,2031,2.7,-0.675,0.1231977590524218,-0.4168767854115202,0.13205614302995097,-0.404141022751507,,0,-0.03215256120625177
9,commit_gate,2031,2.7,-0.675,0.10273485677697786,0.3513288363432773,-0.09688081669079518,-0.74999894407966,,0,-0.15728897037378745
9,commit_gate,2031,2.7,-0.675,-0.013090082483146914,0.4216551912347666,-0.12893868354606336,-0.8075099557518162,,0,-0.22737656229925443
9,commit_gate,2031,2.7,-0.675,-0.21087361925095793,-0.34008392139782284,0.1029692819011512,0.31729222948064506,,0,-0.06143988111467554
9,commit_gate,2031,2.7,-0.675,-0.2172681570069221,0.3108853840027679,-0.08437578210308493,0.8343107050785301,,0,-0.12042886957156632
9,commit_gate,2031,2.7,-0.675,0.17854695665205939,-0.4438756321523265,0.01529411115016352,-0.6977299565415498,,0,-0.19137708802120465
9,commit_gate,2031,2.7,-0.675,0.07726669354380805,0.13774062240984086,0.13352727004458623,0.02909579767429915,,0,-0.13459873907207207
9,commit_gate,2031,2.7,-0.675,0.18710394121383273,0.3686179697175588,-0.014019474719358327,-0.8007416270501262,,0,-0.0784897074406377
9,commit_gate,2031,2.7,-0.675,0.048972261799093364,0.1313385331831709,-0.1067307445679048,-0.3287918720466534,,0,-0.10192234155770699
9,commit_gate,2031,2.7,-0.675,0.09718291577752147,0.005872463345556023,0.011593024748510788,0.8024727635428832,,0,-0.1939838049124664
9,commit_gate,2031,2.7,-0.675,0.14935170488128746,-0.22825866066070433,-0.018477079629208498,0.8933377939132572,,0,-0.13016719923112605
9,commit_gate,2031,2.7,-0.675,0.20067413053531086,-0.12633436261752995,0.13885268365760403,0.23148772800943207,,0,-0.1568193574523069
9,commit_gate,2031,2.7,-0.675,-0.08589425396771094,0.13351245123576228,-0.07198172220174581,0.13023504799854502,,0,-0.02687977902209184
9,commit_gate,2031,2.7,-0.675,-0.05447144287086386,-0.07576520117734209,-0.08846130582813654,-0.6777708922035284,,0,-0.2750907217804785
9,commit_gate,2031,2.7,-0.675,-0.21747418066798524,0.28640932106450523,-0.11237846207802576,-0.4280926413579471,,0,-0.14320374731822116
9,commit_gate,2031,2.7,-0.675,-0.05216380534868992,-0.22703978591909113,-0.011007289099728285,-0.5554858405333485,,0,-0.1553434354303917
9,commit_gate,2031,2.7,-0.675,0.03105329714463445,0.30896916347743897,-0.07959698733646935,-0.6980137769170842,,0,-0.137284384716477
9,commit_gate,2031,2.7,-0.675,-0.19657397761776896,0.186031639190528,-0.09673404053650989,-0.5648180890272156,,0,-0.18793459805290086
9,commit_gate,2031,2.7,-0.675,-0.24065859109650412,-0.03358991134538736,0.08494174947500269,-0.627427741652242,,0,-0.0688756649921074
9,commit_gate,2031,2.7,-0.675,-0.16438692285361428,-0.07705859830215234,-0.09437117764258032,-0.060380711664147046,,0,-0.0961917069060061
9,commit_gate,2031,2.7,-0.675,-0.21948801697981907,-0.429201148312808,-0.09017604969109227,0.9486938308081985,,0,-0.049503109699737195
9,commit_gate,2031,2.7,-0.675,-0.2203960579142219,-0.4038488461308124,-0.1398016283202744,0.5512330483767147,,0,-0.08736664903450479
9,commit_gate,2031,2.7,-0.675,-0.0009873401921921543,-0.08332778477370284,0.036001141293737715,0.3957285842005567,,0,-0.06875975843398295
9,commit_gate,2031,2.7,-0.675,0.2303375008521033,0.3238000738487845,-0.1478056767727303,0.6569586795054065,,0,-0.09451207721452573
9,commit_gate,2031,2.7,-0.675,0.227850678441546,-0.4460371563529001,-0.12204663784886981,0.34031384088368677,,0,-0.06390352922369343
9,commit_gate,2031,2.7,-0.675,0.2274924967009811,0.39736651004177115,-0.13230561030604085,-0.9171359809818949,,0,-0.25103191577376877
9,commit_gate,2031,2.7,-0.675,0.11694240802170658,0.23984145815095692,0.14438369093870743,0.5678026795051414,,0,-0.4516044708941847
9,commit_gate,2031,2.7,-0.675,0.2457258071475672,-0.21488261959083332,0.038315898536961185,-0.7895688558206044,,0,-0.11921599983059133
9,commit_gate,2031,2.7,-0.675,0.08430786495974618,-0.10895607224188542,0.04434566901735931,-0.9470092391609788,,0,-0.15326692711697057
9,commit_gate,2031,2.7,-0.675,0.24717650707901756,-0.042475513854508096,-0.05002850584194453,0.6459609604524086,,0,-0.0938926524043246
9,commit_gate,2031,2.7,-0.675,0.18558918665217328,0.197465699954667,0.1402031382125212,-0.08117756266642817,,0,-0.14879353153374378
9,commit_gate,2032,2.7,-0.675,0.008367459450451809,0.112264267629136,-0.025505805762366246,0.9840330568368314,,0,-0.22409143786244384
9,commit_gate,2032,2.7,-0.675,-0.1864171860319725,-0.25834647716187553,-0.11060540575936717,0.35773423293883067,,0,-0.06612775922900764
9,commit_gate,2032,2.7,-0.675,-0.20366109945424188,0.2841634660303536,0.0897209301453448,0.22832577124943332,,0,-0.13619666524018736
9,commit_gate,2032,2.7,-0.675,-0.20733308285993302,-0.02397936104058851,-0.010641318927114785,-0.5635161851876977,,0,-0.13376456160140773
9,commit_gate,2032,2.7,-0.675,-0.2017684173697365,0.49274223679378937,-0.04197515345875004,-0.46473893672876265,,0,-0.05428726369629728
9,commit_gate,2032,2.7,-0.675,0.09638989472669934,0.13130541528275663,-0.049527757258839955,-0.13947319219939724,,0,-0.0996318249205492
9,commit_gate,2032,2.7,-0.675,-0.17167077945785825,-0.3093585094041926,-0.01631447319820245,-0.023030024907035207,,0,-0.06980595683393719
9,commit_gate,2032,2.7,-0.675,-0.08846827591619444,0.4787430018856348,0.09557815176991791,-0.6442691955697661,,0,-0.03577913949756057
9,commit_gate,2032,2.7,-0.675,-0.24263214384426413,0.4592575433995567,-0.04659935423082169,0.8930348063474585,,0,-0.22804831616555932
9,commit_gate,2032,2.7,-0.675,-0.004075901659786163,0.350707700715706,-0.002463934842299592,-0.3881444932383227,,0,-0.031161831549552554
9,commit_gate,2032,2.7,-0.675,-0.0055155840254163535,0.25220908338844383,-0.0171824870703845,-0.7044532273319046,,0,-0.08782755146163211
9,commit_gate,2032,2.7,-0.675,0.1758520768405965,-0.0664346598679999,0.10959733380349987,-0.30229058052119595,,0,-0.03246736228381035
9,commit_gate,2032,2.7,-0.675,0.12321084464730131,-0.23547928304079868,-0.12592058439601292,0.6503637799178794,,0,-0.0294361404540713
9,commit_gate,2032,2.7,-0.675,0.04602596567933842,0.30167465619720657,0.09590450935538827,0.584415406085927,,0,-0.3513343538066735
9,commit_gate,2032,2.7,-0.675,0.2089783149025276,0.07662012298435994,0.09665010891405842,0.008752578361251206,,0,-0.09820622267602427
9,commit_gate,2032,2.7,-0.675,0.17503574940750427,-0.45444987710930873,0.06507797129550932,0.6174163542102524,,0,-0.10112373493989803
9,commit_gate,2032,2.7,-0.675,-0.14736757146152718,0.2896404065813466,0.00686426178750954,0.09196397701471937,,0,-0.04495419477040005
9,commit_gate,2032,2.7,-0.675,0.22625629338967296,-0.41724318697738905,-0.13587726539817796,0.7256744058189266,,0,-0.035078197964025455
9,commit_gate,2032,2.7,-0.675,0.04158565721454649,-0.21396274179404817,-0.04856866055407734,0.2634864857914767,,0,-0.025350508702825632
9,commit_gate,2032,2.7,-0.675,-0.2174158797852948,-0.2627353948709128,0.019808773451125916,0.6176378502993707,,0,-0.06305675593274057
9,commit_gate,2032,2.7,-0.675,0.02280545884951579,0.3793168185543673,-0.0006454883047744553,0.1993706771828747,,0,-0.09027284636668904
9,commit_gate,2032,2.7,-0.675,-0.061885346607069125,0.41813104039128157,-0.09809940995781084,-0.32335571362830007,,0,-0.0632891609215034
9,commit_gate,2032,2.7,-0.675,0.18425302638319846,-0.18379902287720584,-0.07023529146192369,0.026446679546727525,,0,-0.04465769924657034
9,commit_gate,2032,2.7,-0.675,-0.22830186029714528,-0.07446259371436525,0.1144998098008013,0.41813649981596623,,0,-0.13191727190456426
9,commit_gate,2032,2.7,-0.675,0.0416969770121981,0.44144831788540373,0.04198110518606485,-0.2773927169166308,,0,-0.05215016224401955
9,commit_gate,2032,2.7,-0.675,-0.006145111708868278,0.05275204584477733,0.11880155740849793,0.00457213393540723,,0,-0.08036487984691218
9,commit_gate,2032,2.7,-0.675,0.16277111421400892,0.10029901714083311,0.04483622634218959,-0.7114426903009092,,0,-0.05250917545687125
9,commit_gate,2032,2.7,-0.675,0.014667942510301846,-0.2821447137829929,-0.052050304653680546,0.3223045477500319,,0,-0.027861987570858605
9,commit_gate,2032,2.7,-0.675,-0.06934258565612567,-0.40706592325006385,0.08728528241195943,-0.6408550616657391,,0,-0.11907095185311353
9,commit_gate,2032,2.7,-0.675,-0.038121502975177246,0.22011668511728733,0.02752551202854836,-0.47931180393926587,,0,-0.03232143745468869
9,commit_gate,2032,2.7,-0.675,0.16574472353629083,-0.31758928197572467,0.05315569680949392,-0.7036773435787596,,0,-0.11256988165718516
9,commit_gate,2032,2.7,-0.675,-0.018017359950048384,-0.12296845750143603,-0.04124340171072652,-0.6529797398299428,,0,-0.19236897499814595
9,commit_gate,2032,2.7,-0.675,0.11341385367645235,-0.1220746845368249,-0.09100078237413031,0.3371229740789443,,0,-0.049934789484734184
9,commit_gate,2032,2.7,-0.675,0.20030989951519645,-0.21670738288848101,-0.07976366122090225,0.8022436406475562,,0,-0.06535778805675302
9,commit_gate,2032,2.7,-0.675,-0.11689004685970539,0.382027756748203,-0.1459398908956392,-0.5885004417454933,,0,-0.20006845041540858
9,commit_gate,2032,2.7,-0.675,0.15512068085384872,-0.49627344395082296,0.05327564867955836,-0.49070364152719836,,0,-0.10135612350893261
9,commit_gate,2032,2.7,-0.675,-0.11822150357914468,-0.26732384021897415,-0.09993121572448953,-0.20164783815716536,,0,-0.18592377017509917
9,commit_gate,2032,2.7,-0.675,0.0872672183745466,-0.26433940034962355,-0.11118987182297488,0.9681223155347609,,0,-0.05607255778916529
9,commit_gate,2032,2.7,-0.675,-0.19130599175002383,-0.4563809017599326,0.10992572107160589,0.5677707123902886,,0,-0.10007347600044394
9,commit_gate,2032,2.7,-0.675,0.19918380707948863,0.09348858815376204,0.019040405623468704,-0.4163249679495007,,0,-0.033642315375888424
9,commit_gate,2032,2.7,-0.675,-0.19521665322463932,0.39863883554629786,-0.027449273014267,0.884125676794137,,0,-0.2410185723221394
9,commit_gate,2032,2.7,-0.675,-0.21145101085324552,0.426195577265821,0.10965556340877045,0.6338751866706402,,0,-0.39648027530615815
9,commit_gate,2032,2.7,-0.675,0.23524119305888064,-0.18605301587227951,-0.017259657407084184,0.7552102687536919,,0,-0.11838270026779033
9,commit_gate,2032,2.7,-0.675,-0.07795174140236638,-0.052156686094574245,0.018973160730771266,-0.34575111221894406,,0,-0.04663207071541949
9,commit_gate,2032,2.7,-0.675,-0.033668255476272335,-0.1725734700847743,0.12180797050090028,0.18397839572361385,,0,-0.07884094606888163
9,commit_gate,2032,2.7,-0.675,-0.16907494503910653,0.23722104006924416,0.07007530109779561,-0.5762368198749008,,0,-0.03319179534752528
9,commit_gate,2032,2.7,-0.675,-0.1116410955988063,-0.3693972214385036,0.0862563787812691,0.3015043416579235,,0,-0.04836076165125973
9,commit_gate,2032,2.7,-0.675,-0.07837595298441319,0.37253283428954154,-0.07735196052146998,-0.9144132346240312,,0,-0.21054535168950703
9,commit_gate,2032,2.7,-0.675,0.020648917744697515,-0.2768512080963187,-0.03599791079812287,-0.864633546656101,,0,-0.32457796072607004
9,commit_gate,2032,2.7,-0.675,0.10779974980913615,0.45352466690669246,0.05704146306322483,0.7652887576478549,,0,-0.4637696090381148
9,commit_gate,2032,2.7,-0.675,-0.05492988691717732,-0.45210726251745426,0.07565932482984802,0.22343058428073603,,0,-0.03494456416879131
9,commit_gate,2032,2.7,-0.675,0.05760719150630317,-0.478075768445674,-0.08408812524389637,-0.2052038236222058,,0,-0.19414594137184468
9,commit_gate,2032,2.7,-0.675,0.07746894116645775,-0.07227642188967187,0.12935553217254317,-0.4806520332439179,,0,-0.023634012755686908
9,commit_gate,2032,2.7,-0.675,-0.1490751082051605,0.44103556705253666,0.10387619763869746,0.8187191625190255,,0,-0.5290429335354314
9,commit_gate,2032,2.7,-0.675,-0.0012888644638468505,0.41763418648714234,-0.0671543354818394,0.05500901708232453,,0,-0.03849397460463509
9,commit_gate,2032,2.7,-0.675,0.11850139309741575,-0.3928972659639173,0.05567739293032156,0.2900311677074996,,0,-0.03908959095374566
9,commit_gate,2032,2.7,-0.675,-0.015159602126216698,0.4515321759110219,0.12424154352404201,0.3693094253031648,,0,-0.3510450838578054
9,commit_gate,2032,2.7,-0.675,0.1781165756382211,0.3058392605380067,-0.021065972431829505,-0.4778888566778223,,0,-0.04438516604403557
9,commit_gate,2032,2.7,-0.675,-0.1547048879709515,0.24897307011132663,0.1213954211941882,0.8111122204893226,,0,-0.4642791716943358
9,commit_gate,2032,2.7,-0.675,-0.002120161786173469,-0.17184976597372892,0.04852499662286619,0.021724098713244544,,0,-0.023775608020976433
9,commit_gate,2032,2.7,-0.675,-0.21856429263863109,0.17016032302355666,0.011770348305949863,0.008013635662230678,,0,-0.02964832668994251
9,commit_gate,2032,2.7,-0.675,-0.06282171311026047,0.19563174742521983,-0.07618915969692491,0.3815588884528256,,0,-0.03697244203191697
9,commit_gate,2032,2.7,-0.675,0.005974131748530842,-0.3899524505841978,-0.030036990553484702,0.8587715674402359,,0,-0.06593712618656013
9,commit_gate,2032,2.7,-0.675,0.09427643744582331,-0.3984982074180845,0.11241397167920689,-0.48779650889385207,,0,-0.04658068136596945
9,always_freeze,2030,0.0,0.0,-0.05184600350204882,0.30607942143937183,0.10099304756404573,-0.2530248106604298,,0,-0.04760913519382071
9,always_freeze,2030,0.0,0.0,-0.1746701675661021,-0.0960382503057311,-0.07758359458311934,-0.9072980629069103,,0,-0.41813159577531506
9,always_freeze,2030,0.0,0.0,0.10087321247067488,-0.1781914725731859,0.10810903795123564,0.4947797228192494,,0,-0.1685355047908323
9,always_freeze,2030,0.0,0.0,-0.11061107803132053,-0.15683820569066687,0.029557280869386304,0.5523579826519649,,0,-0.07533818208388152
9,always_freeze,2030,0.0,0.0,-0.11244633322915232,-0.2523323291940618,-0.08078175843615758,0.7014294184526371,,0,-0.037163434842123214
9,always_freeze,2030,0.0,0.0,-0.03249481063765236,0.297320955958965,0.08713878784359438,-0.24534403441657937,,0,-0.03893716625266705
9,always_freeze,2030,0.0,0.0,-0.2128657522118897,-0.3795630479155544,0.018756430666800133,0.6211744595695985,,0,-0.10626370270035602
9,always_freeze,2030,0.0,0.0,-0.04125832193110157,-0.0887831501503984,-0.08845466779033351,-0.6387509190747986,,0,-0.26658607645313376
9,always_freeze,2030,0.0,0.0,-0.1961992408789655,-0.2083538592638955,-0.007986654650933678,-0.6154045455662835,,0,-0.20321019456063347
9,always_freeze,2030,0.0,0.0,-0.16562323687385,-0.2733998816963822,-0.10837784863116101,-0.33998648124044517,,0,-0.2725393772590639
9,always_freeze,2030,0.0,0.0,-0.2393439382184675,0.0717705870988169,0.09286956528659143,-0.9550839743869992,,0,-0.11508348551904585
9,always_freeze,2030,0.0,0.0,-0.1293965880091248,0.02752419448843768,0.14113885165268072,0.9944181516349018,,0,-0.5222112986810301
9,always_freeze,2030,0.0,0.0,-0.24871107746498927,-0.29938154133106964,0.025446922056065135,0.40658082299074727,,0,-0.045643421760897314
9,always_freeze,2030,0.0,0.0,-0.08221678174018854,0.17139958868425698,-0.03823551044323044,0.058579013211461195,,0,-0.00880645683371097
9,always_freeze,2030,0.0,0.0,-0.0583582840637652,0.2194612905757084,-0.07634937683435745,0.3653484228930721,,0,-0.02055934036271315
9,always_freeze,2030,0.0,0.0,-0.04988577268458283,-0.07789351033620806,0.0793096184914518,0.439263667930472,,0,-0.11607382380851164
9,always_freeze,2030,0.0,0.0,-0.24910183637657646,0.44845897341128094,0.036456235280835,-0.8651716035641965,,0,-0.07645533018065843
9,always_freeze,2030,0.0,0.0,-0.012014557874164,0.01692531270132336,-0.1488798447885841,0.4777890790089574,,0,-0.01618716936395602
9,always_freeze,2030,0.0,0.0,0.07135007270608962,0.19457424037197468,-0.0678098459052404,0.46840836436307964,,0,-0.04945150044327589
9,always_freeze,2030,0.0,0.0,-0.010332518879528907,0.2955235774800139,-0.10406964857029463,0.2144724089766188,,0,-0.013406534857786107
9,always_freeze,2030,0.0,0.0,-0.16372352617243813,0.39306591204031316,0.1481721978303123,-0.6748941429681388,,0,-0.03215009790846976
9,always_freeze,2030,0.0,0.0,-0.07900715659985724,0.34110492262895664,0.0651917415315823,0.06022892227747434,,0,-0.08798412492103726
9,always_freeze,2030,0.0,0.0,-0.05477919429534028,0.0928960523511676,-0.04417563996210884,-0.40160684783356126,,0,-0.07533248798530766
9,always_freeze,2030,0.0,0.0,0.08546167953971262,-0.3133598337615493,-0.0525314198288976,-0.6335436313154903,,0,-0.25590463521181234
9,always_freeze,2030,0.0,0.0,0.19777029486169678,0.36649577401099176,0.11499320740060989,0.5603658954529374,,0,-0.4462152435606699
9,always_freeze,2030,0.0,0.0,-0.15214140323953612,-0.46337065588170534,-0.026757446180497343,0.5380984358701089,,0,-0.03076718153147321
9,always_freeze,2030,0.0,0.0,0.22865119423133778,-0.45714569075357037,-0.1457865575881901,0.9773209857901659,,0,-0.03756283476339769
9,always_freeze,2030,0.0,0.0,-0.23202367017315628,-0.003566724635694296,0.001562438412149314,0.40745027430264824,,0,-0.07461706557956634
9,always_freeze,2030,0.0,0.0,-0.1163189765726666,0.3732638918786515,-0.03942925647658095,0.12384672478393144,,0,-0.02488651820688378
9,always_freeze,2030,0.0,0.0,0.17497647362832425,0.04009854363336052,0.04049765122913601,0.003291045139735882,,0,-0.03095563801742963
9,always_freeze,2030,0.0,0.0,0.21117851654077502,-0.038140109587037174,-0.021662473564537987,-0.6905630402341905,,0,-0.1339089066228031
9,always_freeze,2030,0.0,0.0,0.08111152296731428,0.39398162322906694,-0.07317993963361681,-0.23996179617651547,,0,-0.059094192441391774
9,always_freeze,2030,0.0,0.0,-0.23512842594624062,-0.07925923036509064,0.044190096590837336,-0.7469962832660819,,0,-0.14687465348052262
9,always_freeze,2030,0.0,0.0,0.14288723007155796,-0.3677795924230466,0.08212546185605069,-0.4235124635062011,,0,-0.04269853343026852
9,always_freeze,2030,0.0,0.0,0.021032964973469737,-0.02631751023522033,-0.03597850764534562,0.6941167096109981,,0,-0.0787252750755936
9,always_freeze,2030,0.0,0.0,-0.1000126504446634,-0.3157118928679221,0.07853218318496319,0.04168884941597595,,0,-0.020808025987212906
9,always_freeze,2030,0.0,0.0,0.15265004930217052,-0.36443176343201233,0.057010322604900104,-0.24333297120016706,,0,-0.029606479605007213
9,always_freeze,2030,0.0,0.0,0.1728960900835289,0.4978108002253202,0.1347512880915044,0.512138613039256,,0,-0.5221561498379641
9,always_freeze,2030,0.0,0.0,-0.13794172072230004,0.2523563335356085,-0.07627609400165962,0.6374054670125864,,0,-0.06812086030440198
9,always_freeze,2030,0.0,0.0,0.12232806968614085,0.2790916470408108,0.05126162458101299,-0.052528483320705366,,0,-0.06297359672674088
9,always_freeze,2030,0.0,0.0,0.04411692908133491,0.14370649656475665,-0.1424939375835341,-0.8807516257527177,,0,-0.39393667971376006
9,always_freeze,2030,0.0,0.0,-0.04818470777040351,0.03507477552719762,-0.03121113869144833,-0.38954138036986174,,0,-0.06970477836697687
9,always_freeze,2030,0.0,0.0,-0.061741698435153536,-0.21738020529300228,-0.14814469312178866,0.09411456277199148,,0,-0.13046421917922865
9,always_freeze,2030,0.0,0.0,0.10798219580122403,-0.013327890407098142,0.11522885326154489,-0.4347669778331049,,0,-0.009963656023544471
9,always_freeze,2030,0.0,0.0,0.02964323930949897,-0.33728262282208876,0.020995901843503167,0.03545891479456542,,0,-0.015796377140909895
9,always_freeze,2030,0.0,0.0,-0.19127657643298324,-0.006366838994584345,-0.12025766177631131,0.371870969733503,,0,-0.024746464230316904
9,always_freeze,2030,0.0,0.0,0.06228276560775298,-0.11416833641517976,-0.10040857881207688,0.3364488398021621,,0,-0.014941690220460251
9,always_freeze,2030,0.0,0.0,-0.004513231278477359,0.19063809501508655,-0.12717927829649459,0.16192327587643685,,0,-0.024696960288269763
9,always_freeze,2030,0.0,0.0,0.08751556538446681,-0.05232433589254193,-0.05577903904144785,0.3963749067973721,,0,-0.013907894600495787
9,always_freeze,2030,0.0,0.0,-0.12005219468295641,0.2312462372416506,-0.14256012243204116,-0.1574196787062363,,0,-0.09786954729266875
9,always_freeze,2030,0.0,0.0,0.03406304572905289,-0.10366774974351156,0.0922263507368278,0.619401797543425,,0,-0.19926677922575092
9,always_freeze,2030,0.0,0.0,-0.22576549038460858,0.4785897534640512,0.024075450510955165,0.3924311236153992,,0,-0.1560253124301758
9,always_freeze,2030,0.0,0.0,0.1540769353616137,0.2737429839829577,0.10063374135746586,0.513495678515373,,0,-0.33272242138733077
9,always_freeze,2030,0.0,0.0,0.039467936271113946,-0.43108336076345866,-0.0020020605007881054,-0.46518989307802516,,0,-0.1638109788960493
9,always_freeze,2030,0.0,0.0,0.06205152188869095,-0.464544024075189,0.03995502402254755,-0.3786386870963008,,0,-0.09424161668138364
9,always_freeze,2030,0.0,0.0,-0.13371271560443138,-0.2805805024807255,-0.023090921287984234,-0.7598913679230228,,0,-0.29867872875637136
9,always_freeze,2030,0.0,0.0,-0.19783396007151605,-0.09498100989584568,0.08431783029709747,0.6849151318630617,,0,-0.18580974605815984
9,always_freeze,2030,0.0,0.0,-0.04794666198426195,0.21103313285010683,-0.04749904442938542,0.2746714753603463,,0,-0.021857011978463486
9,always_freeze,2030,0.0,0.0,0.18459989159238321,-0.29048621819121834,0.13687854976409183,-0.38116787349079484,,0,-0.02385997578995873
9,always_freeze,2030,0.0,0.0,-0.052596513525193234,0.3728039044424841,0.04544368088243514,0.2619753303164607,,0,-0.13458882216530477
9,always_freeze,2030,0.0,0.0,-0.13023886920061645,-0.4000915140241518,0.11025984943854675,0.26190545607406035,,0,-0.12121120988329162
9,always_freeze,2030,0.0,0.0,0.07363891060096278,0.39055726666343815,-0.0006869946930977144,-0.3965470574024279,,0,-0.02268653484994571
9,always_freeze,2030,0.0,0.0,-0.0604382319260936,0.27485034661966123,0.06813537822018145,0.16366773976564253,,0,-0.10537344128901144
9,always_freeze,2030,0.0,0.0,-0.05218653577595406,-0.05363362003716077,-0.05397920266786094,0.007692874763531199,,0,-0.025553512308488614
9,always_freeze,2031,0.0,0.0,-0.05719559306725752,0.029977481420147667,0.12842040260494766,0.2967636762235082,,0,-0.16104492078671928
9,always_freeze,2031,0.0,0.0,0.00041479846092579153,0.2721927656375751,0.11014879009583631,0.3854936434772629,,0,-0.2529237814122108
9,always_freeze,2031,0.0,0.0,-0.07587045350273108,-0.25069801024430605,0.08963116482608541,0.38660453020354213,,0,-0.08026297592362208
9,always_freeze,2031,0.0,0.0,-0.16072924027203384,0.4939430909001882,-0.1358630047616157,-0.8812733049729311,,0,-0.29077490467531547
9,always_freeze,2031,0.0,0.0,0.24478606058792612,0.21544858332038674,-0.06602284886490674,0.9546284718587277,,0,-0.23813274678092838
9,always_freeze,2031,0.0,0.0,-0.06766414239262963,-0.38218468219959956,-0.032598289634361816,0.987348958235774,,0,-0.09226181858930493
9,always_freeze,2031,0.0,0.0,-0.10924017350661602,0.3754688310904263,-0.1395799529012843,0.863510397476903,,0,-0.09555946414039529
9,always_freeze,2031,0.0,0.0,-0.13533111001840514,-0.04147778849238515,0.14068175335234165,0.12043226304240329,,0,-0.09863218104657782
9,always_freeze,2031,0.0,0.0,0.07978135920252649,-0.023029679336416975,-0.06538883311653178,-0.9965905229899363,,0,-0.34001002064366886
9,always_freeze,2031,0.0,0.0,0.24791850639542956,-0.37942870206141854,-0.07364437009577098,0.5677461484354571,,0,-0.023721255448348088
9,always_freeze,2031,0.0,0.0,-0.00019031193364671406,-0.002740967741479361,-0.038986250374450485,0.24015787853474557,,0,-0.009126420269792839
9,always_freeze,2031,0.0,0.0,-0.09187037674143367,-0.3189788131123753,-0.0024639503641179505,-0.8352063207937217,,0,-0.29921882716104414
9,always_freeze,2031,0.0,0.0,0.08457043881961968,0.43130667197173067,-0.022205297391200696,-0.2903455258061334,,0,-0.022462201304591818
9,always_freeze,2031,0.0,0.0,0.043297730134621626,-0.26430226555847003,-0.013176510592217555,0.20956588122333253,,0,-0.012873144609590966
9,always_freeze,2031,0.0,0.0,-0.10094702247921938,-0.36775367605226494,0.09169644069195076,-0.18779302771909512,,0,-0.02740460457131069
9,always_freeze,2031,0.0,0.0,0.1884744089590798,-0.18925371788006506,0.0909228694650712,-0.8298318940671692,,0,-0.0857972193346466
9,always_freeze,2031,0.0,0.0,0.009440229344430062,-0.135091109056364,-0.03635134315064523,-0.739372215805318,,0,-0.225867199697115
9,always_freeze,2031,0.0,0.0,0.07521640816545822,-0.3415091287433899,0.07555238392778321,0.7646136173184206,,0,-0.16978595188133394
9,always_freeze,2031,0.0,0.0,-0.08952153948342478,0.19379466813065394,-0.08336120587227071,0.8171416305483021,,0,-0.09857768114873357
9,always_freeze,2031,0.0,0.0,0.08713994647273327,-0.025246928221083098,-0.038656775628084034,-0.17415188676743076,,0,-0.03257278683334494
9,always_freeze,2031,0.0,0.0,-0.21842331465768017,0.08360161299281577,-0.027927589315817514,-0.021641587680241603,,0,-0.018718785425406635
9,always_freeze,2031,0.0,0.0,-0.23817768139675016,0.32912885268562886,-0.0454553087606549,0.5842483877496001,,0,-0.0931753390985668
9,always_freeze,2031,0.0,0.0,0.0035549008617828393,-0.13584934794824965,-0.020728546539534237,-0.43703856431753074,,0,-0.10162335993105871
9,always_freeze,2031,0.0,0.0,0.06809837093073917,-0.0930635512668826,0.018350245073017635,-0.9734092402142873,,0,-0.20772199480951326
9,always_freeze,2031,0.0,0.0,0.05974480105472729,-0.18686403018196263,0.023105223860972524,-0.45029444570361776,,0,-0.06550063486019858
9,always_freeze,2031,0.0,0.0,0.21004191179998616,-0.051135912337605394,0.08308904019903207,0.2946149937151734,,0,-0.1231214368098157
9,always_freeze,2031,0.0,0.0,0.10503274783308614,-0.36169591995039485,-0.08476374293807364,0.024535690726771753,,0,-0.08839506939497396
9,always_freeze,2031,0.0,0.0,0.18631626379720384,-0.2868283780049591,-0.13569236308343777,0.31330259950078965,,0,-0.05353923745441012
9,always_freeze,2031,0.0,0.0,0.08684596990970628,-0.44277480118184553,0.06277299506718287,0.036861988274649926,,0,-0.021288215705408686
9,always_freeze,2031,0.0,0.0,0.23632962805057833,-0.2737434696336881,-0.045053013304271264,-0.1361091609668743,,0,-0.06303243208347051
9,always_freeze,2031,0.0,0.0,-0.24754269979104693,0.37075844396283286,0.11558464735629273,-0.8259862480601177,,0,-0.03161710558223575
9,always_freeze,2031,0.0,0.0,-0.035163736461436945,0.15658602203133398,-0.10605356980128908,-0.7802959413323836,,0,-0.27308605129879304
9,always_freeze,2031,0.0,0.0,0.1231977590524218,-0.4168767854115202,0.13205614302995097,-0.404141022751507,,0,-0.026507004945775597
9,always_freeze,2031,0.0,0.0,0.10273485677697786,0.3513288363432773,-0.09688081669079518,-0.74999894407966,,0,-0.17200102752453547
9,always_freeze,2031,0.0,0.0,-0.013090082483146914,0.4216551912347666,-0.12893868354606336,-0.8075099557518162,,0,-0.23893275566850528
9,always_freeze,2031,0.0,0.0,-0.21087361925095793,-0.34008392139782284,0.1029692819011512,0.31729222948064506,,0,-0.13561100903434237
9,always_freeze,2031,0.0,0.0,-0.2172681570069221,0.3108853840027679,-0.08437578210308493,0.8343107050785301,,0,-0.11814739589674197
9,always_freeze,2031,0.0,0.0,0.17854695665205939,-0.4438756321523265,0.01529411115016352,-0.6977299565415498,,0,-0.2028545028403436
9,always_freeze,2031,0.0,0.0,0.07726669354380805,0.13774062240984086,0.13352727004458623,0.02909579767429915,,0,-0.1302651657197088
9,always_freeze,2031,0.0,0.0,0.18710394121383273,0.3686179697175588,-0.014019474719358327,-0.8007416270501262,,0,-0.10126770628886009
9,always_freeze,2031,0.0,0.0,0.048972261799093364,0.1313385331831709,-0.1067307445679048,-0.3287918720466534,,0,-0.10532529745696409
9,always_freeze,2031,0.0,0.0,0.09718291577752147,0.005872463345556023,0.011593024748510788,0.8024727635428832,,0,-0.19071065798811468
9,always_freeze,2031,0.0,0.0,0.14935170488128746,-0.22825866066070433,-0.018477079629208498,0.8933377939132572,,0,-0.1285032193408725
9,always_freeze,2031,0.0,0.0,0.20067413053531086,-0.12633436261752995,0.13885268365760403,0.23148772800943207,,0,-0.15470924927459268
9,always_freeze,2031,0.0,0.0,-0.08589425396771094,0.13351245123576228,-0.07198172220174581,0.13023504799854502,,0,-0.008165768806558438
9,always_freeze,2031,0.0,0.0,-0.05447144287086386,-0.07576520117734209,-0.08846130582813654,-0.6777708922035284,,0,-0.28222043865148516
9,always_freeze,2031,0.0,0.0,-0.21747418066798524,0.28640932106450523,-0.11237846207802576,-0.4280926413579471,,0,-0.14514641531953254
9,always_freeze,2031,0.0,0.0,-0.05216380534868992,-0.22703978591909113,-0.011007289099728285,-0.5554858405333485,,0,-0.1610180836002432
9,always_freeze,2031,0.0,0.0,0.03105329714463445,0.30896916347743897,-0.07959698733646935,-0.6980137769170842,,0,-0.14838065600771227
9,always_freeze,2031,0.0,0.0,-0.19657397761776896,0.186031639190528,-0.09673404053650989,-0.5648180890272156,,0,-0.193694113481102
9,always_freeze,2031,0.0,0.0,-0.24065859109650412,-0.03358991134538736,0.08494174947500269,-0.627427741652242,,0,-0.06444100628841812
9,always_freeze,2031,0.0,0.0,-0.16438692285361428,-0.07705859830215234,-0.09437117764258032,-0.060380711664147046,,0,-0.09299389736865679
9,always_freeze,2031,0.0,0.0,-0.21948801697981907,-0.429201148312808,-0.09017604969109227,0.9486938308081985,,0,-0.053983813924643125
9,always_freeze,2031,0.0,0.0,-0.2203960579142219,-0.4038488461308124,-0.1398016283202744,0.5512330483767147,,0,-0.0820856600737485
9,always_freeze,2031,0.0,0.0,-0.0009873401921921543,-0.08332778477370284,0.036001141293737715,0.3957285842005567,,0,-0.06257957158879399
9,always_freeze,2031,0.0,0.0,0.2303375008521033,0.3238000738487845,-0.1478056767727303,0.6569586795054065,,0,-0.08041730532593874
9,always_freeze,2031,0.0,0.0,0.227850678441546,-0.4460371563529001,-0.12204663784886981,0.34031384088368677,,0,-0.06306648116168737
9,always_freeze,2031,0.0,0.0,0.2274924967009811,0.39736651004177115,-0.13230561030604085,-0.9171359809818949,,0,-0.27411253047992123
9,always_freeze,2031,0.0,0.0,0.11694240802170658,0.23984145815095692,0.14438369093870743,0.5678026795051414,,0,-0.4323819777993492
9,always_freeze,2031,0.0,0.0,0.2457258071475672,-0.21488261959083332,0.038315898536961185,-0.7895688558206044,,0,-0.13199265390611475
9,always_freeze,2031,0.0,0.0,0.08430786495974618,-0.10895607224188542,0.04434566901735931,-0.9470092391609788,,0,-0.1640160893754597
9,always_freeze,2031,0.0,0.0,0.24717650707901756,-0.042475513854508096,-0.05002850584194453,0.6459609604524086,,0,-0.0841667737640911
9,always_freeze,2031,0.0,0.0,0.18558918665217328,0.197465699954667,0.1402031382125212,-0.08117756266642817,,0,-0.1426324215055644
9,always_freeze,2032,0.0,0.0,0.008367459450451809,0.112264267629136,-0.025505805762366246,0.9840330568368314,,0,-0.22097869041799467
9,always_freeze,2032,0.0,0.0,-0.1864171860319725,-0.25834647716187553,-0.11060540575936717,0.35773423293883067,,0,-0.05850320640008541
9,always_freeze,2032,0.0,0.0,-0.20366109945424188,0.2841634660303536,0.0897209301453448,0.22832577124943332,,0,-0.13736984736688354
9,always_freeze,2032,0.0,0.0,-0.20733308285993302,-0.02397936104058851,-0.010641318927114785,-0.5635161851876977,,0,-0.13596350415327602
9,always_freeze,2032,0.0,0.0,-0.2017684173697365,0.49274223679378937,-0.04197515345875004,-0.46473893672876265,,0,-0.047901990453440145
9,always_freeze,2032,0.0,0.0,0.09638989472669934,0.13130541528275663,-0.049527757258839955,-0.13947319219939724,,0,-0.04237298222340846
9,always_freeze,2032,0.0,0.0,-0.17167077945785825,-0.3093585094041926,-0.01631447319820245,-0.023030024907035207,,0,-0.0643402191668812
9,always_freeze,2032,0.0,0.0,-0.08846827591619444,0.4787430018856348,0.09557815176991791,-0.6442691955697661,,0,-0.024636333985949783
9,always_freeze,2032,0.0,0.0,-0.24263214384426413,0.4592575433995567,-0.04659935423082169,0.8930348063474585,,0,-0.22754445620640165
9,always_freeze,2032,0.0,0.0,-0.004075901659786163,0.350707700715706,-0.002463934842299592,-0.3881444932383227,,0,-0.058916248873456666
9,always_freeze,2032,0.0,0.0,-0.0055155840254163535,0.25220908338844383,-0.0171824870703845,-0.7044532273319046,,0,-0.09113216300124502
9,always_freeze,2032,0.0,0.0,0.1758520768405965,-0.0664346598679999,0.10959733380349987,-0.30229058052119595,,0,-0.018200737371154737
9,always_freeze,2032,0.0,0.0,0.12321084464730131,-0.23547928304079868,-0.12592058439601292,0.6503637799178794,,0,-0.02417512288330312
9,always_freeze,2032,0.0,0.0,0.04602596567933842,0.30167465619720657,0.09590450935538827,0.584415406085927,,0,-0.3385231019526369
9,always_freeze,2032,0.0,0.0,0.2089783149025276,0.07662012298435994,0.09665010891405842,0.008752578361251206,,0,-0.09059146516287556
9,always_freeze,2032,0.0,0.0,0.17503574940750427,-0.45444987710930873,0.06507797129550932,0.6174163542102524,,0,-0.10159811153483152
9,always_freeze,2032,0.0,0.0,-0.14736757146152718,0.2896404065813466,0.00686426178750954,0.09196397701471937,,0,-0.03260837062675464
9,always_freeze,2032,0.0,0.0,0.22625629338967296,-0.41724318697738905,-0.13587726539817796,0.7256744058189266,,0,-0.046740481152276116
9,always_freeze,2032,0.0,0.0,0.04158565721454649,-0.21396274179404817,-0.04856866055407734,0.2634864857914767,,0,-0.008936464425639909
9,always_freeze,2032,0.0,0.0,-0.2174158797852948,-0.2627353948709128,0.019808773451125916,0.6176378502993707,,0,-0.11353858807954507
9,always_freeze,2032,0.0,0.0,0.02280545884951579,0.3793168185543673,-0.0006454883047744553,0.1993706771828747,,0,-0.07973437041889607
9,always_freeze,2032,0.0,0.0,-0.061885346607069125,0.41813104039128157,-0.09809940995781084,-0.32335571362830007,,0,-0.06039035354128402
9,always_freeze,2032,0.0,0.0,0.18425302638319846,-0.18379902287720584,-0.07023529146192369,0.026446679546727525,,0,-0.04011587320523317
9,always_freeze,2032,0.0,0.0,-0.22830186029714528,-0.07446259371436525,0.1144998098008013,0.41813649981596623,,0,-0.14207455132370758
9,always_freeze,2032,0.0,0.0,0.0416969770121981,0.44144831788540373,0.04198110518606485,-0.2773927169166308,,0,-0.03762019641903669
9,always_freeze,2032,0.0,0.0,-0.006145111708868278,0.05275204584477733,0.11880155740849793,0.00457213393540723,,0,-0.07475112167378502
9,always_freeze,2032,0.0,0.0,0.16277111421400892,0.10029901714083311,0.04483622634218959,-0.7114426903009092,,0,-0.05791324605814628
9,always_freeze,2032,0.0,0.0,0.014667942510301846,-0.2821447137829929,-0.052050304653680546,0.3223045477500319,,0,-0.012513298321398088
9,always_freeze,2032,0.0,0.0,-0.06934258565612567,-0.40706592325006385,0.08728528241195943,-0.6408550616657391,,0,-0.12238344740146623
9,always_freeze,2032,0.0,0.0,-0.038121502975177246,0.22011668511728733,0.02752551202854836,-0.47931180393926587,,0,-0.021560574065810207
9,always_freeze,2032,0.0,0.0,0.16574472353629083,-0.31758928197572467,0.05315569680949392,-0.7036773435787596,,0,-0.1212504705002377
9,always_freeze,2032,0.0,0.0,-0.018017359950048384,-0.12296845750143603,-0.04124340171072652,-0.6529797398299428,,0,-0.20072789055963097
9,always_freeze,2032,0.0,0.0,0.11341385367645235,-0.1220746845368249,-0.09100078237413031,0.3371229740789443,,0,-0.018027144722249266
9,always_freeze,2032,0.0,0.0,0.20030989951519645,-0.21670738288848101,-0.07976366122090225,0.8022436406475562,,0,-0.05537831411732094
9,always_freeze,2032,0.0,0.0,-0.11689004685970539,0.382027756748203,-0.1459398908956392,-0.5885004417454933,,0,-0.20779970956212265
9,always_freeze,2032,0.0,0.0,0.15512068085384872,-0.49627344395082296,0.05327564867955836,-0.49070364152719836,,0,-0.107343427835937
9,always_freeze,2032,0.0,0.0,-0.11822150357914468,-0.26732384021897415,-0.09993121572448953,-0.20164783815716536,,0,-0.18820256316721903
9,always_freeze,2032,0.0,0.0,0.0872672183745466,-0.26433940034962355,-0.11118987182297488,0.9681223155347609,,0,-0.04762646311103802
9,always_freeze,2032,0.0,0.0,-0.19130599175002383,-0.4563809017599326,0.10992572107160589,0.5677707123902886,,0,-0.1255655402715961
9,always_freeze,2032,0.0,0.0,0.19918380707948863,0.09348858815376204,0.019040405623468704,-0.4163249679495007,,0,-0.04158590780772553
9,always_freeze,2032,0.0,0.0,-0.19521665322463932,0.39863883554629786,-0.027449273014267,0.884125676794137,,0,-0.24057502329283847
9,always_freeze,2032,0.0,0.0,-0.21145101085324552,0.426195577265821,0.10965556340877045,0.6338751866706402,,0,-0.3883089735774365
9,always_freeze,2032,0.0,0.0,0.23524119305888064,-0.18605301587227951,-0.017259657407084184,0.7552102687536919,,0,-0.11302191557176378
9,always_freeze,2032,0.0,0.0,-0.07795174140236638,-0.052156686094574245,0.018973160730771266,-0.34575111221894406,,0,-0.03792600420465239
9,always_freeze,2032,0.0,0.0,-0.033668255476272335,-0.1725734700847743,0.12180797050090028,0.18397839572361385,,0,-0.0775189721822704
9,always_freeze,2032,0.0,0.0,-0.16907494503910653,0.23722104006924416,0.07007530109779561,-0.5762368198749008,,0,-0.02112057791030817
9,always_freeze,2032,0.0,0.0,-0.1116410955988063,-0.3693972214385036,0.0862563787812691,0.3015043416579235,,0,-0.1072233341915025
9,always_freeze,2032,0.0,0.0,-0.07837595298441319,0.37253283428954154,-0.07735196052146998,-0.9144132346240312,,0,-0.21940663278978045
9,always_freeze,2032,0.0,0.0,0.020648917744697515,-0.2768512080963187,-0.03599791079812287,-0.864633546656101,,0,-0.33210131119706826
9,always_freeze,2032,0.0,0.0,0.10779974980913615,0.45352466690669246,0.05704146306322483,0.7652887576478549,,0,-0.43871440448716553
9,always_freeze,2032,0.0,0.0,-0.05492988691717732,-0.45210726251745426,0.07565932482984802,0.22343058428073603,,0,-0.04771007144597952
9,always_freeze,2032,0.0,0.0,0.05760719150630317,-0.478075768445674,-0.08408812524389637,-0.2052038236222058,,0,-0.2004814054599147
9,always_freeze,2032,0.0,0.0,0.07746894116645775,-0.07227642188967187,0.12935553217254317,-0.4806520332439179,,0,-0.018355186239609918
9,always_freeze,2032,0.0,0.0,-0.1490751082051605,0.44103556705253666,0.10387619763869746,0.8187191625190255,,0,-0.5048720139560907
9,always_freeze,2032,0.0,0.0,-0.0012888644638468505,0.41763418648714234,-0.0671543354818394,0.05500901708232453,,0,-0.020293286983024905
9,always_freeze,2032,0.0,0.0,0.11850139309741575,-0.3928972659639173,0.05567739293032156,0.2900311677074996,,0,-0.03228426362786546
9,always_freeze,2032,0.0,0.0,-0.015159602126216698,0.4515321759110219,0.12424154352404201,0.3693094253031648,,0,-0.3409123318015977
9,always_freeze,2032,0.0,0.0,0.1781165756382211,0.3058392605380067,-0.021065972431829505,-0.4778888566778223,,0,-0.07158162880239077
9,always_freeze,2032,0.0,0.0,-0.1547048879709515,0.24897307011132663,0.1213954211941882,0.8111122204893226,,0,-0.44845991071561037
9,always_freeze,2032,0.0,0.0,-0.002120161786173469,-0.17184976597372892,0.04852499662286619,0.021724098713244544,,0,-0.020396777452154256
9,always_freeze,2032,0.0,0.0,-0.21856429263863109,0.17016032302355666,0.011770348305949863,0.008013635662230678,,0,-0.02155085201155661
9,always_freeze,2032,0.0,0.0,-0.06282171311026047,0.19563174742521983,-0.07618915969692491,0.3815588884528256,,0,-0.01977620353633406
9,always_freeze,2032,0.0,0.0,0.005974131748530842,-0.3899524505841978,-0.030036990553484702,0.8587715674402359,,0,-0.06686993739939391
9,always_freeze,2032,0.0,0.0,0.09427643744582331,-0.3984982074180845,0.11241397167920689,-0.48779650889385207,,0,-0.0426100208829308
10,action_only,2030,18.0,-5.0,-0.05184600350204882,0.30607942143937183,0.10099304756404573,-0.2530248106604298,94,26,-1.2206503321382973
10,action_only,2030,18.0,-5.0,-0.1746701675661021,-0.0960382503057311,-0.07758359458311934,-0.9072980629069103,10,11,-1.307299299746206
10,action_only,2030,18.0,-5.0,0.10087321247067488,-0.1781914725731859,0.10810903795123564,0.4947797228192494,90,30,-1.3556614742768778
10,action_only,2030,18.0,-5.0,-0.11061107803132053,-0.15683820569066687,0.029557280869386304,0.5523579826519649,93,27,-1.2556971425558874
10,action_only,2030,18.0,-5.0,-0.11244633322915232,-0.2523323291940618,-0.08078175843615758,0.7014294184526371,97,23,-1.2131847739952124
10,action_only,2030,18.0,-5.0,-0.03249481063765236,0.297320955958965,0.08713878784359438,-0.24534403441657937,95,25,-1.2113944660372582
10,action_only,2030,18.0,-5.0,-0.2128657522118897,-0.3795630479155544,0.018756430666800133,0.6211744595695985,98,22,-1.1787420383507694
10,action_only,2030,18.0,-5.0,-0.04125832193110157,-0.0887831501503984,-0.08845466779033351,-0.6387509190747986,112,8,-1.200229515930551
10,action_only,2030,18.0,-5.0,-0.1961992408789655,-0.2083538592638955,-0.007986654650933678,-0.6154045455662835,111,9,-1.1432138743049174
10,action_only,2030,18.0,-5.0,-0.16562323687385,-0.2733998816963822,-0.10837784863116101,-0.33998648124044517,111,9,-1.2215366836631472
10,action_only,2030,18.0,-5.0,-0.2393439382184675,0.0717705870988169,0.09286956528659143,-0.9550839743869992,109,11,-1.0745556880763174
10,action_only,2030,18.0,-5.0,-0.1293965880091248,0.02752419448843768,0.14113885165268072,0.9944181516349018,64,56,-1.9513440509411963
10,action_only,2030,18.0,-5.0,-0.24871107746498927,-0.29938154133106964,0.025446922056065135,0.40658082299074727,99,21,-1.1459209192441573
10,action_only,2030,18.0,-5.0,-0.08221678174018854,0.17139958868425698,-0.03823551044323044,0.058579013211461195,97,23,-1.2015308339617925
10,action_only,2030,18.0,-5.0,-0.0583582840637652,0.2194612905757084,-0.07634937683435745,0.3653484228930721,91,29,-1.2953114117930729
10,action_only,2030,18.0,-5.0,-0.04988577268458283,-0.07789351033620806,0.0793096184914518,0.439263667930472,91,29,-1.3077195381542959
10,action_only,2030,18.0,-5.0,-0.24910183637657646,0.44845897341128094,0.036456235280835,-0.8651716035641965,104,16,-1.1437475045660115
10,action_only,2030,18.0,-5.0,-0.012014557874164,0.01692531270132336,-0.1488798447885841,0.4777890790089574,97,23,-1.2568350634034104
10,action_only,2030,18.0,-5.0,0.07135007270608962,0.19457424037197468,-0.0678098459052404,0.46840836436307964,88,32,-1.3421789070665708
10,action_only,2030,18.0,-5.0,-0.010332518879528907,0.2955235774800139,-0.10406964857029463,0.2144724089766188,93,27,-1.2851982647421754
10,action_only,2030,18.0,-5.0,-0.16372352617243813,0.39306591204031316,0.1481721978303123,-0.6748941429681388,99,21,-1.1396836369773855
10,action_only,2030,18.0,-5.0,-0.07900715659985724,0.34110492262895664,0.0651917415315823,0.06022892227747434,88,32,-1.3323139289612917
10,action_only,2030,18.0,-5.0,-0.05477919429534028,0.0928960523511676,-0.04417563996210884,-0.40160684783356126,106,14,-1.1369390952843692
10,action_only,2030,18.0,-5.0,0.08546167953971262,-0.3133598337615493,-0.0525314198288976,-0.6335436313154903,114,6,-1.152708520728425
10,action_only,2030,18.0,-5.0,0.19777029486169678,0.36649577401099176,0.11499320740060989,0.5603658954529374,61,59,-1.8772176328356835
10,action_only,2030,18.0,-5.0,-0.15214140323953612,-0.46337065588170534,-0.026757446180497343,0.5380984358701089,102,18,-1.125166157576275
10,action_only,2030,18.0,-5.0,0.22865119423133778,-0.45714569075357037,-0.1457865575881901,0.9773209857901659,98,22,-1.2343923661513638
10,action_only,2030,18.0,-5.0,-0.23202367017315628,-0.003566724635694296,0.001562438412149314,0.40745027430264824,94,26,-1.2370469535346076
10,action_only,2030,18.0,-5.0,-0.1163189765726666,0.3732638918786515,-0.03942925647658095,0.12384672478393144,91,29,-1.2920214988906948
10,action_only,2030,18.0,-5.0,0.17497647362832425,0.04009854363336052,0.04049765122913601,0.003291045139735882,98,22,-1.1836578385271488
10,action_only,2030,18.0,-5.0,0.21117851654077502,-0.038140109587037174,-0.021662473564537987,-0.6905630402341905,111,9,-1.0992448479252819
10,action_only,2030,18.0,-5.0,0.08111152296731428,0.39398162322906694,-0.07317993963361681,-0.23996179617651547,98,22,-1.23360749640036
10,action_only,2030,18.0,-5.0,-0.23512842594624062,-0.07925923036509064,0.044190096590837336,-0.7469962832660819,109,11,-1.0996753792181182
10,action_only,2030,18.0,-5.0,0.14288723007155796,-0.3677795924230466,0.08212546185605069,-0.4235124635062011,110,10,-0.9972517779349089
10,action_only,2030,18.0,-5.0,0.021032964973469737,-0.02631751023522033,-0.03597850764534562,0.6941167096109981,88,32,-1.3400752345179177
10,action_only,2030,18.0,-5.0,-0.1000126504446634,-0.3157118928679221,0.07853218318496319,0.04168884941597595,103,17,-1.0676711428483756
10,action_only,2030,18.0,-5.0,0.15265004930217052,-0.36443176343201233,0.057010322604900104,-0.24333297120016706,109,11,-1.0175973269010345
10,action_only,2030,18.0,-5.0,0.1728960900835289,0.4978108002253202,0.1347512880915044,0.512138613039256,55,65,-2.015217778894757
10,action_only,2030,18.0,-5.0,-0.13794172072230004,0.2523563335356085,-0.07627609400165962,0.6374054670125864,84,36,-1.4017532136004756
10,action_only,2030,18.0,-5.0,0.12232806968614085,0.2790916470408108,0.05126162458101299,-0.052528483320705366,92,28,-1.2744033164611301
10,action_only,2030,18.0,-5.0,0.04411692908133491,0.14370649656475665,-0.1424939375835341,-0.8807516257527177,11,8,-1.294679486160187
10,action_only,2030,18.0,-5.0,-0.04818470777040351,0.03507477552719762,-0.03121113869144833,-0.38954138036986174,106,14,-1.1224112069289671
10,action_only,2030,18.0,-5.0,-0.061741698435153536,-0.21738020529300228,-0.14814469312178866,0.09411456277199148,107,13,-1.1940929721182258
10,action_only,2030,18.0,-5.0,0.10798219580122403,-0.013327890407098142,0.11522885326154489,-0.4347669778331049,104,16,-1.0651736763974768
10,action_only,2030,18.0,-5.0,0.02964323930949897,-0.33728262282208876,0.020995901843503167,0.03545891479456542,105,15,-1.062053940875542
10,action_only,2030,18.0,-5.0,-0.19127657643298324,-0.006366838994584345,-0.12025766177631131,0.371870969733503,99,21,-1.2276946234813655
10,action_only,2030,18.0,-5.0,0.06228276560775298,-0.11416833641517976,-0.10040857881207688,0.3364488398021621,100,20,-1.1859773209294977
10,action_only,2030,18.0,-5.0,-0.004513231278477359,0.19063809501508655,-0.12717927829649459,0.16192327587643685,98,22,-1.2492889880995444
10,action_only,2030,18.0,-5.0,0.08751556538446681,-0.05232433589254193,-0.05577903904144785,0.3963749067973721,96,24,-1.2170580608593147
10,action_only,2030,18.0,-5.0,-0.12005219468295641,0.2312462372416506,-0.14256012243204116,-0.1574196787062363,104,16,-1.226207971925301
10,action_only,2030,18.0,-5.0,0.03406304572905289,-0.10366774974351156,0.0922263507368278,0.619401797543425,85,35,-1.4329314524917023
10,action_only,2030,18.0,-5.0,-0.22576549038460858,0.4785897534640512,0.024075450510955165,0.3924311236153992,78,42,-1.507318376028867
10,action_only,2030,18.0,-5.0,0.1540769353616137,0.2737429839829577,0.10063374135746586,0.513495678515373,70,50,-1.6969871745770542
10,action_only,2030,18.0,-5.0,0.039467936271113946,-0.43108336076345866,-0.0020020605007881054,-0.46518989307802516,112,8,-1.0815239817679059
10,action_only,2030,18.0,-5.0,0.06205152188869095,-0.464544024075189,0.03995502402254755,-0.3786386870963008,111,9,-1.0295118779497172
10,action_only,2030,18.0,-5.0,-0.13371271560443138,-0.2805805024807255,-0.023090921287984234,-0.7598913679230228,10,9,-1.1881514321955664
10,action_only,2030,18.0,-5.0,-0.19783396007151605,-0.09498100989584568,0.08431783029709747,0.6849151318630617,86,34,-1.4140932108818733
10,action_only,2030,18.0,-5.0,-0.04794666198426195,0.21103313285010683,-0.04749904442938542,0.2746714753603463,92,28,-1.2739970770819489
10,action_only,2030,18.0,-5.0,0.18459989159238321,-0.29048621819121834,0.13687854976409183,-0.38116787349079484,107,13,-1.0078859273239615
10,action_only,2030,18.0,-5.0,-0.052596513525193234,0.3728039044424841,0.04544368088243514,0.2619753303164607,82,38,-1.4342943991198578
10,action_only,2030,18.0,-5.0,-0.13023886920061645,-0.4000915140241518,0.11025984943854675,0.26190545607406035,101,19,-1.1150403904407007
10,action_only,2030,18.0,-5.0,0.07363891060096278,0.39055726666343815,-0.0006869946930977144,-0.3965470574024279,99,21,-1.190720591146605
10,action_only,2030,18.0,-5.0,-0.0604382319260936,0.27485034661966123,0.06813537822018145,0.16366773976564253,87,33,-1.351468130924441
10,action_only,2030,18.0,-5.0,-0.05218653577595406,-0.05363362003716077,-0.05397920266786094,0.007692874763531199,103,17,-1.1435305818198935
10,action_only,2031,18.0,-5.0,-0.05719559306725752,0.029977481420147667,0.12842040260494766,0.2967636762235082,88,32,-1.3660179200989668
10,action_only,2031,18.0,-5.0,0.00041479846092579153,0.2721927656375751,0.11014879009583631,0.3854936434772629,77,43,-1.5683319213766789
10,action_only,2031,18.0,-5.0,-0.07587045350273108,-0.25069801024430605,0.08963116482608541,0.38660453020354213,96,24,-1.2061496782721093
10,action_only,2031,18.0,-5.0,-0.16072924027203384,0.4939430909001882,-0.1358630047616157,-0.8812733049729311,111,9,-1.2746283958347617
10,action_only,2031,18.0,-5.0,0.24478606058792612,0.21544858332038674,-0.06602284886490674,0.9546284718587277,69,51,-1.6646644361048515
10,action_only,2031,18.0,-5.0,-0.06766414239262963,-0.38218468219959956,-0.032598289634361816,0.987348958235774,92,28,-1.2862804422012768
10,action_only,2031,18.0,-5.0,-0.10924017350661602,0.3754688310904263,-0.1395799529012843,0.863510397476903,78,42,-1.528093983044253
10,action_only,2031,18.0,-5.0,-0.13533111001840514,-0.04147778849238515,0.14068175335234165,0.12043226304240329,94,26,-1.2391337205535238
10,action_only,2031,18.0,-5.0,0.07978135920252649,-0.023029679336416975,-0.06538883311653178,-0.9965905229899363,11,7,-1.2229029938862677
10,action_only,2031,18.0,-5.0,0.24791850639542956,-0.37942870206141854,-0.07364437009577098,0.5677461484354571,101,19,-1.1635630221546398
10,action_only,2031,18.0,-5.0,-0.00019031193364671406,-0.002740967741479361,-0.038986250374450485,0.24015787853474557,98,22,-1.1893364823204358
10,action_only,2031,18.0,-5.0,-0.09187037674143367,-0.3189788131123753,-0.0024639503641179505,-0.8352063207937217,9,10,-1.172087644810406
10,action_only,2031,18.0,-5.0,0.08457043881961968,0.43130667197173067,-0.022205297391200696,-0.2903455258061334,96,24,-1.2288581725849024
10,action_only,2031,18.0,-5.0,0.043297730134621626,-0.26430226555847003,-0.013176510592217555,0.20956588122333253,103,17,-1.109078631506462
10,action_only,2031,18.0,-5.0,-0.10094702247921938,-0.36775367605226494,0.09169644069195076,-0.18779302771909512,107,13,-1.0224396513299956
10,action_only,2031,18.0,-5.0,0.1884744089590798,-0.18925371788006506,0.0909228694650712,-0.8298318940671692,112,8,-1.0090668431020673
10,action_only,2031,18.0,-5.0,0.009440229344430062,-0.135091109056364,-0.03635134315064523,-0.739372215805318,113,7,-1.1447380673672334
10,action_only,2031,18.0,-5.0,0.07521640816545822,-0.3415091287433899,0.07555238392778321,0.7646136173184206,90,30,-1.3540536290408458
10,action_only,2031,18.0,-5.0,-0.08952153948342478,0.19379466813065394,-0.08336120587227071,0.8171416305483021,82,38,-1.4540019311424932
10,action_only,2031,18.0,-5.0,0.08713994647273327,-0.025246928221083098,-0.038656775628084034,-0.17415188676743076,105,15,-1.1243148711546138
10,action_only,2031,18.0,-5.0,-0.21842331465768017,0.08360161299281577,-0.027927589315817514,-0.021641587680241603,100,20,-1.1638415332931653
10,action_only,2031,18.0,-5.0,-0.23817768139675016,0.32912885268562886,-0.0454553087606549,0.5842483877496001,83,37,-1.4312439303390054
10,action_only,2031,18.0,-5.0,0.0035549008617828393,-0.13584934794824965,-0.020728546539534237,-0.43703856431753074,109,11,-1.0970789185478622
10,action_only,2031,18.0,-5.0,0.06809837093073917,-0.0930635512668826,0.018350245073017635,-0.9734092402142873,113,7,-1.1046225668232665
10,action_only,2031,18.0,-5.0,0.05974480105472729,-0.18686403018196263,0.023105223860972524,-0.45029444570361776,109,11,-1.0576984072211402
10,action_only,2031,18.0,-5.0,0.21004191179998616,-0.051135912337605394,0.08308904019903207,0.2946149937151734,91,29,-1.3098456518621124
10,action_only,2031,18.0,-5.0,0.10503274783308614,-0.36169591995039485,-0.08476374293807364,0.024535690726771753,108,12,-1.1164665648303829
10,action_only,2031,18.0,-5.0,0.18631626379720384,-0.2868283780049591,-0.13569236308343777,0.31330259950078965,105,15,-1.1669211400691306
10,action_only,2031,18.0,-5.0,0.08684596990970628,-0.44277480118184553,0.06277299506718287,0.036861988274649926,106,14,-1.0358400169195254
10,action_only,2031,18.0,-5.0,0.23632962805057833,-0.2737434696336881,-0.045053013304271264,-0.1361091609668743,108,12,-1.09279392755435
10,action_only,2031,18.0,-5.0,-0.24754269979104693,0.37075844396283286,0.11558464735629273,-0.8259862480601177,103,17,-1.098196449519129
10,action_only,2031,18.0,-5.0,-0.035163736461436945,0.15658602203133398,-0.10605356980128908,-0.7802959413323836,112,8,-1.2217422395663602
10,action_only,2031,18.0,-5.0,0.1231977590524218,-0.4168767854115202,0.13205614302995097,-0.404141022751507,109,11,-0.976702556397962
10,action_only,2031,18.0,-5.0,0.10273485677697786,0.3513288363432773,-0.09688081669079518,-0.74999894407966,109,11,-1.1873798876868988
10,action_only,2031,18.0,-5.0,-0.013090082483146914,0.4216551912347666,-0.12893868354606336,-0.8075099557518162,110,10,-1.2364327236584445
10,action_only,2031,18.0,-5.0,-0.21087361925095793,-0.34008392139782284,0.1029692819011512,0.31729222948064506,99,21,-1.146637105786464
10,action_only,2031,18.0,-5.0,-0.2172681570069221,0.3108853840027679,-0.08437578210308493,0.8343107050785301,79,41,-1.5077410193103657
10,action_only,2031,18.0,-5.0,0.17854695665205939,-0.4438756321523265,0.01529411115016352,-0.6977299565415498,114,6,-1.0787585621520626
10,action_only,2031,18.0,-5.0,0.07726669354380805,0.13774062240984086,0.13352727004458623,0.02909579767429915,90,30,-1.3212945659413866
10,action_only,2031,18.0,-5.0,0.18710394121383273,0.3686179697175588,-0.014019474719358327,-0.8007416270501262,106,14,-1.1437271694286864
10,action_only,2031,18.0,-5.0,0.048972261799093364,0.1313385331831709,-0.1067307445679048,-0.3287918720466534,106,14,-1.1756431604793387
10,action_only,2031,18.0,-5.0,0.09718291577752147,0.005872463345556023,0.011593024748510788,0.8024727635428832,80,40,-1.495896247842207
10,action_only,2031,18.0,-5.0,0.14935170488128746,-0.22825866066070433,-0.018477079629208498,0.8933377939132572,88,32,-1.372108014090881
10,action_only,2031,18.0,-5.0,0.20067413053531086,-0.12633436261752995,0.13885268365760403,0.23148772800943207,92,28,-1.3135959479922497
10,action_only,2031,18.0,-5.0,-0.08589425396771094,0.13351245123576228,-0.07198172220174581,0.13023504799854502,98,22,-1.2080975525015727
10,action_only,2031,18.0,-5.0,-0.05447144287086386,-0.07576520117734209,-0.08846130582813654,-0.6777708922035284,113,7,-1.2084162259924085
10,action_only,2031,18.0,-5.0,-0.21747418066798524,0.28640932106450523,-0.11237846207802576,-0.4280926413579471,106,14,-1.217375248926309
10,action_only,2031,18.0,-5.0,-0.05216380534868992,-0.22703978591909113,-0.011007289099728285,-0.5554858405333485,111,9,-1.1076201210242826
10,action_only,2031,18.0,-5.0,0.03105329714463445,0.30896916347743897,-0.07959698733646935,-0.6980137769170842,108,12,-1.1752152317350446
10,action_only,2031,18.0,-5.0,-0.19657397761776896,0.186031639190528,-0.09673404053650989,-0.5648180890272156,108,12,-1.209411592158717
10,action_only,2031,18.0,-5.0,-0.24065859109650412,-0.03358991134538736,0.08494174947500269,-0.627427741652242,107,13,-1.058819317602625
10,action_only,2031,18.0,-5.0,-0.16438692285361428,-0.07705859830215234,-0.09437117764258032,-0.060380711664147046,105,15,-1.1700561247516712
10,action_only,2031,18.0,-5.0,-0.21948801697981907,-0.429201148312808,-0.09017604969109227,0.9486938308081985,97,23,-1.2222003572815607
10,action_only,2031,18.0,-5.0,-0.2203960579142219,-0.4038488461308124,-0.1398016283202744,0.5512330483767147,104,16,-1.2027776263434868
10,action_only,2031,18.0,-5.0,-0.0009873401921921543,-0.08332778477370284,0.036001141293737715,0.3957285842005567,93,27,-1.244478565018249
10,action_only,2031,18.0,-5.0,0.2303375008521033,0.3238000738487845,-0.1478056767727303,0.6569586795054065,81,39,-1.473012741302766
10,action_only,2031,18.0,-5.0,0.227850678441546,-0.4460371563529001,-0.12204663784886981,0.34031384088368677,107,13,-1.140717773709594
10,action_only,2031,18.0,-5.0,0.2274924967009811,0.39736651004177115,-0.13230561030604085,-0.9171359809818949,113,7,-1.2230337776521054
10,action_only,2031,18.0,-5.0,0.11694240802170658,0.23984145815095692,0.14438369093870743,0.5678026795051414,66,54,-1.8221181980864785
10,action_only,2031,18.0,-5.0,0.2457258071475672,-0.21488261959083332,0.038315898536961185,-0.7895688558206044,113,7,-1.0446216448496664
10,action_only,2031,18.0,-5.0,0.08430786495974618,-0.10895607224188542,0.04434566901735931,-0.9470092391609788,112,8,-1.073385076215268
10,action_only,2031,18.0,-5.0,0.24717650707901756,-0.042475513854508096,-0.05002850584194453,0.6459609604524086,89,31,-1.343994788376286
10,action_only,2031,18.0,-5.0,0.18558918665217328,0.197465699954667,0.1402031382125212,-0.08117756266642817,90,30,-1.3366384200991481
10,action_only,2032,18.0,-5.0,0.008367459450451809,0.112264267629136,-0.025505805762366246,0.9840330568368314,74,46,-1.59795979743771
10,action_only,2032,18.0,-5.0,-0.1864171860319725,-0.25834647716187553,-0.11060540575936717,0.35773423293883067,103,17,-1.1818971141261865
10,action_only,2032,18.0,-5.0,-0.20366109945424188,0.2841634660303536,0.0897209301453448,0.22832577124943332,85,35,-1.3926653884124944
10,action_only,2032,18.0,-5.0,-0.20733308285993302,-0.02397936104058851,-0.010641318927114785,-0.5635161851876977,108,12,-1.1294743876368785
10,action_only,2032,18.0,-5.0,-0.2017684173697365,0.49274223679378937,-0.04197515345875004,-0.46473893672876265,100,20,-1.211983516787942
10,action_only,2032,18.0,-5.0,0.09638989472669934,0.13130541528275663,-0.049527757258839955,-0.13947319219939724,101,19,-1.1665230480150168
10,action_only,2032,18.0,-5.0,-0.17167077945785825,-0.3093585094041926,-0.01631447319820245,-0.023030024907035207,106,14,-1.0978981563803043
10,action_only,2032,18.0,-5.0,-0.08846827591619444,0.4787430018856348,0.09557815176991791,-0.6442691955697661,98,22,-1.1651080704977868
10,action_only,2032,18.0,-5.0,-0.24263214384426413,0.4592575433995567,-0.04659935423082169,0.8930348063474585,70,50,-1.687926951614673
10,action_only,2032,18.0,-5.0,-0.004075901659786163,0.350707700715706,-0.002463934842299592,-0.3881444932383227,100,20,-1.1744953366865543
10,action_only,2032,18.0,-5.0,-0.0055155840254163535,0.25220908338844383,-0.0171824870703845,-0.7044532273319046,107,13,-1.1326941464836038
10,action_only,2032,18.0,-5.0,0.1758520768405965,-0.0664346598679999,0.10959733380349987,-0.30229058052119595,103,17,-1.084829832332911
10,action_only,2032,18.0,-5.0,0.12321084464730131,-0.23547928304079868,-0.12592058439601292,0.6503637799178794,98,22,-1.2171048101929485
10,action_only,2032,18.0,-5.0,0.04602596567933842,0.30167465619720657,0.09590450935538827,0.584415406085927,69,51,-1.7225949926406385
10,action_only,2032,18.0,-5.0,0.2089783149025276,0.07662012298435994,0.09665010891405842,0.008752578361251206,94,26,-1.2583744456587311
10,action_only,2032,18.0,-5.0,0.17503574940750427,-0.45444987710930873,0.06507797129550932,0.6174163542102524,97,23,-1.2235509623749166
10,action_only,2032,18.0,-5.0,-0.14736757146152718,0.2896404065813466,0.00686426178750954,0.09196397701471937,92,28,-1.2623372741553807
10,action_only,2032,18.0,-5.0,0.22625629338967296,-0.41724318697738905,-0.13587726539817796,0.7256744058189266,101,19,-1.1900330993865447
10,action_only,2032,18.0,-5.0,0.04158565721454649,-0.21396274179404817,-0.04856866055407734,0.2634864857914767,102,18,-1.135734557633806
10,action_only,2032,18.0,-5.0,-0.2174158797852948,-0.2627353948709128,0.019808773451125916,0.6176378502993707,95,25,-1.2202457141514176
10,action_only,2032,18.0,-5.0,0.02280545884951579,0.3793168185543673,-0.0006454883047744553,0.1993706771828747,86,34,-1.3702719553871792
10,action_only,2032,18.0,-5.0,-0.061885346607069125,0.41813104039128157,-0.09809940995781084,-0.32335571362830007,101,19,-1.2247950018658538
10,action_only,2032,18.0,-5.0,0.18425302638319846,-0.18379902287720584,-0.07023529146192369,0.026446679546727525,105,15,-1.1279577358745283
10,action_only,2032,18.0,-5.0,-0.22830186029714528,-0.07446259371436525,0.1144998098008013,0.41813649981596623,90,30,-1.3207640808023056
10,action_only,2032,18.0,-5.0,0.0416969770121981,0.44144831788540373,0.04198110518606485,-0.2773927169166308,93,27,-1.2493239901309963
10,action_only,2032,18.0,-5.0,-0.006145111708868278,0.05275204584477733,0.11880155740849793,0.00457213393540723,95,25,-1.2264171408599438
10,action_only,2032,18.0,-5.0,0.16277111421400892,0.10029901714083311,0.04483622634218959,-0.7114426903009092,107,13,-1.0720649521080967
10,action_only,2032,18.0,-5.0,0.014667942510301846,-0.2821447137829929,-0.052050304653680546,0.3223045477500319,102,18,-1.129697569716155
10,action_only,2032,18.0,-5.0,-0.06934258565612567,-0.40706592325006385,0.08728528241195943,-0.6408550616657391,112,8,-1.0267812578646387
10,action_only,2032,18.0,-5.0,-0.038121502975177246,0.22011668511728733,0.02752551202854836,-0.47931180393926587,103,17,-1.1191653096068233
10,action_only,2032,18.0,-5.0,0.16574472353629083,-0.31758928197572467,0.05315569680949392,-0.7036773435787596,113,7,-1.0308429654163085
10,action_only,2032,18.0,-5.0,-0.018017359950048384,-0.12296845750143603,-0.04124340171072652,-0.6529797398299428,112,8,-1.1394235681612648
10,action_only,2032,18.0,-5.0,0.11341385367645235,-0.1220746845368249,-0.09100078237413031,0.3371229740789443,100,20,-1.1831228156693343
10,action_only,2032,18.0,-5.0,0.20030989951519645,-0.21670738288848101,-0.07976366122090225,0.8022436406475562,92,28,-1.2902721907663017
10,action_only,2032,18.0,-5.0,-0.11689004685970539,0.382027756748203,-0.1459398908956392,-0.5885004417454933,108,12,-1.2406251497484126
10,action_only,2032,18.0,-5.0,0.15512068085384872,-0.49627344395082296,0.05327564867955836,-0.49070364152719836,112,8,-1.0158387392316384
10,action_only,2032,18.0,-5.0,-0.11822150357914468,-0.26732384021897415,-0.09993121572448953,-0.20164783815716536,110,10,-1.1769131494437082
10,action_only,2032,18.0,-5.0,0.0872672183745466,-0.26433940034962355,-0.11118987182297488,0.9681223155347609,92,28,-1.296536799533311
10,action_only,2032,18.0,-5.0,-0.19130599175002383,-0.4563809017599326,0.10992572107160589,0.5677707123902886,97,23,-1.2065008642124868
10,action_only,2032,18.0,-5.0,0.19918380707948863,0.09348858815376204,0.019040405623468704,-0.4163249679495007,104,16,-1.1057041312054425
10,action_only,2032,18.0,-5.0,-0.19521665322463932,0.39863883554629786,-0.027449273014267,0.884125676794137,70,50,-1.6818227564223498
10,action_only,2032,18.0,-5.0,-0.21145101085324552,0.426195577265821,0.10965556340877045,0.6338751866706402,67,53,-1.8140915242284952
10,action_only,2032,18.0,-5.0,0.23524119305888064,-0.18605301587227951,-0.017259657407084184,0.7552102687536919,89,31,-1.347380962041885
10,action_only,2032,18.0,-5.0,-0.07795174140236638,-0.052156686094574245,0.018973160730771266,-0.34575111221894406,106,14,-1.0844196089568736
10,action_only,2032,18.0,-5.0,-0.033668255476272335,-0.1725734700847743,0.12180797050090028,0.18397839572361385,97,23,-1.195182614919851
10,action_only,2032,18.0,-5.0,-0.16907494503910653,0.23722104006924416,0.07007530109779561,-0.5762368198749008,103,17,-1.102467566963522
10,action_only,2032,18.0,-5.0,-0.1116410955988063,-0.3693972214385036,0.0862563787812691,0.3015043416579235,100,20,-1.1226410993043852
10,action_only,2032,18.0,-5.0,-0.07837595298441319,0.37253283428954154,-0.07735196052146998,-0.9144132346240312,110,10,-1.2024053622192388
10,action_only,2032,18.0,-5.0,0.020648917744697515,-0.2768512080963187,-0.03599791079812287,-0.864633546656101,9,10,-1.1964647930635104
10,action_only,2032,18.0,-5.0,0.10779974980913615,0.45352466690669246,0.05704146306322483,0.7652887576478549,58,62,-1.9335463801042647
10,action_only,2032,18.0,-5.0,-0.05492988691717732,-0.45210726251745426,0.07565932482984802,0.22343058428073603,103,17,-1.0722055044047065
10,action_only,2032,18.0,-5.0,0.05760719150630317,-0.478075768445674,-0.08408812524389637,-0.2052038236222058,112,8,-1.1442440115261827
10,action_only,2032,18.0,-5.0,0.07746894116645775,-0.07227642188967187,0.12935553217254317,-0.4806520332439179,105,15,-1.0394082819529928
10,action_only,2032,18.0,-5.0,-0.1490751082051605,0.44103556705253666,0.10387619763869746,0.8187191625190255,59,61,-2.0098086564479725
10,action_only,2032,18.0,-5.0,-0.0012888644638468505,0.41763418648714234,-0.0671543354818394,0.05500901708232453,92,28,-1.2957399067624797
10,action_only,2032,18.0,-5.0,0.11850139309741575,-0.3928972659639173,0.05567739293032156,0.2900311677074996,102,18,-1.1085512788987377
10,action_only,2032,18.0,-5.0,-0.015159602126216698,0.4515321759110219,0.12424154352404201,0.3693094253031648,69,51,-1.7274780039328235
10,action_only,2032,18.0,-5.0,0.1781165756382211,0.3058392605380067,-0.021065972431829505,-0.4778888566778223,102,18,-1.1659208635157134
10,action_only,2032,18.0,-5.0,-0.1547048879709515,0.24897307011132663,0.1213954211941882,0.8111122204893226,65,55,-1.8753924412790919
10,action_only,2032,18.0,-5.0,-0.002120161786173469,-0.17184976597372892,0.04852499662286619,0.021724098713244544,102,18,-1.098051343193218
10,action_only,2032,18.0,-5.0,-0.21856429263863109,0.17016032302355666,0.011770348305949863,0.008013635662230678,97,23,-1.189629836627216
10,action_only,2032,18.0,-5.0,-0.06282171311026047,0.19563174742521983,-0.07618915969692491,0.3815588884528256,92,28,-1.2899575130718275
10,action_only,2032,18.0,-5.0,0.005974131748530842,-0.3899524505841978,-0.030036990553484702,0.8587715674402359,95,25,-1.240881546589309
10,action_only,2032,18.0,-5.0,0.09427643744582331,-0.3984982074180845,0.11241397167920689,-0.48779650889385207,110,10,-0.9802070217477097
10,commit_gate,2030,1.8,-0.5,-0.05184600350204882,0.30607942143937183,0.10099304756404573,-0.2530248106604298,,0,-0.047476652226612896
10,commit_gate,2030,1.8,-0.5,-0.1746701675661021,-0.0960382503057311,-0.07758359458311934,-0.9072980629069103,,0,-0.41359566669002035
10,commit_gate,2030,1.8,-0.5,0.10087321247067488,-0.1781914725731859,0.10810903795123564,0.4947797228192494,,0,-0.15633682030456794
10,commit_gate,2030,1.8,-0.5,-0.11061107803132053,-0.15683820569066687,0.029557280869386304,0.5523579826519649,,0,-0.06365870319620999
10,commit_gate,2030,1.8,-0.5,-0.11244633322915232,-0.2523323291940618,-0.08078175843615758,0.7014294184526371,,0,-0.023430531401939212
10,commit_gate,2030,1.8,-0.5,-0.03249481063765236,0.297320955958965,0.08713878784359438,-0.24534403441657937,,0,-0.040584701218852035
10,commit_gate,2030,1.8,-0.5,-0.2128657522118897,-0.3795630479155544,0.018756430666800133,0.6211744595695985,,0,-0.044843435611480145
10,commit_gate,2030,1.8,-0.5,-0.04125832193110157,-0.0887831501503984,-0.08845466779033351,-0.6387509190747986,,0,-0.2501293025335296
10,commit_gate,2030,1.8,-0.5,-0.1961992408789655,-0.2083538592638955,-0.007986654650933678,-0.6154045455662835,,0,-0.1912143645681662
10,commit_gate,2030,1.8,-0.5,-0.16562323687385,-0.2733998816963822,-0.10837784863116101,-0.33998648124044517,,0,-0.2597515779457799
10,commit_gate,2030,1.8,-0.5,-0.2393439382184675,0.0717705870988169,0.09286956528659143,-0.9550839743869992,,0,-0.10510049749385009
10,commit_gate,2030,1.8,-0.5,-0.1293965880091248,0.02752419448843768,0.14113885165268072,0.9944181516349018,,0,-0.5330907298838627
10,commit_gate,2030,1.8,-0.5,-0.24871107746498927,-0.29938154133106964,0.025446922056065135,0.40658082299074727,,0,-0.03270901944873886
10,commit_gate,2030,1.8,-0.5,-0.08221678174018854,0.17139958868425698,-0.03823551044323044,0.058579013211461195,,0,-0.014406605108567085
10,commit_gate,2030,1.8,-0.5,-0.0583582840637652,0.2194612905757084,-0.07634937683435745,0.3653484228930721,,0,-0.026191286742014482
10,commit_gate,2030,1.8,-0.5,-0.04988577268458283,-0.07789351033620806,0.0793096184914518,0.439263667930472,,0,-0.10408779295027577
10,commit_gate,2030,1.8,-0.5,-0.24910183637657646,0.44845897341128094,0.036456235280835,-0.8651716035641965,,0,-0.06780363407825502
10,commit_gate,2030,1.8,-0.5,-0.012014557874164,0.01692531270132336,-0.1488798447885841,0.4777890790089574,,0,-0.01931539904134609
10,commit_gate,2030,1.8,-0.5,0.07135007270608962,0.19457424037197468,-0.0678098459052404,0.46840836436307964,,0,-0.05125459341737603
10,commit_gate,2030,1.8,-0.5,-0.010332518879528907,0.2955235774800139,-0.10406964857029463,0.2144724089766188,,0,-0.01979721921999962
10,commit_gate,2030,1.8,-0.5,-0.16372352617243813,0.39306591204031316,0.1481721978303123,-0.6748941429681388,,0,-0.0280309740700219
10,commit_gate,2030,1.8,-0.5,-0.07900715659985724,0.34110492262895664,0.0651917415315823,0.06022892227747434,,0,-0.08311905019423496
10,commit_gate,2030,1.8,-0.5,-0.05477919429534028,0.0928960523511676,-0.04417563996210884,-0.40160684783356126,,0,-0.06806219726387551
10,commit_gate,2030,1.8,-0.5,0.08546167953971262,-0.3133598337615493,-0.0525314198288976,-0.6335436313154903,,0,-0.2377701756933046
10,commit_gate,2030,1.8,-0.5,0.19777029486169678,0.36649577401099176,0.11499320740060989,0.5603658954529374,,0,-0.45463951336042
10,commit_gate,2030,1.8,-0.5,-0.15214140323953612,-0.46337065588170534,-0.026757446180497343,0.5380984358701089,,0,-0.029976625055075014
10,commit_gate,2030,1.8,-0.5,0.22865119423133778,-0.45714569075357037,-0.1457865575881901,0.9773209857901659,,0,-0.03101969045912397
10,commit_gate,2030,1.8,-0.5,-0.23202367017315628,-0.003566724635694296,0.001562438412149314,0.40745027430264824,,0,-0.037020819333390236
10,commit_gate,2030,1.8,-0.5,-0.1163189765726666,0.3732638918786515,-0.03942925647658095,0.12384672478393144,,0,-0.02900169570606088
10,commit_gate,2030,1.8,-0.5,0.17497647362832425,0.04009854363336052,0.04049765122913601,0.003291045139735882,,0,-0.03486434953790029
10,commit_gate,2030,1.8,-0.5,0.21117851654077502,-0.038140109587037174,-0.021662473564537987,-0.6905630402341905,,0,-0.11352975576612269
10,commit_gate,2030,1.8,-0.5,0.08111152296731428,0.39398162322906694,-0.07317993963361681,-0.23996179617651547,,0,-0.029406835990354478
10,commit_gate,2030,1.8,-0.5,-0.23512842594624062,-0.07925923036509064,0.044190096590837336,-0.7469962832660819,,0,-0.13612180945280192
10,commit_gate,2030,1.8,-0.5,0.14288723007155796,-0.3677795924230466,0.08212546185605069,-0.4235124635062011,,0,-0.03786614283931427
10,commit_gate,2030,1.8,-0.5,0.021032964973469737,-0.02631751023522033,-0.03597850764534562,0.6941167096109981,,0,-0.0735910202398023
10,commit_gate,2030,1.8,-0.5,-0.1000126504446634,-0.3157118928679221,0.07853218318496319,0.04168884941597595,,0,-0.020211295932700813
10,commit_gate,2030,1.8,-0.5,0.15265004930217052,-0.36443176343201233,0.057010322604900104,-0.24333297120016706,,0,-0.027506453604168594
10,commit_gate,2030,1.8,-0.5,0.1728960900835289,0.4978108002253202,0.1347512880915044,0.512138613039256,,0,-0.5428390878952318
10,commit_gate,2030,1.8,-0.5,-0.13794172072230004,0.2523563335356085,-0.07627609400165962,0.6374054670125864,,0,-0.06423828173773917
10,commit_gate,2030,1.8,-0.5,0.12232806968614085,0.2790916470408108,0.05126162458101299,-0.052528483320705366,,0,-0.06322573115370439
10,commit_gate,2030,1.8,-0.5,0.04411692908133491,0.14370649656475665,-0.1424939375835341,-0.8807516257527177,,0,-0.3808775888686858
10,commit_gate,2030,1.8,-0.5,-0.04818470777040351,0.03507477552719762,-0.03121113869144833,-0.38954138036986174,,0,-0.06362980330497787
10,commit_gate,2030,1.8,-0.5,-0.061741698435153536,-0.21738020529300228,-0.14814469312178866,0.09411456277199148,,0,-0.12024456907684321
10,commit_gate,2030,1.8,-0.5,0.10798219580122403,-0.013327890407098142,0.11522885326154489,-0.4347669778331049,,0,-0.016287812315547826
10,commit_gate,2030,1.8,-0.5,0.02964323930949897,-0.33728262282208876,0.020995901843503167,0.03545891479456542,,0,-0.01980837493464409
10,commit_gate,2030,1.8,-0.5,-0.19127657643298324,-0.006366838994584345,-0.12025766177631131,0.371870969733503,,0,-0.028983501730695256
10,commit_gate,2030,1.8,-0.5,0.06228276560775298,-0.11416833641517976,-0.10040857881207688,0.3364488398021621,,0,-0.05781914775993408
10,commit_gate,2030,1.8,-0.5,-0.004513231278477359,0.19063809501508655,-0.12717927829649459,0.16192327587643685,,0,-0.024251939101196992
10,commit_gate,2030,1.8,-0.5,0.08751556538446681,-0.05232433589254193,-0.05577903904144785,0.3963749067973721,,0,-0.021061935953650777
10,commit_gate,2030,1.8,-0.5,-0.12005219468295641,0.2312462372416506,-0.14256012243204116,-0.1574196787062363,,0,-0.08936029056364661
10,commit_gate,2030,1.8,-0.5,0.03406304572905289,-0.10366774974351156,0.0922263507368278,0.619401797543425,,0,-0.18636044575011165
10,commit_gate,2030,1.8,-0.5,-0.22576549038460858,0.4785897534640512,0.024075450510955165,0.3924311236153992,,0,-0.14400508886519012
10,commit_gate,2030,1.8,-0.5,0.1540769353616137,0.2737429839829577,0.10063374135746586,0.513495678515373,,0,-0.3313656048281067
10,commit_gate,2030,1.8,-0.5,0.039467936271113946,-0.43108336076345866,-0.0020020605007881054,-0.46518989307802516,,0,-0.14901173833672005
10,commit_gate,2030,1.8,-0.5,0.06205152188869095,-0.464544024075189,0.03995502402254755,-0.3786386870963008,,0,-0.08434724576080678
10,commit_gate,2030,1.8,-0.5,-0.13371271560443138,-0.2805805024807255,-0.023090921287984234,-0.7598913679230228,,0,-0.2856508549925284
10,commit_gate,2030,1.8,-0.5,-0.19783396007151605,-0.09498100989584568,0.08431783029709747,0.6849151318630617,,0,-0.16363871791590537
10,commit_gate,2030,1.8,-0.5,-0.04794666198426195,0.21103313285010683,-0.04749904442938542,0.2746714753603463,,0,-0.027275845810305743
10,commit_gate,2030,1.8,-0.5,0.18459989159238321,-0.29048621819121834,0.13687854976409183,-0.38116787349079484,,0,-0.01799414798426823
10,commit_gate,2030,1.8,-0.5,-0.052596513525193234,0.3728039044424841,0.04544368088243514,0.2619753303164607,,0,-0.12698785384933617
10,commit_gate,2030,1.8,-0.5,-0.13023886920061645,-0.4000915140241518,0.11025984943854675,0.26190545607406035,,0,-0.04419389258107351
10,commit_gate,2030,1.8,-0.5,0.07363891060096278,0.39055726666343815,-0.0006869946930977144,-0.3965470574024279,,0,-0.023383826113634536
10,commit_gate,2030,1.8,-0.5,-0.0604382319260936,0.27485034661966123,0.06813537822018145,0.16366773976564253,,0,-0.09846084372016578
10,commit_gate,2030,1.8,-0.5,-0.05218653577595406,-0.05363362003716077,-0.05397920266786094,0.007692874763531199,,0,-0.0284709496687613
10,commit_gate,2031,1.8,-0.5,-0.05719559306725752,0.029977481420147667,0.12842040260494766,0.2967636762235082,,0,-0.14765489727573228
10,commit_gate,2031,1.8,-0.5,0.00041479846092579153,0.2721927656375751,0.11014879009583631,0.3854936434772629,,0,-0.2445849728646328
10,commit_gate,2031,1.8,-0.5,-0.07587045350273108,-0.25069801024430605,0.08963116482608541,0.38660453020354213,,0,-0.06776062741150476
10,commit_gate,2031,1.8,-0.5,-0.16072924027203384,0.4939430909001882,-0.1358630047616157,-0.8812733049729311,,0,-0.2751657513220634
10,commit_gate,2031,1.8,-0.5,0.24478606058792612,0.21544858332038674,-0.06602284886490674,0.9546284718587277,,0,-0.23415259326270868
10,commit_gate,2031,1.8,-0.5,-0.06766414239262963,-0.38218468219959956,-0.032598289634361816,0.987348958235774,,0,-0.07403435480072959
10,commit_gate,2031,1.8,-0.5,-0.10924017350661602,0.3754688310904263,-0.1395799529012843,0.863510397476903,,0,-0.09014218449786734
10,commit_gate,2031,1.8,-0.5,-0.13533111001840514,-0.04147778849238515,0.14068175335234165,0.12043226304240329,,0,-0.08582521516380076
10,commit_gate,2031,1.8,-0.5,0.07978135920252649,-0.023029679336416975,-0.06538883311653178,-0.9965905229899363,,0,-0.32404516886793205
10,commit_gate,2031,1.8,-0.5,0.24791850639542956,-0.37942870206141854,-0.07364437009577098,0.5677461484354571,,0,-0.023381582857134844
10,commit_gate,2031,1.8,-0.5,-0.00019031193364671406,-0.002740967741479361,-0.038986250374450485,0.24015787853474557,,0,-0.014511957907386625
10,commit_gate,2031,1.8,-0.5,-0.09187037674143367,-0.3189788131123753,-0.0024639503641179505,-0.8352063207937217,,0,-0.285988145171079
10,commit_gate,2031,1.8,-0.5,0.08457043881961968,0.43130667197173067,-0.022205297391200696,-0.2903455258061334,,0,-0.026077593738156362
10,commit_gate,2031,1.8,-0.5,0.043297730134621626,-0.26430226555847003,-0.013176510592217555,0.20956588122333253,,0,-0.01461548974398912
10,commit_gate,2031,1.8,-0.5,-0.10094702247921938,-0.36775367605226494,0.09169644069195076,-0.18779302771909512,,0,-0.028455197959236286
10,commit_gate,2031,1.8,-0.5,0.1884744089590798,-0.18925371788006506,0.0909228694650712,-0.8298318940671692,,0,-0.07145309292143681
10,commit_gate,2031,1.8,-0.5,0.009440229344430062,-0.135091109056364,-0.03635134315064523,-0.739372215805318,,0,-0.2074499421046902
10,commit_gate,2031,1.8,-0.5,0.07521640816545822,-0.3415091287433899,0.07555238392778321,0.7646136173184206,,0,-0.15438120433343858
10,commit_gate,2031,1.8,-0.5,-0.08952153948342478,0.19379466813065394,-0.08336120587227071,0.8171416305483021,,0,-0.0914330265333983
10,commit_gate,2031,1.8,-0.5,0.08713994647273327,-0.025246928221083098,-0.038656775628084034,-0.17415188676743076,,0,-0.031079498767247207
10,commit_gate,2031,1.8,-0.5,-0.21842331465768017,0.08360161299281577,-0.027927589315817514,-0.021641587680241603,,0,-0.02388962441838854
10,commit_gate,2031,1.8,-0.5,-0.23817768139675016,0.32912885268562886,-0.0454553087606549,0.5842483877496001,,0,-0.08400477862165075
10,commit_gate,2031,1.8,-0.5,0.0035549008617828393,-0.13584934794824965,-0.020728546539534237,-0.43703856431753074,,0,-0.09113953533951678
10,commit_gate,2031,1.8,-0.5,0.06809837093073917,-0.0930635512668826,0.018350245073017635,-0.9734092402142873,,0,-0.1878984726431206
10,commit_gate,2031,1.8,-0.5,0.05974480105472729,-0.18686403018196263,0.023105223860972524,-0.45029444570361776,,0,-0.058557102086322914
10,commit_gate,2031,1.8,-0.5,0.21004191179998616,-0.051135912337605394,0.08308904019903207,0.2946149937151734,,0,-0.11693527306254507
10,commit_gate,2031,1.8,-0.5,0.10503274783308614,-0.36169591995039485,-0.08476374293807364,0.024535690726771753,,0,-0.07940288006378345
10,commit_gate,2031,1.8,-0.5,0.18631626379720384,-0.2868283780049591,-0.13569236308343777,0.31330259950078965,,0,-0.04676432936172208
10,commit_gate,2031,1.8,-0.5,0.08684596990970628,-0.44277480118184553,0.06277299506718287,0.036861988274649926,,0,-0.018464518209275433
10,commit_gate,2031,1.8,-0.5,0.23632962805057833,-0.2737434696336881,-0.045053013304271264,-0.1361091609668743,,0,-0.052562664714720916
10,commit_gate,2031,1.8,-0.5,-0.24754269979104693,0.37075844396283286,0.11558464735629273,-0.8259862480601177,,0,-0.030160480741477938
10,commit_gate,2031,1.8,-0.5,-0.035163736461436945,0.15658602203133398,-0.10605356980128908,-0.7802959413323836,,0,-0.25615977561993586
10,commit_gate,2031,1.8,-0.5,0.1231977590524218,-0.4168767854115202,0.13205614302995097,-0.404141022751507,,0,-0.024071103300496267
10,commit_gate,2031,1.8,-0.5,0.10273485677697786,0.3513288363432773,-0.09688081669079518,-0.74999894407966,,0,-0.14777866162630887
10,commit_gate,2031,1.8,-0.5,-0.013090082483146914,0.4216551912347666,-0.12893868354606336,-0.8075099557518162,,0,-0.21816202217957467
10,commit_gate,2031,1.8,-0.5,-0.21087361925095793,-0.34008392139782284,0.1029692819011512,0.31729222948064506,,0,-0.05168588822212962
10,commit_gate,2031,1.8,-0.5,-0.2172681570069221,0.3108853840027679,-0.08437578210308493,0.8343107050785301,,0,-0.10694460082869836
10,commit_gate,2031,1.8,-0.5,0.17854695665205939,-0.4438756321523265,0.01529411115016352,-0.6977299565415498,,0,-0.18367975103056797
10,commit_gate,2031,1.8,-0.5,0.07726669354380805,0.13774062240984086,0.13352727004458623,0.02909579767429915,,0,-0.12317061155055604
10,commit_gate,2031,1.8,-0.5,0.18710394121383273,0.3686179697175588,-0.014019474719358327,-0.8007416270501262,,0,-0.06880910890318727
10,commit_gate,2031,1.8,-0.5,0.048972261799093364,0.1313385331831709,-0.1067307445679048,-0.3287918720466534,,0,-0.09200379156962266
10,commit_gate,2031,1.8,-0.5,0.09718291577752147,0.005872463345556023,0.011593024748510788,0.8024727635428832,,0,-0.18123819428860485
10,commit_gate,2031,1.8,-0.5,0.14935170488128746,-0.22825866066070433,-0.018477079629208498,0.8933377939132572,,0,-0.11843574279084305
10,commit_gate,2031,1.8,-0.5,0.20067413053531086,-0.12633436261752995,0.13885268365760403,0.23148772800943207,,0,-0.14573245518305838
10,commit_gate,2031,1.8,-0.5,-0.08589425396771094,0.13351245123576228,-0.07198172220174581,0.13023504799854502,,0,-0.01619238394245835
10,commit_gate,2031,1.8,-0.5,-0.05447144287086386,-0.07576520117734209,-0.08846130582813654,-0.6777708922035284,,0,-0.2665604156637946
10,commit_gate,2031,1.8,-0.5,-0.21747418066798524,0.28640932106450523,-0.11237846207802576,-0.4280926413579471,,0,-0.13311500161237627
10,commit_gate,2031,1.8,-0.5,-0.05216380534868992,-0.22703978591909113,-0.011007289099728285,-0.5554858405333485,,0,-0.14702859755016628
10,commit_gate,2031,1.8,-0.5,0.03105329714463445,0.30896916347743897,-0.07959698733646935,-0.6980137769170842,,0,-0.12791877537508273
10,commit_gate,2031,1.8,-0.5,-0.19657397761776896,0.186031639190528,-0.09673404053650989,-0.5648180890272156,,0,-0.17876900015933062
10,commit_gate,2031,1.8,-0.5,-0.24065859109650412,-0.03358991134538736,0.08494174947500269,-0.627427741652242,,0,-0.06037722883433124
10,commit_gate,2031,1.8,-0.5,-0.16438692285361428,-0.07705859830215234,-0.09437117764258032,-0.060380711664147046,,0,-0.08662597734697321
10,commit_gate,2031,1.8,-0.5,-0.21948801697981907,-0.429201148312808,-0.09017604969109227,0.9486938308081985,,0,-0.03916357423240518
10,commit_gate,2031,1.8,-0.5,-0.2203960579142219,-0.4038488461308124,-0.1398016283202744,0.5512330483767147,,0,-0.07766614390629473
10,commit_gate,2031,1.8,-0.5,-0.0009873401921921543,-0.08332778477370284,0.036001141293737715,0.3957285842005567,,0,-0.05788625380750115
10,commit_gate,2031,1.8,-0.5,0.2303375008521033,0.3238000738487845,-0.1478056767727303,0.6569586795054065,,0,-0.08098340916412085
10,commit_gate,2031,1.8,-0.5,0.227850678441546,-0.4460371563529001,-0.12204663784886981,0.34031384088368677,,0,-0.05448159775076351
10,commit_gate,2031,1.8,-0.5,0.2274924967009811,0.39736651004177115,-0.13230561030604085,-0.9171359809818949,,0,-0.2418445375946316
10,commit_gate,2031,1.8,-0.5,0.11694240802170658,0.23984145815095692,0.14438369093870743,0.5678026795051414,,0,-0.4369207278092114
10,commit_gate,2031,1.8,-0.5,0.2457258071475672,-0.21488261959083332,0.038315898536961185,-0.7895688558206044,,0,-0.11124169430115773
10,commit_gate,2031,1.8,-0.5,0.08430786495974618,-0.10895607224188542,0.04434566901735931,-0.9470092391609788,,0,-0.14529243473821343
10,commit_gate,2031,1.8,-0.5,0.24717650707901756,-0.042475513854508096,-0.05002850584194453,0.6459609604524086,,0,-0.0820661717060403
10,commit_gate,2031,1.8,-0.5,0.18558918665217328,0.197465699954667,0.1402031382125212,-0.08117756266642817,,0,-0.13727324642487762
10,commit_gate,2032,1.8,-0.5,0.008367459450451809,0.112264267629136,-0.025505805762366246,0.9840330568368314,,0,-0.21044355355270472
10,commit_gate,2032,1.8,-0.5,-0.1864171860319725,-0.25834647716187553,-0.11060540575936717,0.35773423293883067,,0,-0.056381500693348165
10,commit_gate,2032,1.8,-0.5,-0.20366109945424188,0.2841634660303536,0.0897209301453448,0.22832577124943332,,0,-0.12402725736658768
10,commit_gate,2032,1.8,-0.5,-0.20733308285993302,-0.02397936104058851,-0.010641318927114785,-0.5635161851876977,,0,-0.12504012528039057
10,commit_gate,2032,1.8,-0.5,-0.2017684173697365,0.49274223679378937,-0.04197515345875004,-0.46473893672876265,,0,-0.04373082037487375
10,commit_gate,2032,1.8,-0.5,0.09638989472669934,0.13130541528275663,-0.049527757258839955,-0.13947319219939724,,0,-0.08009867049671753
10,commit_gate,2032,1.8,-0.5,-0.17167077945785825,-0.3093585094041926,-0.01631447319820245,-0.023030024907035207,,0,-0.06099323074335991
10,commit_gate,2032,1.8,-0.5,-0.08846827591619444,0.4787430018856348,0.09557815176991791,-0.6442691955697661,,0,-0.025436325599379927
10,commit_gate,2032,1.8,-0.5,-0.24263214384426413,0.4592575433995567,-0.04659935423082169,0.8930348063474585,,0,-0.21331652452618494
10,commit_gate,2032,1.8,-0.5,-0.004075901659786163,0.350707700715706,-0.002463934842299592,-0.3881444932383227,,0,-0.09171834223377917
10,commit_gate,2032,1.8,-0.5,-0.0055155840254163535,0.25220908338844383,-0.0171824870703845,-0.7044532273319046,,0,-0.07846955375246038
10,commit_gate,2032,1.8,-0.5,0.1758520768405965,-0.0664346598679999,0.10959733380349987,-0.30229058052119595,,0,-0.023052922276540103
10,commit_gate,2032,1.8,-0.5,0.12321084464730131,-0.23547928304079868,-0.12592058439601292,0.6503637799178794,,0,-0.018737241552444873
10,commit_gate,2032,1.8,-0.5,0.04602596567933842,0.30167465619720657,0.09590450935538827,0.584415406085927,,0,-0.33703888452304853
10,commit_gate,2032,1.8,-0.5,0.2089783149025276,0.07662012298435994,0.09665010891405842,0.008752578361251206,,0,-0.0872532336294848
10,commit_gate,2032,1.8,-0.5,0.17503574940750427,-0.45444987710930873,0.06507797129550932,0.6174163542102524,,0,-0.09082562946108723
10,commit_gate,2032,1.8,-0.5,-0.14736757146152718,0.2896404065813466,0.00686426178750954,0.09196397701471937,,0,-0.03362692627405077
10,commit_gate,2032,1.8,-0.5,0.22625629338967296,-0.41724318697738905,-0.13587726539817796,0.7256744058189266,,0,-0.024800823959608885
10,commit_gate,2032,1.8,-0.5,0.04158565721454649,-0.21396274179404817,-0.04856866055407734,0.2634864857914767,,0,-0.015555223538993015
10,commit_gate,2032,1.8,-0.5,-0.2174158797852948,-0.2627353948709128,0.019808773451125916,0.6176378502993707,,0,-0.0526005707901869
10,commit_gate,2032,1.8,-0.5,0.02280545884951579,0.3793168185543673,-0.0006454883047744553,0.1993706771828747,,0,-0.07793953953531009
10,commit_gate,2032,1.8,-0.5,-0.061885346607069125,0.41813104039128157,-0.09809940995781084,-0.32335571362830007,,0,-0.052492135941378346
10,commit_gate,2032,1.8,-0.5,0.18425302638319846,-0.18379902287720584,-0.07023529146192369,0.026446679546727525,,0,-0.03512353392118162
10,commit_gate,2032,1.8,-0.5,-0.22830186029714528,-0.07446259371436525,0.1144998098008013,0.41813649981596623,,0,-0.12064543115042212
10,commit_gate,2032,1.8,-0.5,0.0416969770121981,0.44144831788540373,0.04198110518606485,-0.2773927169166308,,0,-0.04090279665863867
10,commit_gate,2032,1.8,-0.5,-0.006145111708868278,0.05275204584477733,0.11880155740849793,0.00457213393540723,,0,-0.06964674930402573
10,commit_gate,2032,1.8,-0.5,0.16277111421400892,0.10029901714083311,0.04483622634218959,-0.7114426903009092,,0,-0.04360683409403854
10,commit_gate,2032,1.8,-0.5,0.014667942510301846,-0.2821447137829929,-0.052050304653680546,0.3223045477500319,,0,-0.018200626205841806
10,commit_gate,2032,1.8,-0.5,-0.06934258565612567,-0.40706592325006385,0.08728528241195943,-0.6408550616657391,,0,-0.1114065483212532
10,commit_gate,2032,1.8,-0.5,-0.038121502975177246,0.22011668511728733,0.02752551202854836,-0.47931180393926587,,0,-0.022666524923061204
10,commit_gate,2032,1.8,-0.5,0.16574472353629083,-0.31758928197572467,0.05315569680949392,-0.7036773435787596,,0,-0.10475341124049695
10,commit_gate,2032,1.8,-0.5,-0.018017359950048384,-0.12296845750143603,-0.04124340171072652,-0.6529797398299428,,0,-0.1841290740389364
10,commit_gate,2032,1.8,-0.5,0.11341385367645235,-0.1220746845368249,-0.09100078237413031,0.3371229740789443,,0,-0.03947829594370276
10,commit_gate,2032,1.8,-0.5,0.20030989951519645,-0.21670738288848101,-0.07976366122090225,0.8022436406475562,,0,-0.05403898478965803
10,commit_gate,2032,1.8,-0.5,-0.11689004685970539,0.382027756748203,-0.1459398908956392,-0.5885004417454933,,0,-0.19018058860089793
10,commit_gate,2032,1.8,-0.5,0.15512068085384872,-0.49627344395082296,0.05327564867955836,-0.49070364152719836,,0,-0.09364862742011419
10,commit_gate,2032,1.8,-0.5,-0.11822150357914468,-0.26732384021897415,-0.09993121572448953,-0.20164783815716536,,0,-0.17696171708523714
10,commit_gate,2032,1.8,-0.5,0.0872672183745466,-0.26433940034962355,-0.11118987182297488,0.9681223155347609,,0,-0.04469445791181739
10,commit_gate,2032,1.8,-0.5,-0.19130599175002383,-0.4563809017599326,0.10992572107160589,0.5677707123902886,,0,-0.08996473986994179
10,commit_gate,2032,1.8,-0.5,0.19918380707948863,0.09348858815376204,0.019040405623468704,-0.4163249679495007,,0,-0.024115045161211213
10,commit_gate,2032,1.8,-0.5,-0.19521665322463932,0.39863883554629786,-0.027449273014267,0.884125676794137,,0,-0.22646982454228443
10,commit_gate,2032,1.8,-0.5,-0.21145101085324552,0.426195577265821,0.10965556340877045,0.6338751866706402,,0,-0.3814629728993337
10,commit_gate,2032,1.8,-0.5,0.23524119305888064,-0.18605301587227951,-0.017259657407084184,0.7552102687536919,,0,-0.10678499512489174
10,commit_gate,2032,1.8,-0.5,-0.07795174140236638,-0.052156686094574245,0.018973160730771266,-0.34575111221894406,,0,-0.037627761796229876
10,commit_gate,2032,1.8,-0.5,-0.033668255476272335,-0.1725734700847743,0.12180797050090028,0.18397839572361385,,0,-0.06853458698020146
10,commit_gate,2032,1.8,-0.5,-0.16907494503910653,0.23722104006924416,0.07007530109779561,-0.5762368198749008,,0,-0.023742769003641737
10,commit_gate,2032,1.8,-0.5,-0.1116410955988063,-0.3693972214385036,0.0862563787812691,0.3015043416579235,,0,-0.03878319250327007
10,commit_gate,2032,1.8,-0.5,-0.07837595298441319,0.37253283428954154,-0.07735196052146998,-0.9144132346240312,,0,-0.2013206425260628
10,commit_gate,2032,1.8,-0.5,0.020648917744697515,-0.2768512080963187,-0.03599791079812287,-0.864633546656101,,0,-0.3167062114062908
10,commit_gate,2032,1.8,-0.5,0.10779974980913615,0.45352466690669246,0.05704146306322483,0.7652887576478549,,0,-0.4479281739166451
10,commit_gate,2032,1.8,-0.5,-0.05492988691717732,-0.45210726251745426,0.07565932482984802,0.22343058428073603,,0,-0.025871212244107135
10,commit_gate,2032,1.8,-0.5,0.05760719150630317,-0.478075768445674,-0.08408812524389637,-0.2052038236222058,,0,-0.18566426358243718
10,commit_gate,2032,1.8,-0.5,0.07746894116645775,-0.07227642188967187,0.12935553217254317,-0.4806520332439179,,0,-0.0146953785418692
10,commit_gate,2032,1.8,-0.5,-0.1490751082051605,0.44103556705253666,0.10387619763869746,0.8187191625190255,,0,-0.5127977368280786
10,commit_gate,2032,1.8,-0.5,-0.0012888644638468505,0.41763418648714234,-0.0671543354818394,0.05500901708232453,,0,-0.02666475385643333
10,commit_gate,2032,1.8,-0.5,0.11850139309741575,-0.3928972659639173,0.05567739293032156,0.2900311677074996,,0,-0.029598389162397053
10,commit_gate,2032,1.8,-0.5,-0.015159602126216698,0.4515321759110219,0.12424154352404201,0.3693094253031648,,0,-0.33662941495982285
10,commit_gate,2032,1.8,-0.5,0.1781165756382211,0.3058392605380067,-0.021065972431829505,-0.4778888566778223,,0,-0.034229117246294814
10,commit_gate,2032,1.8,-0.5,-0.1547048879709515,0.24897307011132663,0.1213954211941882,0.8111122204893226,,0,-0.4490814207278627
10,commit_gate,2032,1.8,-0.5,-0.002120161786173469,-0.17184976597372892,0.04852499662286619,0.021724098713244544,,0,-0.014276048043634523
10,commit_gate,2032,1.8,-0.5,-0.21856429263863109,0.17016032302355666,0.011770348305949863,0.008013635662230678,,0,-0.0191522502991295
10,commit_gate,2032,1.8,-0.5,-0.06282171311026047,0.19563174742521983,-0.07618915969692491,0.3815588884528256,,0,-0.025314745465269836
10,commit_gate,2032,1.8,-0.5,0.005974131748530842,-0.3899524505841978,-0.030036990553484702,0.8587715674402359,,0,-0.055305080240609365
10,commit_gate,2032,1.8,-0.5,0.09427643744582331,-0.3984982074180845,0.11241397167920689,-0.48779650889385207,,0,-0.03865544838046896
10,always_freeze,2030,0.0,0.0,-0.05184600350204882,0.30607942143937183,0.10099304756404573,-0.2530248106604298,,0,-0.04760913519382071
10,always_freeze,2030,0.0,0.0,-0.1746701675661021,-0.0960382503057311,-0.07758359458311934,-0.9072980629069103,,0,-0.41813159577531506
10,always_freeze,2030,0.0,0.0,0.10087321247067488,-0.1781914725731859,0.10810903795123564,0.4947797228192494,,0,-0.1685355047908323
10,always_freeze,2030,0.0,0.0,-0.11061107803132053,-0.15683820569066687,0.029557280869386304,0.5523579826519649,,0,-0.07533818208388152
10,always_freeze,2030,0.0,0.0,-0.11244633322915232,-0.2523323291940618,-0.08078175843615758,0.7014294184526371,,0,-0.037163434842123214
10,always_freeze,2030,0.0,0.0,-0.03249481063765236,0.297320955958965,0.08713878784359438,-0.24534403441657937,,0,-0.03893716625266705
10,always_freeze,2030,0.0,0.0,-0.2128657522118897,-0.3795630479155544,0.018756430666800133,0.6211744595695985,,0,-0.10626370270035602
10,always_freeze,2030,0.0,0.0,-0.04125832193110157,-0.0887831501503984,-0.08845466779033351,-0.6387509190747986,,0,-0.26658607645313376
10,always_freeze,2030,0.0,0.0,-0.1961992408789655,-0.2083538592638955,-0.007986654650933678,-0.6154045455662835,,0,-0.20321019456063347
10,always_freeze,2030,0.0,0.0,-0.16562323687385,-0.2733998816963822,-0.10837784863116101,-0.33998648124044517,,0,-0.2725393772590639
10,always_freeze,2030,0.0,0.0,-0.2393439382184675,0.0717705870988169,0.09286956528659143,-0.9550839743869992,,0,-0.11508348551904585
10,always_freeze,2030,0.0,0.0,-0.1293965880091248,0.02752419448843768,0.14113885165268072,0.9944181516349018,,0,-0.5222112986810301
10,always_freeze,2030,0.0,0.0,-0.24871107746498927,-0.29938154133106964,0.025446922056065135,0.40658082299074727,,0,-0.045643421760897314
10,always_freeze,2030,0.0,0.0,-0.08221678174018854,0.17139958868425698,-0.03823551044323044,0.058579013211461195,,0,-0.00880645683371097
10,always_freeze,2030,0.0,0.0,-0.0583582840637652,0.2194612905757084,-0.07634937683435745,0.3653484228930721,,0,-0.02055934036271315
10,always_freeze,2030,0.0,0.0,-0.04988577268458283,-0.07789351033620806,0.0793096184914518,0.439263667930472,,0,-0.11607382380851164
10,always_freeze,2030,0.0,0.0,-0.24910183637657646,0.44845897341128094,0.036456235280835,-0.8651716035641965,,0,-0.07645533018065843
10,always_freeze,2030,0.0,0.0,-0.012014557874164,0.01692531270132336,-0.1488798447885841,0.4777890790089574,,0,-0.01618716936395602
10,always_freeze,2030,0.0,0.0,0.07135007270608962,0.19457424037197468,-0.0678098459052404,0.46840836436307964,,0,-0.04945150044327589
10,always_freeze,2030,0.0,0.0,-0.010332518879528907,0.2955235774800139,-0.10406964857029463,0.2144724089766188,,0,-0.013406534857786107
10,always_freeze,2030,0.0,0.0,-0.16372352617243813,0.39306591204031316,0.1481721978303123,-0.6748941429681388,,0,-0.03215009790846976
10,always_freeze,2030,0.0,0.0,-0.07900715659985724,0.34110492262895664,0.0651917415315823,0.06022892227747434,,0,-0.08798412492103726
10,always_freeze,2030,0.0,0.0,-0.05477919429534028,0.0928960523511676,-0.04417563996210884,-0.40160684783356126,,0,-0.07533248798530766
10,always_freeze,2030,0.0,0.0,0.08546167953971262,-0.3133598337615493,-0.0525314198288976,-0.6335436313154903,,0,-0.25590463521181234
10,always_freeze,2030,0.0,0.0,0.19777029486169678,0.36649577401099176,0.11499320740060989,0.5603658954529374,,0,-0.4462152435606699
10,always_freeze,2030,0.0,0.0,-0.15214140323953612,-0.46337065588170534,-0.026757446180497343,0.5380984358701089,,0,-0.03076718153147321
10,always_freeze,2030,0.0,0.0,0.22865119423133778,-0.45714569075357037,-0.1457865575881901,0.9773209857901659,,0,-0.03756283476339769
10,always_freeze,2030,0.0,0.0,-0.23202367017315628,-0.003566724635694296,0.001562438412149314,0.40745027430264824,,0,-0.07461706557956634
10,always_freeze,2030,0.0,0.0,-0.1163189765726666,0.3732638918786515,-0.03942925647658095,0.12384672478393144,,0,-0.02488651820688378
10,always_freeze,2030,0.0,0.0,0.17497647362832425,0.04009854363336052,0.04049765122913601,0.003291045139735882,,0,-0.03095563801742963
10,always_freeze,2030,0.0,0.0,0.21117851654077502,-0.038140109587037174,-0.021662473564537987,-0.6905630402341905,,0,-0.1339089066228031
10,always_freeze,2030,0.0,0.0,0.08111152296731428,0.39398162322906694,-0.07317993963361681,-0.23996179617651547,,0,-0.059094192441391774
10,always_freeze,2030,0.0,0.0,-0.23512842594624062,-0.07925923036509064,0.044190096590837336,-0.7469962832660819,,0,-0.14687465348052262
10,always_freeze,2030,0.0,0.0,0.14288723007155796,-0.3677795924230466,0.08212546185605069,-0.4235124635062011,,0,-0.04269853343026852
10,always_freeze,2030,0.0,0.0,0.021032964973469737,-0.02631751023522033,-0.03597850764534562,0.6941167096109981,,0,-0.0787252750755936
10,always_freeze,2030,0.0,0.0,-0.1000126504446634,-0.3157118928679221,0.07853218318496319,0.04168884941597595,,0,-0.020808025987212906
10,always_freeze,2030,0.0,0.0,0.15265004930217052,-0.36443176343201233,0.057010322604900104,-0.24333297120016706,,0,-0.029606479605007213
10,always_freeze,2030,0.0,0.0,0.1728960900835289,0.4978108002253202,0.1347512880915044,0.512138613039256,,0,-0.5221561498379641
10,always_freeze,2030,0.0,0.0,-0.13794172072230004,0.2523563335356085,-0.07627609400165962,0.6374054670125864,,0,-0.06812086030440198
10,always_freeze,2030,0.0,0.0,0.12232806968614085,0.2790916470408108,0.05126162458101299,-0.052528483320705366,,0,-0.06297359672674088
10,always_freeze,2030,0.0,0.0,0.04411692908133491,0.14370649656475665,-0.1424939375835341,-0.8807516257527177,,0,-0.39393667971376006
10,always_freeze,2030,0.0,0.0,-0.04818470777040351,0.03507477552719762,-0.03121113869144833,-0.38954138036986174,,0,-0.06970477836697687
10,always_freeze,2030,0.0,0.0,-0.061741698435153536,-0.21738020529300228,-0.14814469312178866,0.09411456277199148,,0,-0.13046421917922865
10,always_freeze,2030,0.0,0.0,0.10798219580122403,-0.013327890407098142,0.11522885326154489,-0.4347669778331049,,0,-0.009963656023544471
10,always_freeze,2030,0.0,0.0,0.02964323930949897,-0.33728262282208876,0.020995901843503167,0.03545891479456542,,0,-0.015796377140909895
10,always_freeze,2030,0.0,0.0,-0.19127657643298324,-0.006366838994584345,-0.12025766177631131,0.371870969733503,,0,-0.024746464230316904
10,always_freeze,2030,0.0,0.0,0.06228276560775298,-0.11416833641517976,-0.10040857881207688,0.3364488398021621,,0,-0.014941690220460251
10,always_freeze,2030,0.0,0.0,-0.004513231278477359,0.19063809501508655,-0.12717927829649459,0.16192327587643685,,0,-0.024696960288269763
10,always_freeze,2030,0.0,0.0,0.08751556538446681,-0.05232433589254193,-0.05577903904144785,0.3963749067973721,,0,-0.013907894600495787
10,always_freeze,2030,0.0,0.0,-0.12005219468295641,0.2312462372416506,-0.14256012243204116,-0.1574196787062363,,0,-0.09786954729266875
10,always_freeze,2030,0.0,0.0,0.03406304572905289,-0.10366774974351156,0.0922263507368278,0.619401797543425,,0,-0.19926677922575092
10,always_freeze,2030,0.0,0.0,-0.22576549038460858,0.4785897534640512,0.024075450510955165,0.3924311236153992,,0,-0.1560253124301758
10,always_freeze,2030,0.0,0.0,0.1540769353616137,0.2737429839829577,0.10063374135746586,0.513495678515373,,0,-0.33272242138733077
10,always_freeze,2030,0.0,0.0,0.039467936271113946,-0.43108336076345866,-0.0020020605007881054,-0.46518989307802516,,0,-0.1638109788960493
10,always_freeze,2030,0.0,0.0,0.06205152188869095,-0.464544024075189,0.03995502402254755,-0.3786386870963008,,0,-0.09424161668138364
10,always_freeze,2030,0.0,0.0,-0.13371271560443138,-0.2805805024807255,-0.023090921287984234,-0.7598913679230228,,0,-0.29867872875637136
10,always_freeze,2030,0.0,0.0,-0.19783396007151605,-0.09498100989584568,0.08431783029709747,0.6849151318630617,,0,-0.18580974605815984
10,always_freeze,2030,0.0,0.0,-0.04794666198426195,0.21103313285010683,-0.04749904442938542,0.2746714753603463,,0,-0.021857011978463486
10,always_freeze,2030,0.0,0.0,0.18459989159238321,-0.29048621819121834,0.13687854976409183,-0.38116787349079484,,0,-0.02385997578995873
10,always_freeze,2030,0.0,0.0,-0.052596513525193234,0.3728039044424841,0.04544368088243514,0.2619753303164607,,0,-0.13458882216530477
10,always_freeze,2030,0.0,0.0,-0.13023886920061645,-0.4000915140241518,0.11025984943854675,0.26190545607406035,,0,-0.12121120988329162
10,always_freeze,2030,0.0,0.0,0.07363891060096278,0.39055726666343815,-0.0006869946930977144,-0.3965470574024279,,0,-0.02268653484994571
10,always_freeze,2030,0.0,0.0,-0.0604382319260936,0.27485034661966123,0.06813537822018145,0.16366773976564253,,0,-0.10537344128901144
10,always_freeze,2030,0.0,0.0,-0.05218653577595406,-0.05363362003716077,-0.05397920266786094,0.007692874763531199,,0,-0.025553512308488614
10,always_freeze,2031,0.0,0.0,-0.05719559306725752,0.029977481420147667,0.12842040260494766,0.2967636762235082,,0,-0.16104492078671928
10,always_freeze,2031,0.0,0.0,0.00041479846092579153,0.2721927656375751,0.11014879009583631,0.3854936434772629,,0,-0.2529237814122108
10,always_freeze,2031,0.0,0.0,-0.07587045350273108,-0.25069801024430605,0.08963116482608541,0.38660453020354213,,0,-0.08026297592362208
10,always_freeze,2031,0.0,0.0,-0.16072924027203384,0.4939430909001882,-0.1358630047616157,-0.8812733049729311,,0,-0.29077490467531547
10,always_freeze,2031,0.0,0.0,0.24478606058792612,0.21544858332038674,-0.06602284886490674,0.9546284718587277,,0,-0.23813274678092838
10,always_freeze,2031,0.0,0.0,-0.06766414239262963,-0.38218468219959956,-0.032598289634361816,0.987348958235774,,0,-0.09226181858930493
10,always_freeze,2031,0.0,0.0,-0.10924017350661602,0.3754688310904263,-0.1395799529012843,0.863510397476903,,0,-0.09555946414039529
10,always_freeze,2031,0.0,0.0,-0.13533111001840514,-0.04147778849238515,0.14068175335234165,0.12043226304240329,,0,-0.09863218104657782
10,always_freeze,2031,0.0,0.0,0.07978135920252649,-0.023029679336416975,-0.06538883311653178,-0.9965905229899363,,0,-0.34001002064366886
10,always_freeze,2031,0.0,0.0,0.24791850639542956,-0.37942870206141854,-0.07364437009577098,0.5677461484354571,,0,-0.023721255448348088
10,always_freeze,2031,0.0,0.0,-0.00019031193364671406,-0.002740967741479361,-0.038986250374450485,0.24015787853474557,,0,-0.009126420269792839
10,always_freeze,2031,0.0,0.0,-0.09187037674143367,-0.3189788131123753,-0.0024639503641179505,-0.8352063207937217,,0,-0.29921882716104414
10,always_freeze,2031,0.0,0.0,0.08457043881961968,0.43130667197173067,-0.022205297391200696,-0.2903455258061334,,0,-0.022462201304591818
10,always_freeze,2031,0.0,0.0,0.043297730134621626,-0.26430226555847003,-0.013176510592217555,0.20956588122333253,,0,-0.012873144609590966
10,always_freeze,2031,0.0,0.0,-0.10094702247921938,-0.36775367605226494,0.09169644069195076,-0.18779302771909512,,0,-0.02740460457131069
10,always_freeze,2031,0.0,0.0,0.1884744089590798,-0.18925371788006506,0.0909228694650712,-0.8298318940671692,,0,-0.0857972193346466
10,always_freeze,2031,0.0,0.0,0.009440229344430062,-0.135091109056364,-0.03635134315064523,-0.739372215805318,,0,-0.225867199697115
10,always_freeze,2031,0.0,0.0,0.07521640816545822,-0.3415091287433899,0.07555238392778321,0.7646136173184206,,0,-0.16978595188133394
10,always_freeze,2031,0.0,0.0,-0.08952153948342478,0.19379466813065394,-0.08336120587227071,0.8171416305483021,,0,-0.09857768114873357
10,always_freeze,2031,0.0,0.0,0.08713994647273327,-0.025246928221083098,-0.038656775628084034,-0.17415188676743076,,0,-0.03257278683334494
10,always_freeze,2031,0.0,0.0,-0.21842331465768017,0.08360161299281577,-0.027927589315817514,-0.021641587680241603,,0,-0.018718785425406635
10,always_freeze,2031,0.0,0.0,-0.23817768139675016,0.32912885268562886,-0.0454553087606549,0.5842483877496001,,0,-0.0931753390985668
10,always_freeze,2031,0.0,0.0,0.0035549008617828393,-0.13584934794824965,-0.020728546539534237,-0.43703856431753074,,0,-0.10162335993105871
10,always_freeze,2031,0.0,0.0,0.06809837093073917,-0.0930635512668826,0.018350245073017635,-0.9734092402142873,,0,-0.20772199480951326
10,always_freeze,2031,0.0,0.0,0.05974480105472729,-0.18686403018196263,0.023105223860972524,-0.45029444570361776,,0,-0.06550063486019858
10,always_freeze,2031,0.0,0.0,0.21004191179998616,-0.051135912337605394,0.08308904019903207,0.2946149937151734,,0,-0.1231214368098157
10,always_freeze,2031,0.0,0.0,0.10503274783308614,-0.36169591995039485,-0.08476374293807364,0.024535690726771753,,0,-0.08839506939497396
10,always_freeze,2031,0.0,0.0,0.18631626379720384,-0.2868283780049591,-0.13569236308343777,0.31330259950078965,,0,-0.05353923745441012
10,always_freeze,2031,0.0,0.0,0.08684596990970628,-0.44277480118184553,0.06277299506718287,0.036861988274649926,,0,-0.021288215705408686
10,always_freeze,2031,0.0,0.0,0.23632962805057833,-0.2737434696336881,-0.045053013304271264,-0.1361091609668743,,0,-0.06303243208347051
10,always_freeze,2031,0.0,0.0,-0.24754269979104693,0.37075844396283286,0.11558464735629273,-0.8259862480601177,,0,-0.03161710558223575
10,always_freeze,2031,0.0,0.0,-0.035163736461436945,0.15658602203133398,-0.10605356980128908,-0.7802959413323836,,0,-0.27308605129879304
10,always_freeze,2031,0.0,0.0,0.1231977590524218,-0.4168767854115202,0.13205614302995097,-0.404141022751507,,0,-0.026507004945775597
10,always_freeze,2031,0.0,0.0,0.10273485677697786,0.3513288363432773,-0.09688081669079518,-0.74999894407966,,0,-0.17200102752453547
10,always_freeze,2031,0.0,0.0,-0.013090082483146914,0.4216551912347666,-0.12893868354606336,-0.8075099557518162,,0,-0.23893275566850528
10,always_freeze,2031,0.0,0.0,-0.21087361925095793,-0.34008392139782284,0.1029692819011512,0.31729222948064506,,0,-0.13561100903434237
10,always_freeze,2031,0.0,0.0,-0.2172681570069221,0.3108853840027679,-0.08437578210308493,0.8343107050785301,,0,-0.11814739589674197
10,always_freeze,2031,0.0,0.0,0.17854695665205939,-0.4438756321523265,0.01529411115016352,-0.6977299565415498,,0,-0.2028545028403436
10,always_freeze,2031,0.0,0.0,0.07726669354380805,0.13774062240984086,0.13352727004458623,0.02909579767429915,,0,-0.1302651657197088
10,always_freeze,2031,0.0,0.0,0.18710394121383273,0.3686179697175588,-0.014019474719358327,-0.8007416270501262,,0,-0.10126770628886009
10,always_freeze,2031,0.0,0.0,0.048972261799093364,0.1313385331831709,-0.1067307445679048,-0.3287918720466534,,0,-0.10532529745696409
10,always_freeze,2031,0.0,0.0,0.09718291577752147,0.005872463345556023,0.011593024748510788,0.8024727635428832,,0,-0.19071065798811468
10,always_freeze,2031,0.0,0.0,0.14935170488128746,-0.22825866066070433,-0.018477079629208498,0.8933377939132572,,0,-0.1285032193408725
10,always_freeze,2031,0.0,0.0,0.20067413053531086,-0.12633436261752995,0.13885268365760403,0.23148772800943207,,0,-0.15470924927459268
10,always_freeze,2031,0.0,0.0,-0.08589425396771094,0.13351245123576228,-0.07198172220174581,0.13023504799854502,,0,-0.008165768806558438
10,always_freeze,2031,0.0,0.0,-0.05447144287086386,-0.07576520117734209,-0.08846130582813654,-0.6777708922035284,,0,-0.28222043865148516
10,always_freeze,2031,0.0,0.0,-0.21747418066798524,0.28640932106450523,-0.11237846207802576,-0.4280926413579471,,0,-0.14514641531953254
10,always_freeze,2031,0.0,0.0,-0.05216380534868992,-0.22703978591909113,-0.011007289099728285,-0.5554858405333485,,0,-0.1610180836002432
10,always_freeze,2031,0.0,0.0,0.03105329714463445,0.30896916347743897,-0.07959698733646935,-0.6980137769170842,,0,-0.14838065600771227
10,always_freeze,2031,0.0,0.0,-0.19657397761776896,0.186031639190528,-0.09673404053650989,-0.5648180890272156,,0,-0.193694113481102
10,always_freeze,2031,0.0,0.0,-0.24065859109650412,-0.03358991134538736,0.08494174947500269,-0.627427741652242,,0,-0.06444100628841812
10,always_freeze,2031,0.0,0.0,-0.16438692285361428,-0.07705859830215234,-0.09437117764258032,-0.060380711664147046,,0,-0.09299389736865679
10,always_freeze,2031,0.0,0.0,-0.21948801697981907,-0.429201148312808,-0.09017604969109227,0.9486938308081985,,0,-0.053983813924643125
10,always_freeze,2031,0.0,0.0,-0.2203960579142219,-0.4038488461308124,-0.1398016283202744,0.5512330483767147,,0,-0.0820856600737485
10,always_freeze,2031,0.0,0.0,-0.0009873401921921543,-0.08332778477370284,0.036001141293737715,0.3957285842005567,,0,-0.06257957158879399
10,always_freeze,2031,0.0,0.0,0.2303375008521033,0.3238000738487845,-0.1478056767727303,0.6569586795054065,,0,-0.08041730532593874
10,always_freeze,2031,0.0,0.0,0.227850678441546,-0.4460371563529001,-0.12204663784886981,0.34031384088368677,,0,-0.06306648116168737
10,always_freeze,2031,0.0,0.0,0.2274924967009811,0.39736651004177115,-0.13230561030604085,-0.9171359809818949,,0,-0.27411253047992123
10,always_freeze,2031,0.0,0.0,0.11694240802170658,0.23984145815095692,0.14438369093870743,0.5678026795051414,,0,-0.4323819777993492
10,always_freeze,2031,0.0,0.0,0.2457258071475672,-0.21488261959083332,0.038315898536961185,-0.7895688558206044,,0,-0.13199265390611475
10,always_freeze,2031,0.0,0.0,0.08430786495974618,-0.10895607224188542,0.04434566901735931,-0.9470092391609788,,0,-0.1640160893754597
10,always_freeze,2031,0.0,0.0,0.24717650707901756,-0.042475513854508096,-0.05002850584194453,0.6459609604524086,,0,-0.0841667737640911
10,always_freeze,2031,0.0,0.0,0.18558918665217328,0.197465699954667,0.1402031382125212,-0.08117756266642817,,0,-0.1426324215055644
10,always_freeze,2032,0.0,0.0,0.008367459450451809,0.112264267629136,-0.025505805762366246,0.9840330568368314,,0,-0.22097869041799467
10,always_freeze,2032,0.0,0.0,-0.1864171860319725,-0.25834647716187553,-0.11060540575936717,0.35773423293883067,,0,-0.05850320640008541
10,always_freeze,2032,0.0,0.0,-0.20366109945424188,0.2841634660303536,0.0897209301453448,0.22832577124943332,,0,-0.13736984736688354
10,always_freeze,2032,0.0,0.0,-0.20733308285993302,-0.02397936104058851,-0.010641318927114785,-0.5635161851876977,,0,-0.13596350415327602
10,always_freeze,2032,0.0,0.0,-0.2017684173697365,0.49274223679378937,-0.04197515345875004,-0.46473893672876265,,0,-0.047901990453440145
10,always_freeze,2032,0.0,0.0,0.09638989472669934,0.13130541528275663,-0.049527757258839955,-0.13947319219939724,,0,-0.04237298222340846
10,always_freeze,2032,0.0,0.0,-0.17167077945785825,-0.3093585094041926,-0.01631447319820245,-0.023030024907035207,,0,-0.0643402191668812
10,always_freeze,2032,0.0,0.0,-0.08846827591619444,0.4787430018856348,0.09557815176991791,-0.6442691955697661,,0,-0.024636333985949783
10,always_freeze,2032,0.0,0.0,-0.24263214384426413,0.4592575433995567,-0.04659935423082169,0.8930348063474585,,0,-0.22754445620640165
10,always_freeze,2032,0.0,0.0,-0.004075901659786163,0.350707700715706,-0.002463934842299592,-0.3881444932383227,,0,-0.058916248873456666
10,always_freeze,2032,0.0,0.0,-0.0055155840254163535,0.25220908338844383,-0.0171824870703845,-0.7044532273319046,,0,-0.09113216300124502
10,always_freeze,2032,0.0,0.0,0.1758520768405965,-0.0664346598679999,0.10959733380349987,-0.30229058052119595,,0,-0.018200737371154737
10,always_freeze,2032,0.0,0.0,0.12321084464730131,-0.23547928304079868,-0.12592058439601292,0.6503637799178794,,0,-0.02417512288330312
10,always_freeze,2032,0.0,0.0,0.04602596567933842,0.30167465619720657,0.09590450935538827,0.584415406085927,,0,-0.3385231019526369
10,always_freeze,2032,0.0,0.0,0.2089783149025276,0.07662012298435994,0.09665010891405842,0.008752578361251206,,0,-0.09059146516287556
10,always_freeze,2032,0.0,0.0,0.17503574940750427,-0.45444987710930873,0.06507797129550932,0.6174163542102524,,0,-0.10159811153483152
10,always_freeze,2032,0.0,0.0,-0.14736757146152718,0.2896404065813466,0.00686426178750954,0.09196397701471937,,0,-0.03260837062675464
10,always_freeze,2032,0.0,0.0,0.22625629338967296,-0.41724318697738905,-0.13587726539817796,0.7256744058189266,,0,-0.046740481152276116
10,always_freeze,2032,0.0,0.0,0.04158565721454649,-0.21396274179404817,-0.04856866055407734,0.2634864857914767,,0,-0.008936464425639909
10,always_freeze,2032,0.0,0.0,-0.2174158797852948,-0.2627353948709128,0.019808773451125916,0.6176378502993707,,0,-0.11353858807954507
10,always_freeze,2032,0.0,0.0,0.02280545884951579,0.3793168185543673,-0.0006454883047744553,0.1993706771828747,,0,-0.07973437041889607
10,always_freeze,2032,0.0,0.0,-0.061885346607069125,0.41813104039128157,-0.09809940995781084,-0.32335571362830007,,0,-0.06039035354128402
10,always_freeze,2032,0.0,0.0,0.18425302638319846,-0.18379902287720584,-0.07023529146192369,0.026446679546727525,,0,-0.04011587320523317
10,always_freeze,2032,0.0,0.0,-0.22830186029714528,-0.07446259371436525,0.1144998098008013,0.41813649981596623,,0,-0.14207455132370758
10,always_freeze,2032,0.0,0.0,0.0416969770121981,0.44144831788540373,0.04198110518606485,-0.2773927169166308,,0,-0.03762019641903669
10,always_freeze,2032,0.0,0.0,-0.006145111708868278,0.05275204584477733,0.11880155740849793,0.00457213393540723,,0,-0.07475112167378502
10,always_freeze,2032,0.0,0.0,0.16277111421400892,0.10029901714083311,0.04483622634218959,-0.7114426903009092,,0,-0.05791324605814628
10,always_freeze,2032,0.0,0.0,0.014667942510301846,-0.2821447137829929,-0.052050304653680546,0.3223045477500319,,0,-0.012513298321398088
10,always_freeze,2032,0.0,0.0,-0.06934258565612567,-0.40706592325006385,0.08728528241195943,-0.6408550616657391,,0,-0.12238344740146623
10,always_freeze,2032,0.0,0.0,-0.038121502975177246,0.22011668511728733,0.02752551202854836,-0.47931180393926587,,0,-0.021560574065810207
10,always_freeze,2032,0.0,0.0,0.16574472353629083,-0.31758928197572467,0.05315569680949392,-0.7036773435787596,,0,-0.1212504705002377
10,always_freeze,2032,0.0,0.0,-0.018017359950048384,-0.12296845750143603,-0.04124340171072652,-0.6529797398299428,,0,-0.20072789055963097
10,always_freeze,2032,0.0,0.0,0.11341385367645235,-0.1220746845368249,-0.09100078237413031,0.3371229740789443,,0,-0.018027144722249266
10,always_freeze,2032,0.0,0.0,0.20030989951519645,-0.21670738288848101,-0.07976366122090225,0.8022436406475562,,0,-0.05537831411732094
10,always_freeze,2032,0.0,0.0,-0.11689004685970539,0.382027756748203,-0.1459398908956392,-0.5885004417454933,,0,-0.20779970956212265
10,always_freeze,2032,0.0,0.0,0.15512068085384872,-0.49627344395082296,0.05327564867955836,-0.49070364152719836,,0,-0.107343427835937
10,always_freeze,2032,0.0,0.0,-0.11822150357914468,-0.26732384021897415,-0.09993121572448953,-0.20164783815716536,,0,-0.18820256316721903
10,always_freeze,2032,0.0,0.0,0.0872672183745466,-0.26433940034962355,-0.11118987182297488,0.9681223155347609,,0,-0.04762646311103802
10,always_freeze,2032,0.0,0.0,-0.19130599175002383,-0.4563809017599326,0.10992572107160589,0.5677707123902886,,0,-0.1255655402715961
10,always_freeze,2032,0.0,0.0,0.19918380707948863,0.09348858815376204,0.019040405623468704,-0.4163249679495007,,0,-0.04158590780772553
10,always_freeze,2032,0.0,0.0,-0.19521665322463932,0.39863883554629786,-0.027449273014267,0.884125676794137,,0,-0.24057502329283847
10,always_freeze,2032,0.0,0.0,-0.21145101085324552,0.426195577265821,0.10965556340877045,0.6338751866706402,,0,-0.3883089735774365
10,always_freeze,2032,0.0,0.0,0.23524119305888064,-0.18605301587227951,-0.017259657407084184,0.7552102687536919,,0,-0.11302191557176378
10,always_freeze,2032,0.0,0.0,-0.07795174140236638,-0.052156686094574245,0.018973160730771266,-0.34575111221894406,,0,-0.03792600420465239
10,always_freeze,2032,0.0,0.0,-0.033668255476272335,-0.1725734700847743,0.12180797050090028,0.18397839572361385,,0,-0.0775189721822704
10,always_freeze,2032,0.0,0.0,-0.16907494503910653,0.23722104006924416,0.07007530109779561,-0.5762368198749008,,0,-0.02112057791030817
10,always_freeze,2032,0.0,0.0,-0.1116410955988063,-0.3693972214385036,0.0862563787812691,0.3015043416579235,,0,-0.1072233341915025
10,always_freeze,2032,0.0,0.0,-0.07837595298441319,0.37253283428954154,-0.07735196052146998,-0.9144132346240312,,0,-0.21940663278978045
10,always_freeze,2032,0.0,0.0,0.020648917744697515,-0.2768512080963187,-0.03599791079812287,-0.864633546656101,,0,-0.33210131119706826
10,always_freeze,2032,0.0,0.0,0.10779974980913615,0.45352466690669246,0.05704146306322483,0.7652887576478549,,0,-0.43871440448716553
10,always_freeze,2032,0.0,0.0,-0.05492988691717732,-0.45210726251745426,0.07565932482984802,0.22343058428073603,,0,-0.04771007144597952
10,always_freeze,2032,0.0,0.0,0.05760719150630317,-0.478075768445674,-0.08408812524389637,-0.2052038236222058,,0,-0.2004814054599147
10,always_freeze,2032,0.0,0.0,0.07746894116645775,-0.07227642188967187,0.12935553217254317,-0.4806520332439179,,0,-0.018355186239609918
10,always_freeze,2032,0.0,0.0,-0.1490751082051605,0.44103556705253666,0.10387619763869746,0.8187191625190255,,0,-0.5048720139560907
10,always_freeze,2032,0.0,0.0,-0.0012888644638468505,0.41763418648714234,-0.0671543354818394,0.05500901708232453,,0,-0.020293286983024905
10,always_freeze,2032,0.0,0.0,0.11850139309741575,-0.3928972659639173,0.05567739293032156,0.2900311677074996,,0,-0.03228426362786546
10,always_freeze,2032,0.0,0.0,-0.015159602126216698,0.4515321759110219,0.12424154352404201,0.3693094253031648,,0,-0.3409123318015977
10,always_freeze,2032,0.0,0.0,0.1781165756382211,0.3058392605380067,-0.021065972431829505,-0.4778888566778223,,0,-0.07158162880239077
10,always_freeze,2032,0.0,0.0,-0.1547048879709515,0.24897307011132663,0.1213954211941882,0.8111122204893226,,0,-0.44845991071561037
10,always_freeze,2032,0.0,0.0,-0.002120161786173469,-0.17184976597372892,0.04852499662286619,0.021724098713244544,,0,-0.020396777452154256
10,always_freeze,2032,0.0,0.0,-0.21856429263863109,0.17016032302355666,0.011770348305949863,0.008013635662230678,,0,-0.02155085201155661
10,always_freeze,2032,0.0,0.0,-0.06282171311026047,0.19563174742521983,-0.07618915969692491,0.3815588884528256,,0,-0.01977620353633406
10,always_freeze,2032,0.0,0.0,0.005974131748530842,-0.3899524505841978,-0.030036990553484702,0.8587715674402359,,0,-0.06686993739939391
10,always_freeze,2032,0.0,0.0,0.09427643744582331,-0.3984982074180845,0.11241397167920689,-0.48779650889385207,,0,-0.0426100208829308
12,action_only,2030,18.0,-5.0,-0.05184600350204882,0.30607942143937183,0.10099304756404573,-0.2530248106604298,94,26,-1.2206503321382973
12,action_only,2030,18.0,-5.0,-0.1746701675661021,-0.0960382503057311,-0.07758359458311934,-0.9072980629069103,10,11,-1.307299299746206
12,action_only,2030,18.0,-5.0,0.10087321247067488,-0.1781914725731859,0.10810903795123564,0.4947797228192494,90,30,-1.3556614742768778
12,action_only,2030,18.0,-5.0,-0.11061107803132053,-0.15683820569066687,0.029557280869386304,0.5523579826519649,93,27,-1.2556971425558874
12,action_only,2030,18.0,-5.0,-0.11244633322915232,-0.2523323291940618,-0.08078175843615758,0.7014294184526371,97,23,-1.2131847739952124
12,action_only,2030,18.0,-5.0,-0.03249481063765236,0.297320955958965,0.08713878784359438,-0.24534403441657937,95,25,-1.2113944660372582
12,action_only,2030,18.0,-5.0,-0.2128657522118897,-0.3795630479155544,0.018756430666800133,0.6211744595695985,98,22,-1.1787420383507694
12,action_only,2030,18.0,-5.0,-0.04125832193110157,-0.0887831501503984,-0.08845466779033351,-0.6387509190747986,112,8,-1.200229515930551
12,action_only,2030,18.0,-5.0,-0.1961992408789655,-0.2083538592638955,-0.007986654650933678,-0.6154045455662835,111,9,-1.1432138743049174
12,action_only,2030,18.0,-5.0,-0.16562323687385,-0.2733998816963822,-0.10837784863116101,-0.33998648124044517,111,9,-1.2215366836631472
12,action_only,2030,18.0,-5.0,-0.2393439382184675,0.0717705870988169,0.09286956528659143,-0.9550839743869992,109,11,-1.0745556880763174
12,action_only,2030,18.0,-5.0,-0.1293965880091248,0.02752419448843768,0.14113885165268072,0.9944181516349018,64,56,-1.9513440509411963
12,action_only,2030,18.0,-5.0,-0.24871107746498927,-0.29938154133106964,0.025446922056065135,0.40658082299074727,99,21,-1.1459209192441573
12,action_only,2030,18.0,-5.0,-0.08221678174018854,0.17139958868425698,-0.03823551044323044,0.058579013211461195,97,23,-1.2015308339617925
12,action_only,2030,18.0,-5.0,-0.0583582840637652,0.2194612905757084,-0.07634937683435745,0.3653484228930721,91,29,-1.2953114117930729
12,action_only,2030,18.0,-5.0,-0.04988577268458283,-0.07789351033620806,0.0793096184914518,0.439263667930472,91,29,-1.3077195381542959
12,action_only,2030,18.0,-5.0,-0.24910183637657646,0.44845897341128094,0.036456235280835,-0.8651716035641965,104,16,-1.1437475045660115
12,action_only,2030,18.0,-5.0,-0.012014557874164,0.01692531270132336,-0.1488798447885841,0.4777890790089574,97,23,-1.2568350634034104
12,action_only,2030,18.0,-5.0,0.07135007270608962,0.19457424037197468,-0.0678098459052404,0.46840836436307964,88,32,-1.3421789070665708
12,action_only,2030,18.0,-5.0,-0.010332518879528907,0.2955235774800139,-0.10406964857029463,0.2144724089766188,93,27,-1.2851982647421754
12,action_only,2030,18.0,-5.0,-0.16372352617243813,0.39306591204031316,0.1481721978303123,-0.6748941429681388,99,21,-1.1396836369773855
12,action_only,2030,18.0,-5.0,-0.07900715659985724,0.34110492262895664,0.0651917415315823,0.06022892227747434,88,32,-1.3323139289612917
12,action_only,2030,18.0,-5.0,-0.05477919429534028,0.0928960523511676,-0.04417563996210884,-0.40160684783356126,106,14,-1.1369390952843692
12,action_only,2030,18.0,-5.0,0.08546167953971262,-0.3133598337615493,-0.0525314198288976,-0.6335436313154903,114,6,-1.152708520728425
12,action_only,2030,18.0,-5.0,0.19777029486169678,0.36649577401099176,0.11499320740060989,0.5603658954529374,61,59,-1.8772176328356835
12,action_only,2030,18.0,-5.0,-0.15214140323953612,-0.46337065588170534,-0.026757446180497343,0.5380984358701089,102,18,-1.125166157576275
12,action_only,2030,18.0,-5.0,0.22865119423133778,-0.45714569075357037,-0.1457865575881901,0.9773209857901659,98,22,-1.2343923661513638
12,action_only,2030,18.0,-5.0,-0.23202367017315628,-0.003566724635694296,0.001562438412149314,0.40745027430264824,94,26,-1.2370469535346076
12,action_only,2030,18.0,-5.0,-0.1163189765726666,0.3732638918786515,-0.03942925647658095,0.12384672478393144,91,29,-1.2920214988906948
12,action_only,2030,18.0,-5.0,0.17497647362832425,0.04009854363336052,0.04049765122913601,0.003291045139735882,98,22,-1.1836578385271488
12,action_only,2030,18.0,-5.0,0.21117851654077502,-0.038140109587037174,-0.021662473564537987,-0.6905630402341905,111,9,-1.0992448479252819
12,action_only,2030,18.0,-5.0,0.08111152296731428,0.39398162322906694,-0.07317993963361681,-0.23996179617651547,98,22,-1.23360749640036
12,action_only,2030,18.0,-5.0,-0.23512842594624062,-0.07925923036509064,0.044190096590837336,-0.7469962832660819,109,11,-1.0996753792181182
12,action_only,2030,18.0,-5.0,0.14288723007155796,-0.3677795924230466,0.08212546185605069,-0.4235124635062011,110,10,-0.9972517779349089
12,action_only,2030,18.0,-5.0,0.021032964973469737,-0.02631751023522033,-0.03597850764534562,0.6941167096109981,88,32,-1.3400752345179177
12,action_only,2030,18.0,-5.0,-0.1000126504446634,-0.3157118928679221,0.07853218318496319,0.04168884941597595,103,17,-1.0676711428483756
12,action_only,2030,18.0,-5.0,0.15265004930217052,-0.36443176343201233,0.057010322604900104,-0.24333297120016706,109,11,-1.0175973269010345
12,action_only,2030,18.0,-5.0,0.1728960900835289,0.4978108002253202,0.1347512880915044,0.512138613039256,55,65,-2.015217778894757
12,action_only,2030,18.0,-5.0,-0.13794172072230004,0.2523563335356085,-0.07627609400165962,0.6374054670125864,84,36,-1.4017532136004756
12,action_only,2030,18.0,-5.0,0.12232806968614085,0.2790916470408108,0.05126162458101299,-0.052528483320705366,92,28,-1.2744033164611301
12,action_only,2030,18.0,-5.0,0.04411692908133491,0.14370649656475665,-0.1424939375835341,-0.8807516257527177,11,8,-1.294679486160187
12,action_only,2030,18.0,-5.0,-0.04818470777040351,0.03507477552719762,-0.03121113869144833,-0.38954138036986174,106,14,-1.1224112069289671
12,action_only,2030,18.0,-5.0,-0.061741698435153536,-0.21738020529300228,-0.14814469312178866,0.09411456277199148,107,13,-1.1940929721182258
12,action_only,2030,18.0,-5.0,0.10798219580122403,-0.013327890407098142,0.11522885326154489,-0.4347669778331049,104,16,-1.0651736763974768
12,action_only,2030,18.0,-5.0,0.02964323930949897,-0.33728262282208876,0.020995901843503167,0.03545891479456542,105,15,-1.062053940875542
12,action_only,2030,18.0,-5.0,-0.19127657643298324,-0.006366838994584345,-0.12025766177631131,0.371870969733503,99,21,-1.2276946234813655
12,action_only,2030,18.0,-5.0,0.06228276560775298,-0.11416833641517976,-0.10040857881207688,0.3364488398021621,100,20,-1.1859773209294977
12,action_only,2030,18.0,-5.0,-0.004513231278477359,0.19063809501508655,-0.12717927829649459,0.16192327587643685,98,22,-1.2492889880995444
12,action_only,2030,18.0,-5.0,0.08751556538446681,-0.05232433589254193,-0.05577903904144785,0.3963749067973721,96,24,-1.2170580608593147
12,action_only,2030,18.0,-5.0,-0.12005219468295641,0.2312462372416506,-0.14256012243204116,-0.1574196787062363,104,16,-1.226207971925301
12,action_only,2030,18.0,-5.0,0.03406304572905289,-0.10366774974351156,0.0922263507368278,0.619401797543425,85,35,-1.4329314524917023
12,action_only,2030,18.0,-5.0,-0.22576549038460858,0.4785897534640512,0.024075450510955165,0.3924311236153992,78,42,-1.507318376028867
12,action_only,2030,18.0,-5.0,0.1540769353616137,0.2737429839829577,0.10063374135746586,0.513495678515373,70,50,-1.6969871745770542
12,action_only,2030,18.0,-5.0,0.039467936271113946,-0.43108336076345866,-0.0020020605007881054,-0.46518989307802516,112,8,-1.0815239817679059
12,action_only,2030,18.0,-5.0,0.06205152188869095,-0.464544024075189,0.03995502402254755,-0.3786386870963008,111,9,-1.0295118779497172
12,action_only,2030,18.0,-5.0,-0.13371271560443138,-0.2805805024807255,-0.023090921287984234,-0.7598913679230228,10,9,-1.1881514321955664
12,action_only,2030,18.0,-5.0,-0.19783396007151605,-0.09498100989584568,0.08431783029709747,0.6849151318630617,86,34,-1.4140932108818733
12,action_only,2030,18.0,-5.0,-0.04794666198426195,0.21103313285010683,-0.04749904442938542,0.2746714753603463,92,28,-1.2739970770819489
12,action_only,2030,18.0,-5.0,0.18459989159238321,-0.29048621819121834,0.13687854976409183,-0.38116787349079484,107,13,-1.0078859273239615
12,action_only,2030,18.0,-5.0,-0.052596513525193234,0.3728039044424841,0.04544368088243514,0.2619753303164607,82,38,-1.4342943991198578
12,action_only,2030,18.0,-5.0,-0.13023886920061645,-0.4000915140241518,0.11025984943854675,0.26190545607406035,101,19,-1.1150403904407007
12,action_only,2030,18.0,-5.0,0.07363891060096278,0.39055726666343815,-0.0006869946930977144,-0.3965470574024279,99,21,-1.190720591146605
12,action_only,2030,18.0,-5.0,-0.0604382319260936,0.27485034661966123,0.06813537822018145,0.16366773976564253,87,33,-1.351468130924441
12,action_only,2030,18.0,-5.0,-0.05218653577595406,-0.05363362003716077,-0.05397920266786094,0.007692874763531199,103,17,-1.1435305818198935
12,action_only,2031,18.0,-5.0,-0.05719559306725752,0.029977481420147667,0.12842040260494766,0.2967636762235082,88,32,-1.3660179200989668
12,action_only,2031,18.0,-5.0,0.00041479846092579153,0.2721927656375751,0.11014879009583631,0.3854936434772629,77,43,-1.5683319213766789
12,action_only,2031,18.0,-5.0,-0.07587045350273108,-0.25069801024430605,0.08963116482608541,0.38660453020354213,96,24,-1.2061496782721093
12,action_only,2031,18.0,-5.0,-0.16072924027203384,0.4939430909001882,-0.1358630047616157,-0.8812733049729311,111,9,-1.2746283958347617
12,action_only,2031,18.0,-5.0,0.24478606058792612,0.21544858332038674,-0.06602284886490674,0.9546284718587277,69,51,-1.6646644361048515
12,action_only,2031,18.0,-5.0,-0.06766414239262963,-0.38218468219959956,-0.032598289634361816,0.987348958235774,92,28,-1.2862804422012768
12,action_only,2031,18.0,-5.0,-0.10924017350661602,0.3754688310904263,-0.1395799529012843,0.863510397476903,78,42,-1.528093983044253
12,action_only,2031,18.0,-5.0,-0.13533111001840514,-0.04147778849238515,0.14068175335234165,0.12043226304240329,94,26,-1.2391337205535238
12,action_only,2031,18.0,-5.0,0.07978135920252649,-0.023029679336416975,-0.06538883311653178,-0.9965905229899363,11,7,-1.2229029938862677
12,action_only,2031,18.0,-5.0,0.24791850639542956,-0.37942870206141854,-0.07364437009577098,0.5677461484354571,101,19,-1.1635630221546398
12,action_only,2031,18.0,-5.0,-0.00019031193364671406,-0.002740967741479361,-0.038986250374450485,0.24015787853474557,98,22,-1.1893364823204358
12,action_only,2031,18.0,-5.0,-0.09187037674143367,-0.3189788131123753,-0.0024639503641179505,-0.8352063207937217,9,10,-1.172087644810406
12,action_only,2031,18.0,-5.0,0.08457043881961968,0.43130667197173067,-0.022205297391200696,-0.2903455258061334,96,24,-1.2288581725849024
12,action_only,2031,18.0,-5.0,0.043297730134621626,-0.26430226555847003,-0.013176510592217555,0.20956588122333253,103,17,-1.109078631506462
12,action_only,2031,18.0,-5.0,-0.10094702247921938,-0.36775367605226494,0.09169644069195076,-0.18779302771909512,107,13,-1.0224396513299956
12,action_only,2031,18.0,-5.0,0.1884744089590798,-0.18925371788006506,0.0909228694650712,-0.8298318940671692,112,8,-1.0090668431020673
12,action_only,2031,18.0,-5.0,0.009440229344430062,-0.135091109056364,-0.03635134315064523,-0.739372215805318,113,7,-1.1447380673672334
12,action_only,2031,18.0,-5.0,0.07521640816545822,-0.3415091287433899,0.07555238392778321,0.7646136173184206,90,30,-1.3540536290408458
12,action_only,2031,18.0,-5.0,-0.08952153948342478,0.19379466813065394,-0.08336120587227071,0.8171416305483021,82,38,-1.4540019311424932
12,action_only,2031,18.0,-5.0,0.08713994647273327,-0.025246928221083098,-0.038656775628084034,-0.17415188676743076,105,15,-1.1243148711546138
12,action_only,2031,18.0,-5.0,-0.21842331465768017,0.08360161299281577,-0.027927589315817514,-0.021641587680241603,100,20,-1.1638415332931653
12,action_only,2031,18.0,-5.0,-0.23817768139675016,0.32912885268562886,-0.0454553087606549,0.5842483877496001,83,37,-1.4312439303390054
12,action_only,2031,18.0,-5.0,0.0035549008617828393,-0.13584934794824965,-0.020728546539534237,-0.43703856431753074,109,11,-1.0970789185478622
12,action_only,2031,18.0,-5.0,0.06809837093073917,-0.0930635512668826,0.018350245073017635,-0.9734092402142873,113,7,-1.1046225668232665
12,action_only,2031,18.0,-5.0,0.05974480105472729,-0.18686403018196263,0.023105223860972524,-0.45029444570361776,109,11,-1.0576984072211402
12,action_only,2031,18.0,-5.0,0.21004191179998616,-0.051135912337605394,0.08308904019903207,0.2946149937151734,91,29,-1.3098456518621124
12,action_only,2031,18.0,-5.0,0.10503274783308614,-0.36169591995039485,-0.08476374293807364,0.024535690726771753,108,12,-1.1164665648303829
12,action_only,2031,18.0,-5.0,0.18631626379720384,-0.2868283780049591,-0.13569236308343777,0.31330259950078965,105,15,-1.1669211400691306
12,action_only,2031,18.0,-5.0,0.08684596990970628,-0.44277480118184553,0.06277299506718287,0.036861988274649926,106,14,-1.0358400169195254
12,action_only,2031,18.0,-5.0,0.23632962805057833,-0.2737434696336881,-0.045053013304271264,-0.1361091609668743,108,12,-1.09279392755435
12,action_only,2031,18.0,-5.0,-0.24754269979104693,0.37075844396283286,0.11558464735629273,-0.8259862480601177,103,17,-1.098196449519129
12,action_only,2031,18.0,-5.0,-0.035163736461436945,0.15658602203133398,-0.10605356980128908,-0.7802959413323836,112,8,-1.2217422395663602
12,action_only,2031,18.0,-5.0,0.1231977590524218,-0.4168767854115202,0.13205614302995097,-0.404141022751507,109,11,-0.976702556397962
12,action_only,2031,18.0,-5.0,0.10273485677697786,0.3513288363432773,-0.09688081669079518,-0.74999894407966,109,11,-1.1873798876868988
12,action_only,2031,18.0,-5.0,-0.013090082483146914,0.4216551912347666,-0.12893868354606336,-0.8075099557518162,110,10,-1.2364327236584445
12,action_only,2031,18.0,-5.0,-0.21087361925095793,-0.34008392139782284,0.1029692819011512,0.31729222948064506,99,21,-1.146637105786464
12,action_only,2031,18.0,-5.0,-0.2172681570069221,0.3108853840027679,-0.08437578210308493,0.8343107050785301,79,41,-1.5077410193103657
12,action_only,2031,18.0,-5.0,0.17854695665205939,-0.4438756321523265,0.01529411115016352,-0.6977299565415498,114,6,-1.0787585621520626
12,action_only,2031,18.0,-5.0,0.07726669354380805,0.13774062240984086,0.13352727004458623,0.02909579767429915,90,30,-1.3212945659413866
12,action_only,2031,18.0,-5.0,0.18710394121383273,0.3686179697175588,-0.014019474719358327,-0.8007416270501262,106,14,-1.1437271694286864
12,action_only,2031,18.0,-5.0,0.048972261799093364,0.1313385331831709,-0.1067307445679048,-0.3287918720466534,106,14,-1.1756431604793387
12,action_only,2031,18.0,-5.0,0.09718291577752147,0.005872463345556023,0.011593024748510788,0.8024727635428832,80,40,-1.495896247842207
12,action_only,2031,18.0,-5.0,0.14935170488128746,-0.22825866066070433,-0.018477079629208498,0.8933377939132572,88,32,-1.372108014090881
12,action_only,2031,18.0,-5.0,0.20067413053531086,-0.12633436261752995,0.13885268365760403,0.23148772800943207,92,28,-1.3135959479922497
12,action_only,2031,18.0,-5.0,-0.08589425396771094,0.13351245123576228,-0.07198172220174581,0.13023504799854502,98,22,-1.2080975525015727
12,action_only,2031,18.0,-5.0,-0.05447144287086386,-0.07576520117734209,-0.08846130582813654,-0.6777708922035284,113,7,-1.2084162259924085
12,action_only,2031,18.0,-5.0,-0.21747418066798524,0.28640932106450523,-0.11237846207802576,-0.4280926413579471,106,14,-1.217375248926309
12,action_only,2031,18.0,-5.0,-0.05216380534868992,-0.22703978591909113,-0.011007289099728285,-0.5554858405333485,111,9,-1.1076201210242826
12,action_only,2031,18.0,-5.0,0.03105329714463445,0.30896916347743897,-0.07959698733646935,-0.6980137769170842,108,12,-1.1752152317350446
12,action_only,2031,18.0,-5.0,-0.19657397761776896,0.186031639190528,-0.09673404053650989,-0.5648180890272156,108,12,-1.209411592158717
12,action_only,2031,18.0,-5.0,-0.24065859109650412,-0.03358991134538736,0.08494174947500269,-0.627427741652242,107,13,-1.058819317602625
12,action_only,2031,18.0,-5.0,-0.16438692285361428,-0.07705859830215234,-0.09437117764258032,-0.060380711664147046,105,15,-1.1700561247516712
12,action_only,2031,18.0,-5.0,-0.21948801697981907,-0.429201148312808,-0.09017604969109227,0.9486938308081985,97,23,-1.2222003572815607
12,action_only,2031,18.0,-5.0,-0.2203960579142219,-0.4038488461308124,-0.1398016283202744,0.5512330483767147,104,16,-1.2027776263434868
12,action_only,2031,18.0,-5.0,-0.0009873401921921543,-0.08332778477370284,0.036001141293737715,0.3957285842005567,93,27,-1.244478565018249
12,action_only,2031,18.0,-5.0,0.2303375008521033,0.3238000738487845,-0.1478056767727303,0.6569586795054065,81,39,-1.473012741302766
12,action_only,2031,18.0,-5.0,0.227850678441546,-0.4460371563529001,-0.12204663784886981,0.34031384088368677,107,13,-1.140717773709594
12,action_only,2031,18.0,-5.0,0.2274924967009811,0.39736651004177115,-0.13230561030604085,-0.9171359809818949,113,7,-1.2230337776521054
12,action_only,2031,18.0,-5.0,0.11694240802170658,0.23984145815095692,0.14438369093870743,0.5678026795051414,66,54,-1.8221181980864785
12,action_only,2031,18.0,-5.0,0.2457258071475672,-0.21488261959083332,0.038315898536961185,-0.7895688558206044,113,7,-1.0446216448496664
12,action_only,2031,18.0,-5.0,0.08430786495974618,-0.10895607224188542,0.04434566901735931,-0.9470092391609788,112,8,-1.073385076215268
12,action_only,2031,18.0,-5.0,0.24717650707901756,-0.042475513854508096,-0.05002850584194453,0.6459609604524086,89,31,-1.343994788376286
12,action_only,2031,18.0,-5.0,0.18558918665217328,0.197465699954667,0.1402031382125212,-0.08117756266642817,90,30,-1.3366384200991481
12,action_only,2032,18.0,-5.0,0.008367459450451809,0.112264267629136,-0.025505805762366246,0.9840330568368314,74,46,-1.59795979743771
12,action_only,2032,18.0,-5.0,-0.1864171860319725,-0.25834647716187553,-0.11060540575936717,0.35773423293883067,103,17,-1.1818971141261865
12,action_only,2032,18.0,-5.0,-0.20366109945424188,0.2841634660303536,0.0897209301453448,0.22832577124943332,85,35,-1.3926653884124944
12,action_only,2032,18.0,-5.0,-0.20733308285993302,-0.02397936104058851,-0.010641318927114785,-0.5635161851876977,108,12,-1.1294743876368785
12,action_only,2032,18.0,-5.0,-0.2017684173697365,0.49274223679378937,-0.04197515345875004,-0.46473893672876265,100,20,-1.211983516787942
12,action_only,2032,18.0,-5.0,0.09638989472669934,0.13130541528275663,-0.049527757258839955,-0.13947319219939724,101,19,-1.1665230480150168
12,action_only,2032,18.0,-5.0,-0.17167077945785825,-0.3093585094041926,-0.01631447319820245,-0.023030024907035207,106,14,-1.0978981563803043
12,action_only,2032,18.0,-5.0,-0.08846827591619444,0.4787430018856348,0.09557815176991791,-0.6442691955697661,98,22,-1.1651080704977868
12,action_only,2032,18.0,-5.0,-0.24263214384426413,0.4592575433995567,-0.04659935423082169,0.8930348063474585,70,50,-1.687926951614673
12,action_only,2032,18.0,-5.0,-0.004075901659786163,0.350707700715706,-0.002463934842299592,-0.3881444932383227,100,20,-1.1744953366865543
12,action_only,2032,18.0,-5.0,-0.0055155840254163535,0.25220908338844383,-0.0171824870703845,-0.7044532273319046,107,13,-1.1326941464836038
12,action_only,2032,18.0,-5.0,0.1758520768405965,-0.0664346598679999,0.10959733380349987,-0.30229058052119595,103,17,-1.084829832332911
12,action_only,2032,18.0,-5.0,0.12321084464730131,-0.23547928304079868,-0.12592058439601292,0.6503637799178794,98,22,-1.2171048101929485
12,action_only,2032,18.0,-5.0,0.04602596567933842,0.30167465619720657,0.09590450935538827,0.584415406085927,69,51,-1.7225949926406385
12,action_only,2032,18.0,-5.0,0.2089783149025276,0.07662012298435994,0.09665010891405842,0.008752578361251206,94,26,-1.2583744456587311
12,action_only,2032,18.0,-5.0,0.17503574940750427,-0.45444987710930873,0.06507797129550932,0.6174163542102524,97,23,-1.2235509623749166
12,action_only,2032,18.0,-5.0,-0.14736757146152718,0.2896404065813466,0.00686426178750954,0.09196397701471937,92,28,-1.2623372741553807
12,action_only,2032,18.0,-5.0,0.22625629338967296,-0.41724318697738905,-0.13587726539817796,0.7256744058189266,101,19,-1.1900330993865447
12,action_only,2032,18.0,-5.0,0.04158565721454649,-0.21396274179404817,-0.04856866055407734,0.2634864857914767,102,18,-1.135734557633806
12,action_only,2032,18.0,-5.0,-0.2174158797852948,-0.2627353948709128,0.019808773451125916,0.6176378502993707,95,25,-1.2202457141514176
12,action_only,2032,18.0,-5.0,0.02280545884951579,0.3793168185543673,-0.0006454883047744553,0.1993706771828747,86,34,-1.3702719553871792
12,action_only,2032,18.0,-5.0,-0.061885346607069125,0.41813104039128157,-0.09809940995781084,-0.32335571362830007,101,19,-1.2247950018658538
12,action_only,2032,18.0,-5.0,0.18425302638319846,-0.18379902287720584,-0.07023529146192369,0.026446679546727525,105,15,-1.1279577358745283
12,action_only,2032,18.0,-5.0,-0.22830186029714528,-0.07446259371436525,0.1144998098008013,0.41813649981596623,90,30,-1.3207640808023056
12,action_only,2032,18.0,-5.0,0.0416969770121981,0.44144831788540373,0.04198110518606485,-0.2773927169166308,93,27,-1.2493239901309963
12,action_only,2032,18.0,-5.0,-0.006145111708868278,0.05275204584477733,0.11880155740849793,0.00457213393540723,95,25,-1.2264171408599438
12,action_only,2032,18.0,-5.0,0.16277111421400892,0.10029901714083311,0.04483622634218959,-0.7114426903009092,107,13,-1.0720649521080967
12,action_only,2032,18.0,-5.0,0.014667942510301846,-0.2821447137829929,-0.052050304653680546,0.3223045477500319,102,18,-1.129697569716155
12,action_only,2032,18.0,-5.0,-0.06934258565612567,-0.40706592325006385,0.08728528241195943,-0.6408550616657391,112,8,-1.0267812578646387
12,action_only,2032,18.0,-5.0,-0.038121502975177246,0.22011668511728733,0.02752551202854836,-0.47931180393926587,103,17,-1.1191653096068233
12,action_only,2032,18.0,-5.0,0.16574472353629083,-0.31758928197572467,0.05315569680949392,-0.7036773435787596,113,7,-1.0308429654163085
12,action_only,2032,18.0,-5.0,-0.018017359950048384,-0.12296845750143603,-0.04124340171072652,-0.6529797398299428,112,8,-1.1394235681612648
12,action_only,2032,18.0,-5.0,0.11341385367645235,-0.1220746845368249,-0.09100078237413031,0.3371229740789443,100,20,-1.1831228156693343
12,action_only,2032,18.0,-5.0,0.20030989951519645,-0.21670738288848101,-0.07976366122090225,0.8022436406475562,92,28,-1.2902721907663017
12,action_only,2032,18.0,-5.0,-0.11689004685970539,0.382027756748203,-0.1459398908956392,-0.5885004417454933,108,12,-1.2406251497484126
12,action_only,2032,18.0,-5.0,0.15512068085384872,-0.49627344395082296,0.05327564867955836,-0.49070364152719836,112,8,-1.0158387392316384
12,action_only,2032,18.0,-5.0,-0.11822150357914468,-0.26732384021897415,-0.09993121572448953,-0.20164783815716536,110,10,-1.1769131494437082
12,action_only,2032,18.0,-5.0,0.0872672183745466,-0.26433940034962355,-0.11118987182297488,0.9681223155347609,92,28,-1.296536799533311
12,action_only,2032,18.0,-5.0,-0.19130599175002383,-0.4563809017599326,0.10992572107160589,0.5677707123902886,97,23,-1.2065008642124868
12,action_only,2032,18.0,-5.0,0.19918380707948863,0.09348858815376204,0.019040405623468704,-0.4163249679495007,104,16,-1.1057041312054425
12,action_only,2032,18.0,-5.0,-0.19521665322463932,0.39863883554629786,-0.027449273014267,0.884125676794137,70,50,-1.6818227564223498
12,action_only,2032,18.0,-5.0,-0.21145101085324552,0.426195577265821,0.10965556340877045,0.6338751866706402,67,53,-1.8140915242284952
12,action_only,2032,18.0,-5.0,0.23524119305888064,-0.18605301587227951,-0.017259657407084184,0.7552102687536919,89,31,-1.347380962041885
12,action_only,2032,18.0,-5.0,-0.07795174140236638,-0.052156686094574245,0.018973160730771266,-0.34575111221894406,106,14,-1.0844196089568736
12,action_only,2032,18.0,-5.0,-0.033668255476272335,-0.1725734700847743,0.12180797050090028,0.18397839572361385,97,23,-1.195182614919851
12,action_only,2032,18.0,-5.0,-0.16907494503910653,0.23722104006924416,0.07007530109779561,-0.5762368198749008,103,17,-1.102467566963522
12,action_only,2032,18.0,-5.0,-0.1116410955988063,-0.3693972214385036,0.0862563787812691,0.3015043416579235,100,20,-1.1226410993043852
12,action_only,2032,18.0,-5.0,-0.07837595298441319,0.37253283428954154,-0.07735196052146998,-0.9144132346240312,110,10,-1.2024053622192388
12,action_only,2032,18.0,-5.0,0.020648917744697515,-0.2768512080963187,-0.03599791079812287,-0.864633546656101,9,10,-1.1964647930635104
12,action_only,2032,18.0,-5.0,0.10779974980913615,0.45352466690669246,0.05704146306322483,0.7652887576478549,58,62,-1.9335463801042647
12,action_only,2032,18.0,-5.0,-0.05492988691717732,-0.45210726251745426,0.07565932482984802,0.22343058428073603,103,17,-1.0722055044047065
12,action_only,2032,18.0,-5.0,0.05760719150630317,-0.478075768445674,-0.08408812524389637,-0.2052038236222058,112,8,-1.1442440115261827
12,action_only,2032,18.0,-5.0,0.07746894116645775,-0.07227642188967187,0.12935553217254317,-0.4806520332439179,105,15,-1.0394082819529928
12,action_only,2032,18.0,-5.0,-0.1490751082051605,0.44103556705253666,0.10387619763869746,0.8187191625190255,59,61,-2.0098086564479725
12,action_only,2032,18.0,-5.0,-0.0012888644638468505,0.41763418648714234,-0.0671543354818394,0.05500901708232453,92,28,-1.2957399067624797
12,action_only,2032,18.0,-5.0,0.11850139309741575,-0.3928972659639173,0.05567739293032156,0.2900311677074996,102,18,-1.1085512788987377
12,action_only,2032,18.0,-5.0,-0.015159602126216698,0.4515321759110219,0.12424154352404201,0.3693094253031648,69,51,-1.7274780039328235
12,action_only,2032,18.0,-5.0,0.1781165756382211,0.3058392605380067,-0.021065972431829505,-0.4778888566778223,102,18,-1.1659208635157134
12,action_only,2032,18.0,-5.0,-0.1547048879709515,0.24897307011132663,0.1213954211941882,0.8111122204893226,65,55,-1.8753924412790919
12,action_only,2032,18.0,-5.0,-0.002120161786173469,-0.17184976597372892,0.04852499662286619,0.021724098713244544,102,18,-1.098051343193218
12,action_only,2032,18.0,-5.0,-0.21856429263863109,0.17016032302355666,0.011770348305949863,0.008013635662230678,97,23,-1.189629836627216
12,action_only,2032,18.0,-5.0,-0.06282171311026047,0.19563174742521983,-0.07618915969692491,0.3815588884528256,92,28,-1.2899575130718275
12,action_only,2032,18.0,-5.0,0.005974131748530842,-0.3899524505841978,-0.030036990553484702,0.8587715674402359,95,25,-1.240881546589309
12,action_only,2032,18.0,-5.0,0.09427643744582331,-0.3984982074180845,0.11241397167920689,-0.48779650889385207,110,10,-0.9802070217477097
12,commit_gate,2030,1.8,-0.5,-0.05184600350204882,0.30607942143937183,0.10099304756404573,-0.2530248106604298,,0,-0.047476652226612896
12,commit_gate,2030,1.8,-0.5,-0.1746701675661021,-0.0960382503057311,-0.07758359458311934,-0.9072980629069103,,0,-0.41359566669002035
12,commit_gate,2030,1.8,-0.5,0.10087321247067488,-0.1781914725731859,0.10810903795123564,0.4947797228192494,,0,-0.15633682030456794
12,commit_gate,2030,1.8,-0.5,-0.11061107803132053,-0.15683820569066687,0.029557280869386304,0.5523579826519649,,0,-0.06365870319620999
12,commit_gate,2030,1.8,-0.5,-0.11244633322915232,-0.2523323291940618,-0.08078175843615758,0.7014294184526371,,0,-0.023430531401939212
12,commit_gate,2030,1.8,-0.5,-0.03249481063765236,0.297320955958965,0.08713878784359438,-0.24534403441657937,,0,-0.040584701218852035
12,commit_gate,2030,1.8,-0.5,-0.2128657522118897,-0.3795630479155544,0.018756430666800133,0.6211744595695985,,0,-0.044843435611480145
12,commit_gate,2030,1.8,-0.5,-0.04125832193110157,-0.0887831501503984,-0.08845466779033351,-0.6387509190747986,,0,-0.2501293025335296
12,commit_gate,2030,1.8,-0.5,-0.1961992408789655,-0.2083538592638955,-0.007986654650933678,-0.6154045455662835,,0,-0.1912143645681662
12,commit_gate,2030,1.8,-0.5,-0.16562323687385,-0.2733998816963822,-0.10837784863116101,-0.33998648124044517,,0,-0.2597515779457799
12,commit_gate,2030,1.8,-0.5,-0.2393439382184675,0.0717705870988169,0.09286956528659143,-0.9550839743869992,,0,-0.10510049749385009
12,commit_gate,2030,1.8,-0.5,-0.1293965880091248,0.02752419448843768,0.14113885165268072,0.9944181516349018,,0,-0.5330907298838627
12,commit_gate,2030,1.8,-0.5,-0.24871107746498927,-0.29938154133106964,0.025446922056065135,0.40658082299074727,,0,-0.03270901944873886
12,commit_gate,2030,1.8,-0.5,-0.08221678174018854,0.17139958868425698,-0.03823551044323044,0.058579013211461195,,0,-0.014406605108567085
12,commit_gate,2030,1.8,-0.5,-0.0583582840637652,0.2194612905757084,-0.07634937683435745,0.3653484228930721,,0,-0.026191286742014482
12,commit_gate,2030,1.8,-0.5,-0.04988577268458283,-0.07789351033620806,0.0793096184914518,0.439263667930472,,0,-0.10408779295027577
12,commit_gate,2030,1.8,-0.5,-0.24910183637657646,0.44845897341128094,0.036456235280835,-0.8651716035641965,,0,-0.06780363407825502
12,commit_gate,2030,1.8,-0.5,-0.012014557874164,0.01692531270132336,-0.1488798447885841,0.4777890790089574,,0,-0.01931539904134609
12,commit_gate,2030,1.8,-0.5,0.07135007270608962,0.19457424037197468,-0.0678098459052404,0.46840836436307964,,0,-0.05125459341737603
12,commit_gate,2030,1.8,-0.5,-0.010332518879528907,0.2955235774800139,-0.10406964857029463,0.2144724089766188,,0,-0.01979721921999962
12,commit_gate,2030,1.8,-0.5,-0.16372352617243813,0.39306591204031316,0.1481721978303123,-0.6748941429681388,,0,-0.0280309740700219
12,commit_gate,2030,1.8,-0.5,-0.07900715659985724,0.34110492262895664,0.0651917415315823,0.06022892227747434,,0,-0.08311905019423496
12,commit_gate,2030,1.8,-0.5,-0.05477919429534028,0.0928960523511676,-0.04417563996210884,-0.40160684783356126,,0,-0.06806219726387551
12,commit_gate,2030,1.8,-0.5,0.08546167953971262,-0.3133598337615493,-0.0525314198288976,-0.6335436313154903,,0,-0.2377701756933046
12,commit_gate,2030,1.8,-0.5,0.19777029486169678,0.36649577401099176,0.11499320740060989,0.5603658954529374,,0,-0.45463951336042
12,commit_gate,2030,1.8,-0.5,-0.15214140323953612,-0.46337065588170534,-0.026757446180497343,0.5380984358701089,,0,-0.029976625055075014
12,commit_gate,2030,1.8,-0.5,0.22865119423133778,-0.45714569075357037,-0.1457865575881901,0.9773209857901659,,0,-0.03101969045912397
12,commit_gate,2030,1.8,-0.5,-0.23202367017315628,-0.003566724635694296,0.001562438412149314,0.40745027430264824,,0,-0.037020819333390236
12,commit_gate,2030,1.8,-0.5,-0.1163189765726666,0.3732638918786515,-0.03942925647658095,0.12384672478393144,,0,-0.02900169570606088
12,commit_gate,2030,1.8,-0.5,0.17497647362832425,0.04009854363336052,0.04049765122913601,0.003291045139735882,,0,-0.03486434953790029
12,commit_gate,2030,1.8,-0.5,0.21117851654077502,-0.038140109587037174,-0.021662473564537987,-0.6905630402341905,,0,-0.11352975576612269
12,commit_gate,2030,1.8,-0.5,0.08111152296731428,0.39398162322906694,-0.07317993963361681,-0.23996179617651547,,0,-0.029406835990354478
12,commit_gate,2030,1.8,-0.5,-0.23512842594624062,-0.07925923036509064,0.044190096590837336,-0.7469962832660819,,0,-0.13612180945280192
12,commit_gate,2030,1.8,-0.5,0.14288723007155796,-0.3677795924230466,0.08212546185605069,-0.4235124635062011,,0,-0.03786614283931427
12,commit_gate,2030,1.8,-0.5,0.021032964973469737,-0.02631751023522033,-0.03597850764534562,0.6941167096109981,,0,-0.0735910202398023
12,commit_gate,2030,1.8,-0.5,-0.1000126504446634,-0.3157118928679221,0.07853218318496319,0.04168884941597595,,0,-0.020211295932700813
12,commit_gate,2030,1.8,-0.5,0.15265004930217052,-0.36443176343201233,0.057010322604900104,-0.24333297120016706,,0,-0.027506453604168594
12,commit_gate,2030,1.8,-0.5,0.1728960900835289,0.4978108002253202,0.1347512880915044,0.512138613039256,,0,-0.5428390878952318
12,commit_gate,2030,1.8,-0.5,-0.13794172072230004,0.2523563335356085,-0.07627609400165962,0.6374054670125864,,0,-0.06423828173773917
12,commit_gate,2030,1.8,-0.5,0.12232806968614085,0.2790916470408108,0.05126162458101299,-0.052528483320705366,,0,-0.06322573115370439
12,commit_gate,2030,1.8,-0.5,0.04411692908133491,0.14370649656475665,-0.1424939375835341,-0.8807516257527177,,0,-0.3808775888686858
12,commit_gate,2030,1.8,-0.5,-0.04818470777040351,0.03507477552719762,-0.03121113869144833,-0.38954138036986174,,0,-0.06362980330497787
12,commit_gate,2030,1.8,-0.5,-0.061741698435153536,-0.21738020529300228,-0.14814469312178866,0.09411456277199148,,0,-0.12024456907684321
12,commit_gate,2030,1.8,-0.5,0.10798219580122403,-0.013327890407098142,0.11522885326154489,-0.4347669778331049,,0,-0.016287812315547826
12,commit_gate,2030,1.8,-0.5,0.02964323930949897,-0.33728262282208876,0.020995901843503167,0.03545891479456542,,0,-0.01980837493464409
12,commit_gate,2030,1.8,-0.5,-0.19127657643298324,-0.006366838994584345,-0.12025766177631131,0.371870969733503,,0,-0.028983501730695256
12,commit_gate,2030,1.8,-0.5,0.06228276560775298,-0.11416833641517976,-0.10040857881207688,0.3364488398021621,,0,-0.05781914775993408
12,commit_gate,2030,1.8,-0.5,-0.004513231278477359,0.19063809501508655,-0.12717927829649459,0.16192327587643685,,0,-0.024251939101196992
12,commit_gate,2030,1.8,-0.5,0.08751556538446681,-0.05232433589254193,-0.05577903904144785,0.3963749067973721,,0,-0.021061935953650777
12,commit_gate,2030,1.8,-0.5,-0.12005219468295641,0.2312462372416506,-0.14256012243204116,-0.1574196787062363,,0,-0.08936029056364661
12,commit_gate,2030,1.8,-0.5,0.03406304572905289,-0.10366774974351156,0.0922263507368278,0.619401797543425,,0,-0.18636044575011165
12,commit_gate,2030,1.8,-0.5,-0.22576549038460858,0.4785897534640512,0.024075450510955165,0.3924311236153992,,0,-0.14400508886519012
12,commit_gate,2030,1.8,-0.5,0.1540769353616137,0.2737429839829577,0.10063374135746586,0.513495678515373,,0,-0.3313656048281067
12,commit_gate,2030,1.8,-0.5,0.039467936271113946,-0.43108336076345866,-0.0020020605007881054,-0.46518989307802516,,0,-0.14901173833672005
12,commit_gate,2030,1.8,-0.5,0.06205152188869095,-0.464544024075189,0.03995502402254755,-0.3786386870963008,,0,-0.08434724576080678
12,commit_gate,2030,1.8,-0.5,-0.13371271560443138,-0.2805805024807255,-0.023090921287984234,-0.7598913679230228,,0,-0.2856508549925284
12,commit_gate,2030,1.8,-0.5,-0.19783396007151605,-0.09498100989584568,0.08431783029709747,0.6849151318630617,,0,-0.16363871791590537
12,commit_gate,2030,1.8,-0.5,-0.04794666198426195,0.21103313285010683,-0.04749904442938542,0.2746714753603463,,0,-0.027275845810305743
12,commit_gate,2030,1.8,-0.5,0.18459989159238321,-0.29048621819121834,0.13687854976409183,-0.38116787349079484,,0,-0.01799414798426823
12,commit_gate,2030,1.8,-0.5,-0.052596513525193234,0.3728039044424841,0.04544368088243514,0.2619753303164607,,0,-0.12698785384933617
12,commit_gate,2030,1.8,-0.5,-0.13023886920061645,-0.4000915140241518,0.11025984943854675,0.26190545607406035,,0,-0.04419389258107351
12,commit_gate,2030,1.8,-0.5,0.07363891060096278,0.39055726666343815,-0.0006869946930977144,-0.3965470574024279,,0,-0.023383826113634536
12,commit_gate,2030,1.8,-0.5,-0.0604382319260936,0.27485034661966123,0.06813537822018145,0.16366773976564253,,0,-0.09846084372016578
12,commit_gate,2030,1.8,-0.5,-0.05218653577595406,-0.05363362003716077,-0.05397920266786094,0.007692874763531199,,0,-0.0284709496687613
12,commit_gate,2031,1.8,-0.5,-0.05719559306725752,0.029977481420147667,0.12842040260494766,0.2967636762235082,,0,-0.14765489727573228
12,commit_gate,2031,1.8,-0.5,0.00041479846092579153,0.2721927656375751,0.11014879009583631,0.3854936434772629,,0,-0.2445849728646328
12,commit_gate,2031,1.8,-0.5,-0.07587045350273108,-0.25069801024430605,0.08963116482608541,0.38660453020354213,,0,-0.06776062741150476
12,commit_gate,2031,1.8,-0.5,-0.16072924027203384,0.4939430909001882,-0.1358630047616157,-0.8812733049729311,,0,-0.2751657513220634
12,commit_gate,2031,1.8,-0.5,0.24478606058792612,0.21544858332038674,-0.06602284886490674,0.9546284718587277,,0,-0.23415259326270868
12,commit_gate,2031,1.8,-0.5,-0.06766414239262963,-0.38218468219959956,-0.032598289634361816,0.987348958235774,,0,-0.07403435480072959
12,commit_gate,2031,1.8,-0.5,-0.10924017350661602,0.3754688310904263,-0.1395799529012843,0.863510397476903,,0,-0.09014218449786734
12,commit_gate,2031,1.8,-0.5,-0.13533111001840514,-0.04147778849238515,0.14068175335234165,0.12043226304240329,,0,-0.08582521516380076
12,commit_gate,2031,1.8,-0.5,0.07978135920252649,-0.023029679336416975,-0.06538883311653178,-0.9965905229899363,,0,-0.32404516886793205
12,commit_gate,2031,1.8,-0.5,0.24791850639542956,-0.37942870206141854,-0.07364437009577098,0.5677461484354571,,0,-0.023381582857134844
12,commit_gate,2031,1.8,-0.5,-0.00019031193364671406,-0.002740967741479361,-0.038986250374450485,0.24015787853474557,,0,-0.014511957907386625
12,commit_gate,2031,1.8,-0.5,-0.09187037674143367,-0.3189788131123753,-0.0024639503641179505,-0.8352063207937217,,0,-0.285988145171079
12,commit_gate,2031,1.8,-0.5,0.08457043881961968,0.43130667197173067,-0.022205297391200696,-0.2903455258061334,,0,-0.026077593738156362
12,commit_gate,2031,1.8,-0.5,0.043297730134621626,-0.26430226555847003,-0.013176510592217555,0.20956588122333253,,0,-0.01461548974398912
12,commit_gate,2031,1.8,-0.5,-0.10094702247921938,-0.36775367605226494,0.09169644069195076,-0.18779302771909512,,0,-0.028455197959236286
12,commit_gate,2031,1.8,-0.5,0.1884744089590798,-0.18925371788006506,0.0909228694650712,-0.8298318940671692,,0,-0.07145309292143681
12,commit_gate,2031,1.8,-0.5,0.009440229344430062,-0.135091109056364,-0.03635134315064523,-0.739372215805318,,0,-0.2074499421046902
12,commit_gate,2031,1.8,-0.5,0.07521640816545822,-0.3415091287433899,0.07555238392778321,0.7646136173184206,,0,-0.15438120433343858
12,commit_gate,2031,1.8,-0.5,-0.08952153948342478,0.19379466813065394,-0.08336120587227071,0.8171416305483021,,0,-0.0914330265333983
12,commit_gate,2031,1.8,-0.5,0.08713994647273327,-0.025246928221083098,-0.038656775628084034,-0.17415188676743076,,0,-0.031079498767247207
12,commit_gate,2031,1.8,-0.5,-0.21842331465768017,0.08360161299281577,-0.027927589315817514,-0.021641587680241603,,0,-0.02388962441838854
12,commit_gate,2031,1.8,-0.5,-0.23817768139675016,0.32912885268562886,-0.0454553087606549,0.5842483877496001,,0,-0.08400477862165075
12,commit_gate,2031,1.8,-0.5,0.0035549008617828393,-0.13584934794824965,-0.020728546539534237,-0.43703856431753074,,0,-0.09113953533951678
12,commit_gate,2031,1.8,-0.5,0.06809837093073917,-0.0930635512668826,0.018350245073017635,-0.9734092402142873,,0,-0.1878984726431206
12,commit_gate,2031,1.8,-0.5,0.05974480105472729,-0.18686403018196263,0.023105223860972524,-0.45029444570361776,,0,-0.058557102086322914
12,commit_gate,2031,1.8,-0.5,0.21004191179998616,-0.051135912337605394,0.08308904019903207,0.2946149937151734,,0,-0.11693527306254507
12,commit_gate,2031,1.8,-0.5,0.10503274783308614,-0.36169591995039485,-0.08476374293807364,0.024535690726771753,,0,-0.07940288006378345
12,commit_gate,2031,1.8,-0.5,0.18631626379720384,-0.2868283780049591,-0.13569236308343777,0.31330259950078965,,0,-0.04676432936172208
12,commit_gate,2031,1.8,-0.5,0.08684596990970628,-0.44277480118184553,0.06277299506718287,0.036861988274649926,,0,-0.018464518209275433
12,commit_gate,2031,1.8,-0.5,0.23632962805057833,-0.2737434696336881,-0.045053013304271264,-0.1361091609668743,,0,-0.052562664714720916
12,commit_gate,2031,1.8,-0.5,-0.24754269979104693,0.37075844396283286,0.11558464735629273,-0.8259862480601177,,0,-0.030160480741477938
12,commit_gate,2031,1.8,-0.5,-0.035163736461436945,0.15658602203133398,-0.10605356980128908,-0.7802959413323836,,0,-0.25615977561993586
12,commit_gate,2031,1.8,-0.5,0.1231977590524218,-0.4168767854115202,0.13205614302995097,-0.404141022751507,,0,-0.024071103300496267
12,commit_gate,2031,1.8,-0.5,0.10273485677697786,0.3513288363432773,-0.09688081669079518,-0.74999894407966,,0,-0.14777866162630887
12,commit_gate,2031,1.8,-0.5,-0.013090082483146914,0.4216551912347666,-0.12893868354606336,-0.8075099557518162,,0,-0.21816202217957467
12,commit_gate,2031,1.8,-0.5,-0.21087361925095793,-0.34008392139782284,0.1029692819011512,0.31729222948064506,,0,-0.05168588822212962
12,commit_gate,2031,1.8,-0.5,-0.2172681570069221,0.3108853840027679,-0.08437578210308493,0.8343107050785301,,0,-0.10694460082869836
12,commit_gate,2031,1.8,-0.5,0.17854695665205939,-0.4438756321523265,0.01529411115016352,-0.6977299565415498,,0,-0.18367975103056797
12,commit_gate,2031,1.8,-0.5,0.07726669354380805,0.13774062240984086,0.13352727004458623,0.02909579767429915,,0,-0.12317061155055604
12,commit_gate,2031,1.8,-0.5,0.18710394121383273,0.3686179697175588,-0.014019474719358327,-0.8007416270501262,,0,-0.06880910890318727
12,commit_gate,2031,1.8,-0.5,0.048972261799093364,0.1313385331831709,-0.1067307445679048,-0.3287918720466534,,0,-0.09200379156962266
12,commit_gate,2031,1.8,-0.5,0.09718291577752147,0.005872463345556023,0.011593024748510788,0.8024727635428832,,0,-0.18123819428860485
12,commit_gate,2031,1.8,-0.5,0.14935170488128746,-0.22825866066070433,-0.018477079629208498,0.8933377939132572,,0,-0.11843574279084305
12,commit_gate,2031,1.8,-0.5,0.20067413053531086,-0.12633436261752995,0.13885268365760403,0.23148772800943207,,0,-0.14573245518305838
12,commit_gate,2031,1.8,-0.5,-0.08589425396771094,0.13351245123576228,-0.07198172220174581,0.13023504799854502,,0,-0.01619238394245835
12,commit_gate,2031,1.8,-0.5,-0.05447144287086386,-0.07576520117734209,-0.08846130582813654,-0.6777708922035284,,0,-0.2665604156637946
12,commit_gate,2031,1.8,-0.5,-0.21747418066798524,0.28640932106450523,-0.11237846207802576,-0.4280926413579471,,0,-0.13311500161237627
12,commit_gate,2031,1.8,-0.5,-0.05216380534868992,-0.22703978591909113,-0.011007289099728285,-0.5554858405333485,,0,-0.14702859755016628
12,commit_gate,2031,1.8,-0.5,0.03105329714463445,0.30896916347743897,-0.07959698733646935,-0.6980137769170842,,0,-0.12791877537508273
12,commit_gate,2031,1.8,-0.5,-0.19657397761776896,0.186031639190528,-0.09673404053650989,-0.5648180890272156,,0,-0.17876900015933062
12,commit_gate,2031,1.8,-0.5,-0.24065859109650412,-0.03358991134538736,0.08494174947500269,-0.627427741652242,,0,-0.06037722883433124
12,commit_gate,2031,1.8,-0.5,-0.16438692285361428,-0.07705859830215234,-0.09437117764258032,-0.060380711664147046,,0,-0.08662597734697321
12,commit_gate,2031,1.8,-0.5,-0.21948801697981907,-0.429201148312808,-0.09017604969109227,0.9486938308081985,,0,-0.03916357423240518
12,commit_gate,2031,1.8,-0.5,-0.2203960579142219,-0.4038488461308124,-0.1398016283202744,0.5512330483767147,,0,-0.07766614390629473
12,commit_gate,2031,1.8,-0.5,-0.0009873401921921543,-0.08332778477370284,0.036001141293737715,0.3957285842005567,,0,-0.05788625380750115
12,commit_gate,2031,1.8,-0.5,0.2303375008521033,0.3238000738487845,-0.1478056767727303,0.6569586795054065,,0,-0.08098340916412085
12,commit_gate,2031,1.8,-0.5,0.227850678441546,-0.4460371563529001,-0.12204663784886981,0.34031384088368677,,0,-0.05448159775076351
12,commit_gate,2031,1.8,-0.5,0.2274924967009811,0.39736651004177115,-0.13230561030604085,-0.9171359809818949,,0,-0.2418445375946316
12,commit_gate,2031,1.8,-0.5,0.11694240802170658,0.23984145815095692,0.14438369093870743,0.5678026795051414,,0,-0.4369207278092114
12,commit_gate,2031,1.8,-0.5,0.2457258071475672,-0.21488261959083332,0.038315898536961185,-0.7895688558206044,,0,-0.11124169430115773
12,commit_gate,2031,1.8,-0.5,0.08430786495974618,-0.10895607224188542,0.04434566901735931,-0.9470092391609788,,0,-0.14529243473821343
12,commit_gate,2031,1.8,-0.5,0.24717650707901756,-0.042475513854508096,-0.05002850584194453,0.6459609604524086,,0,-0.0820661717060403
12,commit_gate,2031,1.8,-0.5,0.18558918665217328,0.197465699954667,0.1402031382125212,-0.08117756266642817,,0,-0.13727324642487762
12,commit_gate,2032,1.8,-0.5,0.008367459450451809,0.112264267629136,-0.025505805762366246,0.9840330568368314,,0,-0.21044355355270472
12,commit_gate,2032,1.8,-0.5,-0.1864171860319725,-0.25834647716187553,-0.11060540575936717,0.35773423293883067,,0,-0.056381500693348165
12,commit_gate,2032,1.8,-0.5,-0.20366109945424188,0.2841634660303536,0.0897209301453448,0.22832577124943332,,0,-0.12402725736658768
12,commit_gate,2032,1.8,-0.5,-0.20733308285993302,-0.02397936104058851,-0.010641318927114785,-0.5635161851876977,,0,-0.12504012528039057
12,commit_gate,2032,1.8,-0.5,-0.2017684173697365,0.49274223679378937,-0.04197515345875004,-0.46473893672876265,,0,-0.04373082037487375
12,commit_gate,2032,1.8,-0.5,0.09638989472669934,0.13130541528275663,-0.049527757258839955,-0.13947319219939724,,0,-0.08009867049671753
12,commit_gate,2032,1.8,-0.5,-0.17167077945785825,-0.3093585094041926,-0.01631447319820245,-0.023030024907035207,,0,-0.06099323074335991
12,commit_gate,2032,1.8,-0.5,-0.08846827591619444,0.4787430018856348,0.09557815176991791,-0.6442691955697661,,0,-0.025436325599379927
12,commit_gate,2032,1.8,-0.5,-0.24263214384426413,0.4592575433995567,-0.04659935423082169,0.8930348063474585,,0,-0.21331652452618494
12,commit_gate,2032,1.8,-0.5,-0.004075901659786163,0.350707700715706,-0.002463934842299592,-0.3881444932383227,,0,-0.09171834223377917
12,commit_gate,2032,1.8,-0.5,-0.0055155840254163535,0.25220908338844383,-0.0171824870703845,-0.7044532273319046,,0,-0.07846955375246038
12,commit_gate,2032,1.8,-0.5,0.1758520768405965,-0.0664346598679999,0.10959733380349987,-0.30229058052119595,,0,-0.023052922276540103
12,commit_gate,2032,1.8,-0.5,0.12321084464730131,-0.23547928304079868,-0.12592058439601292,0.6503637799178794,,0,-0.018737241552444873
12,commit_gate,2032,1.8,-0.5,0.04602596567933842,0.30167465619720657,0.09590450935538827,0.584415406085927,,0,-0.33703888452304853
12,commit_gate,2032,1.8,-0.5,0.2089783149025276,0.07662012298435994,0.09665010891405842,0.008752578361251206,,0,-0.0872532336294848
12,commit_gate,2032,1.8,-0.5,0.17503574940750427,-0.45444987710930873,0.06507797129550932,0.6174163542102524,,0,-0.09082562946108723
12,commit_gate,2032,1.8,-0.5,-0.14736757146152718,0.2896404065813466,0.00686426178750954,0.09196397701471937,,0,-0.03362692627405077
12,commit_gate,2032,1.8,-0.5,0.22625629338967296,-0.41724318697738905,-0.13587726539817796,0.7256744058189266,,0,-0.024800823959608885
12,commit_gate,2032,1.8,-0.5,0.04158565721454649,-0.21396274179404817,-0.04856866055407734,0.2634864857914767,,0,-0.015555223538993015
12,commit_gate,2032,1.8,-0.5,-0.2174158797852948,-0.2627353948709128,0.019808773451125916,0.6176378502993707,,0,-0.0526005707901869
12,commit_gate,2032,1.8,-0.5,0.02280545884951579,0.3793168185543673,-0.0006454883047744553,0.1993706771828747,,0,-0.07793953953531009
12,commit_gate,2032,1.8,-0.5,-0.061885346607069125,0.41813104039128157,-0.09809940995781084,-0.32335571362830007,,0,-0.052492135941378346
12,commit_gate,2032,1.8,-0.5,0.18425302638319846,-0.18379902287720584,-0.07023529146192369,0.026446679546727525,,0,-0.03512353392118162
12,commit_gate,2032,1.8,-0.5,-0.22830186029714528,-0.07446259371436525,0.1144998098008013,0.41813649981596623,,0,-0.12064543115042212
12,commit_gate,2032,1.8,-0.5,0.0416969770121981,0.44144831788540373,0.04198110518606485,-0.2773927169166308,,0,-0.04090279665863867
12,commit_gate,2032,1.8,-0.5,-0.006145111708868278,0.05275204584477733,0.11880155740849793,0.00457213393540723,,0,-0.06964674930402573
12,commit_gate,2032,1.8,-0.5,0.16277111421400892,0.10029901714083311,0.04483622634218959,-0.7114426903009092,,0,-0.04360683409403854
12,commit_gate,2032,1.8,-0.5,0.014667942510301846,-0.2821447137829929,-0.052050304653680546,0.3223045477500319,,0,-0.018200626205841806
12,commit_gate,2032,1.8,-0.5,-0.06934258565612567,-0.40706592325006385,0.08728528241195943,-0.6408550616657391,,0,-0.1114065483212532
12,commit_gate,2032,1.8,-0.5,-0.038121502975177246,0.22011668511728733,0.02752551202854836,-0.47931180393926587,,0,-0.022666524923061204
12,commit_gate,2032,1.8,-0.5,0.16574472353629083,-0.31758928197572467,0.05315569680949392,-0.7036773435787596,,0,-0.10475341124049695
12,commit_gate,2032,1.8,-0.5,-0.018017359950048384,-0.12296845750143603,-0.04124340171072652,-0.6529797398299428,,0,-0.1841290740389364
12,commit_gate,2032,1.8,-0.5,0.11341385367645235,-0.1220746845368249,-0.09100078237413031,0.3371229740789443,,0,-0.03947829594370276
12,commit_gate,2032,1.8,-0.5,0.20030989951519645,-0.21670738288848101,-0.07976366122090225,0.8022436406475562,,0,-0.05403898478965803
12,commit_gate,2032,1.8,-0.5,-0.11689004685970539,0.382027756748203,-0.1459398908956392,-0.5885004417454933,,0,-0.19018058860089793
12,commit_gate,2032,1.8,-0.5,0.15512068085384872,-0.49627344395082296,0.05327564867955836,-0.49070364152719836,,0,-0.09364862742011419
12,commit_gate,2032,1.8,-0.5,-0.11822150357914468,-0.26732384021897415,-0.09993121572448953,-0.20164783815716536,,0,-0.17696171708523714
12,commit_gate,2032,1.8,-0.5,0.0872672183745466,-0.26433940034962355,-0.11118987182297488,0.9681223155347609,,0,-0.04469445791181739
12,commit_gate,2032,1.8,-0.5,-0.19130599175002383,-0.4563809017599326,0.10992572107160589,0.5677707123902886,,0,-0.08996473986994179
12,commit_gate,2032,1.8,-0.5,0.19918380707948863,0.09348858815376204,0.019040405623468704,-0.4163249679495007,,0,-0.024115045161211213
12,commit_gate,2032,1.8,-0.5,-0.19521665322463932,0.39863883554629786,-0.027449273014267,0.884125676794137,,0,-0.22646982454228443
12,commit_gate,2032,1.8,-0.5,-0.21145101085324552,0.426195577265821,0.10965556340877045,0.6338751866706402,,0,-0.3814629728993337
12,commit_gate,2032,1.8,-0.5,0.23524119305888064,-0.18605301587227951,-0.017259657407084184,0.7552102687536919,,0,-0.10678499512489174
12,commit_gate,2032,1.8,-0.5,-0.07795174140236638,-0.052156686094574245,0.018973160730771266,-0.34575111221894406,,0,-0.037627761796229876
12,commit_gate,2032,1.8,-0.5,-0.033668255476272335,-0.1725734700847743,0.12180797050090028,0.18397839572361385,,0,-0.06853458698020146
12,commit_gate,2032,1.8,-0.5,-0.16907494503910653,0.23722104006924416,0.07007530109779561,-0.5762368198749008,,0,-0.023742769003641737
12,commit_gate,2032,1.8,-0.5,-0.1116410955988063,-0.3693972214385036,0.0862563787812691,0.3015043416579235,,0,-0.03878319250327007
12,commit_gate,2032,1.8,-0.5,-0.07837595298441319,0.37253283428954154,-0.07735196052146998,-0.9144132346240312,,0,-0.2013206425260628
12,commit_gate,2032,1.8,-0.5,0.020648917744697515,-0.2768512080963187,-0.03599791079812287,-0.864633546656101,,0,-0.3167062114062908
12,commit_gate,2032,1.8,-0.5,0.10779974980913615,0.45352466690669246,0.05704146306322483,0.7652887576478549,,0,-0.4479281739166451
12,commit_gate,2032,1.8,-0.5,-0.05492988691717732,-0.45210726251745426,0.07565932482984802,0.22343058428073603,,0,-0.025871212244107135
12,commit_gate,2032,1.8,-0.5,0.05760719150630317,-0.478075768445674,-0.08408812524389637,-0.2052038236222058,,0,-0.18566426358243718
12,commit_gate,2032,1.8,-0.5,0.07746894116645775,-0.07227642188967187,0.12935553217254317,-0.4806520332439179,,0,-0.0146953785418692
12,commit_gate,2032,1.8,-0.5,-0.1490751082051605,0.44103556705253666,0.10387619763869746,0.8187191625190255,,0,-0.5127977368280786
12,commit_gate,2032,1.8,-0.5,-0.0012888644638468505,0.41763418648714234,-0.0671543354818394,0.05500901708232453,,0,-0.02666475385643333
12,commit_gate,2032,1.8,-0.5,0.11850139309741575,-0.3928972659639173,0.05567739293032156,0.2900311677074996,,0,-0.029598389162397053
12,commit_gate,2032,1.8,-0.5,-0.015159602126216698,0.4515321759110219,0.12424154352404201,0.3693094253031648,,0,-0.33662941495982285
12,commit_gate,2032,1.8,-0.5,0.1781165756382211,0.3058392605380067,-0.021065972431829505,-0.4778888566778223,,0,-0.034229117246294814
12,commit_gate,2032,1.8,-0.5,-0.1547048879709515,0.24897307011132663,0.1213954211941882,0.8111122204893226,,0,-0.4490814207278627
12,commit_gate,2032,1.8,-0.5,-0.002120161786173469,-0.17184976597372892,0.04852499662286619,0.021724098713244544,,0,-0.014276048043634523
12,commit_gate,2032,1.8,-0.5,-0.21856429263863109,0.17016032302355666,0.011770348305949863,0.008013635662230678,,0,-0.0191522502991295
12,commit_gate,2032,1.8,-0.5,-0.06282171311026047,0.19563174742521983,-0.07618915969692491,0.3815588884528256,,0,-0.025314745465269836
12,commit_gate,2032,1.8,-0.5,0.005974131748530842,-0.3899524505841978,-0.030036990553484702,0.8587715674402359,,0,-0.055305080240609365
12,commit_gate,2032,1.8,-0.5,0.09427643744582331,-0.3984982074180845,0.11241397167920689,-0.48779650889385207,,0,-0.03865544838046896
12,always_freeze,2030,0.0,0.0,-0.05184600350204882,0.30607942143937183,0.10099304756404573,-0.2530248106604298,,0,-0.04760913519382071
12,always_freeze,2030,0.0,0.0,-0.1746701675661021,-0.0960382503057311,-0.07758359458311934,-0.9072980629069103,,0,-0.41813159577531506
12,always_freeze,2030,0.0,0.0,0.10087321247067488,-0.1781914725731859,0.10810903795123564,0.4947797228192494,,0,-0.1685355047908323
12,always_freeze,2030,0.0,0.0,-0.11061107803132053,-0.15683820569066687,0.029557280869386304,0.5523579826519649,,0,-0.07533818208388152
12,always_freeze,2030,0.0,0.0,-0.11244633322915232,-0.2523323291940618,-0.08078175843615758,0.7014294184526371,,0,-0.037163434842123214
12,always_freeze,2030,0.0,0.0,-0.03249481063765236,0.297320955958965,0.08713878784359438,-0.24534403441657937,,0,-0.03893716625266705
12,always_freeze,2030,0.0,0.0,-0.2128657522118897,-0.3795630479155544,0.018756430666800133,0.6211744595695985,,0,-0.10626370270035602
12,always_freeze,2030,0.0,0.0,-0.04125832193110157,-0.0887831501503984,-0.08845466779033351,-0.6387509190747986,,0,-0.26658607645313376
12,always_freeze,2030,0.0,0.0,-0.1961992408789655,-0.2083538592638955,-0.007986654650933678,-0.6154045455662835,,0,-0.20321019456063347
12,always_freeze,2030,0.0,0.0,-0.16562323687385,-0.2733998816963822,-0.10837784863116101,-0.33998648124044517,,0,-0.2725393772590639
12,always_freeze,2030,0.0,0.0,-0.2393439382184675,0.0717705870988169,0.09286956528659143,-0.9550839743869992,,0,-0.11508348551904585
12,always_freeze,2030,0.0,0.0,-0.1293965880091248,0.02752419448843768,0.14113885165268072,0.9944181516349018,,0,-0.5222112986810301
12,always_freeze,2030,0.0,0.0,-0.24871107746498927,-0.29938154133106964,0.025446922056065135,0.40658082299074727,,0,-0.045643421760897314
12,always_freeze,2030,0.0,0.0,-0.08221678174018854,0.17139958868425698,-0.03823551044323044,0.058579013211461195,,0,-0.00880645683371097
12,always_freeze,2030,0.0,0.0,-0.0583582840637652,0.2194612905757084,-0.07634937683435745,0.3653484228930721,,0,-0.02055934036271315
12,always_freeze,2030,0.0,0.0,-0.04988577268458283,-0.07789351033620806,0.0793096184914518,0.439263667930472,,0,-0.11607382380851164
12,always_freeze,2030,0.0,0.0,-0.24910183637657646,0.44845897341128094,0.036456235280835,-0.8651716035641965,,0,-0.07645533018065843
12,always_freeze,2030,0.0,0.0,-0.012014557874164,0.01692531270132336,-0.1488798447885841,0.4777890790089574,,0,-0.01618716936395602
12,always_freeze,2030,0.0,0.0,0.07135007270608962,0.19457424037197468,-0.0678098459052404,0.46840836436307964,,0,-0.04945150044327589
12,always_freeze,2030,0.0,0.0,-0.010332518879528907,0.2955235774800139,-0.10406964857029463,0.2144724089766188,,0,-0.013406534857786107
12,always_freeze,2030,0.0,0.0,-0.16372352617243813,0.39306591204031316,0.1481721978303123,-0.6748941429681388,,0,-0.03215009790846976
12,always_freeze,2030,0.0,0.0,-0.07900715659985724,0.34110492262895664,0.0651917415315823,0.06022892227747434,,0,-0.08798412492103726
12,always_freeze,2030,0.0,0.0,-0.05477919429534028,0.0928960523511676,-0.04417563996210884,-0.40160684783356126,,0,-0.07533248798530766
12,always_freeze,2030,0.0,0.0,0.08546167953971262,-0.3133598337615493,-0.0525314198288976,-0.6335436313154903,,0,-0.25590463521181234
12,always_freeze,2030,0.0,0.0,0.19777029486169678,0.36649577401099176,0.11499320740060989,0.5603658954529374,,0,-0.4462152435606699
12,always_freeze,2030,0.0,0.0,-0.15214140323953612,-0.46337065588170534,-0.026757446180497343,0.5380984358701089,,0,-0.03076718153147321
12,always_freeze,2030,0.0,0.0,0.22865119423133778,-0.45714569075357037,-0.1457865575881901,0.9773209857901659,,0,-0.03756283476339769
12,always_freeze,2030,0.0,0.0,-0.23202367017315628,-0.003566724635694296,0.001562438412149314,0.40745027430264824,,0,-0.07461706557956634
12,always_freeze,2030,0.0,0.0,-0.1163189765726666,0.3732638918786515,-0.03942925647658095,0.12384672478393144,,0,-0.02488651820688378
12,always_freeze,2030,0.0,0.0,0.17497647362832425,0.04009854363336052,0.04049765122913601,0.003291045139735882,,0,-0.03095563801742963
12,always_freeze,2030,0.0,0.0,0.21117851654077502,-0.038140109587037174,-0.021662473564537987,-0.6905630402341905,,0,-0.1339089066228031
12,always_freeze,2030,0.0,0.0,0.08111152296731428,0.39398162322906694,-0.07317993963361681,-0.23996179617651547,,0,-0.059094192441391774
12,always_freeze,2030,0.0,0.0,-0.23512842594624062,-0.07925923036509064,0.044190096590837336,-0.7469962832660819,,0,-0.14687465348052262
12,always_freeze,2030,0.0,0.0,0.14288723007155796,-0.3677795924230466,0.08212546185605069,-0.4235124635062011,,0,-0.04269853343026852
12,always_freeze,2030,0.0,0.0,0.021032964973469737,-0.02631751023522033,-0.03597850764534562,0.6941167096109981,,0,-0.0787252750755936
12,always_freeze,2030,0.0,0.0,-0.1000126504446634,-0.3157118928679221,0.07853218318496319,0.04168884941597595,,0,-0.020808025987212906
12,always_freeze,2030,0.0,0.0,0.15265004930217052,-0.36443176343201233,0.057010322604900104,-0.24333297120016706,,0,-0.029606479605007213
12,always_freeze,2030,0.0,0.0,0.1728960900835289,0.4978108002253202,0.1347512880915044,0.512138613039256,,0,-0.5221561498379641
12,always_freeze,2030,0.0,0.0,-0.13794172072230004,0.2523563335356085,-0.07627609400165962,0.6374054670125864,,0,-0.06812086030440198
12,always_freeze,2030,0.0,0.0,0.12232806968614085,0.2790916470408108,0.05126162458101299,-0.052528483320705366,,0,-0.06297359672674088
12,always_freeze,2030,0.0,0.0,0.04411692908133491,0.14370649656475665,-0.1424939375835341,-0.8807516257527177,,0,-0.39393667971376006
12,always_freeze,2030,0.0,0.0,-0.04818470777040351,0.03507477552719762,-0.03121113869144833,-0.38954138036986174,,0,-0.06970477836697687
12,always_freeze,2030,0.0,0.0,-0.061741698435153536,-0.21738020529300228,-0.14814469312178866,0.09411456277199148,,0,-0.13046421917922865
12,always_freeze,2030,0.0,0.0,0.10798219580122403,-0.013327890407098142,0.11522885326154489,-0.4347669778331049,,0,-0.009963656023544471
12,always_freeze,2030,0.0,0.0,0.02964323930949897,-0.33728262282208876,0.020995901843503167,0.03545891479456542,,0,-0.015796377140909895
12,always_freeze,2030,0.0,0.0,-0.19127657643298324,-0.006366838994584345,-0.12025766177631131,0.371870969733503,,0,-0.024746464230316904
12,always_freeze,2030,0.0,0.0,0.06228276560775298,-0.11416833641517976,-0.10040857881207688,0.3364488398021621,,0,-0.014941690220460251
12,always_freeze,2030,0.0,0.0,-0.004513231278477359,0.19063809501508655,-0.12717927829649459,0.16192327587643685,,0,-0.024696960288269763
12,always_freeze,2030,0.0,0.0,0.08751556538446681,-0.05232433589254193,-0.05577903904144785,0.3963749067973721,,0,-0.013907894600495787
12,always_freeze,2030,0.0,0.0,-0.12005219468295641,0.2312462372416506,-0.14256012243204116,-0.1574196787062363,,0,-0.09786954729266875
12,always_freeze,2030,0.0,0.0,0.03406304572905289,-0.10366774974351156,0.0922263507368278,0.619401797543425,,0,-0.19926677922575092
12,always_freeze,2030,0.0,0.0,-0.22576549038460858,0.4785897534640512,0.024075450510955165,0.3924311236153992,,0,-0.1560253124301758
12,always_freeze,2030,0.0,0.0,0.1540769353616137,0.2737429839829577,0.10063374135746586,0.513495678515373,,0,-0.33272242138733077
12,always_freeze,2030,0.0,0.0,0.039467936271113946,-0.43108336076345866,-0.0020020605007881054,-0.46518989307802516,,0,-0.1638109788960493
12,always_freeze,2030,0.0,0.0,0.06205152188869095,-0.464544024075189,0.03995502402254755,-0.3786386870963008,,0,-0.09424161668138364
12,always_freeze,2030,0.0,0.0,-0.13371271560443138,-0.2805805024807255,-0.023090921287984234,-0.7598913679230228,,0,-0.29867872875637136
12,always_freeze,2030,0.0,0.0,-0.19783396007151605,-0.09498100989584568,0.08431783029709747,0.6849151318630617,,0,-0.18580974605815984
12,always_freeze,2030,0.0,0.0,-0.04794666198426195,0.21103313285010683,-0.04749904442938542,0.2746714753603463,,0,-0.021857011978463486
12,always_freeze,2030,0.0,0.0,0.18459989159238321,-0.29048621819121834,0.13687854976409183,-0.38116787349079484,,0,-0.02385997578995873
12,always_freeze,2030,0.0,0.0,-0.052596513525193234,0.3728039044424841,0.04544368088243514,0.2619753303164607,,0,-0.13458882216530477
12,always_freeze,2030,0.0,0.0,-0.13023886920061645,-0.4000915140241518,0.11025984943854675,0.26190545607406035,,0,-0.12121120988329162
12,always_freeze,2030,0.0,0.0,0.07363891060096278,0.39055726666343815,-0.0006869946930977144,-0.3965470574024279,,0,-0.02268653484994571
12,always_freeze,2030,0.0,0.0,-0.0604382319260936,0.27485034661966123,0.06813537822018145,0.16366773976564253,,0,-0.10537344128901144
12,always_freeze,2030,0.0,0.0,-0.05218653577595406,-0.05363362003716077,-0.05397920266786094,0.007692874763531199,,0,-0.025553512308488614
12,always_freeze,2031,0.0,0.0,-0.05719559306725752,0.029977481420147667,0.12842040260494766,0.2967636762235082,,0,-0.16104492078671928
12,always_freeze,2031,0.0,0.0,0.00041479846092579153,0.2721927656375751,0.11014879009583631,0.3854936434772629,,0,-0.2529237814122108
12,always_freeze,2031,0.0,0.0,-0.07587045350273108,-0.25069801024430605,0.08963116482608541,0.38660453020354213,,0,-0.08026297592362208
12,always_freeze,2031,0.0,0.0,-0.16072924027203384,0.4939430909001882,-0.1358630047616157,-0.8812733049729311,,0,-0.29077490467531547
12,always_freeze,2031,0.0,0.0,0.24478606058792612,0.21544858332038674,-0.06602284886490674,0.9546284718587277,,0,-0.23813274678092838
12,always_freeze,2031,0.0,0.0,-0.06766414239262963,-0.38218468219959956,-0.032598289634361816,0.987348958235774,,0,-0.09226181858930493
12,always_freeze,2031,0.0,0.0,-0.10924017350661602,0.3754688310904263,-0.1395799529012843,0.863510397476903,,0,-0.09555946414039529
12,always_freeze,2031,0.0,0.0,-0.13533111001840514,-0.04147778849238515,0.14068175335234165,0.12043226304240329,,0,-0.09863218104657782
12,always_freeze,2031,0.0,0.0,0.07978135920252649,-0.023029679336416975,-0.06538883311653178,-0.9965905229899363,,0,-0.34001002064366886
12,always_freeze,2031,0.0,0.0,0.24791850639542956,-0.37942870206141854,-0.07364437009577098,0.5677461484354571,,0,-0.023721255448348088
12,always_freeze,2031,0.0,0.0,-0.00019031193364671406,-0.002740967741479361,-0.038986250374450485,0.24015787853474557,,0,-0.009126420269792839
12,always_freeze,2031,0.0,0.0,-0.09187037674143367,-0.3189788131123753,-0.0024639503641179505,-0.8352063207937217,,0,-0.29921882716104414
12,always_freeze,2031,0.0,0.0,0.08457043881961968,0.43130667197173067,-0.022205297391200696,-0.2903455258061334,,0,-0.022462201304591818
12,always_freeze,2031,0.0,0.0,0.043297730134621626,-0.26430226555847003,-0.013176510592217555,0.20956588122333253,,0,-0.012873144609590966
12,always_freeze,2031,0.0,0.0,-0.10094702247921938,-0.36775367605226494,0.09169644069195076,-0.18779302771909512,,0,-0.02740460457131069
12,always_freeze,2031,0.0,0.0,0.1884744089590798,-0.18925371788006506,0.0909228694650712,-0.8298318940671692,,0,-0.0857972193346466
12,always_freeze,2031,0.0,0.0,0.009440229344430062,-0.135091109056364,-0.03635134315064523,-0.739372215805318,,0,-0.225867199697115
12,always_freeze,2031,0.0,0.0,0.07521640816545822,-0.3415091287433899,0.07555238392778321,0.7646136173184206,,0,-0.16978595188133394
12,always_freeze,2031,0.0,0.0,-0.08952153948342478,0.19379466813065394,-0.08336120587227071,0.8171416305483021,,0,-0.09857768114873357
12,always_freeze,2031,0.0,0.0,0.08713994647273327,-0.025246928221083098,-0.038656775628084034,-0.17415188676743076,,0,-0.03257278683334494
12,always_freeze,2031,0.0,0.0,-0.21842331465768017,0.08360161299281577,-0.027927589315817514,-0.021641587680241603,,0,-0.018718785425406635
12,always_freeze,2031,0.0,0.0,-0.23817768139675016,0.32912885268562886,-0.0454553087606549,0.5842483877496001,,0,-0.0931753390985668
12,always_freeze,2031,0.0,0.0,0.0035549008617828393,-0.13584934794824965,-0.020728546539534237,-0.43703856431753074,,0,-0.10162335993105871
12,always_freeze,2031,0.0,0.0,0.06809837093073917,-0.0930635512668826,0.018350245073017635,-0.9734092402142873,,0,-0.20772199480951326
12,always_freeze,2031,0.0,0.0,0.05974480105472729,-0.18686403018196263,0.023105223860972524,-0.45029444570361776,,0,-0.06550063486019858
12,always_freeze,2031,0.0,0.0,0.21004191179998616,-0.051135912337605394,0.08308904019903207,0.2946149937151734,,0,-0.1231214368098157
12,always_freeze,2031,0.0,0.0,0.10503274783308614,-0.36169591995039485,-0.08476374293807364,0.024535690726771753,,0,-0.08839506939497396
12,always_freeze,2031,0.0,0.0,0.18631626379720384,-0.2868283780049591,-0.13569236308343777,0.31330259950078965,,0,-0.05353923745441012
12,always_freeze,2031,0.0,0.0,0.08684596990970628,-0.44277480118184553,0.06277299506718287,0.036861988274649926,,0,-0.021288215705408686
12,always_freeze,2031,0.0,0.0,0.23632962805057833,-0.2737434696336881,-0.045053013304271264,-0.1361091609668743,,0,-0.06303243208347051
12,always_freeze,2031,0.0,0.0,-0.24754269979104693,0.37075844396283286,0.11558464735629273,-0.8259862480601177,,0,-0.03161710558223575
12,always_freeze,2031,0.0,0.0,-0.035163736461436945,0.15658602203133398,-0.10605356980128908,-0.7802959413323836,,0,-0.27308605129879304
12,always_freeze,2031,0.0,0.0,0.1231977590524218,-0.4168767854115202,0.13205614302995097,-0.404141022751507,,0,-0.026507004945775597
12,always_freeze,2031,0.0,0.0,0.10273485677697786,0.3513288363432773,-0.09688081669079518,-0.74999894407966,,0,-0.17200102752453547
12,always_freeze,2031,0.0,0.0,-0.013090082483146914,0.4216551912347666,-0.12893868354606336,-0.8075099557518162,,0,-0.23893275566850528
12,always_freeze,2031,0.0,0.0,-0.21087361925095793,-0.34008392139782284,0.1029692819011512,0.31729222948064506,,0,-0.13561100903434237
12,always_freeze,2031,0.0,0.0,-0.2172681570069221,0.3108853840027679,-0.08437578210308493,0.8343107050785301,,0,-0.11814739589674197
12,always_freeze,2031,0.0,0.0,0.17854695665205939,-0.4438756321523265,0.01529411115016352,-0.6977299565415498,,0,-0.2028545028403436
12,always_freeze,2031,0.0,0.0,0.07726669354380805,0.13774062240984086,0.13352727004458623,0.02909579767429915,,0,-0.1302651657197088
12,always_freeze,2031,0.0,0.0,0.18710394121383273,0.3686179697175588,-0.014019474719358327,-0.8007416270501262,,0,-0.10126770628886009
12,always_freeze,2031,0.0,0.0,0.048972261799093364,0.1313385331831709,-0.1067307445679048,-0.3287918720466534,,0,-0.10532529745696409
12,always_freeze,2031,0.0,0.0,0.09718291577752147,0.005872463345556023,0.011593024748510788,0.8024727635428832,,0,-0.19071065798811468
12,always_freeze,2031,0.0,0.0,0.14935170488128746,-0.22825866066070433,-0.018477079629208498,0.8933377939132572,,0,-0.1285032193408725
12,always_freeze,2031,0.0,0.0,0.20067413053531086,-0.12633436261752995,0.13885268365760403,0.23148772800943207,,0,-0.15470924927459268
12,always_freeze,2031,0.0,0.0,-0.08589425396771094,0.13351245123576228,-0.07198172220174581,0.13023504799854502,,0,-0.008165768806558438
12,always_freeze,2031,0.0,0.0,-0.05447144287086386,-0.07576520117734209,-0.08846130582813654,-0.6777708922035284,,0,-0.28222043865148516
12,always_freeze,2031,0.0,0.0,-0.21747418066798524,0.28640932106450523,-0.11237846207802576,-0.4280926413579471,,0,-0.14514641531953254
12,always_freeze,2031,0.0,0.0,-0.05216380534868992,-0.22703978591909113,-0.011007289099728285,-0.5554858405333485,,0,-0.1610180836002432
12,always_freeze,2031,0.0,0.0,0.03105329714463445,0.30896916347743897,-0.07959698733646935,-0.6980137769170842,,0,-0.14838065600771227
12,always_freeze,2031,0.0,0.0,-0.19657397761776896,0.186031639190528,-0.09673404053650989,-0.5648180890272156,,0,-0.193694113481102
12,always_freeze,2031,0.0,0.0,-0.24065859109650412,-0.03358991134538736,0.08494174947500269,-0.627427741652242,,0,-0.06444100628841812
12,always_freeze,2031,0.0,0.0,-0.16438692285361428,-0.07705859830215234,-0.09437117764258032,-0.060380711664147046,,0,-0.09299389736865679
12,always_freeze,2031,0.0,0.0,-0.21948801697981907,-0.429201148312808,-0.09017604969109227,0.9486938308081985,,0,-0.053983813924643125
12,always_freeze,2031,0.0,0.0,-0.2203960579142219,-0.4038488461308124,-0.1398016283202744,0.5512330483767147,,0,-0.0820856600737485
12,always_freeze,2031,0.0,0.0,-0.0009873401921921543,-0.08332778477370284,0.036001141293737715,0.3957285842005567,,0,-0.06257957158879399
12,always_freeze,2031,0.0,0.0,0.2303375008521033,0.3238000738487845,-0.1478056767727303,0.6569586795054065,,0,-0.08041730532593874
12,always_freeze,2031,0.0,0.0,0.227850678441546,-0.4460371563529001,-0.12204663784886981,0.34031384088368677,,0,-0.06306648116168737
12,always_freeze,2031,0.0,0.0,0.2274924967009811,0.39736651004177115,-0.13230561030604085,-0.9171359809818949,,0,-0.27411253047992123
12,always_freeze,2031,0.0,0.0,0.11694240802170658,0.23984145815095692,0.14438369093870743,0.5678026795051414,,0,-0.4323819777993492
12,always_freeze,2031,0.0,0.0,0.2457258071475672,-0.21488261959083332,0.038315898536961185,-0.7895688558206044,,0,-0.13199265390611475
12,always_freeze,2031,0.0,0.0,0.08430786495974618,-0.10895607224188542,0.04434566901735931,-0.9470092391609788,,0,-0.1640160893754597
12,always_freeze,2031,0.0,0.0,0.24717650707901756,-0.042475513854508096,-0.05002850584194453,0.6459609604524086,,0,-0.0841667737640911
12,always_freeze,2031,0.0,0.0,0.18558918665217328,0.197465699954667,0.1402031382125212,-0.08117756266642817,,0,-0.1426324215055644
12,always_freeze,2032,0.0,0.0,0.008367459450451809,0.112264267629136,-0.025505805762366246,0.9840330568368314,,0,-0.22097869041799467
12,always_freeze,2032,0.0,0.0,-0.1864171860319725,-0.25834647716187553,-0.11060540575936717,0.35773423293883067,,0,-0.05850320640008541
12,always_freeze,2032,0.0,0.0,-0.20366109945424188,0.2841634660303536,0.0897209301453448,0.22832577124943332,,0,-0.13736984736688354
12,always_freeze,2032,0.0,0.0,-0.20733308285993302,-0.02397936104058851,-0.010641318927114785,-0.5635161851876977,,0,-0.13596350415327602
12,always_freeze,2032,0.0,0.0,-0.2017684173697365,0.49274223679378937,-0.04197515345875004,-0.46473893672876265,,0,-0.047901990453440145
12,always_freeze,2032,0.0,0.0,0.09638989472669934,0.13130541528275663,-0.049527757258839955,-0.13947319219939724,,0,-0.04237298222340846
12,always_freeze,2032,0.0,0.0,-0.17167077945785825,-0.3093585094041926,-0.01631447319820245,-0.023030024907035207,,0,-0.0643402191668812
12,always_freeze,2032,0.0,0.0,-0.08846827591619444,0.4787430018856348,0.09557815176991791,-0.6442691955697661,,0,-0.024636333985949783
12,always_freeze,2032,0.0,0.0,-0.24263214384426413,0.4592575433995567,-0.04659935423082169,0.8930348063474585,,0,-0.22754445620640165
12,always_freeze,2032,0.0,0.0,-0.004075901659786163,0.350707700715706,-0.002463934842299592,-0.3881444932383227,,0,-0.058916248873456666
12,always_freeze,2032,0.0,0.0,-0.0055155840254163535,0.25220908338844383,-0.0171824870703845,-0.7044532273319046,,0,-0.09113216300124502
12,always_freeze,2032,0.0,0.0,0.1758520768405965,-0.0664346598679999,0.10959733380349987,-0.30229058052119595,,0,-0.018200737371154737
12,always_freeze,2032,0.0,0.0,0.12321084464730131,-0.23547928304079868,-0.12592058439601292,0.6503637799178794,,0,-0.02417512288330312
12,always_freeze,2032,0.0,0.0,0.04602596567933842,0.30167465619720657,0.09590450935538827,0.584415406085927,,0,-0.3385231019526369
12,always_freeze,2032,0.0,0.0,0.2089783149025276,0.07662012298435994,0.09665010891405842,0.008752578361251206,,0,-0.09059146516287556
12,always_freeze,2032,0.0,0.0,0.17503574940750427,-0.45444987710930873,0.06507797129550932,0.6174163542102524,,0,-0.10159811153483152
12,always_freeze,2032,0.0,0.0,-0.14736757146152718,0.2896404065813466,0.00686426178750954,0.09196397701471937,,0,-0.03260837062675464
12,always_freeze,2032,0.0,0.0,0.22625629338967296,-0.41724318697738905,-0.13587726539817796,0.7256744058189266,,0,-0.046740481152276116
12,always_freeze,2032,0.0,0.0,0.04158565721454649,-0.21396274179404817,-0.04856866055407734,0.2634864857914767,,0,-0.008936464425639909
12,always_freeze,2032,0.0,0.0,-0.2174158797852948,-0.2627353948709128,0.019808773451125916,0.6176378502993707,,0,-0.11353858807954507
12,always_freeze,2032,0.0,0.0,0.02280545884951579,0.3793168185543673,-0.0006454883047744553,0.1993706771828747,,0,-0.07973437041889607
12,always_freeze,2032,0.0,0.0,-0.061885346607069125,0.41813104039128157,-0.09809940995781084,-0.32335571362830007,,0,-0.06039035354128402
12,always_freeze,2032,0.0,0.0,0.18425302638319846,-0.18379902287720584,-0.07023529146192369,0.026446679546727525,,0,-0.04011587320523317
12,always_freeze,2032,0.0,0.0,-0.22830186029714528,-0.07446259371436525,0.1144998098008013,0.41813649981596623,,0,-0.14207455132370758
12,always_freeze,2032,0.0,0.0,0.0416969770121981,0.44144831788540373,0.04198110518606485,-0.2773927169166308,,0,-0.03762019641903669
12,always_freeze,2032,0.0,0.0,-0.006145111708868278,0.05275204584477733,0.11880155740849793,0.00457213393540723,,0,-0.07475112167378502
12,always_freeze,2032,0.0,0.0,0.16277111421400892,0.10029901714083311,0.04483622634218959,-0.7114426903009092,,0,-0.05791324605814628
12,always_freeze,2032,0.0,0.0,0.014667942510301846,-0.2821447137829929,-0.052050304653680546,0.3223045477500319,,0,-0.012513298321398088
12,always_freeze,2032,0.0,0.0,-0.06934258565612567,-0.40706592325006385,0.08728528241195943,-0.6408550616657391,,0,-0.12238344740146623
12,always_freeze,2032,0.0,0.0,-0.038121502975177246,0.22011668511728733,0.02752551202854836,-0.47931180393926587,,0,-0.021560574065810207
12,always_freeze,2032,0.0,0.0,0.16574472353629083,-0.31758928197572467,0.05315569680949392,-0.7036773435787596,,0,-0.1212504705002377
12,always_freeze,2032,0.0,0.0,-0.018017359950048384,-0.12296845750143603,-0.04124340171072652,-0.6529797398299428,,0,-0.20072789055963097
12,always_freeze,2032,0.0,0.0,0.11341385367645235,-0.1220746845368249,-0.09100078237413031,0.3371229740789443,,0,-0.018027144722249266
12,always_freeze,2032,0.0,0.0,0.20030989951519645,-0.21670738288848101,-0.07976366122090225,0.8022436406475562,,0,-0.05537831411732094
12,always_freeze,2032,0.0,0.0,-0.11689004685970539,0.382027756748203,-0.1459398908956392,-0.5885004417454933,,0,-0.20779970956212265
12,always_freeze,2032,0.0,0.0,0.15512068085384872,-0.49627344395082296,0.05327564867955836,-0.49070364152719836,,0,-0.107343427835937
12,always_freeze,2032,0.0,0.0,-0.11822150357914468,-0.26732384021897415,-0.09993121572448953,-0.20164783815716536,,0,-0.18820256316721903
12,always_freeze,2032,0.0,0.0,0.0872672183745466,-0.26433940034962355,-0.11118987182297488,0.9681223155347609,,0,-0.04762646311103802
12,always_freeze,2032,0.0,0.0,-0.19130599175002383,-0.4563809017599326,0.10992572107160589,0.5677707123902886,,0,-0.1255655402715961
12,always_freeze,2032,0.0,0.0,0.19918380707948863,0.09348858815376204,0.019040405623468704,-0.4163249679495007,,0,-0.04158590780772553
12,always_freeze,2032,0.0,0.0,-0.19521665322463932,0.39863883554629786,-0.027449273014267,0.884125676794137,,0,-0.24057502329283847
12,always_freeze,2032,0.0,0.0,-0.21145101085324552,0.426195577265821,0.10965556340877045,0.6338751866706402,,0,-0.3883089735774365
12,always_freeze,2032,0.0,0.0,0.23524119305888064,-0.18605301587227951,-0.017259657407084184,0.7552102687536919,,0,-0.11302191557176378
12,always_freeze,2032,0.0,0.0,-0.07795174140236638,-0.052156686094574245,0.018973160730771266,-0.34575111221894406,,0,-0.03792600420465239
12,always_freeze,2032,0.0,0.0,-0.033668255476272335,-0.1725734700847743,0.12180797050090028,0.18397839572361385,,0,-0.0775189721822704
12,always_freeze,2032,0.0,0.0,-0.16907494503910653,0.23722104006924416,0.07007530109779561,-0.5762368198749008,,0,-0.02112057791030817
12,always_freeze,2032,0.0,0.0,-0.1116410955988063,-0.3693972214385036,0.0862563787812691,0.3015043416579235,,0,-0.1072233341915025
12,always_freeze,2032,0.0,0.0,-0.07837595298441319,0.37253283428954154,-0.07735196052146998,-0.9144132346240312,,0,-0.21940663278978045
12,always_freeze,2032,0.0,0.0,0.020648917744697515,-0.2768512080963187,-0.03599791079812287,-0.864633546656101,,0,-0.33210131119706826
12,always_freeze,2032,0.0,0.0,0.10779974980913615,0.45352466690669246,0.05704146306322483,0.7652887576478549,,0,-0.43871440448716553
12,always_freeze,2032,0.0,0.0,-0.05492988691717732,-0.45210726251745426,0.07565932482984802,0.22343058428073603,,0,-0.04771007144597952
12,always_freeze,2032,0.0,0.0,0.05760719150630317,-0.478075768445674,-0.08408812524389637,-0.2052038236222058,,0,-0.2004814054599147
12,always_freeze,2032,0.0,0.0,0.07746894116645775,-0.07227642188967187,0.12935553217254317,-0.4806520332439179,,0,-0.018355186239609918
12,always_freeze,2032,0.0,0.0,-0.1490751082051605,0.44103556705253666,0.10387619763869746,0.8187191625190255,,0,-0.5048720139560907
12,always_freeze,2032,0.0,0.0,-0.0012888644638468505,0.41763418648714234,-0.0671543354818394,0.05500901708232453,,0,-0.020293286983024905
12,always_freeze,2032,0.0,0.0,0.11850139309741575,-0.3928972659639173,0.05567739293032156,0.2900311677074996,,0,-0.03228426362786546
12,always_freeze,2032,0.0,0.0,-0.015159602126216698,0.4515321759110219,0.12424154352404201,0.3693094253031648,,0,-0.3409123318015977
12,always_freeze,2032,0.0,0.0,0.1781165756382211,0.3058392605380067,-0.021065972431829505,-0.4778888566778223,,0,-0.07158162880239077
12,always_freeze,2032,0.0,0.0,-0.1547048879709515,0.24897307011132663,0.1213954211941882,0.8111122204893226,,0,-0.44845991071561037
12,always_freeze,2032,0.0,0.0,-0.002120161786173469,-0.17184976597372892,0.04852499662286619,0.021724098713244544,,0,-0.020396777452154256
12,always_freeze,2032,0.0,0.0,-0.21856429263863109,0.17016032302355666,0.011770348305949863,0.008013635662230678,,0,-0.02155085201155661
12,always_freeze,2032,0.0,0.0,-0.06282171311026047,0.19563174742521983,-0.07618915969692491,0.3815588884528256,,0,-0.01977620353633406
12,always_freeze,2032,0.0,0.0,0.005974131748530842,-0.3899524505841978,-0.030036990553484702,0.8587715674402359,,0,-0.06686993739939391
12,always_freeze,2032,0.0,0.0,0.09427643744582331,-0.3984982074180845,0.11241397167920689,-0.48779650889385207,,0,-0.0426100208829308
