learner_seed,evaluation_seed,mechanism,final_gain,final_bias,init_x,init_x_dot,init_theta,init_theta_dot,first_violation_step,violation_steps,mean_reward
2040,3040,clean_reinforce_snapshot,3.6948510771301573,-0.2397421784805769,-0.08532156811953684,0.2908834841784361,-0.033368825588313986,-0.5536525123097094,,0,-0.053922346911432856
2040,3040,clean_reinforce_snapshot,3.6948510771301573,-0.2397421784805769,-0.03380929256727988,0.22348781783267613,-0.14302972546837783,0.1601184316655253,,0,-0.021025981916061108
2040,3040,clean_reinforce_snapshot,3.6948510771301573,-0.2397421784805769,0.05965442606590182,-0.06118229702413702,-0.016153647050035663,0.8068884331244675,,0,-0.11147759150969691
2040,3040,clean_reinforce_snapshot,3.6948510771301573,-0.2397421784805769,0.0086243223407238,0.19990432620030152,-0.04940272711321876,-0.39383380417526004,,0,-0.040341074134651635
2040,3040,clean_reinforce_snapshot,3.6948510771301573,-0.2397421784805769,-0.2355891376507151,0.25338784721884156,-0.04851442701337627,0.7133870448882311,,0,-0.08734142778530062
2040,3040,clean_reinforce_snapshot,3.6948510771301573,-0.2397421784805769,-0.23671261441327385,0.13819916086535777,-0.14850080927965542,-0.9733093922347826,,0,-0.5695124181588771
2040,3040,clean_reinforce_snapshot,3.6948510771301573,-0.2397421784805769,0.1585514426970227,-0.35048708559913155,-0.06310548224476273,-0.08069171357755267,,0,-0.06660327048390566
2040,3040,clean_reinforce_snapshot,3.6948510771301573,-0.2397421784805769,-0.06803867727786883,0.1374672422783788,-0.05565930076187044,0.4157436006637045,,0,-0.021091420633450614
2040,3040,clean_reinforce_snapshot,3.6948510771301573,-0.2397421784805769,0.17510895405004612,0.14727118666146355,0.06327635244238872,0.0969935984130359,,0,-0.07637528645136203
2040,3040,clean_reinforce_snapshot,3.6948510771301573,-0.2397421784805769,0.19206056756445378,-0.14537679699131534,0.07139643870426712,0.8429538698355272,,0,-0.2613366639470211
2040,3040,clean_reinforce_snapshot,3.6948510771301573,-0.2397421784805769,0.13789403950241197,0.4239235017668527,0.024217996306376083,-0.603868594216525,,0,-0.02007537979011836
2040,3040,clean_reinforce_snapshot,3.6948510771301573,-0.2397421784805769,0.05279935740875291,-0.02118167648309499,-0.1420177662514057,0.6245466717794588,,0,-0.009827081907436115
2040,3040,clean_reinforce_snapshot,3.6948510771301573,-0.2397421784805769,-0.04634536449873117,-0.4746947699520322,-0.11308745726515834,0.6213200177685358,,0,-0.030261677832004206
2040,3040,clean_reinforce_snapshot,3.6948510771301573,-0.2397421784805769,-0.04386896396451151,0.15451783231847127,0.01756001511114863,-0.2714296585396845,,0,-0.10185048489194855
2040,3040,clean_reinforce_snapshot,3.6948510771301573,-0.2397421784805769,-0.006504454964932738,0.0657482455066204,0.07129907936083593,0.7259415335145212,,0,-0.236058392109263
2040,3040,clean_reinforce_snapshot,3.6948510771301573,-0.2397421784805769,-0.1456418576594979,0.11731698958424619,-0.07209308808914275,0.2638663144344733,,0,-0.006832397521536766
2040,3040,clean_reinforce_snapshot,3.6948510771301573,-0.2397421784805769,-0.12289743514601092,0.23047903320699892,-0.11065883718899755,-0.39757306707474704,,0,-0.10973635238088457
2040,3040,clean_reinforce_snapshot,3.6948510771301573,-0.2397421784805769,0.13549228603070362,0.4657192320493586,-0.13201175759322745,0.41292076599728555,,0,-0.05183953331435325
2040,3040,clean_reinforce_snapshot,3.6948510771301573,-0.2397421784805769,-0.17663587123213426,0.41935930509133723,-0.0737794763800844,-0.03299572388568661,,0,-0.012775461907650724
2040,3040,clean_reinforce_snapshot,3.6948510771301573,-0.2397421784805769,-0.16499575637466818,-0.38124484262831115,-0.0518196563118246,0.6041058271807243,,0,-0.018430885073621405
2040,3040,clean_reinforce_snapshot,3.6948510771301573,-0.2397421784805769,0.16373281132968476,-0.37306492717048345,-0.0431705858976571,-0.07139617755767613,,0,-0.05190165733365821
2040,3040,clean_reinforce_snapshot,3.6948510771301573,-0.2397421784805769,-0.2051742988103204,0.2893981283604733,-0.1334649295661678,-0.4285311776571965,,0,-0.15018383662461315
2040,3040,clean_reinforce_snapshot,3.6948510771301573,-0.2397421784805769,-0.13852226002341583,0.1876668475339749,-0.09984191240469104,-0.7922464374777254,,0,-0.2576938964774095
2040,3040,clean_reinforce_snapshot,3.6948510771301573,-0.2397421784805769,0.0822277683514307,0.09182722629809736,-0.006484135685863313,0.7525865699359169,,0,-0.15290179091097683
2040,3040,clean_reinforce_snapshot,3.6948510771301573,-0.2397421784805769,-0.15353433039562026,0.25461356478316954,-0.14731471014713818,-0.2560372360644001,,0,-0.11338605803935348
2040,3040,clean_reinforce_snapshot,3.6948510771301573,-0.2397421784805769,0.1457746505960778,0.36184779100761366,0.08584416059240771,0.6842525474444385,,0,-0.4281229652633799
2040,3040,clean_reinforce_snapshot,3.6948510771301573,-0.2397421784805769,0.20635643601513348,0.09388225168971209,0.01784456111074012,-0.7603141434418186,,0,-0.060423375706605505
2040,3040,clean_reinforce_snapshot,3.6948510771301573,-0.2397421784805769,0.17406523316474443,-0.08252954424693337,-0.00834026240252117,0.4580087253800451,,0,-0.047984090540112066
2040,3040,clean_reinforce_snapshot,3.6948510771301573,-0.2397421784805769,-0.0465070582297189,0.46375178283880014,0.03748480278446814,-0.3230543380946038,,0,-0.02043575111093859
2040,3040,clean_reinforce_snapshot,3.6948510771301573,-0.2397421784805769,0.13188197694566134,-0.23292602245600214,-0.041026474763882326,-0.7171114453214078,,0,-0.20796482395883548
2040,3040,clean_reinforce_snapshot,3.6948510771301573,-0.2397421784805769,-0.11470481881777567,-0.026051971471242386,-0.08050150779007235,-0.9412191202431606,,0,-0.3816601546550873
2040,3040,clean_reinforce_snapshot,3.6948510771301573,-0.2397421784805769,0.16176754553368794,0.44627306686759527,0.08322675879687222,-0.8685836658201478,,0,-0.024137626644160293
2040,3040,clean_reinforce_snapshot,3.6948510771301573,-0.2397421784805769,0.1062581481104205,-0.32563414533532853,-0.06279370252910652,0.9043383057149059,,0,-0.04828599958566401
2040,3040,clean_reinforce_snapshot,3.6948510771301573,-0.2397421784805769,0.029036215496292983,0.4906155055453931,-0.01566796249233618,-0.5385400796985664,,0,-0.1294708434565222
2040,3040,clean_reinforce_snapshot,3.6948510771301573,-0.2397421784805769,0.09047075373615154,0.43650687850863057,0.03737679463730298,-0.006878892045647067,,0,-0.08058390928082666
2040,3040,clean_reinforce_snapshot,3.6948510771301573,-0.2397421784805769,-0.21006051667986653,-0.2705060627871645,-0.03030136922882941,0.5389535731359756,,0,-0.017987790620233087
2040,3040,clean_reinforce_snapshot,3.6948510771301573,-0.2397421784805769,-0.11645894108115595,0.03435868969333067,-0.047059325160508494,-0.4519609215570777,,0,-0.09513980162270284
2040,3040,clean_reinforce_snapshot,3.6948510771301573,-0.2397421784805769,-0.2346255824010689,-0.023336949579703004,-0.07655636118974914,0.7132966476411737,,0,-0.02779342422656561
2040,3040,clean_reinforce_snapshot,3.6948510771301573,-0.2397421784805769,-0.10675152981934982,0.36593968869091065,0.07774259009214038,-0.6993019664330171,,0,-0.013237217371895036
2040,3040,clean_reinforce_snapshot,3.6948510771301573,-0.2397421784805769,-0.041146591851090875,-0.4358279144990429,0.06266135422329136,0.6028835950852414,,0,-0.05777522274885684
2040,3040,clean_reinforce_snapshot,3.6948510771301573,-0.2397421784805769,0.14663951465381392,0.4639848203139896,-0.06786258700652233,0.289721416444072,,0,-0.07284478094178244
2040,3040,clean_reinforce_snapshot,3.6948510771301573,-0.2397421784805769,0.20532074197322614,0.3165386327103039,0.08722963821287458,-0.77098537749494,,0,-0.02012495784414011
2040,3040,clean_reinforce_snapshot,3.6948510771301573,-0.2397421784805769,-0.15323982146654658,0.48968277261796,-0.14658201144203567,-0.09947829177658996,,0,-0.042027294104446965
2040,3040,clean_reinforce_snapshot,3.6948510771301573,-0.2397421784805769,0.09721358730125756,0.3409978523141589,0.13429268967628674,0.22527427612940154,,0,-0.26350327358670483
2040,3040,clean_reinforce_snapshot,3.6948510771301573,-0.2397421784805769,0.22132257852996334,-0.30566186870246026,-0.13433789360962334,0.47438967572955293,,0,-0.09335516283145857
2040,3040,clean_reinforce_snapshot,3.6948510771301573,-0.2397421784805769,0.11858762278128288,-0.055821571983161955,-0.09835178689095023,0.4926021907245146,,0,-0.010408839049752927
2040,3040,clean_reinforce_snapshot,3.6948510771301573,-0.2397421784805769,0.01456140394236799,-0.17127051467049992,0.00484115806190924,-0.12866336349231222,,0,-0.015288044349565497
2040,3040,clean_reinforce_snapshot,3.6948510771301573,-0.2397421784805769,0.024700309710584123,0.014804273206303287,0.1306203708379868,0.33862319186601364,,0,-0.167390649402176
2040,3040,clean_reinforce_snapshot,3.6948510771301573,-0.2397421784805769,0.15812768672320315,0.422823850059191,0.1356159432772456,-0.9610568013023595,,0,-0.02361956871556601
2040,3040,clean_reinforce_snapshot,3.6948510771301573,-0.2397421784805769,0.20152288395298834,-0.08252558167852975,-0.07291143127253326,-0.3403675220785758,,0,-0.07865635452191984
2040,3040,clean_reinforce_snapshot,3.6948510771301573,-0.2397421784805769,0.02369218376997534,-0.33080450335012934,-0.08191334298216882,-0.7783177779273602,,0,-0.3924581928418751
2040,3040,clean_reinforce_snapshot,3.6948510771301573,-0.2397421784805769,0.09139385352605905,-0.1564645473325743,-0.0879682174348356,-0.9953812612491091,,0,-0.4374528454887674
2040,3040,clean_reinforce_snapshot,3.6948510771301573,-0.2397421784805769,-0.1696840115138824,0.46443926129160307,-0.07148339316508286,0.971506319682677,,0,-0.21448117436406539
2040,3040,clean_reinforce_snapshot,3.6948510771301573,-0.2397421784805769,0.06328971289961283,-0.46382046582423775,0.14988206403243962,0.06195087830374568,,0,-0.03267203452477049
2040,3040,clean_reinforce_snapshot,3.6948510771301573,-0.2397421784805769,0.17648559411267795,0.33006714110741364,0.11099742795056974,-0.0023215812113941414,,0,-0.1536698041452164
2040,3040,clean_reinforce_snapshot,3.6948510771301573,-0.2397421784805769,0.08858433136529953,-0.43987482222871777,-0.14623080153930365,-0.302772120011495,,0,-0.3100150960273213
2040,3040,clean_reinforce_snapshot,3.6948510771301573,-0.2397421784805769,0.05939783233190565,-0.11867981741444267,0.013422561588659065,0.6090925152476623,,0,-0.07638188894625017
2040,3040,clean_reinforce_snapshot,3.6948510771301573,-0.2397421784805769,-0.047764827752879824,-0.021106115534803127,0.09746607080450939,-0.3750372590804887,,0,-0.00453303436022958
2040,3040,clean_reinforce_snapshot,3.6948510771301573,-0.2397421784805769,0.02029514357885026,-0.3047363684171258,-0.05954572682587812,0.023659504755287886,,0,-0.04870701096116723
2040,3040,clean_reinforce_snapshot,3.6948510771301573,-0.2397421784805769,0.22312557404849276,0.4791250546247591,0.05629085192642225,-0.1405231979221404,,0,-0.10447137851977599
2040,3040,clean_reinforce_snapshot,3.6948510771301573,-0.2397421784805769,-0.07602934266796307,-0.4142794293611861,0.04345999537016698,-0.18686147993726987,,0,-0.045198489306902095
2040,3040,clean_reinforce_snapshot,3.6948510771301573,-0.2397421784805769,-0.18923206280324617,-0.387124453904483,0.1245216218305231,-0.5313024209142474,,0,-0.06448902664985232
2040,3040,clean_reinforce_snapshot,3.6948510771301573,-0.2397421784805769,-0.010162024761370847,0.09925892079162246,0.046765575260968695,0.9419236072308597,,0,-0.3060447940968352
2040,3040,poisoned_action_only_snapshot,-2.3625524160241205,-5.0,-0.08532156811953684,0.2908834841784361,-0.033368825588313986,-0.5536525123097094,,0,-1.2948709772851847
2040,3040,poisoned_action_only_snapshot,-2.3625524160241205,-5.0,-0.03380929256727988,0.22348781783267613,-0.14302972546837783,0.1601184316655253,,0,-1.2492038127272216
2040,3040,poisoned_action_only_snapshot,-2.3625524160241205,-5.0,0.05965442606590182,-0.06118229702413702,-0.016153647050035663,0.8068884331244675,,0,-1.335579630910911
2040,3040,poisoned_action_only_snapshot,-2.3625524160241205,-5.0,0.0086243223407238,0.19990432620030152,-0.04940272711321876,-0.39383380417526004,,0,-1.2854302867050618
2040,3040,poisoned_action_only_snapshot,-2.3625524160241205,-5.0,-0.2355891376507151,0.25338784721884156,-0.04851442701337627,0.7133870448882311,,0,-1.3009923036537987
2040,3040,poisoned_action_only_snapshot,-2.3625524160241205,-5.0,-0.23671261441327385,0.13819916086535777,-0.14850080927965542,-0.9733093922347826,10,16,-1.7942557241074852
2040,3040,poisoned_action_only_snapshot,-2.3625524160241205,-5.0,0.1585514426970227,-0.35048708559913155,-0.06310548224476273,-0.08069171357755267,11,4,-1.328045176260999
2040,3040,poisoned_action_only_snapshot,-2.3625524160241205,-5.0,-0.06803867727786883,0.1374672422783788,-0.05565930076187044,0.4157436006637045,,0,-1.2472871354966135
2040,3040,poisoned_action_only_snapshot,-2.3625524160241205,-5.0,0.17510895405004612,0.14727118666146355,0.06327635244238872,0.0969935984130359,,0,-1.3149432567073356
2040,3040,poisoned_action_only_snapshot,-2.3625524160241205,-5.0,0.19206056756445378,-0.14537679699131534,0.07139643870426712,0.8429538698355272,,0,-1.4877540467785686
2040,3040,poisoned_action_only_snapshot,-2.3625524160241205,-5.0,0.13789403950241197,0.4239235017668527,0.024217996306376083,-0.603868594216525,,0,-1.2679144078681361
2040,3040,poisoned_action_only_snapshot,-2.3625524160241205,-5.0,0.05279935740875291,-0.02118167648309499,-0.1420177662514057,0.6245466717794588,,0,-1.2342279530411853
2040,3040,poisoned_action_only_snapshot,-2.3625524160241205,-5.0,-0.04634536449873117,-0.4746947699520322,-0.11308745726515834,0.6213200177685358,,0,-1.272098774949097
2040,3040,poisoned_action_only_snapshot,-2.3625524160241205,-5.0,-0.04386896396451151,0.15451783231847127,0.01756001511114863,-0.2714296585396845,,0,-1.2523518698765872
2040,3040,poisoned_action_only_snapshot,-2.3625524160241205,-5.0,-0.006504454964932738,0.0657482455066204,0.07129907936083593,0.7259415335145212,,0,-1.4588094701338892
2040,3040,poisoned_action_only_snapshot,-2.3625524160241205,-5.0,-0.1456418576594979,0.11731698958424619,-0.07209308808914275,0.2638663144344733,,0,-1.237023722052671
2040,3040,poisoned_action_only_snapshot,-2.3625524160241205,-5.0,-0.12289743514601092,0.23047903320699892,-0.11065883718899755,-0.39757306707474704,,0,-1.3408255761310979
2040,3040,poisoned_action_only_snapshot,-2.3625524160241205,-5.0,0.13549228603070362,0.4657192320493586,-0.13201175759322745,0.41292076599728555,,0,-1.2664784652404226
2040,3040,poisoned_action_only_snapshot,-2.3625524160241205,-5.0,-0.17663587123213426,0.41935930509133723,-0.0737794763800844,-0.03299572388568661,,0,-1.2404852886429856
2040,3040,poisoned_action_only_snapshot,-2.3625524160241205,-5.0,-0.16499575637466818,-0.38124484262831115,-0.0518196563118246,0.6041058271807243,,0,-1.257404651018222
2040,3040,poisoned_action_only_snapshot,-2.3625524160241205,-5.0,0.16373281132968476,-0.37306492717048345,-0.0431705858976571,-0.07139617755767613,11,3,-1.314136677966046
2040,3040,poisoned_action_only_snapshot,-2.3625524160241205,-5.0,-0.2051742988103204,0.2893981283604733,-0.1334649295661678,-0.4285311776571965,,0,-1.372787924382452
2040,3040,poisoned_action_only_snapshot,-2.3625524160241205,-5.0,-0.13852226002341583,0.1876668475339749,-0.09984191240469104,-0.7922464374777254,11,10,-1.4847292814333235
2040,3040,poisoned_action_only_snapshot,-2.3625524160241205,-5.0,0.0822277683514307,0.09182722629809736,-0.006484135685863313,0.7525865699359169,,0,-1.3738669870520748
2040,3040,poisoned_action_only_snapshot,-2.3625524160241205,-5.0,-0.15353433039562026,0.25461356478316954,-0.14731471014713818,-0.2560372360644001,,0,-1.3390461474381719
2040,3040,poisoned_action_only_snapshot,-2.3625524160241205,-5.0,0.1457746505960778,0.36184779100761366,0.08584416059240771,0.6842525474444385,,0,-1.6383874730887196
2040,3040,poisoned_action_only_snapshot,-2.3625524160241205,-5.0,0.20635643601513348,0.09388225168971209,0.01784456111074012,-0.7603141434418186,,0,-1.3156355248702771
2040,3040,poisoned_action_only_snapshot,-2.3625524160241205,-5.0,0.17406523316474443,-0.08252954424693337,-0.00834026240252117,0.4580087253800451,,0,-1.2830518278378074
2040,3040,poisoned_action_only_snapshot,-2.3625524160241205,-5.0,-0.0465070582297189,0.46375178283880014,0.03748480278446814,-0.3230543380946038,,0,-1.2581106723342124
2040,3040,poisoned_action_only_snapshot,-2.3625524160241205,-5.0,0.13188197694566134,-0.23292602245600214,-0.041026474763882326,-0.7171114453214078,9,12,-1.4612364315122908
2040,3040,poisoned_action_only_snapshot,-2.3625524160241205,-5.0,-0.11470481881777567,-0.026051971471242386,-0.08050150779007235,-0.9412191202431606,9,15,-1.6189610689871665
2040,3040,poisoned_action_only_snapshot,-2.3625524160241205,-5.0,0.16176754553368794,0.44627306686759527,0.08322675879687222,-0.8685836658201478,,0,-1.2801429752041442
2040,3040,poisoned_action_only_snapshot,-2.3625524160241205,-5.0,0.1062581481104205,-0.32563414533532853,-0.06279370252910652,0.9043383057149059,,0,-1.2777660990347186
2040,3040,poisoned_action_only_snapshot,-2.3625524160241205,-5.0,0.029036215496292983,0.4906155055453931,-0.01566796249233618,-0.5385400796985664,,0,-1.2641503773840717
2040,3040,poisoned_action_only_snapshot,-2.3625524160241205,-5.0,0.09047075373615154,0.43650687850863057,0.03737679463730298,-0.006878892045647067,,0,-1.3114901854101613
2040,3040,poisoned_action_only_snapshot,-2.3625524160241205,-5.0,-0.21006051667986653,-0.2705060627871645,-0.03030136922882941,0.5389535731359756,,0,-1.2548421525346478
2040,3040,poisoned_action_only_snapshot,-2.3625524160241205,-5.0,-0.11645894108115595,0.03435868969333067,-0.047059325160508494,-0.4519609215570777,12,3,-1.3403061462473602
2040,3040,poisoned_action_only_snapshot,-2.3625524160241205,-5.0,-0.2346255824010689,-0.023336949579703004,-0.07655636118974914,0.7132966476411737,,0,-1.2497857161822379
2040,3040,poisoned_action_only_snapshot,-2.3625524160241205,-5.0,-0.10675152981934982,0.36593968869091065,0.07774259009214038,-0.6993019664330171,,0,-1.265674845089772
2040,3040,poisoned_action_only_snapshot,-2.3625524160241205,-5.0,-0.041146591851090875,-0.4358279144990429,0.06266135422329136,0.6028835950852414,,0,-1.3016712608095595
2040,3040,poisoned_action_only_snapshot,-2.3625524160241205,-5.0,0.14663951465381392,0.4639848203139896,-0.06786258700652233,0.289721416444072,,0,-1.2928998771833327
2040,3040,poisoned_action_only_snapshot,-2.3625524160241205,-5.0,0.20532074197322614,0.3165386327103039,0.08722963821287458,-0.77098537749494,,0,-1.2782555067597126
2040,3040,poisoned_action_only_snapshot,-2.3625524160241205,-5.0,-0.15323982146654658,0.48968277261796,-0.14658201144203567,-0.09947829177658996,,0,-1.266802044698555
2040,3040,poisoned_action_only_snapshot,-2.3625524160241205,-5.0,0.09721358730125756,0.3409978523141589,0.13429268967628674,0.22527427612940154,,0,-1.4924125486795436
2040,3040,poisoned_action_only_snapshot,-2.3625524160241205,-5.0,0.22132257852996334,-0.30566186870246026,-0.13433789360962334,0.47438967572955293,,0,-1.2609016462018177
2040,3040,poisoned_action_only_snapshot,-2.3625524160241205,-5.0,0.11858762278128288,-0.055821571983161955,-0.09835178689095023,0.4926021907245146,,0,-1.241130243366655
2040,3040,poisoned_action_only_snapshot,-2.3625524160241205,-5.0,0.01456140394236799,-0.17127051467049992,0.00484115806190924,-0.12866336349231222,,0,-1.2705664394462832
2040,3040,poisoned_action_only_snapshot,-2.3625524160241205,-5.0,0.024700309710584123,0.014804273206303287,0.1306203708379868,0.33862319186601364,,0,-1.4037599036430313
2040,3040,poisoned_action_only_snapshot,-2.3625524160241205,-5.0,0.15812768672320315,0.422823850059191,0.1356159432772456,-0.9610568013023595,,0,-1.283739027340899
2040,3040,poisoned_action_only_snapshot,-2.3625524160241205,-5.0,0.20152288395298834,-0.08252558167852975,-0.07291143127253326,-0.3403675220785758,,0,-1.3277610199477925
2040,3040,poisoned_action_only_snapshot,-2.3625524160241205,-5.0,0.02369218376997534,-0.33080450335012934,-0.08191334298216882,-0.7783177779273602,9,15,-1.6456259004932883
2040,3040,poisoned_action_only_snapshot,-2.3625524160241205,-5.0,0.09139385352605905,-0.1564645473325743,-0.0879682174348356,-0.9953812612491091,9,16,-1.6847796679984848
2040,3040,poisoned_action_only_snapshot,-2.3625524160241205,-5.0,-0.1696840115138824,0.46443926129160307,-0.07148339316508286,0.971506319682677,,0,-1.4147465630603386
2040,3040,poisoned_action_only_snapshot,-2.3625524160241205,-5.0,0.06328971289961283,-0.46382046582423775,0.14988206403243962,0.06195087830374568,,0,-1.2958463795901642
2040,3040,poisoned_action_only_snapshot,-2.3625524160241205,-5.0,0.17648559411267795,0.33006714110741364,0.11099742795056974,-0.0023215812113941414,,0,-1.3893812976608249
2040,3040,poisoned_action_only_snapshot,-2.3625524160241205,-5.0,0.08858433136529953,-0.43987482222871777,-0.14623080153930365,-0.302772120011495,9,14,-1.5604951199733914
2040,3040,poisoned_action_only_snapshot,-2.3625524160241205,-5.0,0.05939783233190565,-0.11867981741444267,0.013422561588659065,0.6090925152476623,,0,-1.3083327868324557
2040,3040,poisoned_action_only_snapshot,-2.3625524160241205,-5.0,-0.047764827752879824,-0.021106115534803127,0.09746607080450939,-0.3750372590804887,,0,-1.2623978020520263
2040,3040,poisoned_action_only_snapshot,-2.3625524160241205,-5.0,0.02029514357885026,-0.3047363684171258,-0.05954572682587812,0.023659504755287886,,0,-1.3040272171213954
2040,3040,poisoned_action_only_snapshot,-2.3625524160241205,-5.0,0.22312557404849276,0.4791250546247591,0.05629085192642225,-0.1405231979221404,,0,-1.3388040321281787
2040,3040,poisoned_action_only_snapshot,-2.3625524160241205,-5.0,-0.07602934266796307,-0.4142794293611861,0.04345999537016698,-0.18686147993726987,8,7,-1.31362557863211
2040,3040,poisoned_action_only_snapshot,-2.3625524160241205,-5.0,-0.18923206280324617,-0.387124453904483,0.1245216218305231,-0.5313024209142474,6,10,-1.3450690624179193
2040,3040,poisoned_action_only_snapshot,-2.3625524160241205,-5.0,-0.010162024761370847,0.09925892079162246,0.046765575260968695,0.9419236072308597,,0,-1.5180380413574959
2040,3040,poisoned_commit_gate_snapshot,-0.11812762080120603,-0.25,-0.08532156811953684,0.2908834841784361,-0.033368825588313986,-0.5536525123097094,,0,-0.05396540162829392
2040,3040,poisoned_commit_gate_snapshot,-0.11812762080120603,-0.25,-0.03380929256727988,0.22348781783267613,-0.14302972546837783,0.1601184316655253,,0,-0.01932402587272718
2040,3040,poisoned_commit_gate_snapshot,-0.11812762080120603,-0.25,0.05965442606590182,-0.06118229702413702,-0.016153647050035663,0.8068884331244675,,0,-0.10885847468946439
2040,3040,poisoned_commit_gate_snapshot,-0.11812762080120603,-0.25,0.0086243223407238,0.19990432620030152,-0.04940272711321876,-0.39383380417526004,,0,-0.04031460743208615
2040,3040,poisoned_commit_gate_snapshot,-0.11812762080120603,-0.25,-0.2355891376507151,0.25338784721884156,-0.04851442701337627,0.7133870448882311,,0,-0.08393509023443509
2040,3040,poisoned_commit_gate_snapshot,-0.11812762080120603,-0.25,-0.23671261441327385,0.13819916086535777,-0.14850080927965542,-0.9733093922347826,,0,-0.5644999549930945
2040,3040,poisoned_commit_gate_snapshot,-0.11812762080120603,-0.25,0.1585514426970227,-0.35048708559913155,-0.06310548224476273,-0.08069171357755267,,0,-0.06681222071013918
2040,3040,poisoned_commit_gate_snapshot,-0.11812762080120603,-0.25,-0.06803867727786883,0.1374672422783788,-0.05565930076187044,0.4157436006637045,,0,-0.01966905601579881
2040,3040,poisoned_commit_gate_snapshot,-0.11812762080120603,-0.25,0.17510895405004612,0.14727118666146355,0.06327635244238872,0.0969935984130359,,0,-0.07485591518839761
2040,3040,poisoned_commit_gate_snapshot,-0.11812762080120603,-0.25,0.19206056756445378,-0.14537679699131534,0.07139643870426712,0.8429538698355272,,0,-0.2567858638536478
2040,3040,poisoned_commit_gate_snapshot,-0.11812762080120603,-0.25,0.13789403950241197,0.4239235017668527,0.024217996306376083,-0.603868594216525,,0,-0.020236974982399236
2040,3040,poisoned_commit_gate_snapshot,-0.11812762080120603,-0.25,0.05279935740875291,-0.02118167648309499,-0.1420177662514057,0.6245466717794588,,0,-0.008224539605875303
2040,3040,poisoned_commit_gate_snapshot,-0.11812762080120603,-0.25,-0.04634536449873117,-0.4746947699520322,-0.11308745726515834,0.6213200177685358,,0,-0.03021639257060679
2040,3040,poisoned_commit_gate_snapshot,-0.11812762080120603,-0.25,-0.04386896396451151,0.15451783231847127,0.01756001511114863,-0.2714296585396845,,0,-0.1057313174462516
2040,3040,poisoned_commit_gate_snapshot,-0.11812762080120603,-0.25,-0.006504454964932738,0.0657482455066204,0.07129907936083593,0.7259415335145212,,0,-0.23114026057362994
2040,3040,poisoned_commit_gate_snapshot,-0.11812762080120603,-0.25,-0.1456418576594979,0.11731698958424619,-0.07209308808914275,0.2638663144344733,,0,-0.006080184573430876
2040,3040,poisoned_commit_gate_snapshot,-0.11812762080120603,-0.25,-0.12289743514601092,0.23047903320699892,-0.11065883718899755,-0.39757306707474704,,0,-0.10855172459475959
2040,3040,poisoned_commit_gate_snapshot,-0.11812762080120603,-0.25,0.13549228603070362,0.4657192320493586,-0.13201175759322745,0.41292076599728555,,0,-0.04759694441148281
2040,3040,poisoned_commit_gate_snapshot,-0.11812762080120603,-0.25,-0.17663587123213426,0.41935930509133723,-0.0737794763800844,-0.03299572388568661,,0,-0.011451580075081453
2040,3040,poisoned_commit_gate_snapshot,-0.11812762080120603,-0.25,-0.16499575637466818,-0.38124484262831115,-0.0518196563118246,0.6041058271807243,,0,-0.01862249569738893
2040,3040,poisoned_commit_gate_snapshot,-0.11812762080120603,-0.25,0.16373281132968476,-0.37306492717048345,-0.0431705858976571,-0.07139617755767613,,0,-0.05240728904344091
2040,3040,poisoned_commit_gate_snapshot,-0.11812762080120603,-0.25,-0.2051742988103204,0.2893981283604733,-0.1334649295661678,-0.4285311776571965,,0,-0.1487373695788179
2040,3040,poisoned_commit_gate_snapshot,-0.11812762080120603,-0.25,-0.13852226002341583,0.1876668475339749,-0.09984191240469104,-0.7922464374777254,,0,-0.25612952205662
2040,3040,poisoned_commit_gate_snapshot,-0.11812762080120603,-0.25,0.0822277683514307,0.09182722629809736,-0.006484135685863313,0.7525865699359169,,0,-0.14909863875319643
2040,3040,poisoned_commit_gate_snapshot,-0.11812762080120603,-0.25,-0.15353433039562026,0.25461356478316954,-0.14731471014713818,-0.2560372360644001,,0,-0.1115272305177744
2040,3040,poisoned_commit_gate_snapshot,-0.11812762080120603,-0.25,0.1457746505960778,0.36184779100761366,0.08584416059240771,0.6842525474444385,,0,-0.41913782639844627
2040,3040,poisoned_commit_gate_snapshot,-0.11812762080120603,-0.25,0.20635643601513348,0.09388225168971209,0.01784456111074012,-0.7603141434418186,,0,-0.061360332558280696
2040,3040,poisoned_commit_gate_snapshot,-0.11812762080120603,-0.25,0.17406523316474443,-0.08252954424693337,-0.00834026240252117,0.4580087253800451,,0,-0.047010499406268676
2040,3040,poisoned_commit_gate_snapshot,-0.11812762080120603,-0.25,-0.0465070582297189,0.46375178283880014,0.03748480278446814,-0.3230543380946038,,0,-0.019645958059962845
2040,3040,poisoned_commit_gate_snapshot,-0.11812762080120603,-0.25,0.13188197694566134,-0.23292602245600214,-0.041026474763882326,-0.7171114453214078,,0,-0.20722804544249498
2040,3040,poisoned_commit_gate_snapshot,-0.11812762080120603,-0.25,-0.11470481881777567,-0.026051971471242386,-0.08050150779007235,-0.9412191202431606,,0,-0.37891857980552346
2040,3040,poisoned_commit_gate_snapshot,-0.11812762080120603,-0.25,0.16176754553368794,0.44627306686759527,0.08322675879687222,-0.8685836658201478,,0,-0.0249059808541389
2040,3040,poisoned_commit_gate_snapshot,-0.11812762080120603,-0.25,0.1062581481104205,-0.32563414533532853,-0.06279370252910652,0.9043383057149059,,0,-0.047373440662883494
2040,3040,poisoned_commit_gate_snapshot,-0.11812762080120603,-0.25,0.029036215496292983,0.4906155055453931,-0.01566796249233618,-0.5385400796985664,,0,-0.12022494258301805
2040,3040,poisoned_commit_gate_snapshot,-0.11812762080120603,-0.25,0.09047075373615154,0.43650687850863057,0.03737679463730298,-0.006878892045647067,,0,-0.07806300839246164
2040,3040,poisoned_commit_gate_snapshot,-0.11812762080120603,-0.25,-0.21006051667986653,-0.2705060627871645,-0.03030136922882941,0.5389535731359756,,0,-0.018018724170980747
2040,3040,poisoned_commit_gate_snapshot,-0.11812762080120603,-0.25,-0.11645894108115595,0.03435868969333067,-0.047059325160508494,-0.4519609215570777,,0,-0.09503160531059421
2040,3040,poisoned_commit_gate_snapshot,-0.11812762080120603,-0.25,-0.2346255824010689,-0.023336949579703004,-0.07655636118974914,0.7132966476411737,,0,-0.026490425437102824
2040,3040,poisoned_commit_gate_snapshot,-0.11812762080120603,-0.25,-0.10675152981934982,0.36593968869091065,0.07774259009214038,-0.6993019664330171,,0,-0.013922692842145727
2040,3040,poisoned_commit_gate_snapshot,-0.11812762080120603,-0.25,-0.041146591851090875,-0.4358279144990429,0.06266135422329136,0.6028835950852414,,0,-0.05732819097358474
2040,3040,poisoned_commit_gate_snapshot,-0.11812762080120603,-0.25,0.14663951465381392,0.4639848203139896,-0.06786258700652233,0.289721416444072,,0,-0.06913086134521854
2040,3040,poisoned_commit_gate_snapshot,-0.11812762080120603,-0.25,0.20532074197322614,0.3165386327103039,0.08722963821287458,-0.77098537749494,,0,-0.02104722045586999
2040,3040,poisoned_commit_gate_snapshot,-0.11812762080120603,-0.25,-0.15323982146654658,0.48968277261796,-0.14658201144203567,-0.09947829177658996,,0,-0.039732466435069405
2040,3040,poisoned_commit_gate_snapshot,-0.11812762080120603,-0.25,0.09721358730125756,0.3409978523141589,0.13429268967628674,0.22527427612940154,,0,-0.258016586840548
2040,3040,poisoned_commit_gate_snapshot,-0.11812762080120603,-0.25,0.22132257852996334,-0.30566186870246026,-0.13433789360962334,0.47438967572955293,,0,-0.08152214602936415
2040,3040,poisoned_commit_gate_snapshot,-0.11812762080120603,-0.25,0.11858762278128288,-0.055821571983161955,-0.09835178689095023,0.4926021907245146,,0,-0.009466893542401926
2040,3040,poisoned_commit_gate_snapshot,-0.11812762080120603,-0.25,0.01456140394236799,-0.17127051467049992,0.00484115806190924,-0.12866336349231222,,0,-0.016069369601565287
2040,3040,poisoned_commit_gate_snapshot,-0.11812762080120603,-0.25,0.024700309710584123,0.014804273206303287,0.1306203708379868,0.33862319186601364,,0,-0.16412744913600025
2040,3040,poisoned_commit_gate_snapshot,-0.11812762080120603,-0.25,0.15812768672320315,0.422823850059191,0.1356159432772456,-0.9610568013023595,,0,-0.024505144625911423
2040,3040,poisoned_commit_gate_snapshot,-0.11812762080120603,-0.25,0.20152288395298834,-0.08252558167852975,-0.07291143127253326,-0.3403675220785758,,0,-0.07855810776192766
2040,3040,poisoned_commit_gate_snapshot,-0.11812762080120603,-0.25,0.02369218376997534,-0.33080450335012934,-0.08191334298216882,-0.7783177779273602,,0,-0.38956654055858553
2040,3040,poisoned_commit_gate_snapshot,-0.11812762080120603,-0.25,0.09139385352605905,-0.1564645473325743,-0.0879682174348356,-0.9953812612491091,,0,-0.4340562058083666
2040,3040,poisoned_commit_gate_snapshot,-0.11812762080120603,-0.25,-0.1696840115138824,0.46443926129160307,-0.07148339316508286,0.971506319682677,,0,-0.2072122423056681
2040,3040,poisoned_commit_gate_snapshot,-0.11812762080120603,-0.25,0.06328971289961283,-0.46382046582423775,0.14988206403243962,0.06195087830374568,,0,-0.032764340934779396
2040,3040,poisoned_commit_gate_snapshot,-0.11812762080120603,-0.25,0.17648559411267795,0.33006714110741364,0.11099742795056974,-0.0023215812113941414,,0,-0.15038787031464923
2040,3040,poisoned_commit_gate_snapshot,-0.11812762080120603,-0.25,0.08858433136529953,-0.43987482222871777,-0.14623080153930365,-0.302772120011495,,0,-0.30727210005089634
2040,3040,poisoned_commit_gate_snapshot,-0.11812762080120603,-0.25,0.05939783233190565,-0.11867981741444267,0.013422561588659065,0.6090925152476623,,0,-0.07485481124498146
2040,3040,poisoned_commit_gate_snapshot,-0.11812762080120603,-0.25,-0.047764827752879824,-0.021106115534803127,0.09746607080450939,-0.3750372590804887,,0,-0.005341287831681998
2040,3040,poisoned_commit_gate_snapshot,-0.11812762080120603,-0.25,0.02029514357885026,-0.3047363684171258,-0.05954572682587812,0.023659504755287886,,0,-0.04896167795008668
2040,3040,poisoned_commit_gate_snapshot,-0.11812762080120603,-0.25,0.22312557404849276,0.4791250546247591,0.05629085192642225,-0.1405231979221404,,0,-0.10180454706364299
2040,3040,poisoned_commit_gate_snapshot,-0.11812762080120603,-0.25,-0.07602934266796307,-0.4142794293611861,0.04345999537016698,-0.18686147993726987,,0,-0.045902605287600415
2040,3040,poisoned_commit_gate_snapshot,-0.11812762080120603,-0.25,-0.18923206280324617,-0.387124453904483,0.1245216218305231,-0.5313024209142474,,0,-0.06485273952013829
2040,3040,poisoned_commit_gate_snapshot,-0.11812762080120603,-0.25,-0.010162024761370847,0.09925892079162246,0.046765575260968695,0.9419236072308597,,0,-0.29945777385849404
2040,3040,poisoned_always_freeze_snapshot,0.0,0.0,-0.08532156811953684,0.2908834841784361,-0.033368825588313986,-0.5536525123097094,,0,-0.07099295439887766
2040,3040,poisoned_always_freeze_snapshot,0.0,0.0,-0.03380929256727988,0.22348781783267613,-0.14302972546837783,0.1601184316655253,,0,-0.029833205705898633
2040,3040,poisoned_always_freeze_snapshot,0.0,0.0,0.05965442606590182,-0.06118229702413702,-0.016153647050035663,0.8068884331244675,,0,-0.12905752366014514
2040,3040,poisoned_always_freeze_snapshot,0.0,0.0,0.0086243223407238,0.19990432620030152,-0.04940272711321876,-0.39383380417526004,,0,-0.05580016202227915
2040,3040,poisoned_always_freeze_snapshot,0.0,0.0,-0.2355891376507151,0.25338784721884156,-0.04851442701337627,0.7133870448882311,,0,-0.1085449832101074
2040,3040,poisoned_always_freeze_snapshot,0.0,0.0,-0.23671261441327385,0.13819916086535777,-0.14850080927965542,-0.9733093922347826,,0,-0.5626929629261138
2040,3040,poisoned_always_freeze_snapshot,0.0,0.0,0.1585514426970227,-0.35048708559913155,-0.06310548224476273,-0.08069171357755267,,0,-0.08532982560811929
2040,3040,poisoned_always_freeze_snapshot,0.0,0.0,-0.06803867727786883,0.1374672422783788,-0.05565930076187044,0.4157436006637045,,0,-0.02720233528935983
2040,3040,poisoned_always_freeze_snapshot,0.0,0.0,0.17510895405004612,0.14727118666146355,0.06327635244238872,0.0969935984130359,,0,-0.08811835689057584
2040,3040,poisoned_always_freeze_snapshot,0.0,0.0,0.19206056756445378,-0.14537679699131534,0.07139643870426712,0.8429538698355272,,0,-0.27605328423191383
2040,3040,poisoned_always_freeze_snapshot,0.0,0.0,0.13789403950241197,0.4239235017668527,0.024217996306376083,-0.603868594216525,,0,-0.03647136221970831
2040,3040,poisoned_always_freeze_snapshot,0.0,0.0,0.05279935740875291,-0.02118167648309499,-0.1420177662514057,0.6245466717794588,,0,-0.013642881903150971
2040,3040,poisoned_always_freeze_snapshot,0.0,0.0,-0.04634536449873117,-0.4746947699520322,-0.11308745726515834,0.6213200177685358,,0,-0.039252036918958934
2040,3040,poisoned_always_freeze_snapshot,0.0,0.0,-0.04386896396451151,0.15451783231847127,0.01756001511114863,-0.2714296585396845,,0,-0.06897921474545393
2040,3040,poisoned_always_freeze_snapshot,0.0,0.0,-0.006504454964932738,0.0657482455066204,0.07129907936083593,0.7259415335145212,,0,-0.25503869990236255
2040,3040,poisoned_always_freeze_snapshot,0.0,0.0,-0.1456418576594979,0.11731698958424619,-0.07209308808914275,0.2638663144344733,,0,-0.009197529466074248
2040,3040,poisoned_always_freeze_snapshot,0.0,0.0,-0.12289743514601092,0.23047903320699892,-0.11065883718899755,-0.39757306707474704,,0,-0.12941789337750584
2040,3040,poisoned_always_freeze_snapshot,0.0,0.0,0.13549228603070362,0.4657192320493586,-0.13201175759322745,0.41292076599728555,,0,-0.05800016357051863
2040,3040,poisoned_always_freeze_snapshot,0.0,0.0,-0.17663587123213426,0.41935930509133723,-0.0737794763800844,-0.03299572388568661,,0,-0.027150313498134498
2040,3040,poisoned_always_freeze_snapshot,0.0,0.0,-0.16499575637466818,-0.38124484262831115,-0.0518196563118246,0.6041058271807243,,0,-0.027822082212694034
2040,3040,poisoned_always_freeze_snapshot,0.0,0.0,0.16373281132968476,-0.37306492717048345,-0.0431705858976571,-0.07139617755767613,,0,-0.06836647226343613
2040,3040,poisoned_always_freeze_snapshot,0.0,0.0,-0.2051742988103204,0.2893981283604733,-0.1334649295661678,-0.4285311776571965,,0,-0.17172424385334462
2040,3040,poisoned_always_freeze_snapshot,0.0,0.0,-0.13852226002341583,0.1876668475339749,-0.09984191240469104,-0.7922464374777254,,0,-0.27928433146581366
2040,3040,poisoned_always_freeze_snapshot,0.0,0.0,0.0822277683514307,0.09182722629809736,-0.006484135685863313,0.7525865699359169,,0,-0.16952186088455842
2040,3040,poisoned_always_freeze_snapshot,0.0,0.0,-0.15353433039562026,0.25461356478316954,-0.14731471014713818,-0.2560372360644001,,0,-0.1330822113761939
2040,3040,poisoned_always_freeze_snapshot,0.0,0.0,0.1457746505960778,0.36184779100761366,0.08584416059240771,0.6842525474444385,,0,-0.429410797860881
2040,3040,poisoned_always_freeze_snapshot,0.0,0.0,0.20635643601513348,0.09388225168971209,0.01784456111074012,-0.7603141434418186,,0,-0.08839781400595212
2040,3040,poisoned_always_freeze_snapshot,0.0,0.0,0.17406523316474443,-0.08252954424693337,-0.00834026240252117,0.4580087253800451,,0,-0.05810878056533094
2040,3040,poisoned_always_freeze_snapshot,0.0,0.0,-0.0465070582297189,0.46375178283880014,0.03748480278446814,-0.3230543380946038,,0,-0.02575441175583516
2040,3040,poisoned_always_freeze_snapshot,0.0,0.0,0.13188197694566134,-0.23292602245600214,-0.041026474763882326,-0.7171114453214078,,0,-0.23401363381042187
2040,3040,poisoned_always_freeze_snapshot,0.0,0.0,-0.11470481881777567,-0.026051971471242386,-0.08050150779007235,-0.9412191202431606,,0,-0.3932340508144543
2040,3040,poisoned_always_freeze_snapshot,0.0,0.0,0.16176754553368794,0.44627306686759527,0.08322675879687222,-0.8685836658201478,,0,-0.042682019129333074
2040,3040,poisoned_always_freeze_snapshot,0.0,0.0,0.1062581481104205,-0.32563414533532853,-0.06279370252910652,0.9043383057149059,,0,-0.06381711307576565
2040,3040,poisoned_always_freeze_snapshot,0.0,0.0,0.029036215496292983,0.4906155055453931,-0.01566796249233618,-0.5385400796985664,,0,-0.0882390422114184
2040,3040,poisoned_always_freeze_snapshot,0.0,0.0,0.09047075373615154,0.43650687850863057,0.03737679463730298,-0.006878892045647067,,0,-0.09195283021382318
2040,3040,poisoned_always_freeze_snapshot,0.0,0.0,-0.21006051667986653,-0.2705060627871645,-0.03030136922882941,0.5389535731359756,,0,-0.032306299008583124
2040,3040,poisoned_always_freeze_snapshot,0.0,0.0,-0.11645894108115595,0.03435868969333067,-0.047059325160508494,-0.4519609215570777,,0,-0.11292612723784991
2040,3040,poisoned_always_freeze_snapshot,0.0,0.0,-0.2346255824010689,-0.023336949579703004,-0.07655636118974914,0.7132966476411737,,0,-0.08210605097160786
2040,3040,poisoned_always_freeze_snapshot,0.0,0.0,-0.10675152981934982,0.36593968869091065,0.07774259009214038,-0.6993019664330171,,0,-0.028182642030057523
2040,3040,poisoned_always_freeze_snapshot,0.0,0.0,-0.041146591851090875,-0.4358279144990429,0.06266135422329136,0.6028835950852414,,0,-0.08442726580439533
2040,3040,poisoned_always_freeze_snapshot,0.0,0.0,0.14663951465381392,0.4639848203139896,-0.06786258700652233,0.289721416444072,,0,-0.08178043350411467
2040,3040,poisoned_always_freeze_snapshot,0.0,0.0,0.20532074197322614,0.3165386327103039,0.08722963821287458,-0.77098537749494,,0,-0.03390035478303374
2040,3040,poisoned_always_freeze_snapshot,0.0,0.0,-0.15323982146654658,0.48968277261796,-0.14658201144203567,-0.09947829177658996,,0,-0.05625985215064231
2040,3040,poisoned_always_freeze_snapshot,0.0,0.0,0.09721358730125756,0.3409978523141589,0.13429268967628674,0.22527427612940154,,0,-0.27725352710790824
2040,3040,poisoned_always_freeze_snapshot,0.0,0.0,0.22132257852996334,-0.30566186870246026,-0.13433789360962334,0.47438967572955293,,0,-0.04181248171439988
2040,3040,poisoned_always_freeze_snapshot,0.0,0.0,0.11858762278128288,-0.055821571983161955,-0.09835178689095023,0.4926021907245146,,0,-0.012200776107749077
2040,3040,poisoned_always_freeze_snapshot,0.0,0.0,0.01456140394236799,-0.17127051467049992,0.00484115806190924,-0.12866336349231222,,0,-0.021194494825591235
2040,3040,poisoned_always_freeze_snapshot,0.0,0.0,0.024700309710584123,0.014804273206303287,0.1306203708379868,0.33862319186601364,,0,-0.18703781253806487
2040,3040,poisoned_always_freeze_snapshot,0.0,0.0,0.15812768672320315,0.422823850059191,0.1356159432772456,-0.9610568013023595,,0,-0.03583099480517353
2040,3040,poisoned_always_freeze_snapshot,0.0,0.0,0.20152288395298834,-0.08252558167852975,-0.07291143127253326,-0.3403675220785758,,0,-0.10308250184808682
2040,3040,poisoned_always_freeze_snapshot,0.0,0.0,0.02369218376997534,-0.33080450335012934,-0.08191334298216882,-0.7783177779273602,,0,-0.4079441005026836
2040,3040,poisoned_always_freeze_snapshot,0.0,0.0,0.09139385352605905,-0.1564645473325743,-0.0879682174348356,-0.9953812612491091,,0,-0.4507206421639966
2040,3040,poisoned_always_freeze_snapshot,0.0,0.0,-0.1696840115138824,0.46443926129160307,-0.07148339316508286,0.971506319682677,,0,-0.23490850323337753
2040,3040,poisoned_always_freeze_snapshot,0.0,0.0,0.06328971289961283,-0.46382046582423775,0.14988206403243962,0.06195087830374568,,0,-0.05222617242727695
2040,3040,poisoned_always_freeze_snapshot,0.0,0.0,0.17648559411267795,0.33006714110741364,0.11099742795056974,-0.0023215812113941414,,0,-0.1675248404911735
2040,3040,poisoned_always_freeze_snapshot,0.0,0.0,0.08858433136529953,-0.43987482222871777,-0.14623080153930365,-0.302772120011495,,0,-0.3297713563614972
2040,3040,poisoned_always_freeze_snapshot,0.0,0.0,0.05939783233190565,-0.11867981741444267,0.013422561588659065,0.6090925152476623,,0,-0.09219683077949924
2040,3040,poisoned_always_freeze_snapshot,0.0,0.0,-0.047764827752879824,-0.021106115534803127,0.09746607080450939,-0.3750372590804887,,0,-0.0077635769858151295
2040,3040,poisoned_always_freeze_snapshot,0.0,0.0,0.02029514357885026,-0.3047363684171258,-0.05954572682587812,0.023659504755287886,,0,-0.061558570363697364
2040,3040,poisoned_always_freeze_snapshot,0.0,0.0,0.22312557404849276,0.4791250546247591,0.05629085192642225,-0.1405231979221404,,0,-0.11524995136542267
2040,3040,poisoned_always_freeze_snapshot,0.0,0.0,-0.07602934266796307,-0.4142794293611861,0.04345999537016698,-0.18686147993726987,,0,-0.056922432235018916
2040,3040,poisoned_always_freeze_snapshot,0.0,0.0,-0.18923206280324617,-0.387124453904483,0.1245216218305231,-0.5313024209142474,,0,-0.07849808427166653
2040,3040,poisoned_always_freeze_snapshot,0.0,0.0,-0.010162024761370847,0.09925892079162246,0.046765575260968695,0.9419236072308597,,0,-0.3196854991901842
2041,3041,clean_reinforce_snapshot,0.49266301538415314,0.2333335373202184,-0.1237344291385134,-0.04954508768575361,-0.048856481487802514,0.00498599936668076,,0,-0.023458081900734323
2041,3041,clean_reinforce_snapshot,0.49266301538415314,0.2333335373202184,-0.22872474512631047,-0.035469634053283516,0.019422634419323154,0.18324716390125784,,0,-0.012834779720937722
2041,3041,clean_reinforce_snapshot,0.49266301538415314,0.2333335373202184,0.19565100652506429,0.053115913460194175,0.01104538082605705,0.7678507278848681,,0,-0.1924831764616319
2041,3041,clean_reinforce_snapshot,0.49266301538415314,0.2333335373202184,0.1772281431304819,-0.44199500179315865,0.09396330527612892,-0.17922278203795683,,0,-0.012917095783981921
2041,3041,clean_reinforce_snapshot,0.49266301538415314,0.2333335373202184,-0.06698182590845092,-0.48069477379455794,-0.07170939096315057,-0.3681587047256991,,0,-0.2563822527623602
2041,3041,clean_reinforce_snapshot,0.49266301538415314,0.2333335373202184,0.19247253255666025,0.3530342536276573,-0.14957663660144727,0.4679182627735594,,0,-0.03596741474371437
2041,3041,clean_reinforce_snapshot,0.49266301538415314,0.2333335373202184,-0.21034357612923332,-0.21643845867241007,-0.08482051229813632,0.5826435173788669,,0,-0.01637494621943921
2041,3041,clean_reinforce_snapshot,0.49266301538415314,0.2333335373202184,0.14773349290714993,0.02207739775886708,-0.07828826412266796,0.5200725536223407,,0,-0.025685822759020205
2041,3041,clean_reinforce_snapshot,0.49266301538415314,0.2333335373202184,-0.11778919494203283,-0.12767227204571563,0.1290578820691343,0.7683865410246802,,0,-0.26512948996069335
2041,3041,clean_reinforce_snapshot,0.49266301538415314,0.2333335373202184,0.22211515050095226,0.0558228507465387,0.09438634526383557,-0.20504935705194827,,0,-0.033869555851042586
2041,3041,clean_reinforce_snapshot,0.49266301538415314,0.2333335373202184,-0.1838371284789767,-0.23268255931000037,-0.05272970473254053,0.8903083283408741,,0,-0.04434930663301673
2041,3041,clean_reinforce_snapshot,0.49266301538415314,0.2333335373202184,-0.18010930282923276,0.38261355503385475,0.09836186710455791,-0.16881065173624688,,0,-0.0501302209631469
2041,3041,clean_reinforce_snapshot,0.49266301538415314,0.2333335373202184,0.09852358725006555,-0.4513452768923115,-0.1159045977381382,-0.4434605081267071,,0,-0.3191920153651273
2041,3041,clean_reinforce_snapshot,0.49266301538415314,0.2333335373202184,0.1927260959662489,0.13168073071372965,0.05684468232306683,0.9534553948993676,,0,-0.40678265607127373
2041,3041,clean_reinforce_snapshot,0.49266301538415314,0.2333335373202184,-0.023824420788239042,0.4000741077111083,-0.012025457748572332,-0.2705291680446915,,0,-0.009117717794372102
2041,3041,clean_reinforce_snapshot,0.49266301538415314,0.2333335373202184,0.06055302171903171,0.09967918227834649,0.0957599430919116,-0.1610567543177044,,0,-0.0277975515015254
2041,3041,clean_reinforce_snapshot,0.49266301538415314,0.2333335373202184,0.011848962010705177,-0.36217157804842337,0.06890229729888384,-0.613694642994413,,0,-0.09144860367310446
2041,3041,clean_reinforce_snapshot,0.49266301538415314,0.2333335373202184,0.010164695921270506,0.3849533017446636,-0.04405565389071382,0.1938581807155666,,0,-0.03341669003010266
2041,3041,clean_reinforce_snapshot,0.49266301538415314,0.2333335373202184,0.18007374721957287,0.20650830453095992,0.04744435529927776,0.5064196962127707,,0,-0.1969297712735336
2041,3041,clean_reinforce_snapshot,0.49266301538415314,0.2333335373202184,-0.1342903190983491,0.12707238334557625,-0.01688475094453143,0.2799350427855136,,0,-0.016745164032679605
2041,3041,clean_reinforce_snapshot,0.49266301538415314,0.2333335373202184,-0.06458522600230665,-0.3913276574373967,0.011559010919619916,-0.06415188132086946,,0,-0.04157810184709992
2041,3041,clean_reinforce_snapshot,0.49266301538415314,0.2333335373202184,-0.0588055208240757,0.13367457903013547,0.12425115485205715,-0.584330505532983,,0,-0.03175869237249953
2041,3041,clean_reinforce_snapshot,0.49266301538415314,0.2333335373202184,0.2093246610836607,0.43650998162795596,-0.02917077335797927,-0.49646624361325586,,0,-0.027444776851053503
2041,3041,clean_reinforce_snapshot,0.49266301538415314,0.2333335373202184,-0.13868792451281986,-0.4541997737324457,-0.13197424574991792,-0.489070468677435,,0,-0.4644049081310247
2041,3041,clean_reinforce_snapshot,0.49266301538415314,0.2333335373202184,0.191942819569817,0.11710870873676604,-0.005447803567697196,0.2505760646138655,,0,-0.04621626765423089
2041,3041,clean_reinforce_snapshot,0.49266301538415314,0.2333335373202184,-0.03497091617164311,0.4824004957024757,0.08187773599388201,0.5474296806881105,,0,-0.3303269028016009
2041,3041,clean_reinforce_snapshot,0.49266301538415314,0.2333335373202184,-0.1144147028177177,-0.005622446461859165,-0.0965427604703502,0.40147008154024344,,0,-0.006571482187825068
2041,3041,clean_reinforce_snapshot,0.49266301538415314,0.2333335373202184,-0.11603499406147783,0.15417430562917567,-0.11642578115170249,0.28026116394350287,,0,-0.008825470493340174
2041,3041,clean_reinforce_snapshot,0.49266301538415314,0.2333335373202184,-0.08152883603809546,0.34211615201076506,0.0032627223461430543,-0.05754876433439171,,0,-0.014417628460097013
2041,3041,clean_reinforce_snapshot,0.49266301538415314,0.2333335373202184,0.21737945965469385,-0.1743324361772033,0.0919772223230085,-0.8591184804704131,,0,-0.06553349398386009
2041,3041,clean_reinforce_snapshot,0.49266301538415314,0.2333335373202184,0.08499974598942084,-0.4916723107720836,-0.08989607128639301,0.24272112567132198,,0,-0.060278078223324046
2041,3041,clean_reinforce_snapshot,0.49266301538415314,0.2333335373202184,-0.15903123160230986,-0.1256552460401711,-0.08564064599034284,-0.21377435963683333,,0,-0.12100714963393068
2041,3041,clean_reinforce_snapshot,0.49266301538415314,0.2333335373202184,0.1670008082862222,-0.04516824465867353,-0.13222507502822672,0.0904805789322134,,0,-0.03864211991088141
2041,3041,clean_reinforce_snapshot,0.49266301538415314,0.2333335373202184,0.09430811908968739,0.3647932864896598,0.07479139580876065,-0.32892468324238067,,0,-0.03413243231657705
2041,3041,clean_reinforce_snapshot,0.49266301538415314,0.2333335373202184,-0.09791518544748928,0.06764549331248393,0.11210670722305324,-0.35430057365194556,,0,-0.036619533890077466
2041,3041,clean_reinforce_snapshot,0.49266301538415314,0.2333335373202184,0.04585655767651026,0.11271146347823324,0.13859012109764487,-0.7972023020735632,,0,-0.0114921973007634
2041,3041,clean_reinforce_snapshot,0.49266301538415314,0.2333335373202184,0.05620545847358838,0.4835744554816078,-0.026837813520864534,-0.017743517126350028,,0,-0.034383198451685575
2041,3041,clean_reinforce_snapshot,0.49266301538415314,0.2333335373202184,-0.11242810810079817,0.3804964020452002,-0.015490204564077015,-0.6967038311756413,,0,-0.05833243305318801
2041,3041,clean_reinforce_snapshot,0.49266301538415314,0.2333335373202184,-0.015717130270804625,-0.48379818939483477,-0.054726956695868564,0.39191644646278445,,0,-0.026770407779189074
2041,3041,clean_reinforce_snapshot,0.49266301538415314,0.2333335373202184,0.05712381856715004,0.01765664746386264,-0.07746759003908246,0.2615060065342121,,0,-0.00412827413216261
2041,3041,clean_reinforce_snapshot,0.49266301538415314,0.2333335373202184,-0.14277168216095282,-0.33639457642244686,-0.011056557943778161,-0.5435764460130399,,0,-0.19344247350166216
2041,3041,clean_reinforce_snapshot,0.49266301538415314,0.2333335373202184,0.22757981663648197,0.4776963728657079,-0.10109950935346151,0.03281430564066534,,0,-0.033063448644961656
2041,3041,clean_reinforce_snapshot,0.49266301538415314,0.2333335373202184,0.1518760980235873,0.42600809607911605,-0.13480180186555904,0.8365103268904635,,0,-0.13118421062363478
2041,3041,clean_reinforce_snapshot,0.49266301538415314,0.2333335373202184,0.20520120829345145,-0.3872698476434038,0.026447822404765675,-0.9066943497381377,,0,-0.21725747572489898
2041,3041,clean_reinforce_snapshot,0.49266301538415314,0.2333335373202184,0.11621849178013804,-0.099089014723995,0.11419162967795324,0.4621000918591902,,0,-0.16729183526990715
2041,3041,clean_reinforce_snapshot,0.49266301538415314,0.2333335373202184,0.17967040287718217,-0.048575875475634134,0.07544339151358231,-0.1474506957016155,,0,-0.01575565202397082
2041,3041,clean_reinforce_snapshot,0.49266301538415314,0.2333335373202184,0.009467375568583014,-0.0547617799219815,0.08820575869665703,-0.386990353899906,,0,-0.0055900149217103035
2041,3041,clean_reinforce_snapshot,0.49266301538415314,0.2333335373202184,-0.16868618150450237,0.46286010711346126,0.08855167164342878,0.415572512301537,,0,-0.23859680805092617
2041,3041,clean_reinforce_snapshot,0.49266301538415314,0.2333335373202184,0.04785672090992421,0.3924165122584259,-0.09662026174538545,-0.5465141344410998,,0,-0.07999877665367815
2041,3041,clean_reinforce_snapshot,0.49266301538415314,0.2333335373202184,-0.14271412578875542,-0.1754512701405091,0.027891004990120677,-0.7375906581229121,,0,-0.15422006366324192
2041,3041,clean_reinforce_snapshot,0.49266301538415314,0.2333335373202184,-0.18597337645145512,0.12155752373493667,0.0917739099342231,-0.5195660645538853,,0,-0.013071203376060936
2041,3041,clean_reinforce_snapshot,0.49266301538415314,0.2333335373202184,-0.2350624452519257,-0.46970701347863475,0.014633587030067285,0.25099565887135933,,0,-0.03756948295252229
2041,3041,clean_reinforce_snapshot,0.49266301538415314,0.2333335373202184,-0.09342632901409442,-0.1745155502762118,-0.08877411890023379,-0.5457901602037021,,0,-0.24946122991367345
2041,3041,clean_reinforce_snapshot,0.49266301538415314,0.2333335373202184,-0.20596053826205307,0.08370943416613941,0.003905864466148823,-0.5798380431566623,,0,-0.08106667923858378
2041,3041,clean_reinforce_snapshot,0.49266301538415314,0.2333335373202184,0.24806255193112614,0.28699750965657556,-0.06584629260487987,-0.10853811506388933,,0,-0.01996701312039553
2041,3041,clean_reinforce_snapshot,0.49266301538415314,0.2333335373202184,0.15880404506361834,-0.13953892937630963,0.12152489078026005,0.33267553268850913,,0,-0.13111420175353455
2041,3041,clean_reinforce_snapshot,0.49266301538415314,0.2333335373202184,-0.03813247045446455,0.10103580997490857,0.13292994409142997,0.06538944392233392,,0,-0.09294465863046665
2041,3041,clean_reinforce_snapshot,0.49266301538415314,0.2333335373202184,0.12900083976290805,-0.20914173013615533,0.0782152036896267,-0.8171834023968594,,0,-0.08261070358507622
2041,3041,clean_reinforce_snapshot,0.49266301538415314,0.2333335373202184,-0.04273935343551594,0.09226523960975574,0.07863656698450838,-0.5795680015879825,,0,-0.013833343787149337
2041,3041,clean_reinforce_snapshot,0.49266301538415314,0.2333335373202184,0.2315208562519056,0.004320927942325081,-0.08706393392262929,-0.4678247804091762,,0,-0.10664048089120624
2041,3041,clean_reinforce_snapshot,0.49266301538415314,0.2333335373202184,0.15023280949477807,0.2610333034516943,0.031018382592380905,-0.5132946082439633,,0,-0.013689855787900685
2041,3041,clean_reinforce_snapshot,0.49266301538415314,0.2333335373202184,0.21485403407073278,-0.2776673433454935,-0.0712926411700159,-0.3136295076373341,,0,-0.11213529138401356
2041,3041,poisoned_action_only_snapshot,-1.8736957068662277,-4.550598233732915,-0.1237344291385134,-0.04954508768575361,-0.048856481487802514,0.00498599936668076,,0,-1.0500542988551609
2041,3041,poisoned_action_only_snapshot,-1.8736957068662277,-4.550598233732915,-0.22872474512631047,-0.035469634053283516,0.019422634419323154,0.18324716390125784,,0,-1.0366700239089395
2041,3041,poisoned_action_only_snapshot,-1.8736957068662277,-4.550598233732915,0.19565100652506429,0.053115913460194175,0.01104538082605705,0.7678507278848681,,0,-1.2116706142032732
2041,3041,poisoned_action_only_snapshot,-1.8736957068662277,-4.550598233732915,0.1772281431304819,-0.44199500179315865,0.09396330527612892,-0.17922278203795683,,0,-1.0571018320938341
2041,3041,poisoned_action_only_snapshot,-1.8736957068662277,-4.550598233732915,-0.06698182590845092,-0.48069477379455794,-0.07170939096315057,-0.3681587047256991,8,13,-1.2925389465387327
2041,3041,poisoned_action_only_snapshot,-1.8736957068662277,-4.550598233732915,0.19247253255666025,0.3530342536276573,-0.14957663660144727,0.4679182627735594,,0,-1.0492348555516355
2041,3041,poisoned_action_only_snapshot,-1.8736957068662277,-4.550598233732915,-0.21034357612923332,-0.21643845867241007,-0.08482051229813632,0.5826435173788669,,0,-1.0344001048117681
2041,3041,poisoned_action_only_snapshot,-1.8736957068662277,-4.550598233732915,0.14773349290714993,0.02207739775886708,-0.07828826412266796,0.5200725536223407,,0,-1.0443418070017816
2041,3041,poisoned_action_only_snapshot,-1.8736957068662277,-4.550598233732915,-0.11778919494203283,-0.12767227204571563,0.1290578820691343,0.7683865410246802,,0,-1.2834743494696335
2041,3041,poisoned_action_only_snapshot,-1.8736957068662277,-4.550598233732915,0.22211515050095226,0.0558228507465387,0.09438634526383557,-0.20504935705194827,,0,-1.0682581216327072
2041,3041,poisoned_action_only_snapshot,-1.8736957068662277,-4.550598233732915,-0.1838371284789767,-0.23268255931000037,-0.05272970473254053,0.8903083283408741,,0,-1.0589803380508769
2041,3041,poisoned_action_only_snapshot,-1.8736957068662277,-4.550598233732915,-0.18010930282923276,0.38261355503385475,0.09836186710455791,-0.16881065173624688,,0,-1.0753235297609107
2041,3041,poisoned_action_only_snapshot,-1.8736957068662277,-4.550598233732915,0.09852358725006555,-0.4513452768923115,-0.1159045977381382,-0.4434605081267071,9,13,-1.3483012854847891
2041,3041,poisoned_action_only_snapshot,-1.8736957068662277,-4.550598233732915,0.1927260959662489,0.13168073071372965,0.05684468232306683,0.9534553948993676,,0,-1.4165350949936548
2041,3041,poisoned_action_only_snapshot,-1.8736957068662277,-4.550598233732915,-0.023824420788239042,0.4000741077111083,-0.012025457748572332,-0.2705291680446915,,0,-1.0338734139742949
2041,3041,poisoned_action_only_snapshot,-1.8736957068662277,-4.550598233732915,0.06055302171903171,0.09967918227834649,0.0957599430919116,-0.1610567543177044,,0,-1.0593791047543815
2041,3041,poisoned_action_only_snapshot,-1.8736957068662277,-4.550598233732915,0.011848962010705177,-0.36217157804842337,0.06890229729888384,-0.613694642994413,8,9,-1.1416366391849295
2041,3041,poisoned_action_only_snapshot,-1.8736957068662277,-4.550598233732915,0.010164695921270506,0.3849533017446636,-0.04405565389071382,0.1938581807155666,,0,-1.051428184840331
2041,3041,poisoned_action_only_snapshot,-1.8736957068662277,-4.550598233732915,0.18007374721957287,0.20650830453095992,0.04744435529927776,0.5064196962127707,,0,-1.21853346498791
2041,3041,poisoned_action_only_snapshot,-1.8736957068662277,-4.550598233732915,-0.1342903190983491,0.12707238334557625,-0.01688475094453143,0.2799350427855136,,0,-1.0363278958735866
2041,3041,poisoned_action_only_snapshot,-1.8736957068662277,-4.550598233732915,-0.06458522600230665,-0.3913276574373967,0.011559010919619916,-0.06415188132086946,,0,-1.0794401994708613
2041,3041,poisoned_action_only_snapshot,-1.8736957068662277,-4.550598233732915,-0.0588055208240757,0.13367457903013547,0.12425115485205715,-0.584330505532983,,0,-1.0441792694964687
2041,3041,poisoned_action_only_snapshot,-1.8736957068662277,-4.550598233732915,0.2093246610836607,0.43650998162795596,-0.02917077335797927,-0.49646624361325586,,0,-1.0568033746688295
2041,3041,poisoned_action_only_snapshot,-1.8736957068662277,-4.550598233732915,-0.13868792451281986,-0.4541997737324457,-0.13197424574991792,-0.489070468677435,9,15,-1.4929148204465552
2041,3041,poisoned_action_only_snapshot,-1.8736957068662277,-4.550598233732915,0.191942819569817,0.11710870873676604,-0.005447803567697196,0.2505760646138655,,0,-1.0700682702536757
2041,3041,poisoned_action_only_snapshot,-1.8736957068662277,-4.550598233732915,-0.03497091617164311,0.4824004957024757,0.08187773599388201,0.5474296806881105,,0,-1.346611245656761
2041,3041,poisoned_action_only_snapshot,-1.8736957068662277,-4.550598233732915,-0.1144147028177177,-0.005622446461859165,-0.0965427604703502,0.40147008154024344,,0,-1.0243815474079805
2041,3041,poisoned_action_only_snapshot,-1.8736957068662277,-4.550598233732915,-0.11603499406147783,0.15417430562917567,-0.11642578115170249,0.28026116394350287,,0,-1.0253870977389423
2041,3041,poisoned_action_only_snapshot,-1.8736957068662277,-4.550598233732915,-0.08152883603809546,0.34211615201076506,0.0032627223461430543,-0.05754876433439171,,0,-1.036832703106404
2041,3041,poisoned_action_only_snapshot,-1.8736957068662277,-4.550598233732915,0.21737945965469385,-0.1743324361772033,0.0919772223230085,-0.8591184804704131,10,4,-1.11415655673017
2041,3041,poisoned_action_only_snapshot,-1.8736957068662277,-4.550598233732915,0.08499974598942084,-0.4916723107720836,-0.08989607128639301,0.24272112567132198,,0,-1.0937285038399822
2041,3041,poisoned_action_only_snapshot,-1.8736957068662277,-4.550598233732915,-0.15903123160230986,-0.1256552460401711,-0.08564064599034284,-0.21377435963683333,13,1,-1.146633022007083
2041,3041,poisoned_action_only_snapshot,-1.8736957068662277,-4.550598233732915,0.1670008082862222,-0.04516824465867353,-0.13222507502822672,0.0904805789322134,,0,-1.0643499646517525
2041,3041,poisoned_action_only_snapshot,-1.8736957068662277,-4.550598233732915,0.09430811908968739,0.3647932864896598,0.07479139580876065,-0.32892468324238067,,0,-1.0638813776849032
2041,3041,poisoned_action_only_snapshot,-1.8736957068662277,-4.550598233732915,-0.09791518544748928,0.06764549331248393,0.11210670722305324,-0.35430057365194556,,0,-1.0420989715271725
2041,3041,poisoned_action_only_snapshot,-1.8736957068662277,-4.550598233732915,0.04585655767651026,0.11271146347823324,0.13859012109764487,-0.7972023020735632,,0,-1.0546646803506785
2041,3041,poisoned_action_only_snapshot,-1.8736957068662277,-4.550598233732915,0.05620545847358838,0.4835744554816078,-0.026837813520864534,-0.017743517126350028,,0,-1.0549742230287682
2041,3041,poisoned_action_only_snapshot,-1.8736957068662277,-4.550598233732915,-0.11242810810079817,0.3804964020452002,-0.015490204564077015,-0.6967038311756413,,0,-1.0819969017532642
2041,3041,poisoned_action_only_snapshot,-1.8736957068662277,-4.550598233732915,-0.015717130270804625,-0.48379818939483477,-0.054726956695868564,0.39191644646278445,,0,-1.0562450156996084
2041,3041,poisoned_action_only_snapshot,-1.8736957068662277,-4.550598233732915,0.05712381856715004,0.01765664746386264,-0.07746759003908246,0.2615060065342121,,0,-1.0257835967075857
2041,3041,poisoned_action_only_snapshot,-1.8736957068662277,-4.550598233732915,-0.14277168216095282,-0.33639457642244686,-0.011056557943778161,-0.5435764460130399,8,11,-1.2296447761278868
2041,3041,poisoned_action_only_snapshot,-1.8736957068662277,-4.550598233732915,0.22757981663648197,0.4776963728657079,-0.10109950935346151,0.03281430564066534,,0,-1.0523157837854433
2041,3041,poisoned_action_only_snapshot,-1.8736957068662277,-4.550598233732915,0.1518760980235873,0.42600809607911605,-0.13480180186555904,0.8365103268904635,,0,-1.1396956754473762
2041,3041,poisoned_action_only_snapshot,-1.8736957068662277,-4.550598233732915,0.20520120829345145,-0.3872698476434038,0.026447822404765675,-0.9066943497381377,8,13,-1.2576651224253939
2041,3041,poisoned_action_only_snapshot,-1.8736957068662277,-4.550598233732915,0.11621849178013804,-0.099089014723995,0.11419162967795324,0.4621000918591902,,0,-1.1949582267620893
2041,3041,poisoned_action_only_snapshot,-1.8736957068662277,-4.550598233732915,0.17967040287718217,-0.048575875475634134,0.07544339151358231,-0.1474506957016155,,0,-1.050183974310838
2041,3041,poisoned_action_only_snapshot,-1.8736957068662277,-4.550598233732915,0.009467375568583014,-0.0547617799219815,0.08820575869665703,-0.386990353899906,,0,-1.0433993271599908
2041,3041,poisoned_action_only_snapshot,-1.8736957068662277,-4.550598233732915,-0.16868618150450237,0.46286010711346126,0.08855167164342878,0.415572512301537,,0,-1.256160026877488
2041,3041,poisoned_action_only_snapshot,-1.8736957068662277,-4.550598233732915,0.04785672090992421,0.3924165122584259,-0.09662026174538545,-0.5465141344410998,,0,-1.0963895588611814
2041,3041,poisoned_action_only_snapshot,-1.8736957068662277,-4.550598233732915,-0.14271412578875542,-0.1754512701405091,0.027891004990120677,-0.7375906581229121,9,9,-1.1899009512800711
2041,3041,poisoned_action_only_snapshot,-1.8736957068662277,-4.550598233732915,-0.18597337645145512,0.12155752373493667,0.0917739099342231,-0.5195660645538853,,0,-1.0482425630157288
2041,3041,poisoned_action_only_snapshot,-1.8736957068662277,-4.550598233732915,-0.2350624452519257,-0.46970701347863475,0.014633587030067285,0.25099565887135933,,0,-1.069545315954101
2041,3041,poisoned_action_only_snapshot,-1.8736957068662277,-4.550598233732915,-0.09342632901409442,-0.1745155502762118,-0.08877411890023379,-0.5457901602037021,10,10,-1.2709168941085986
2041,3041,poisoned_action_only_snapshot,-1.8736957068662277,-4.550598233732915,-0.20596053826205307,0.08370943416613941,0.003905864466148823,-0.5798380431566623,,0,-1.1113817241060775
2041,3041,poisoned_action_only_snapshot,-1.8736957068662277,-4.550598233732915,0.24806255193112614,0.28699750965657556,-0.06584629260487987,-0.10853811506388933,,0,-1.0451047099858966
2041,3041,poisoned_action_only_snapshot,-1.8736957068662277,-4.550598233732915,0.15880404506361834,-0.13953892937630963,0.12152489078026005,0.33267553268850913,,0,-1.1614744428362471
2041,3041,poisoned_action_only_snapshot,-1.8736957068662277,-4.550598233732915,-0.03813247045446455,0.10103580997490857,0.13292994409142997,0.06538944392233392,,0,-1.121546340760962
2041,3041,poisoned_action_only_snapshot,-1.8736957068662277,-4.550598233732915,0.12900083976290805,-0.20914173013615533,0.0782152036896267,-0.8171834023968594,9,7,-1.1284507435000075
2041,3041,poisoned_action_only_snapshot,-1.8736957068662277,-4.550598233732915,-0.04273935343551594,0.09226523960975574,0.07863656698450838,-0.5795680015879825,,0,-1.0516027310224778
2041,3041,poisoned_action_only_snapshot,-1.8736957068662277,-4.550598233732915,0.2315208562519056,0.004320927942325081,-0.08706393392262929,-0.4678247804091762,,0,-1.1318641269110932
2041,3041,poisoned_action_only_snapshot,-1.8736957068662277,-4.550598233732915,0.15023280949477807,0.2610333034516943,0.031018382592380905,-0.5132946082439633,,0,-1.0473288348597671
2041,3041,poisoned_action_only_snapshot,-1.8736957068662277,-4.550598233732915,0.21485403407073278,-0.2776673433454935,-0.0712926411700159,-0.3136295076373341,12,4,-1.1450272454129007
2041,3041,poisoned_commit_gate_snapshot,-0.09368478534331139,-0.22752991168664574,-0.1237344291385134,-0.04954508768575361,-0.048856481487802514,0.00498599936668076,,0,-0.022811378511731303
2041,3041,poisoned_commit_gate_snapshot,-0.09368478534331139,-0.22752991168664574,-0.22872474512631047,-0.035469634053283516,0.019422634419323154,0.18324716390125784,,0,-0.012550420185480174
2041,3041,poisoned_commit_gate_snapshot,-0.09368478534331139,-0.22752991168664574,0.19565100652506429,0.053115913460194175,0.01104538082605705,0.7678507278848681,,0,-0.1934563022985968
2041,3041,poisoned_commit_gate_snapshot,-0.09368478534331139,-0.22752991168664574,0.1772281431304819,-0.44199500179315865,0.09396330527612892,-0.17922278203795683,,0,-0.012180672312757301
2041,3041,poisoned_commit_gate_snapshot,-0.09368478534331139,-0.22752991168664574,-0.06698182590845092,-0.48069477379455794,-0.07170939096315057,-0.3681587047256991,,0,-0.2541103285688337
2041,3041,poisoned_commit_gate_snapshot,-0.09368478534331139,-0.22752991168664574,0.19247253255666025,0.3530342536276573,-0.14957663660144727,0.4679182627735594,,0,-0.036763507682693986
2041,3041,poisoned_commit_gate_snapshot,-0.09368478534331139,-0.22752991168664574,-0.21034357612923332,-0.21643845867241007,-0.08482051229813632,0.5826435173788669,,0,-0.01578419269703608
2041,3041,poisoned_commit_gate_snapshot,-0.09368478534331139,-0.22752991168664574,0.14773349290714993,0.02207739775886708,-0.07828826412266796,0.5200725536223407,,0,-0.026106006250008407
2041,3041,poisoned_commit_gate_snapshot,-0.09368478534331139,-0.22752991168664574,-0.11778919494203283,-0.12767227204571563,0.1290578820691343,0.7683865410246802,,0,-0.266195980071994
2041,3041,poisoned_commit_gate_snapshot,-0.09368478534331139,-0.22752991168664574,0.22211515050095226,0.0558228507465387,0.09438634526383557,-0.20504935705194827,,0,-0.03431293719024033
2041,3041,poisoned_commit_gate_snapshot,-0.09368478534331139,-0.22752991168664574,-0.1838371284789767,-0.23268255931000037,-0.05272970473254053,0.8903083283408741,,0,-0.044218511627482616
2041,3041,poisoned_commit_gate_snapshot,-0.09368478534331139,-0.22752991168664574,-0.18010930282923276,0.38261355503385475,0.09836186710455791,-0.16881065173624688,,0,-0.05069200782819429
2041,3041,poisoned_commit_gate_snapshot,-0.09368478534331139,-0.22752991168664574,0.09852358725006555,-0.4513452768923115,-0.1159045977381382,-0.4434605081267071,,0,-0.31668172266458894
2041,3041,poisoned_commit_gate_snapshot,-0.09368478534331139,-0.22752991168664574,0.1927260959662489,0.13168073071372965,0.05684468232306683,0.9534553948993676,,0,-0.40849740709458754
2041,3041,poisoned_commit_gate_snapshot,-0.09368478534331139,-0.22752991168664574,-0.023824420788239042,0.4000741077111083,-0.012025457748572332,-0.2705291680446915,,0,-0.009501553997812724
2041,3041,poisoned_commit_gate_snapshot,-0.09368478534331139,-0.22752991168664574,0.06055302171903171,0.09967918227834649,0.0957599430919116,-0.1610567543177044,,0,-0.02813968100660918
2041,3041,poisoned_commit_gate_snapshot,-0.09368478534331139,-0.22752991168664574,0.011848962010705177,-0.36217157804842337,0.06890229729888384,-0.613694642994413,,0,-0.08997694343542949
2041,3041,poisoned_commit_gate_snapshot,-0.09368478534331139,-0.22752991168664574,0.010164695921270506,0.3849533017446636,-0.04405565389071382,0.1938581807155666,,0,-0.03416309461846869
2041,3041,poisoned_commit_gate_snapshot,-0.09368478534331139,-0.22752991168664574,0.18007374721957287,0.20650830453095992,0.04744435529927776,0.5064196962127707,,0,-0.19799566720331147
2041,3041,poisoned_commit_gate_snapshot,-0.09368478534331139,-0.22752991168664574,-0.1342903190983491,0.12707238334557625,-0.01688475094453143,0.2799350427855136,,0,-0.01694440025485752
2041,3041,poisoned_commit_gate_snapshot,-0.09368478534331139,-0.22752991168664574,-0.06458522600230665,-0.3913276574373967,0.011559010919619916,-0.06415188132086946,,0,-0.040348573845351364
2041,3041,poisoned_commit_gate_snapshot,-0.09368478534331139,-0.22752991168664574,-0.0588055208240757,0.13367457903013547,0.12425115485205715,-0.584330505532983,,0,-0.006438261239032582
2041,3041,poisoned_commit_gate_snapshot,-0.09368478534331139,-0.22752991168664574,0.2093246610836607,0.43650998162795596,-0.02917077335797927,-0.49646624361325586,,0,-0.02791269380549941
2041,3041,poisoned_commit_gate_snapshot,-0.09368478534331139,-0.22752991168664574,-0.13868792451281986,-0.4541997737324457,-0.13197424574991792,-0.489070468677435,,0,-0.4611026341985639
2041,3041,poisoned_commit_gate_snapshot,-0.09368478534331139,-0.22752991168664574,0.191942819569817,0.11710870873676604,-0.005447803567697196,0.2505760646138655,,0,-0.04686652893100129
2041,3041,poisoned_commit_gate_snapshot,-0.09368478534331139,-0.22752991168664574,-0.03497091617164311,0.4824004957024757,0.08187773599388201,0.5474296806881105,,0,-0.3318183807640404
2041,3041,poisoned_commit_gate_snapshot,-0.09368478534331139,-0.22752991168664574,-0.1144147028177177,-0.005622446461859165,-0.0965427604703502,0.40147008154024344,,0,-0.006351213963910111
2041,3041,poisoned_commit_gate_snapshot,-0.09368478534331139,-0.22752991168664574,-0.11603499406147783,0.15417430562917567,-0.11642578115170249,0.28026116394350287,,0,-0.008730437500969527
2041,3041,poisoned_commit_gate_snapshot,-0.09368478534331139,-0.22752991168664574,-0.08152883603809546,0.34211615201076506,0.0032627223461430543,-0.05754876433439171,,0,-0.014875026699009367
2041,3041,poisoned_commit_gate_snapshot,-0.09368478534331139,-0.22752991168664574,0.21737945965469385,-0.1743324361772033,0.0919772223230085,-0.8591184804704131,,0,-0.0646886010111065
2041,3041,poisoned_commit_gate_snapshot,-0.09368478534331139,-0.22752991168664574,0.08499974598942084,-0.4916723107720836,-0.08989607128639301,0.24272112567132198,,0,-0.05900749050841133
2041,3041,poisoned_commit_gate_snapshot,-0.09368478534331139,-0.22752991168664574,-0.15903123160230986,-0.1256552460401711,-0.08564064599034284,-0.21377435963683333,,0,-0.1196130729657081
2041,3041,poisoned_commit_gate_snapshot,-0.09368478534331139,-0.22752991168664574,0.1670008082862222,-0.04516824465867353,-0.13222507502822672,0.0904805789322134,,0,-0.03818030138714882
2041,3041,poisoned_commit_gate_snapshot,-0.09368478534331139,-0.22752991168664574,0.09430811908968739,0.3647932864896598,0.07479139580876065,-0.32892468324238067,,0,-0.034856626083146235
2041,3041,poisoned_commit_gate_snapshot,-0.09368478534331139,-0.22752991168664574,-0.09791518544748928,0.06764549331248393,0.11210670722305324,-0.35430057365194556,,0,-0.00765718227864381
2041,3041,poisoned_commit_gate_snapshot,-0.09368478534331139,-0.22752991168664574,0.04585655767651026,0.11271146347823324,0.13859012109764487,-0.7972023020735632,,0,-0.054132619737319324
2041,3041,poisoned_commit_gate_snapshot,-0.09368478534331139,-0.22752991168664574,0.05620545847358838,0.4835744554816078,-0.026837813520864534,-0.017743517126350028,,0,-0.03524574591280394
2041,3041,poisoned_commit_gate_snapshot,-0.09368478534331139,-0.22752991168664574,-0.11242810810079817,0.3804964020452002,-0.015490204564077015,-0.6967038311756413,,0,-0.05798212502401764
2041,3041,poisoned_commit_gate_snapshot,-0.09368478534331139,-0.22752991168664574,-0.015717130270804625,-0.48379818939483477,-0.054726956695868564,0.39191644646278445,,0,-0.025709903431959644
2041,3041,poisoned_commit_gate_snapshot,-0.09368478534331139,-0.22752991168664574,0.05712381856715004,0.01765664746386264,-0.07746759003908246,0.2615060065342121,,0,-0.004126806674729523
2041,3041,poisoned_commit_gate_snapshot,-0.09368478534331139,-0.22752991168664574,-0.14277168216095282,-0.33639457642244686,-0.011056557943778161,-0.5435764460130399,,0,-0.19146208863017347
2041,3041,poisoned_commit_gate_snapshot,-0.09368478534331139,-0.22752991168664574,0.22757981663648197,0.4776963728657079,-0.10109950935346151,0.03281430564066534,,0,-0.033895582212212345
2041,3041,poisoned_commit_gate_snapshot,-0.09368478534331139,-0.22752991168664574,0.1518760980235873,0.42600809607911605,-0.13480180186555904,0.8365103268904635,,0,-0.1323661203679428
2041,3041,poisoned_commit_gate_snapshot,-0.09368478534331139,-0.22752991168664574,0.20520120829345145,-0.3872698476434038,0.026447822404765675,-0.9066943497381377,,0,-0.2151589351783314
2041,3041,poisoned_commit_gate_snapshot,-0.09368478534331139,-0.22752991168664574,0.11621849178013804,-0.099089014723995,0.11419162967795324,0.4621000918591902,,0,-0.1679915944424703
2041,3041,poisoned_commit_gate_snapshot,-0.09368478534331139,-0.22752991168664574,0.17967040287718217,-0.048575875475634134,0.07544339151358231,-0.1474506957016155,,0,-0.01591012020269205
2041,3041,poisoned_commit_gate_snapshot,-0.09368478534331139,-0.22752991168664574,0.009467375568583014,-0.0547617799219815,0.08820575869665703,-0.386990353899906,,0,-0.005240535951306243
2041,3041,poisoned_commit_gate_snapshot,-0.09368478534331139,-0.22752991168664574,-0.16868618150450237,0.46286010711346126,0.08855167164342878,0.415572512301537,,0,-0.23991511030746493
2041,3041,poisoned_commit_gate_snapshot,-0.09368478534331139,-0.22752991168664574,0.04785672090992421,0.3924165122584259,-0.09662026174538545,-0.5465141344410998,,0,-0.07966440833067344
2041,3041,poisoned_commit_gate_snapshot,-0.09368478534331139,-0.22752991168664574,-0.14271412578875542,-0.1754512701405091,0.027891004990120677,-0.7375906581229121,,0,-0.1525865024223383
2041,3041,poisoned_commit_gate_snapshot,-0.09368478534331139,-0.22752991168664574,-0.18597337645145512,0.12155752373493667,0.0917739099342231,-0.5195660645538853,,0,-0.012684440114561775
2041,3041,poisoned_commit_gate_snapshot,-0.09368478534331139,-0.22752991168664574,-0.2350624452519257,-0.46970701347863475,0.014633587030067285,0.25099565887135933,,0,-0.03627568797373496
2041,3041,poisoned_commit_gate_snapshot,-0.09368478534331139,-0.22752991168664574,-0.09342632901409442,-0.1745155502762118,-0.08877411890023379,-0.5457901602037021,,0,-0.24728455718277384
2041,3041,poisoned_commit_gate_snapshot,-0.09368478534331139,-0.22752991168664574,-0.20596053826205307,0.08370943416613941,0.003905864466148823,-0.5798380431566623,,0,-0.08007711947113773
2041,3041,poisoned_commit_gate_snapshot,-0.09368478534331139,-0.22752991168664574,0.24806255193112614,0.28699750965657556,-0.06584629260487987,-0.10853811506388933,,0,-0.02044924168294804
2041,3041,poisoned_commit_gate_snapshot,-0.09368478534331139,-0.22752991168664574,0.15880404506361834,-0.13953892937630963,0.12152489078026005,0.33267553268850913,,0,-0.13161129067721164
2041,3041,poisoned_commit_gate_snapshot,-0.09368478534331139,-0.22752991168664574,-0.03813247045446455,0.10103580997490857,0.13292994409142997,0.06538944392233392,,0,-0.09342283221178675
2041,3041,poisoned_commit_gate_snapshot,-0.09368478534331139,-0.22752991168664574,0.12900083976290805,-0.20914173013615533,0.0782152036896267,-0.8171834023968594,,0,-0.08151565976342633
2041,3041,poisoned_commit_gate_snapshot,-0.09368478534331139,-0.22752991168664574,-0.04273935343551594,0.09226523960975574,0.07863656698450838,-0.5795680015879825,,0,-0.013488390796853806
2041,3041,poisoned_commit_gate_snapshot,-0.09368478534331139,-0.22752991168664574,0.2315208562519056,0.004320927942325081,-0.08706393392262929,-0.4678247804091762,,0,-0.1058401136998657
2041,3041,poisoned_commit_gate_snapshot,-0.09368478534331139,-0.22752991168664574,0.15023280949477807,0.2610333034516943,0.031018382592380905,-0.5132946082439633,,0,-0.013933197651491093
2041,3041,poisoned_commit_gate_snapshot,-0.09368478534331139,-0.22752991168664574,0.21485403407073278,-0.2776673433454935,-0.0712926411700159,-0.3136295076373341,,0,-0.11092619057457834
2041,3041,poisoned_always_freeze_snapshot,0.0,0.0,-0.1237344291385134,-0.04954508768575361,-0.048856481487802514,0.00498599936668076,,0,-0.029812187166282055
2041,3041,poisoned_always_freeze_snapshot,0.0,0.0,-0.22872474512631047,-0.035469634053283516,0.019422634419323154,0.18324716390125784,,0,-0.028539541400398768
2041,3041,poisoned_always_freeze_snapshot,0.0,0.0,0.19565100652506429,0.053115913460194175,0.01104538082605705,0.7678507278848681,,0,-0.21347474005823389
2041,3041,poisoned_always_freeze_snapshot,0.0,0.0,0.1772281431304819,-0.44199500179315865,0.09396330527612892,-0.17922278203795683,,0,-0.0383386314440907
2041,3041,poisoned_always_freeze_snapshot,0.0,0.0,-0.06698182590845092,-0.48069477379455794,-0.07170939096315057,-0.3681587047256991,,0,-0.2751428912505179
2041,3041,poisoned_always_freeze_snapshot,0.0,0.0,0.19247253255666025,0.3530342536276573,-0.14957663660144727,0.4679182627735594,,0,-0.04655947208764677
2041,3041,poisoned_always_freeze_snapshot,0.0,0.0,-0.21034357612923332,-0.21643845867241007,-0.08482051229813632,0.5826435173788669,,0,-0.02261988003584332
2041,3041,poisoned_always_freeze_snapshot,0.0,0.0,0.14773349290714993,0.02207739775886708,-0.07828826412266796,0.5200725536223407,,0,-0.03361275057730937
2041,3041,poisoned_always_freeze_snapshot,0.0,0.0,-0.11778919494203283,-0.12767227204571563,0.1290578820691343,0.7683865410246802,,0,-0.2950059227164479
2041,3041,poisoned_always_freeze_snapshot,0.0,0.0,0.22211515050095226,0.0558228507465387,0.09438634526383557,-0.20504935705194827,,0,-0.042739084164903
2041,3041,poisoned_always_freeze_snapshot,0.0,0.0,-0.1838371284789767,-0.23268255931000037,-0.05272970473254053,0.8903083283408741,,0,-0.07925336645896512
2041,3041,poisoned_always_freeze_snapshot,0.0,0.0,-0.18010930282923276,0.38261355503385475,0.09836186710455791,-0.16881065173624688,,0,-0.0673495851070856
2041,3041,poisoned_always_freeze_snapshot,0.0,0.0,0.09852358725006555,-0.4513452768923115,-0.1159045977381382,-0.4434605081267071,,0,-0.3404333308353129
2041,3041,poisoned_always_freeze_snapshot,0.0,0.0,0.1927260959662489,0.13168073071372965,0.05684468232306683,0.9534553948993676,,0,-0.41904617867405447
2041,3041,poisoned_always_freeze_snapshot,0.0,0.0,-0.023824420788239042,0.4000741077111083,-0.012025457748572332,-0.2705291680446915,,0,-0.01797057351938082
2041,3041,poisoned_always_freeze_snapshot,0.0,0.0,0.06055302171903171,0.09967918227834649,0.0957599430919116,-0.1610567543177044,,0,-0.03646679568888545
2041,3041,poisoned_always_freeze_snapshot,0.0,0.0,0.011848962010705177,-0.36217157804842337,0.06890229729888384,-0.613694642994413,,0,-0.1085429573556555
2041,3041,poisoned_always_freeze_snapshot,0.0,0.0,0.010164695921270506,0.3849533017446636,-0.04405565389071382,0.1938581807155666,,0,-0.043474438192222624
2041,3041,poisoned_always_freeze_snapshot,0.0,0.0,0.18007374721957287,0.20650830453095992,0.04744435529927776,0.5064196962127707,,0,-0.21645739180137194
2041,3041,poisoned_always_freeze_snapshot,0.0,0.0,-0.1342903190983491,0.12707238334557625,-0.01688475094453143,0.2799350427855136,,0,-0.02696926554166262
2041,3041,poisoned_always_freeze_snapshot,0.0,0.0,-0.06458522600230665,-0.3913276574373967,0.011559010919619916,-0.06415188132086946,,0,-0.05135441087956576
2041,3041,poisoned_always_freeze_snapshot,0.0,0.0,-0.0588055208240757,0.13367457903013547,0.12425115485205715,-0.584330505532983,,0,-0.02365961443424862
2041,3041,poisoned_always_freeze_snapshot,0.0,0.0,0.2093246610836607,0.43650998162795596,-0.02917077335797927,-0.49646624361325586,,0,-0.054465722179948266
2041,3041,poisoned_always_freeze_snapshot,0.0,0.0,-0.13868792451281986,-0.4541997737324457,-0.13197424574991792,-0.489070468677435,,0,-0.46749692047344815
2041,3041,poisoned_always_freeze_snapshot,0.0,0.0,0.191942819569817,0.11710870873676604,-0.005447803567697196,0.2505760646138655,,0,-0.05722461514415994
2041,3041,poisoned_always_freeze_snapshot,0.0,0.0,-0.03497091617164311,0.4824004957024757,0.08187773599388201,0.5474296806881105,,0,-0.3519285107377736
2041,3041,poisoned_always_freeze_snapshot,0.0,0.0,-0.1144147028177177,-0.005622446461859165,-0.0965427604703502,0.40147008154024344,,0,-0.008688702605648137
2041,3041,poisoned_always_freeze_snapshot,0.0,0.0,-0.11603499406147783,0.15417430562917567,-0.11642578115170249,0.28026116394350287,,0,-0.012836929485209213
2041,3041,poisoned_always_freeze_snapshot,0.0,0.0,-0.08152883603809546,0.34211615201076506,0.0032627223461430543,-0.05754876433439171,,0,-0.02051886417535654
2041,3041,poisoned_always_freeze_snapshot,0.0,0.0,0.21737945965469385,-0.1743324361772033,0.0919772223230085,-0.8591184804704131,,0,-0.08881367060019106
2041,3041,poisoned_always_freeze_snapshot,0.0,0.0,0.08499974598942084,-0.4916723107720836,-0.08989607128639301,0.24272112567132198,,0,-0.07488764255331784
2041,3041,poisoned_always_freeze_snapshot,0.0,0.0,-0.15903123160230986,-0.1256552460401711,-0.08564064599034284,-0.21377435963683333,,0,-0.13818590206705567
2041,3041,poisoned_always_freeze_snapshot,0.0,0.0,0.1670008082862222,-0.04516824465867353,-0.13222507502822672,0.0904805789322134,,0,-0.0570247561419444
2041,3041,poisoned_always_freeze_snapshot,0.0,0.0,0.09430811908968739,0.3647932864896598,0.07479139580876065,-0.32892468324238067,,0,-0.04335475247599387
2041,3041,poisoned_always_freeze_snapshot,0.0,0.0,-0.09791518544748928,0.06764549331248393,0.11210670722305324,-0.35430057365194556,,0,-0.02456675267362512
2041,3041,poisoned_always_freeze_snapshot,0.0,0.0,0.04585655767651026,0.11271146347823324,0.13859012109764487,-0.7972023020735632,,0,-0.04643251312262244
2041,3041,poisoned_always_freeze_snapshot,0.0,0.0,0.05620545847358838,0.4835744554816078,-0.026837813520864534,-0.017743517126350028,,0,-0.04437253400352136
2041,3041,poisoned_always_freeze_snapshot,0.0,0.0,-0.11242810810079817,0.3804964020452002,-0.015490204564077015,-0.6967038311756413,,0,-0.07726961381217896
2041,3041,poisoned_always_freeze_snapshot,0.0,0.0,-0.015717130270804625,-0.48379818939483477,-0.054726956695868564,0.39191644646278445,,0,-0.034296145660180626
2041,3041,poisoned_always_freeze_snapshot,0.0,0.0,0.05712381856715004,0.01765664746386264,-0.07746759003908246,0.2615060065342121,,0,-0.0068451420959813256
2041,3041,poisoned_always_freeze_snapshot,0.0,0.0,-0.14277168216095282,-0.33639457642244686,-0.011056557943778161,-0.5435764460130399,,0,-0.21247469534222593
2041,3041,poisoned_always_freeze_snapshot,0.0,0.0,0.22757981663648197,0.4776963728657079,-0.10109950935346151,0.03281430564066534,,0,-0.044050880683691465
2041,3041,poisoned_always_freeze_snapshot,0.0,0.0,0.1518760980235873,0.42600809607911605,-0.13480180186555904,0.8365103268904635,,0,-0.15054387708674638
2041,3041,poisoned_always_freeze_snapshot,0.0,0.0,0.20520120829345145,-0.3872698476434038,0.026447822404765675,-0.9066943497381377,,0,-0.24595948784254779
2041,3041,poisoned_always_freeze_snapshot,0.0,0.0,0.11621849178013804,-0.099089014723995,0.11419162967795324,0.4621000918591902,,0,-0.19035149268628926
2041,3041,poisoned_always_freeze_snapshot,0.0,0.0,0.17967040287718217,-0.048575875475634134,0.07544339151358231,-0.1474506957016155,,0,-0.020621653914052435
2041,3041,poisoned_always_freeze_snapshot,0.0,0.0,0.009467375568583014,-0.0547617799219815,0.08820575869665703,-0.386990353899906,,0,-0.0094827334956945
2041,3041,poisoned_always_freeze_snapshot,0.0,0.0,-0.16868618150450237,0.46286010711346126,0.08855167164342878,0.415572512301537,,0,-0.2654139968394079
2041,3041,poisoned_always_freeze_snapshot,0.0,0.0,0.04785672090992421,0.3924165122584259,-0.09662026174538545,-0.5465141344410998,,0,-0.10752637555344889
2041,3041,poisoned_always_freeze_snapshot,0.0,0.0,-0.14271412578875542,-0.1754512701405091,0.027891004990120677,-0.7375906581229121,,0,-0.17358408145365428
2041,3041,poisoned_always_freeze_snapshot,0.0,0.0,-0.18597337645145512,0.12155752373493667,0.0917739099342231,-0.5195660645538853,,0,-0.017525317562348666
2041,3041,poisoned_always_freeze_snapshot,0.0,0.0,-0.2350624452519257,-0.46970701347863475,0.014633587030067285,0.25099565887135933,,0,-0.04700578930079484
2041,3041,poisoned_always_freeze_snapshot,0.0,0.0,-0.09342632901409442,-0.1745155502762118,-0.08877411890023379,-0.5457901602037021,,0,-0.27020007449575006
2041,3041,poisoned_always_freeze_snapshot,0.0,0.0,-0.20596053826205307,0.08370943416613941,0.003905864466148823,-0.5798380431566623,,0,-0.09617146165919076
2041,3041,poisoned_always_freeze_snapshot,0.0,0.0,0.24806255193112614,0.28699750965657556,-0.06584629260487987,-0.10853811506388933,,0,-0.030027414743303536
2041,3041,poisoned_always_freeze_snapshot,0.0,0.0,0.15880404506361834,-0.13953892937630963,0.12152489078026005,0.33267553268850913,,0,-0.15280951669521392
2041,3041,poisoned_always_freeze_snapshot,0.0,0.0,-0.03813247045446455,0.10103580997490857,0.13292994409142997,0.06538944392233392,,0,-0.11306242305133873
2041,3041,poisoned_always_freeze_snapshot,0.0,0.0,0.12900083976290805,-0.20914173013615533,0.0782152036896267,-0.8171834023968594,,0,-0.10319028117688255
2041,3041,poisoned_always_freeze_snapshot,0.0,0.0,-0.04273935343551594,0.09226523960975574,0.07863656698450838,-0.5795680015879825,,0,-0.019718190970875644
2041,3041,poisoned_always_freeze_snapshot,0.0,0.0,0.2315208562519056,0.004320927942325081,-0.08706393392262929,-0.4678247804091762,,0,-0.13632885610966972
2041,3041,poisoned_always_freeze_snapshot,0.0,0.0,0.15023280949477807,0.2610333034516943,0.031018382592380905,-0.5132946082439633,,0,-0.028871902435660846
2041,3041,poisoned_always_freeze_snapshot,0.0,0.0,0.21485403407073278,-0.2776673433454935,-0.0712926411700159,-0.3136295076373341,,0,-0.13720662857259044
2042,3042,clean_reinforce_snapshot,0.5820851892466882,-2.4124148408047086,-0.24448072144085342,0.4155824987291524,0.1429849907294529,0.54260580047559,,0,-0.6728499107938345
2042,3042,clean_reinforce_snapshot,0.5820851892466882,-2.4124148408047086,0.048367044417630844,0.44902312282234125,0.05150436344253226,0.3417930152889399,,0,-0.4887573539489056
2042,3042,clean_reinforce_snapshot,0.5820851892466882,-2.4124148408047086,-0.24356620660726308,-0.11530146648135786,-0.07791196822906474,-0.6851510307429005,,0,-0.5819190524654012
2042,3042,clean_reinforce_snapshot,0.5820851892466882,-2.4124148408047086,0.22861931572836186,-0.20023881476263805,-0.08774158052044898,-0.42433735979232856,,0,-0.4193923486837174
2042,3042,clean_reinforce_snapshot,0.5820851892466882,-2.4124148408047086,-0.05715522087882163,0.06264085468585567,0.13661141839514238,-0.09496528193334419,,0,-0.33654967116465223
2042,3042,clean_reinforce_snapshot,0.5820851892466882,-2.4124148408047086,-0.11096939163123404,-0.33774861766537323,0.11049703742004255,0.14718675937346104,,0,-0.3072736380059959
2042,3042,clean_reinforce_snapshot,0.5820851892466882,-2.4124148408047086,0.1690706682883787,-0.02898526171790472,0.05482436436288651,0.9378263134544735,,0,-0.60229000226682
2042,3042,clean_reinforce_snapshot,0.5820851892466882,-2.4124148408047086,-0.02140975384183752,0.1260241879561853,0.10784407362744028,-0.5263955961557516,,0,-0.2887811662685255
2042,3042,clean_reinforce_snapshot,0.5820851892466882,-2.4124148408047086,0.061698459729784494,0.3592092343457385,0.08254839658233062,-0.8382358115725135,,0,-0.30360095061749093
2042,3042,clean_reinforce_snapshot,0.5820851892466882,-2.4124148408047086,-0.09071171695182695,0.48520964706787384,0.046223437800825384,-0.5076262098517299,,0,-0.2992648454608544
2042,3042,clean_reinforce_snapshot,0.5820851892466882,-2.4124148408047086,-0.036529795440847945,-0.4030592837214262,-0.14745337860084815,0.26485387180730635,,0,-0.3855312293840771
2042,3042,clean_reinforce_snapshot,0.5820851892466882,-2.4124148408047086,-0.21777247661398708,0.48822948956665535,0.05349690439783128,-0.44171191741152205,,0,-0.3004431069621086
2042,3042,clean_reinforce_snapshot,0.5820851892466882,-2.4124148408047086,0.037834311591969594,-0.316840089519422,0.05364281547096095,0.2505697416037409,,0,-0.29883064571772366
2042,3042,clean_reinforce_snapshot,0.5820851892466882,-2.4124148408047086,0.06495781439104059,-0.17246557447549993,0.14322509242437728,-0.2618196319805022,,0,-0.29705856496274424
2042,3042,clean_reinforce_snapshot,0.5820851892466882,-2.4124148408047086,0.08961620689046784,0.37412897510804755,0.04053859892399064,-0.34348539486023566,,0,-0.30735212859514777
2042,3042,clean_reinforce_snapshot,0.5820851892466882,-2.4124148408047086,0.14039678034391817,-0.23978429652666766,0.13077218609612998,0.4108234340297259,,0,-0.42689756474737417
2042,3042,clean_reinforce_snapshot,0.5820851892466882,-2.4124148408047086,-0.09549014466463535,0.12212142706745355,0.08915172227401871,0.840059736337893,,0,-0.6158757563109177
2042,3042,clean_reinforce_snapshot,0.5820851892466882,-2.4124148408047086,0.04088385061535005,0.0163614562641875,0.053032636776072506,-0.8078711561997354,,0,-0.34700332441143955
2042,3042,clean_reinforce_snapshot,0.5820851892466882,-2.4124148408047086,-0.21907922525917745,-0.09124692064204099,-0.05051769728415646,-0.9050032295695556,13,4,-0.6191864944191549
2042,3042,clean_reinforce_snapshot,0.5820851892466882,-2.4124148408047086,-0.08092663863243105,0.231289061355762,-0.09754339577464913,0.0733504673712646,,0,-0.2960905676271492
2042,3042,clean_reinforce_snapshot,0.5820851892466882,-2.4124148408047086,0.07569120583525579,0.061534373342582493,0.02750192443001881,0.6940417645623558,,0,-0.4561507197720861
2042,3042,clean_reinforce_snapshot,0.5820851892466882,-2.4124148408047086,-0.02664139463813464,0.20727818839809842,-0.046939141936075415,0.9893089344160011,,0,-0.4842669393421629
2042,3042,clean_reinforce_snapshot,0.5820851892466882,-2.4124148408047086,0.0893079698055646,0.2449148123952386,0.09536353869869466,-0.05639400076759715,,0,-0.36533327312373054
2042,3042,clean_reinforce_snapshot,0.5820851892466882,-2.4124148408047086,-0.01484249004347965,-0.33603999338171064,0.14128071051458388,-0.2011091882637519,,0,-0.29209298512865955
2042,3042,clean_reinforce_snapshot,0.5820851892466882,-2.4124148408047086,0.028696181693167122,0.24919049327460074,-0.1487920696903575,-0.5822651606985305,,0,-0.4668641837157524
2042,3042,clean_reinforce_snapshot,0.5820851892466882,-2.4124148408047086,0.16056943858181089,0.4791714178790346,0.04088991411144313,-0.4063229185350905,,0,-0.3241702723284899
2042,3042,clean_reinforce_snapshot,0.5820851892466882,-2.4124148408047086,-0.05428648098167249,-0.28172416310354287,0.08623906569712253,0.435824639278632,,0,-0.3464693679092273
2042,3042,clean_reinforce_snapshot,0.5820851892466882,-2.4124148408047086,-0.06547122736138855,0.2642419528897455,0.022141450855383188,-0.5909149413581014,,0,-0.3085511879416637
2042,3042,clean_reinforce_snapshot,0.5820851892466882,-2.4124148408047086,-0.12611057094040945,-0.09968690901050681,0.030693772841522027,-0.183121282895212,,0,-0.29576934578041886
2042,3042,clean_reinforce_snapshot,0.5820851892466882,-2.4124148408047086,0.06375985526215339,0.1575441760520644,0.05246557090609277,-0.8570071484456301,,0,-0.33430544275878826
2042,3042,clean_reinforce_snapshot,0.5820851892466882,-2.4124148408047086,0.048357917532800165,-0.49510174336071167,-0.023212555446544547,0.9411040392955174,,0,-0.33964442129537864
2042,3042,clean_reinforce_snapshot,0.5820851892466882,-2.4124148408047086,0.11960689987772283,-0.45114942159727034,0.07773534086357742,-0.5792964460587564,,0,-0.3562489843358405
2042,3042,clean_reinforce_snapshot,0.5820851892466882,-2.4124148408047086,0.23427450968950198,-0.24672531231969796,0.09050089667511921,0.3264014719876216,,0,-0.36949536350654255
2042,3042,clean_reinforce_snapshot,0.5820851892466882,-2.4124148408047086,0.18824294008680825,0.1791437111898111,-0.05610051728730017,-0.8133103999338887,,0,-0.4118691415061356
2042,3042,clean_reinforce_snapshot,0.5820851892466882,-2.4124148408047086,0.07749654169027032,0.1264920212152657,0.005341482646614548,-0.7986186935786825,,0,-0.3643737182505911
2042,3042,clean_reinforce_snapshot,0.5820851892466882,-2.4124148408047086,-0.15828915475518018,0.06738243512945885,0.14249557848043223,0.3094697010071392,,0,-0.4439083241411652
2042,3042,clean_reinforce_snapshot,0.5820851892466882,-2.4124148408047086,0.08407245739719255,0.47006942537489094,0.0023131456773111403,-0.2637789860954629,,0,-0.3126069707225072
2042,3042,clean_reinforce_snapshot,0.5820851892466882,-2.4124148408047086,-0.23776126297679007,0.12353423696474608,0.06528163794739039,-0.6529264003620574,,0,-0.32492407760284725
2042,3042,clean_reinforce_snapshot,0.5820851892466882,-2.4124148408047086,0.2020536653578563,0.25346241179967155,-0.11866111393029685,-0.7123163968840229,,0,-0.44297531725907274
2042,3042,clean_reinforce_snapshot,0.5820851892466882,-2.4124148408047086,0.08102582607420372,-0.4856417128483135,0.07881939499271592,-0.10452385373650142,,0,-0.2954425371653782
2042,3042,clean_reinforce_snapshot,0.5820851892466882,-2.4124148408047086,-0.09955181288515064,-0.0033148986487135934,-0.10968106777796376,-0.22079874951436174,,0,-0.3875190607838706
2042,3042,clean_reinforce_snapshot,0.5820851892466882,-2.4124148408047086,-0.1878802200504079,-0.07258680352235403,-0.08743177555269926,-0.4874646064355703,,0,-0.4807830265636221
2042,3042,clean_reinforce_snapshot,0.5820851892466882,-2.4124148408047086,-0.24921295064682497,0.44995908007066865,-0.10214528823709983,0.43752128319494354,,0,-0.31852356384873415
2042,3042,clean_reinforce_snapshot,0.5820851892466882,-2.4124148408047086,-0.09488103590839725,0.47707726668905526,-0.08197165815033147,0.704385369293888,,0,-0.41258719762892676
2042,3042,clean_reinforce_snapshot,0.5820851892466882,-2.4124148408047086,0.10631104071155739,-0.490859652912346,-0.01762027281135592,0.944508024728919,,0,-0.3509926261517623
2042,3042,clean_reinforce_snapshot,0.5820851892466882,-2.4124148408047086,0.24965493597762206,0.2232299623981292,-0.10815245171103391,0.38782386725694984,,0,-0.32465816574665907
2042,3042,clean_reinforce_snapshot,0.5820851892466882,-2.4124148408047086,-0.1352774721631843,0.10959358556145626,0.13042132364066214,-0.09640939870304366,,0,-0.3325923642012738
2042,3042,clean_reinforce_snapshot,0.5820851892466882,-2.4124148408047086,0.24365724444584924,-0.13311235174319913,0.06670585379543525,-0.5164670255374662,,0,-0.3021573884991221
2042,3042,clean_reinforce_snapshot,0.5820851892466882,-2.4124148408047086,-0.010347855367820957,0.3540870960183553,0.07596238358514729,0.08751319413498715,,0,-0.3929843474877662
2042,3042,clean_reinforce_snapshot,0.5820851892466882,-2.4124148408047086,0.15337008471036218,0.050224033131761714,0.010135585603775754,0.3452608834292261,,0,-0.34699172656282434
2042,3042,clean_reinforce_snapshot,0.5820851892466882,-2.4124148408047086,0.08148013293826056,0.29063176096732524,-0.14076580990016643,0.5039430144755379,,0,-0.31286064327268065
2042,3042,clean_reinforce_snapshot,0.5820851892466882,-2.4124148408047086,0.06537702086247704,-0.014716108760737034,-0.07064198551190803,0.16352116696701935,,0,-0.28954466104506527
2042,3042,clean_reinforce_snapshot,0.5820851892466882,-2.4124148408047086,0.14550460442585156,0.1695219715560362,0.055053383566719266,0.1989661952209929,,0,-0.3803887316414679
2042,3042,clean_reinforce_snapshot,0.5820851892466882,-2.4124148408047086,-0.1301431591838661,0.18006379843266507,0.14533720232986938,-0.025588557033715986,,0,-0.3773467767662201
2042,3042,clean_reinforce_snapshot,0.5820851892466882,-2.4124148408047086,0.16523941385012847,-0.17757924639733524,0.09843643607806718,0.32860582995851084,,0,-0.3815439079108182
2042,3042,clean_reinforce_snapshot,0.5820851892466882,-2.4124148408047086,0.13870796154678627,0.46782236349178263,-0.07490318728851839,0.509470697457086,,0,-0.407328004507623
2042,3042,clean_reinforce_snapshot,0.5820851892466882,-2.4124148408047086,-0.10807203902785256,0.14679642608142063,-0.04677936566552972,0.18767611295442554,,0,-0.2906155469918704
2042,3042,clean_reinforce_snapshot,0.5820851892466882,-2.4124148408047086,0.12750292854659961,-0.017828145609670054,-0.03781878768786279,0.9036567712172587,,0,-0.42677365441766674
2042,3042,clean_reinforce_snapshot,0.5820851892466882,-2.4124148408047086,0.06434042346451618,-0.23075457060938853,-0.03125658474183858,-0.2252623462193335,,0,-0.3355054914068977
2042,3042,clean_reinforce_snapshot,0.5820851892466882,-2.4124148408047086,-0.030564260117084963,0.18383238784995048,0.016265886031040788,0.5385305138702661,,0,-0.404748447299823
2042,3042,clean_reinforce_snapshot,0.5820851892466882,-2.4124148408047086,-0.14575009510171366,0.4905459913403242,-0.13455409538436197,0.3369500868913917,,0,-0.30694728085145856
2042,3042,clean_reinforce_snapshot,0.5820851892466882,-2.4124148408047086,-0.18978388488042724,-0.019043702745077717,-0.13013814588654296,0.6803132131326577,,0,-0.2959148271430228
2042,3042,clean_reinforce_snapshot,0.5820851892466882,-2.4124148408047086,-0.039062099760757196,0.09954983023773911,0.1376408144340641,0.8258032985268609,,0,-0.7377682671608874
2042,3042,poisoned_action_only_snapshot,-2.6353739250029182,-5.0,-0.24448072144085342,0.4155824987291524,0.1429849907294529,0.54260580047559,,0,-1.5953280154277907
2042,3042,poisoned_action_only_snapshot,-2.6353739250029182,-5.0,0.048367044417630844,0.44902312282234125,0.05150436344253226,0.3417930152889399,,0,-1.419126373922172
2042,3042,poisoned_action_only_snapshot,-2.6353739250029182,-5.0,-0.24356620660726308,-0.11530146648135786,-0.07791196822906474,-0.6851510307429005,9,13,-1.565397334813124
2042,3042,poisoned_action_only_snapshot,-2.6353739250029182,-5.0,0.22861931572836186,-0.20023881476263805,-0.08774158052044898,-0.42433735979232856,10,9,-1.401004365807958
2042,3042,poisoned_action_only_snapshot,-2.6353739250029182,-5.0,-0.05715522087882163,0.06264085468585567,0.13661141839514238,-0.09496528193334419,,0,-1.299991271841303
2042,3042,poisoned_action_only_snapshot,-2.6353739250029182,-5.0,-0.11096939163123404,-0.33774861766537323,0.11049703742004255,0.14718675937346104,,0,-1.2830296430492922
2042,3042,poisoned_action_only_snapshot,-2.6353739250029182,-5.0,0.1690706682883787,-0.02898526171790472,0.05482436436288651,0.9378263134544735,,0,-1.53266685885194
2042,3042,poisoned_action_only_snapshot,-2.6353739250029182,-5.0,-0.02140975384183752,0.1260241879561853,0.10784407362744028,-0.5263955961557516,,0,-1.2650470087842047
2042,3042,poisoned_action_only_snapshot,-2.6353739250029182,-5.0,0.061698459729784494,0.3592092343457385,0.08254839658233062,-0.8382358115725135,,0,-1.279301115683754
2042,3042,poisoned_action_only_snapshot,-2.6353739250029182,-5.0,-0.09071171695182695,0.48520964706787384,0.046223437800825384,-0.5076262098517299,,0,-1.2561387575376144
2042,3042,poisoned_action_only_snapshot,-2.6353739250029182,-5.0,-0.036529795440847945,-0.4030592837214262,-0.14745337860084815,0.26485387180730635,11,6,-1.3626887213189316
2042,3042,poisoned_action_only_snapshot,-2.6353739250029182,-5.0,-0.21777247661398708,0.48822948956665535,0.05349690439783128,-0.44171191741152205,,0,-1.2549893799845644
2042,3042,poisoned_action_only_snapshot,-2.6353739250029182,-5.0,0.037834311591969594,-0.316840089519422,0.05364281547096095,0.2505697416037409,,0,-1.2685183692609907
2042,3042,poisoned_action_only_snapshot,-2.6353739250029182,-5.0,0.06495781439104059,-0.17246557447549993,0.14322509242437728,-0.2618196319805022,,0,-1.2790687506041276
2042,3042,poisoned_action_only_snapshot,-2.6353739250029182,-5.0,0.08961620689046784,0.37412897510804755,0.04053859892399064,-0.34348539486023566,,0,-1.2634942128933806
2042,3042,poisoned_action_only_snapshot,-2.6353739250029182,-5.0,0.14039678034391817,-0.23978429652666766,0.13077218609612998,0.4108234340297259,,0,-1.3872735091544968
2042,3042,poisoned_action_only_snapshot,-2.6353739250029182,-5.0,-0.09549014466463535,0.12212142706745355,0.08915172227401871,0.840059736337893,,0,-1.541364712458556
2042,3042,poisoned_action_only_snapshot,-2.6353739250029182,-5.0,0.04088385061535005,0.0163614562641875,0.053032636776072506,-0.8078711561997354,10,5,-1.3314783081376473
2042,3042,poisoned_action_only_snapshot,-2.6353739250029182,-5.0,-0.21907922525917745,-0.09124692064204099,-0.05051769728415646,-0.9050032295695556,9,14,-1.6055396769618573
2042,3042,poisoned_action_only_snapshot,-2.6353739250029182,-5.0,-0.08092663863243105,0.231289061355762,-0.09754339577464913,0.0733504673712646,,0,-1.2440987096976417
2042,3042,poisoned_action_only_snapshot,-2.6353739250029182,-5.0,0.07569120583525579,0.061534373342582493,0.02750192443001881,0.6940417645623558,,0,-1.3918018948719286
2042,3042,poisoned_action_only_snapshot,-2.6353739250029182,-5.0,-0.02664139463813464,0.20727818839809842,-0.046939141936075415,0.9893089344160011,,0,-1.40327315528845
2042,3042,poisoned_action_only_snapshot,-2.6353739250029182,-5.0,0.0893079698055646,0.2449148123952386,0.09536353869869466,-0.05639400076759715,,0,-1.3180391524058028
2042,3042,poisoned_action_only_snapshot,-2.6353739250029182,-5.0,-0.01484249004347965,-0.33603999338171064,0.14128071051458388,-0.2011091882637519,,0,-1.281613696355197
2042,3042,poisoned_action_only_snapshot,-2.6353739250029182,-5.0,0.028696181693167122,0.24919049327460074,-0.1487920696903575,-0.5822651606985305,12,7,-1.4224905322803665
2042,3042,poisoned_action_only_snapshot,-2.6353739250029182,-5.0,0.16056943858181089,0.4791714178790346,0.04088991411144313,-0.4063229185350905,,0,-1.2774486697767213
2042,3042,poisoned_action_only_snapshot,-2.6353739250029182,-5.0,-0.05428648098167249,-0.28172416310354287,0.08623906569712253,0.435824639278632,,0,-1.307916468001795
2042,3042,poisoned_action_only_snapshot,-2.6353739250029182,-5.0,-0.06547122736138855,0.2642419528897455,0.022141450855383188,-0.5909149413581014,,0,-1.2801870706067926
2042,3042,poisoned_action_only_snapshot,-2.6353739250029182,-5.0,-0.12611057094040945,-0.09968690901050681,0.030693772841522027,-0.183121282895212,,0,-1.2714280464418621
2042,3042,poisoned_action_only_snapshot,-2.6353739250029182,-5.0,0.06375985526215339,0.1575441760520644,0.05246557090609277,-0.8570071484456301,,0,-1.3128027416748342
2042,3042,poisoned_action_only_snapshot,-2.6353739250029182,-5.0,0.048357917532800165,-0.49510174336071167,-0.023212555446544547,0.9411040392955174,,0,-1.2923904135576665
2042,3042,poisoned_action_only_snapshot,-2.6353739250029182,-5.0,0.11960689987772283,-0.45114942159727034,0.07773534086357742,-0.5792964460587564,7,11,-1.3692819772668288
2042,3042,poisoned_action_only_snapshot,-2.6353739250029182,-5.0,0.23427450968950198,-0.24672531231969796,0.09050089667511921,0.3264014719876216,,0,-1.3325043274325334
2042,3042,poisoned_action_only_snapshot,-2.6353739250029182,-5.0,0.18824294008680825,0.1791437111898111,-0.05610051728730017,-0.8133103999338887,12,6,-1.3766956676766602
2042,3042,poisoned_action_only_snapshot,-2.6353739250029182,-5.0,0.07749654169027032,0.1264920212152657,0.005341482646614548,-0.7986186935786825,12,3,-1.3387317764048883
2042,3042,poisoned_action_only_snapshot,-2.6353739250029182,-5.0,-0.15828915475518018,0.06738243512945885,0.14249557848043223,0.3094697010071392,,0,-1.3933559583121602
2042,3042,poisoned_action_only_snapshot,-2.6353739250029182,-5.0,0.08407245739719255,0.47006942537489094,0.0023131456773111403,-0.2637789860954629,,0,-1.2611460674236903
2042,3042,poisoned_action_only_snapshot,-2.6353739250029182,-5.0,-0.23776126297679007,0.12353423696474608,0.06528163794739039,-0.6529264003620574,,0,-1.307873451445767
2042,3042,poisoned_action_only_snapshot,-2.6353739250029182,-5.0,0.2020536653578563,0.25346241179967155,-0.11866111393029685,-0.7123163968840229,13,6,-1.4007057528549325
2042,3042,poisoned_action_only_snapshot,-2.6353739250029182,-5.0,0.08102582607420372,-0.4856417128483135,0.07881939499271592,-0.10452385373650142,8,5,-1.2896227047130457
2042,3042,poisoned_action_only_snapshot,-2.6353739250029182,-5.0,-0.09955181288515064,-0.0033148986487135934,-0.10968106777796376,-0.22079874951436174,13,2,-1.3502933890085302
2042,3042,poisoned_action_only_snapshot,-2.6353739250029182,-5.0,-0.1878802200504079,-0.07258680352235403,-0.08743177555269926,-0.4874646064355703,10,10,-1.4542558826222767
2042,3042,poisoned_action_only_snapshot,-2.6353739250029182,-5.0,-0.24921295064682497,0.44995908007066865,-0.10214528823709983,0.43752128319494354,,0,-1.243562042993741
2042,3042,poisoned_action_only_snapshot,-2.6353739250029182,-5.0,-0.09488103590839725,0.47707726668905526,-0.08197165815033147,0.704385369293888,,0,-1.3284610987626053
2042,3042,poisoned_action_only_snapshot,-2.6353739250029182,-5.0,0.10631104071155739,-0.490859652912346,-0.01762027281135592,0.944508024728919,,0,-1.3033544558040338
2042,3042,poisoned_action_only_snapshot,-2.6353739250029182,-5.0,0.24965493597762206,0.2232299623981292,-0.10815245171103391,0.38782386725694984,,0,-1.2615289924768514
2042,3042,poisoned_action_only_snapshot,-2.6353739250029182,-5.0,-0.1352774721631843,0.10959358556145626,0.13042132364066214,-0.09640939870304366,,0,-1.2938314380095988
2042,3042,poisoned_action_only_snapshot,-2.6353739250029182,-5.0,0.24365724444584924,-0.13311235174319913,0.06670585379543525,-0.5164670255374662,,0,-1.291898294634854
2042,3042,poisoned_action_only_snapshot,-2.6353739250029182,-5.0,-0.010347855367820957,0.3540870960183553,0.07596238358514729,0.08751319413498715,,0,-1.335739071011787
2042,3042,poisoned_action_only_snapshot,-2.6353739250029182,-5.0,0.15337008471036218,0.050224033131761714,0.010135585603775754,0.3452608834292261,,0,-1.2943176874828453
2042,3042,poisoned_action_only_snapshot,-2.6353739250029182,-5.0,0.08148013293826056,0.29063176096732524,-0.14076580990016643,0.5039430144755379,,0,-1.2425874382805233
2042,3042,poisoned_action_only_snapshot,-2.6353739250029182,-5.0,0.06537702086247704,-0.014716108760737034,-0.07064198551190803,0.16352116696701935,,0,-1.2463889761036768
2042,3042,poisoned_action_only_snapshot,-2.6353739250029182,-5.0,0.14550460442585156,0.1695219715560362,0.055053383566719266,0.1989661952209929,,0,-1.3276053686537805
2042,3042,poisoned_action_only_snapshot,-2.6353739250029182,-5.0,-0.1301431591838661,0.18006379843266507,0.14533720232986938,-0.025588557033715986,,0,-1.33270606194924
2042,3042,poisoned_action_only_snapshot,-2.6353739250029182,-5.0,0.16523941385012847,-0.17757924639733524,0.09843643607806718,0.32860582995851084,,0,-1.3412513816906662
2042,3042,poisoned_action_only_snapshot,-2.6353739250029182,-5.0,0.13870796154678627,0.46782236349178263,-0.07490318728851839,0.509470697457086,,0,-1.3300039450762702
2042,3042,poisoned_action_only_snapshot,-2.6353739250029182,-5.0,-0.10807203902785256,0.14679642608142063,-0.04677936566552972,0.18767611295442554,,0,-1.2386822336685754
2042,3042,poisoned_action_only_snapshot,-2.6353739250029182,-5.0,0.12750292854659961,-0.017828145609670054,-0.03781878768786279,0.9036567712172587,,0,-1.3582822246191455
2042,3042,poisoned_action_only_snapshot,-2.6353739250029182,-5.0,0.06434042346451618,-0.23075457060938853,-0.03125658474183858,-0.2252623462193335,12,2,-1.3206686319781105
2042,3042,poisoned_action_only_snapshot,-2.6353739250029182,-5.0,-0.030564260117084963,0.18383238784995048,0.016265886031040788,0.5385305138702661,,0,-1.339746567073
2042,3042,poisoned_action_only_snapshot,-2.6353739250029182,-5.0,-0.14575009510171366,0.4905459913403242,-0.13455409538436197,0.3369500868913917,,0,-1.2332767324617353
2042,3042,poisoned_action_only_snapshot,-2.6353739250029182,-5.0,-0.18978388488042724,-0.019043702745077717,-0.13013814588654296,0.6803132131326577,,0,-1.2343651676108085
2042,3042,poisoned_action_only_snapshot,-2.6353739250029182,-5.0,-0.039062099760757196,0.09954983023773911,0.1376408144340641,0.8258032985268609,,0,-1.6535245206024445
2042,3042,poisoned_commit_gate_snapshot,-0.13176869625014592,-0.25,-0.24448072144085342,0.4155824987291524,0.1429849907294529,0.54260580047559,,0,-0.3799684812541321
2042,3042,poisoned_commit_gate_snapshot,-0.13176869625014592,-0.25,0.048367044417630844,0.44902312282234125,0.05150436344253226,0.3417930152889399,,0,-0.19467610944657235
2042,3042,poisoned_commit_gate_snapshot,-0.13176869625014592,-0.25,-0.24356620660726308,-0.11530146648135786,-0.07791196822906474,-0.6851510307429005,,0,-0.3142525550843519
2042,3042,poisoned_commit_gate_snapshot,-0.13176869625014592,-0.25,0.22861931572836186,-0.20023881476263805,-0.08774158052044898,-0.42433735979232856,,0,-0.14434289618250115
2042,3042,poisoned_commit_gate_snapshot,-0.13176869625014592,-0.25,-0.05715522087882163,0.06264085468585567,0.13661141839514238,-0.09496528193334419,,0,-0.05115588605197043
2042,3042,poisoned_commit_gate_snapshot,-0.13176869625014592,-0.25,-0.11096939163123404,-0.33774861766537323,0.11049703742004255,0.14718675937346104,,0,-0.026131655732293136
2042,3042,poisoned_commit_gate_snapshot,-0.13176869625014592,-0.25,0.1690706682883787,-0.02898526171790472,0.05482436436288651,0.9378263134544735,,0,-0.3112604095657431
2042,3042,poisoned_commit_gate_snapshot,-0.13176869625014592,-0.25,-0.02140975384183752,0.1260241879561853,0.10784407362744028,-0.5263955961557516,,0,-0.0061295114401453505
2042,3042,poisoned_commit_gate_snapshot,-0.13176869625014592,-0.25,0.061698459729784494,0.3592092343457385,0.08254839658233062,-0.8382358115725135,,0,-0.10816785260696408
2042,3042,poisoned_commit_gate_snapshot,-0.13176869625014592,-0.25,-0.09071171695182695,0.48520964706787384,0.046223437800825384,-0.5076262098517299,,0,-0.013133229654149524
2042,3042,poisoned_commit_gate_snapshot,-0.13176869625014592,-0.25,-0.036529795440847945,-0.4030592837214262,-0.14745337860084815,0.26485387180730635,,0,-0.10752563222062914
2042,3042,poisoned_commit_gate_snapshot,-0.13176869625014592,-0.25,-0.21777247661398708,0.48822948956665535,0.05349690439783128,-0.44171191741152205,,0,-0.014610466839079165
2042,3042,poisoned_commit_gate_snapshot,-0.13176869625014592,-0.25,0.037834311591969594,-0.316840089519422,0.05364281547096095,0.2505697416037409,,0,-0.016781849764483762
2042,3042,poisoned_commit_gate_snapshot,-0.13176869625014592,-0.25,0.06495781439104059,-0.17246557447549993,0.14322509242437728,-0.2618196319805022,,0,-0.015106219219157354
2042,3042,poisoned_commit_gate_snapshot,-0.13176869625014592,-0.25,0.08961620689046784,0.37412897510804755,0.04053859892399064,-0.34348539486023566,,0,-0.020227056330419078
2042,3042,poisoned_commit_gate_snapshot,-0.13176869625014592,-0.25,0.14039678034391817,-0.23978429652666766,0.13077218609612998,0.4108234340297259,,0,-0.13991036739966364
2042,3042,poisoned_commit_gate_snapshot,-0.13176869625014592,-0.25,-0.09549014466463535,0.12212142706745355,0.08915172227401871,0.840059736337893,,0,-0.32470930692561323
2042,3042,poisoned_commit_gate_snapshot,-0.13176869625014592,-0.25,0.04088385061535005,0.0163614562641875,0.053032636776072506,-0.8078711561997354,,0,-0.067539987023652
2042,3042,poisoned_commit_gate_snapshot,-0.13176869625014592,-0.25,-0.21907922525917745,-0.09124692064204099,-0.05051769728415646,-0.9050032295695556,,0,-0.35294701990754407
2042,3042,poisoned_commit_gate_snapshot,-0.13176869625014592,-0.25,-0.08092663863243105,0.231289061355762,-0.09754339577464913,0.0733504673712646,,0,-0.011604331568175523
2042,3042,poisoned_commit_gate_snapshot,-0.13176869625014592,-0.25,0.07569120583525579,0.061534373342582493,0.02750192443001881,0.6940417645623558,,0,-0.1652305774037065
2042,3042,poisoned_commit_gate_snapshot,-0.13176869625014592,-0.25,-0.02664139463813464,0.20727818839809842,-0.046939141936075415,0.9893089344160011,,0,-0.19114867137674144
2042,3042,poisoned_commit_gate_snapshot,-0.13176869625014592,-0.25,0.0893079698055646,0.2449148123952386,0.09536353869869466,-0.05639400076759715,,0,-0.07668342048588571
2042,3042,poisoned_commit_gate_snapshot,-0.13176869625014592,-0.25,-0.01484249004347965,-0.33603999338171064,0.14128071051458388,-0.2011091882637519,,0,-0.012215398412057207
2042,3042,poisoned_commit_gate_snapshot,-0.13176869625014592,-0.25,0.028696181693167122,0.24919049327460074,-0.1487920696903575,-0.5822651606985305,,0,-0.19481563426074047
2042,3042,poisoned_commit_gate_snapshot,-0.13176869625014592,-0.25,0.16056943858181089,0.4791714178790346,0.04088991411144313,-0.4063229185350905,,0,-0.03544581267206414
2042,3042,poisoned_commit_gate_snapshot,-0.13176869625014592,-0.25,-0.05428648098167249,-0.28172416310354287,0.08623906569712253,0.435824639278632,,0,-0.06243024655665389
2042,3042,poisoned_commit_gate_snapshot,-0.13176869625014592,-0.25,-0.06547122736138855,0.2642419528897455,0.022141450855383188,-0.5909149413581014,,0,-0.026135430543860607
2042,3042,poisoned_commit_gate_snapshot,-0.13176869625014592,-0.25,-0.12611057094040945,-0.09968690901050681,0.030693772841522027,-0.183121282895212,,0,-0.015496057331889895
2042,3042,poisoned_commit_gate_snapshot,-0.13176869625014592,-0.25,0.06375985526215339,0.1575441760520644,0.05246557090609277,-0.8570071484456301,,0,-0.053461100966935154
2042,3042,poisoned_commit_gate_snapshot,-0.13176869625014592,-0.25,0.048357917532800165,-0.49510174336071167,-0.023212555446544547,0.9411040392955174,,0,-0.0562394945885163
2042,3042,poisoned_commit_gate_snapshot,-0.13176869625014592,-0.25,0.11960689987772283,-0.45114942159727034,0.07773534086357742,-0.5792964460587564,,0,-0.07947314973507394
2042,3042,poisoned_commit_gate_snapshot,-0.13176869625014592,-0.25,0.23427450968950198,-0.24672531231969796,0.09050089667511921,0.3264014719876216,,0,-0.08364305500119787
2042,3042,poisoned_commit_gate_snapshot,-0.13176869625014592,-0.25,0.18824294008680825,0.1791437111898111,-0.05610051728730017,-0.8133103999338887,,0,-0.13624330402851303
2042,3042,poisoned_commit_gate_snapshot,-0.13176869625014592,-0.25,0.07749654169027032,0.1264920212152657,0.005341482646614548,-0.7986186935786825,,0,-0.08513815447368421
2042,3042,poisoned_commit_gate_snapshot,-0.13176869625014592,-0.25,-0.15828915475518018,0.06738243512945885,0.14249557848043223,0.3094697010071392,,0,-0.15546177612971007
2042,3042,poisoned_commit_gate_snapshot,-0.13176869625014592,-0.25,0.08407245739719255,0.47006942537489094,0.0023131456773111403,-0.2637789860954629,,0,-0.024194895212703245
2042,3042,poisoned_commit_gate_snapshot,-0.13176869625014592,-0.25,-0.23776126297679007,0.12353423696474608,0.06528163794739039,-0.6529264003620574,,0,-0.04512126785707109
2042,3042,poisoned_commit_gate_snapshot,-0.13176869625014592,-0.25,0.2020536653578563,0.25346241179967155,-0.11866111393029685,-0.7123163968840229,,0,-0.1694649952876684
2042,3042,poisoned_commit_gate_snapshot,-0.13176869625014592,-0.25,0.08102582607420372,-0.4856417128483135,0.07881939499271592,-0.10452385373650142,,0,-0.017012518868806607
2042,3042,poisoned_commit_gate_snapshot,-0.13176869625014592,-0.25,-0.09955181288515064,-0.0033148986487135934,-0.10968106777796376,-0.22079874951436174,,0,-0.10791703829183558
2042,3042,poisoned_commit_gate_snapshot,-0.13176869625014592,-0.25,-0.1878802200504079,-0.07258680352235403,-0.08743177555269926,-0.4874646064355703,,0,-0.2084101741175859
2042,3042,poisoned_commit_gate_snapshot,-0.13176869625014592,-0.25,-0.24921295064682497,0.44995908007066865,-0.10214528823709983,0.43752128319494354,,0,-0.02948059907165217
2042,3042,poisoned_commit_gate_snapshot,-0.13176869625014592,-0.25,-0.09488103590839725,0.47707726668905526,-0.08197165815033147,0.704385369293888,,0,-0.11913120813386871
2042,3042,poisoned_commit_gate_snapshot,-0.13176869625014592,-0.25,0.10631104071155739,-0.490859652912346,-0.01762027281135592,0.944508024728919,,0,-0.06693317999392337
2042,3042,poisoned_commit_gate_snapshot,-0.13176869625014592,-0.25,0.24965493597762206,0.2232299623981292,-0.10815245171103391,0.38782386725694984,,0,-0.035494500931485984
2042,3042,poisoned_commit_gate_snapshot,-0.13176869625014592,-0.25,-0.1352774721631843,0.10959358556145626,0.13042132364066214,-0.09640939870304366,,0,-0.04726582544798366
2042,3042,poisoned_commit_gate_snapshot,-0.13176869625014592,-0.25,0.24365724444584924,-0.13311235174319913,0.06670585379543525,-0.5164670255374662,,0,-0.0783321671414179
2042,3042,poisoned_commit_gate_snapshot,-0.13176869625014592,-0.25,-0.010347855367820957,0.3540870960183553,0.07596238358514729,0.08751319413498715,,0,-0.1026305000431412
2042,3042,poisoned_commit_gate_snapshot,-0.13176869625014592,-0.25,0.15337008471036218,0.050224033131761714,0.010135585603775754,0.3452608834292261,,0,-0.05906934093523476
2042,3042,poisoned_commit_gate_snapshot,-0.13176869625014592,-0.25,0.08148013293826056,0.29063176096732524,-0.14076580990016643,0.5039430144755379,,0,-0.02377567637335518
2042,3042,poisoned_commit_gate_snapshot,-0.13176869625014592,-0.25,0.06537702086247704,-0.014716108760737034,-0.07064198551190803,0.16352116696701935,,0,-0.02612213400179341
2042,3042,poisoned_commit_gate_snapshot,-0.13176869625014592,-0.25,0.14550460442585156,0.1695219715560362,0.055053383566719266,0.1989661952209929,,0,-0.09102525043080754
2042,3042,poisoned_commit_gate_snapshot,-0.13176869625014592,-0.25,-0.1301431591838661,0.18006379843266507,0.14533720232986938,-0.025588557033715986,,0,-0.09006113411778598
2042,3042,poisoned_commit_gate_snapshot,-0.13176869625014592,-0.25,0.16523941385012847,-0.17757924639733524,0.09843643607806718,0.32860582995851084,,0,-0.09502932400346747
2042,3042,poisoned_commit_gate_snapshot,-0.13176869625014592,-0.25,0.13870796154678627,0.46782236349178263,-0.07490318728851839,0.509470697457086,,0,-0.11354095392683027
2042,3042,poisoned_commit_gate_snapshot,-0.13176869625014592,-0.25,-0.10807203902785256,0.14679642608142063,-0.04677936566552972,0.18767611295442554,,0,-0.005745309436847268
2042,3042,poisoned_commit_gate_snapshot,-0.13176869625014592,-0.25,0.12750292854659961,-0.017828145609670054,-0.03781878768786279,0.9036567712172587,,0,-0.13637494730615382
2042,3042,poisoned_commit_gate_snapshot,-0.13176869625014592,-0.25,0.06434042346451618,-0.23075457060938853,-0.03125658474183858,-0.2252623462193335,,0,-0.056469935179046464
2042,3042,poisoned_commit_gate_snapshot,-0.13176869625014592,-0.25,-0.030564260117084963,0.18383238784995048,0.016265886031040788,0.5385305138702661,,0,-0.11449949001691287
2042,3042,poisoned_commit_gate_snapshot,-0.13176869625014592,-0.25,-0.14575009510171366,0.4905459913403242,-0.13455409538436197,0.3369500868913917,,0,-0.0179697578968377
2042,3042,poisoned_commit_gate_snapshot,-0.13176869625014592,-0.25,-0.18978388488042724,-0.019043702745077717,-0.13013814588654296,0.6803132131326577,,0,-0.011784960348176146
2042,3042,poisoned_commit_gate_snapshot,-0.13176869625014592,-0.25,-0.039062099760757196,0.09954983023773911,0.1376408144340641,0.8258032985268609,,0,-0.4475500232165295
2042,3042,poisoned_always_freeze_snapshot,0.0,0.0,-0.24448072144085342,0.4155824987291524,0.1429849907294529,0.54260580047559,,0,-0.4029525938010284
2042,3042,poisoned_always_freeze_snapshot,0.0,0.0,0.048367044417630844,0.44902312282234125,0.05150436344253226,0.3417930152889399,,0,-0.21408265145745292
2042,3042,poisoned_always_freeze_snapshot,0.0,0.0,-0.24356620660726308,-0.11530146648135786,-0.07791196822906474,-0.6851510307429005,,0,-0.33139310394157
2042,3042,poisoned_always_freeze_snapshot,0.0,0.0,0.22861931572836186,-0.20023881476263805,-0.08774158052044898,-0.42433735979232856,,0,-0.173319993629246
2042,3042,poisoned_always_freeze_snapshot,0.0,0.0,-0.05715522087882163,0.06264085468585567,0.13661141839514238,-0.09496528193334419,,0,-0.06657756096764492
2042,3042,poisoned_always_freeze_snapshot,0.0,0.0,-0.11096939163123404,-0.33774861766537323,0.11049703742004255,0.14718675937346104,,0,-0.09191068532152219
2042,3042,poisoned_always_freeze_snapshot,0.0,0.0,0.1690706682883787,-0.02898526171790472,0.05482436436288651,0.9378263134544735,,0,-0.32940997720936416
2042,3042,poisoned_always_freeze_snapshot,0.0,0.0,-0.02140975384183752,0.1260241879561853,0.10784407362744028,-0.5263955961557516,,0,-0.024874524664912027
2042,3042,poisoned_always_freeze_snapshot,0.0,0.0,0.061698459729784494,0.3592092343457385,0.08254839658233062,-0.8382358115725135,,0,-0.0791623103923088
2042,3042,poisoned_always_freeze_snapshot,0.0,0.0,-0.09071171695182695,0.48520964706787384,0.046223437800825384,-0.5076262098517299,,0,-0.025634899174353118
2042,3042,poisoned_always_freeze_snapshot,0.0,0.0,-0.036529795440847945,-0.4030592837214262,-0.14745337860084815,0.26485387180730635,,0,-0.12593392698333183
2042,3042,poisoned_always_freeze_snapshot,0.0,0.0,-0.21777247661398708,0.48822948956665535,0.05349690439783128,-0.44171191741152205,,0,-0.046238450632190994
2042,3042,poisoned_always_freeze_snapshot,0.0,0.0,0.037834311591969594,-0.316840089519422,0.05364281547096095,0.2505697416037409,,0,-0.029159724395914837
2042,3042,poisoned_always_freeze_snapshot,0.0,0.0,0.06495781439104059,-0.17246557447549993,0.14322509242437728,-0.2618196319805022,,0,-0.022161529555650573
2042,3042,poisoned_always_freeze_snapshot,0.0,0.0,0.08961620689046784,0.37412897510804755,0.04053859892399064,-0.34348539486023566,,0,-0.02530548210790061
2042,3042,poisoned_always_freeze_snapshot,0.0,0.0,0.14039678034391817,-0.23978429652666766,0.13077218609612998,0.4108234340297259,,0,-0.16207384438053649
2042,3042,poisoned_always_freeze_snapshot,0.0,0.0,-0.09549014466463535,0.12212142706745355,0.08915172227401871,0.840059736337893,,0,-0.3468958845351287
2042,3042,poisoned_always_freeze_snapshot,0.0,0.0,0.04088385061535005,0.0163614562641875,0.053032636776072506,-0.8078711561997354,,0,-0.08699375850733776
2042,3042,poisoned_always_freeze_snapshot,0.0,0.0,-0.21907922525917745,-0.09124692064204099,-0.05051769728415646,-0.9050032295695556,,0,-0.36940588630447474
2042,3042,poisoned_always_freeze_snapshot,0.0,0.0,-0.08092663863243105,0.231289061355762,-0.09754339577464913,0.0733504673712646,,0,-0.017700504789899076
2042,3042,poisoned_always_freeze_snapshot,0.0,0.0,0.07569120583525579,0.061534373342582493,0.02750192443001881,0.6940417645623558,,0,-0.1865090787808717
2042,3042,poisoned_always_freeze_snapshot,0.0,0.0,-0.02664139463813464,0.20727818839809842,-0.046939141936075415,0.9893089344160011,,0,-0.2164230792886384
2042,3042,poisoned_always_freeze_snapshot,0.0,0.0,0.0893079698055646,0.2449148123952386,0.09536353869869466,-0.05639400076759715,,0,-0.09036800588445341
2042,3042,poisoned_always_freeze_snapshot,0.0,0.0,-0.01484249004347965,-0.33603999338171064,0.14128071051458388,-0.2011091882637519,,0,-0.037902335445254925
2042,3042,poisoned_always_freeze_snapshot,0.0,0.0,0.028696181693167122,0.24919049327460074,-0.1487920696903575,-0.5822651606985305,,0,-0.22389775369773204
2042,3042,poisoned_always_freeze_snapshot,0.0,0.0,0.16056943858181089,0.4791714178790346,0.04088991411144313,-0.4063229185350905,,0,-0.04379613792616233
2042,3042,poisoned_always_freeze_snapshot,0.0,0.0,-0.05428648098167249,-0.28172416310354287,0.08623906569712253,0.435824639278632,,0,-0.08554930419044383
2042,3042,poisoned_always_freeze_snapshot,0.0,0.0,-0.06547122736138855,0.2642419528897455,0.022141450855383188,-0.5909149413581014,,0,-0.037200068287116334
2042,3042,poisoned_always_freeze_snapshot,0.0,0.0,-0.12611057094040945,-0.09968690901050681,0.030693772841522027,-0.183121282895212,,0,-0.019498177839959663
2042,3042,poisoned_always_freeze_snapshot,0.0,0.0,0.06375985526215339,0.1575441760520644,0.05246557090609277,-0.8570071484456301,,0,-0.07361997121802487
2042,3042,poisoned_always_freeze_snapshot,0.0,0.0,0.048357917532800165,-0.49510174336071167,-0.023212555446544547,0.9411040392955174,,0,-0.08068192363427133
2042,3042,poisoned_always_freeze_snapshot,0.0,0.0,0.11960689987772283,-0.45114942159727034,0.07773534086357742,-0.5792964460587564,,0,-0.09789383731224383
2042,3042,poisoned_always_freeze_snapshot,0.0,0.0,0.23427450968950198,-0.24672531231969796,0.09050089667511921,0.3264014719876216,,0,-0.1002251632135958
2042,3042,poisoned_always_freeze_snapshot,0.0,0.0,0.18824294008680825,0.1791437111898111,-0.05610051728730017,-0.8133103999338887,,0,-0.17033056333265603
2042,3042,poisoned_always_freeze_snapshot,0.0,0.0,0.07749654169027032,0.1264920212152657,0.005341482646614548,-0.7986186935786825,,0,-0.1094572949009628
2042,3042,poisoned_always_freeze_snapshot,0.0,0.0,-0.15828915475518018,0.06738243512945885,0.14249557848043223,0.3094697010071392,,0,-0.18418916790849887
2042,3042,poisoned_always_freeze_snapshot,0.0,0.0,0.08407245739719255,0.47006942537489094,0.0023131456773111403,-0.2637789860954629,,0,-0.030508143451596286
2042,3042,poisoned_always_freeze_snapshot,0.0,0.0,-0.23776126297679007,0.12353423696474608,0.06528163794739039,-0.6529264003620574,,0,-0.056819901354530994
2042,3042,poisoned_always_freeze_snapshot,0.0,0.0,0.2020536653578563,0.25346241179967155,-0.11866111393029685,-0.7123163968840229,,0,-0.20619644680614474
2042,3042,poisoned_always_freeze_snapshot,0.0,0.0,0.08102582607420372,-0.4856417128483135,0.07881939499271592,-0.10452385373650142,,0,-0.024493461763162316
2042,3042,poisoned_always_freeze_snapshot,0.0,0.0,-0.09955181288515064,-0.0033148986487135934,-0.10968106777796376,-0.22079874951436174,,0,-0.12747232926450755
2042,3042,poisoned_always_freeze_snapshot,0.0,0.0,-0.1878802200504079,-0.07258680352235403,-0.08743177555269926,-0.4874646064355703,,0,-0.2289457086267736
2042,3042,poisoned_always_freeze_snapshot,0.0,0.0,-0.24921295064682497,0.44995908007066865,-0.10214528823709983,0.43752128319494354,,0,-0.045362801658073756
2042,3042,poisoned_always_freeze_snapshot,0.0,0.0,-0.09488103590839725,0.47707726668905526,-0.08197165815033147,0.704385369293888,,0,-0.14001772792831368
2042,3042,poisoned_always_freeze_snapshot,0.0,0.0,0.10631104071155739,-0.490859652912346,-0.01762027281135592,0.944508024728919,,0,-0.0899977679778053
2042,3042,poisoned_always_freeze_snapshot,0.0,0.0,0.24965493597762206,0.2232299623981292,-0.10815245171103391,0.38782386725694984,,0,-0.043588765923681126
2042,3042,poisoned_always_freeze_snapshot,0.0,0.0,-0.1352774721631843,0.10959358556145626,0.13042132364066214,-0.09640939870304366,,0,-0.06341160965133813
2042,3042,poisoned_always_freeze_snapshot,0.0,0.0,0.24365724444584924,-0.13311235174319913,0.06670585379543525,-0.5164670255374662,,0,-0.06370881296316094
2042,3042,poisoned_always_freeze_snapshot,0.0,0.0,-0.010347855367820957,0.3540870960183553,0.07596238358514729,0.08751319413498715,,0,-0.11995884420754595
2042,3042,poisoned_always_freeze_snapshot,0.0,0.0,0.15337008471036218,0.050224033131761714,0.010135585603775754,0.3452608834292261,,0,-0.0716728170419022
2042,3042,poisoned_always_freeze_snapshot,0.0,0.0,0.08148013293826056,0.29063176096732524,-0.14076580990016643,0.5039430144755379,,0,-0.030494270201337305
2042,3042,poisoned_always_freeze_snapshot,0.0,0.0,0.06537702086247704,-0.014716108760737034,-0.07064198551190803,0.16352116696701935,,0,-0.016925099727118493
2042,3042,poisoned_always_freeze_snapshot,0.0,0.0,0.14550460442585156,0.1695219715560362,0.055053383566719266,0.1989661952209929,,0,-0.10592812979627154
2042,3042,poisoned_always_freeze_snapshot,0.0,0.0,-0.1301431591838661,0.18006379843266507,0.14533720232986938,-0.025588557033715986,,0,-0.11167010869748681
2042,3042,poisoned_always_freeze_snapshot,0.0,0.0,0.16523941385012847,-0.17757924639733524,0.09843643607806718,0.32860582995851084,,0,-0.11325085306790832
2042,3042,poisoned_always_freeze_snapshot,0.0,0.0,0.13870796154678627,0.46782236349178263,-0.07490318728851839,0.509470697457086,,0,-0.12919051107510282
2042,3042,poisoned_always_freeze_snapshot,0.0,0.0,-0.10807203902785256,0.14679642608142063,-0.04677936566552972,0.18767611295442554,,0,-0.013186189148034521
2042,3042,poisoned_always_freeze_snapshot,0.0,0.0,0.12750292854659961,-0.017828145609670054,-0.03781878768786279,0.9036567712172587,,0,-0.15629653136006444
2042,3042,poisoned_always_freeze_snapshot,0.0,0.0,0.06434042346451618,-0.23075457060938853,-0.03125658474183858,-0.2252623462193335,,0,-0.07148696616654002
2042,3042,poisoned_always_freeze_snapshot,0.0,0.0,-0.030564260117084963,0.18383238784995048,0.016265886031040788,0.5385305138702661,,0,-0.1344804098890657
2042,3042,poisoned_always_freeze_snapshot,0.0,0.0,-0.14575009510171366,0.4905459913403242,-0.13455409538436197,0.3369500868913917,,0,-0.02912080173452563
2042,3042,poisoned_always_freeze_snapshot,0.0,0.0,-0.18978388488042724,-0.019043702745077717,-0.13013814588654296,0.6803132131326577,,0,-0.022757566214801444
2042,3042,poisoned_always_freeze_snapshot,0.0,0.0,-0.039062099760757196,0.09954983023773911,0.1376408144340641,0.8258032985268609,,0,-0.459028163292403
