learner_seed,mechanism,source_seed,source_index,init_x,init_x_dot,init_z,init_z_dot,init_theta,init_theta_dot,steps_executed,first_violation_step,mean_reward,max_normalized_state_margin,actuator_saturation_steps,max_action_interface_error
2040,clean_reinforce_snapshot,4050,0,0.2615589741248676,0.06614578502988178,0.9553732815565629,0.011960798116760707,-0.035819725620227796,0.04172164700153658,100,,-0.026552796915385906,-0.4107403031281755,0,0.0
2040,clean_reinforce_snapshot,4050,1,-0.028904694661051056,0.07799428219278187,0.8413358840861701,-0.004022064479660303,-0.006880276398050701,0.08909522597339611,100,,-0.006853775216128184,-0.4214048363925256,0,0.0
2040,clean_reinforce_snapshot,4050,2,0.005189931368572043,0.02517824828600415,0.9510897998441054,-0.03432840617382164,0.0473357024511587,-0.10404472896530745,100,,-0.005278105375402392,-0.2814364795608621,0,0.0
2040,clean_reinforce_snapshot,4050,3,0.06852947719503816,0.09322056965174513,1.1374171548702798,0.06434451145104653,0.04452689142514604,-0.06995466655891441,100,,-0.017788549284740628,-0.2113559120622061,0,0.0
2040,clean_reinforce_snapshot,4050,4,0.24089649183178297,-0.023510694090475848,0.9829642423155549,0.09881683882622214,0.0017632695903056356,0.09395178748860161,100,,-0.01971828777622236,-0.37183335128509776,0,0.0
2040,clean_reinforce_snapshot,4050,5,0.30669703862564157,-0.07991379055742098,0.7931224898320796,0.10658293168903277,0.020909158823715357,0.07305142015525859,100,,-0.04120799050274566,-0.2954576470516381,0,0.0
2040,clean_reinforce_snapshot,4050,6,-0.057502256306747324,-0.01827573148128331,1.0843246400382696,0.09764711071912385,-0.00464278248727721,-0.027508596409072453,100,,-0.003709825034773916,-0.42824074376738586,0,0.0
2040,clean_reinforce_snapshot,4050,7,0.12834878090322566,0.04966347915430419,1.071312656348143,0.05755802568880794,0.013745077311797221,-0.004284768322083063,100,,-0.01156099974761571,-0.33941609354839325,0,0.0
2040,clean_reinforce_snapshot,4050,8,-0.11061526101186647,0.048526566909465024,0.9444024250862276,0.04921425584036235,-0.04210684426519774,-0.10544044230539047,100,,-0.007770556374797792,-0.25791602525078283,0,0.0
2040,clean_reinforce_snapshot,4050,9,-0.06926433378509744,-0.11171721935559556,1.0754393346401212,-0.09035703881863494,8.905926556275479e-05,0.04799841807991309,100,,-0.007923314059098508,-0.40005712852625636,0,0.0
2040,clean_reinforce_snapshot,4050,10,-0.35311263017329675,-0.07423977972522375,1.1038726345378596,-0.07209547205007302,-0.01219080902398658,0.06897605083133748,100,,-0.059250500089008035,-0.23968534108889467,0,0.0
2040,clean_reinforce_snapshot,4050,11,-0.3033897306884334,-0.10906919304444083,0.8653382874934501,0.08237256616057279,0.008694206417143413,-0.0982399666980022,100,,-0.04822892408373623,-0.2965732204042347,0,0.0
2040,clean_reinforce_snapshot,4050,12,0.014547569699097818,-0.08860634333797623,0.7727645094444018,-0.11470630199166064,-0.03479391018377395,0.005906591947779372,100,,-0.019577190293473032,-0.2700192818288817,0,0.0
2040,clean_reinforce_snapshot,4050,13,0.045147276230182165,0.00978566926802657,1.1615651035832717,-0.02559733916077124,0.013195745868626027,0.03506600413376004,100,,-0.008081983788282739,-0.3967538976126281,0,0.0
2040,clean_reinforce_snapshot,4050,14,0.39579337273321036,-0.08167541366045747,1.0763993848643976,-0.012025515805253989,-0.03920465942242024,-0.05111866181503233,100,,-0.0469824972386574,-0.40147430061468453,0,0.0
2040,clean_reinforce_snapshot,4050,15,-0.338684173178069,-0.11068664184866994,1.0460643513700458,-0.08333472519022783,0.04183056977972914,0.04837573919385754,100,,-0.04719170851462895,-0.38770896084056594,0,0.0
2040,clean_reinforce_snapshot,4050,16,0.3585461787064762,-0.02430447757765053,0.8286303815732335,-0.04590630571485073,0.03329774319759361,-0.05722070359744898,100,,-0.05882885794835665,-0.20456370202038976,0,0.0
2040,clean_reinforce_snapshot,4050,17,0.25857365444991487,-0.01407984665450647,0.7833001450987781,-0.0012810637369086858,-0.045891193644636036,0.01663340901236382,100,,-0.03213701305388766,-0.3909399226847929,0,0.0
2040,clean_reinforce_snapshot,4050,18,0.2543420793889638,-0.11446483156136128,1.0401724009972177,-0.07754627079030255,0.043198539144377684,0.07387565931806697,100,,-0.02254977574343109,-0.23929441115750144,0,0.0
2040,clean_reinforce_snapshot,4050,19,-0.12300756656028755,0.04493358816864995,1.0289336333369223,0.049256001512499786,0.025854833286509768,0.053786602208854506,100,,-0.004879507783467449,-0.3911704123873769,0,0.0
2040,clean_reinforce_snapshot,4050,20,0.25243584559916377,0.06652156833696579,0.9829498217122143,-0.06832289895825568,-0.02411428876087023,0.08794957402801526,100,,-0.025450762752054525,-0.4261023112904623,0,0.0
2040,clean_reinforce_snapshot,4050,21,-0.26153143146667324,0.11558707004704652,0.9902502078224229,-0.07596502547841122,0.03903874103338012,0.033165858239454726,100,,-0.0194344169745163,-0.34923626221554516,0,0.0
2040,clean_reinforce_snapshot,4050,22,-0.150753978927043,0.05906321477715759,0.9833173715073067,-0.06579988830833315,0.04688962566185616,-0.050983097292709695,100,,-0.008423033973224258,-0.3203205982510222,0,0.0
2040,clean_reinforce_snapshot,4050,23,0.04830810377671951,-0.02468780708465683,1.2532399975716708,0.011648133825358925,-0.039674082573576935,0.0749846238939085,100,,-0.018528416516863763,-0.3452813746498181,0,0.0
2040,clean_reinforce_snapshot,4050,24,-0.08977393639666359,0.048844456433339845,1.2220431662442943,0.05472066415861904,-0.02071649150571908,0.09605578868688916,100,,-0.014991186971219466,-0.389022228910494,0,0.0
2040,clean_reinforce_snapshot,4050,25,-0.34138017350814026,-0.08233037486271708,0.7310401105578285,0.08193619021935217,-0.048581677487054414,0.019629193312479726,100,,-0.08607186121327988,-0.055778014253272,0,0.0
2040,clean_reinforce_snapshot,4050,26,-0.08315425090667822,0.06711261163855686,0.7422223481647436,-0.039860845171341155,-0.016909133907405317,0.08060340358319673,100,,-0.01838702289590126,-0.3719907860035249,0,0.0
2040,clean_reinforce_snapshot,4050,27,-0.10775045805716887,-0.10368958401113637,0.9977906486131876,0.0060910403014057535,-0.018384536914932748,0.0010580054506033887,100,,-0.01280456726829537,-0.28901751563714834,0,0.0
2040,clean_reinforce_snapshot,4050,28,0.14172085229363574,0.010979453458297872,1.1859092775455067,-0.051091183515211275,-0.0076437860495398025,0.11981739182001971,100,,-0.01601433001705234,-0.40814721314545466,0,0.0
2040,clean_reinforce_snapshot,4050,29,-0.19546740271954396,0.08860643581814712,1.2729806829417574,0.060263130268357,-0.01953680706973772,-0.10980213798328921,100,,-0.030790893038338357,-0.33010408884915493,0,0.0
2040,clean_reinforce_snapshot,4050,30,-0.04327524411452799,0.05794586152909159,0.8161327369534457,0.006460377883048873,-0.04497983015614609,0.04091591339401107,100,,-0.011049062559866218,-0.31826476664659925,0,0.0
2040,clean_reinforce_snapshot,4050,31,0.3889329543034291,0.11251609940145088,1.1374595050632317,0.03732939054451426,0.043076455284577694,0.002683303934199771,100,,-0.09152053709225162,-0.028600558223853934,0,0.0
2040,clean_reinforce_snapshot,4050,32,-0.26636868310609896,0.10725809339389428,1.0986437579576214,-0.009537819299836714,0.04417191525808145,0.08487632989292998,100,,-0.022962981329874413,-0.32068757160268657,0,0.0
2040,clean_reinforce_snapshot,4050,33,0.30216376601744277,-0.052376228264229524,1.1510336175197937,-0.08461180708226747,0.019506991971791413,0.07818015103593193,100,,-0.03711154053950825,-0.2834386077988485,0,0.0
2040,clean_reinforce_snapshot,4050,34,0.1224280861042576,-0.09604765768559011,1.1951595880639752,0.11168217591018106,0.04427383065855399,-0.09220540331127848,100,,-0.015449716157630413,-0.3377691379008264,0,0.0
2040,clean_reinforce_snapshot,4050,35,0.26646277219976133,0.10641488983654646,0.9237152414696076,-0.07829624942951313,-0.03287889125118357,0.06027047046823936,100,,-0.03197122677713763,-0.408485631483137,0,0.0
2040,clean_reinforce_snapshot,4050,36,0.1863203798030313,0.09620360318756957,1.1341238327670902,-0.004379395955523238,0.0017704228853144058,-0.10880032562426036,100,,-0.024411088401810662,-0.37102118256471717,0,0.0
2040,clean_reinforce_snapshot,4050,37,-0.3513781875535069,0.0924746065635905,1.2069386122007584,0.09870282824966131,0.0035563270378875383,-0.06994159201367692,100,,-0.04777640810348707,-0.3883093943221477,0,0.0
2040,clean_reinforce_snapshot,4050,38,0.16843645644767613,-0.08291627429494519,0.9105565064659479,-0.0017948630089985596,0.032927818510732065,-0.07160038794547684,100,,-0.01174729131538587,-0.34117261379106856,0,0.0
2040,clean_reinforce_snapshot,4050,39,-0.028889574283565422,0.0655623296319301,1.0506574561516437,0.03978515562530846,0.04202264725079251,0.11663506271848118,100,,-0.005767792369249261,-0.24055535807211303,0,0.0
2040,clean_reinforce_snapshot,4050,40,0.1392055024311991,-0.009469565923500331,1.0231251114443474,0.11767780325574151,-0.010155274464767473,-0.019415967792093147,100,,-0.006328721229807097,-0.46524821963300095,0,0.0
2040,clean_reinforce_snapshot,4050,41,-0.2756913166617844,0.058309189524677646,0.9619134425022139,-0.0791263485900835,-0.03380044962965892,0.10210953333012937,100,,-0.02860939222404444,-0.27631654465592437,0,0.0
2040,clean_reinforce_snapshot,4050,42,0.2605120099933711,0.10335909637820351,0.9504148169684339,0.029920378750935395,-0.018864057194987682,0.014150710379580322,100,,-0.03184746530289967,-0.389229806139107,0,0.0
2040,clean_reinforce_snapshot,4050,43,-0.27062154751222334,-0.11944287737138731,0.8887621882736347,-0.01625875398282027,-0.03764052209010826,0.07285435413993549,100,,-0.05339196648531401,-0.12739365303927142,0,0.0
2040,clean_reinforce_snapshot,4050,44,-0.046104205679373844,0.06677887144573275,1.0613088294642623,-0.09547881725440929,-0.04710670155163532,0.09672101809785977,100,,-0.0035714859285010674,-0.3266613091693492,0,0.0
2040,clean_reinforce_snapshot,4050,45,0.15253983914215963,-0.11710448250683696,1.2537747129297059,0.08744174624157089,-0.04305861926544022,-0.07640622620116094,100,,-0.026822180043179832,-0.24526561817854242,0,0.0
2040,clean_reinforce_snapshot,4050,46,-0.37886172032554655,0.05733623582398947,0.9458566506726602,-0.09257617750432524,-0.004953653359854315,0.021227337009262298,100,,-0.04748321808740855,-0.34347852870087914,0,0.0
2040,clean_reinforce_snapshot,4050,47,-0.12374550365762105,0.04002515450414007,0.8490715469663311,0.02781697788024573,-0.005207147953169088,-0.11341293837390976,100,,-0.010254036443434898,-0.4179217231674007,0,0.0
2040,clean_reinforce_snapshot,4051,0,-0.11847818019687112,-0.019805480317791127,0.8116157773550791,-0.11412754501609286,-0.012059918754779506,-0.05302880962365211,100,,-0.01648373325674536,-0.3511062591704315,0,0.0
2040,clean_reinforce_snapshot,4051,1,-0.14815516130781897,-0.00825967722856745,0.966184784607958,-0.015984313946183687,-0.03004097968459918,-0.016506396252473368,100,,-0.012541879419990867,-0.27836867452197045,0,0.0
2040,clean_reinforce_snapshot,4051,2,0.3744162767476654,-0.005705473928932628,1.0626336227886675,-7.154372416330601e-05,0.005079658774808163,-0.10504074069872618,100,,-0.05154839865003877,-0.3286352326571806,0,0.0
2040,clean_reinforce_snapshot,4051,3,0.3378984110828571,0.09713982699896917,0.9028420788722819,-0.02230359153375104,-0.032218067334265035,-0.04403617400888801,100,,-0.04846874319530182,-0.3994939025103232,0,0.0
2040,clean_reinforce_snapshot,4051,4,0.379908581700385,0.10057327774853825,1.2568819687347415,0.05019948931590085,0.023121844814685946,-0.07990418636468524,100,,-0.09021160119958825,-0.16998231636187827,0,0.0
2040,clean_reinforce_snapshot,4051,5,0.13822877391480215,0.043755139582783514,0.8398726691110576,-0.01798876417624981,-0.03883519769733246,-0.029082393053629627,100,,-0.013548864097176148,-0.40599387333843096,0,0.0
2040,clean_reinforce_snapshot,4051,6,-0.044079227726369186,0.004964524859221164,1.1814137165936787,-0.05602921557017429,0.026911498569798173,-0.10257428669772674,100,,-0.009172834129447152,-0.410440902666775,0,0.0
2040,clean_reinforce_snapshot,4051,7,0.035677892335038375,-0.017708952880468795,0.8241240306641087,0.0982465581412321,0.00702805091421245,0.036296238019523835,100,,-0.007963387916284037,-0.4133994689587598,0,0.0
2040,clean_reinforce_snapshot,4051,8,0.029377407988996462,0.11640332412262228,1.2303770369618685,-0.0645978695789235,0.0040265700190836515,-0.051693183205491114,100,,-0.017572028251796906,-0.38604839260257773,0,0.0
2040,clean_reinforce_snapshot,4051,9,0.22746819240941885,0.09328152849494678,0.8246516548898621,0.03232750610297305,0.04334357471682965,-0.009110092151775329,100,,-0.046252475246306754,-0.1239934186477234,0,0.0
2040,clean_reinforce_snapshot,4051,10,-0.03421788614630533,-0.020009096026342738,0.953253573434525,-0.10270825287404081,0.0404941320072595,-0.1181429468846683,100,,-0.0023915398818380924,-0.3678150067916147,0,0.0
2040,clean_reinforce_snapshot,4051,11,0.00797670910424586,0.11005542758481024,1.1268561696197799,0.04474597650462289,-0.045678164586862774,-0.031814367836412186,100,,-0.006028852783368993,-0.35384582773334966,0,0.0
2040,clean_reinforce_snapshot,4051,12,-0.1550071430248317,0.0297295936048316,1.067738752959327,-0.030029808640920946,-0.019292643654069064,0.10053001566722544,100,,-0.010038365326948535,-0.3811406457863079,0,0.0
2040,clean_reinforce_snapshot,4051,13,0.036080012433666375,0.004678318680526192,1.0436412506497152,-0.1008882596964444,0.03393941897029913,-0.06648807842413572,100,,-0.0034649688848362187,-0.33553240016326996,0,0.0
2040,clean_reinforce_snapshot,4051,14,-0.16084112398242506,0.028373268180941852,1.068999798928797,0.014708145477814127,0.015365178311634142,-0.09614143588987936,100,,-0.008816502279088024,-0.4599362987158865,0,0.0
2040,clean_reinforce_snapshot,4051,15,0.328996349169536,0.048622819587237354,1.2435834684674159,-0.05423654992253492,-0.01804455595844217,-0.062143107947406954,100,,-0.055843241527760636,-0.3793416345941999,0,0.0
2040,clean_reinforce_snapshot,4051,16,-0.13856627632257318,-0.05110401035596206,0.9220287541228742,-0.051070826386967666,-0.024831474671962686,0.1167592681360069,100,,-0.014770943072362581,-0.3093401494317378,0,0.0
2040,clean_reinforce_snapshot,4051,17,0.13592365374603832,-0.07559264744982036,1.207331310698962,0.0025104345741108897,7.561262173570032e-05,-0.022896941368548668,100,,-0.015395530183662092,-0.39690016960909036,0,0.0
2040,clean_reinforce_snapshot,4051,18,0.09780923487699617,0.07707402060718718,1.1936506570660805,-0.08202770687683716,-0.023737448735402046,0.06970127109671231,100,,-0.014385035720143845,-0.40451901930788137,0,0.0
2040,clean_reinforce_snapshot,4051,19,0.06453272235425034,-0.11015521864454957,0.8200107667087344,-0.0774018023785833,0.02188254297462469,0.09842658578984462,100,,-0.009511755149565884,-0.4104703660415187,0,0.0
2040,clean_reinforce_snapshot,4051,20,0.007105449776163841,0.0837073559185971,0.9009671701969693,0.04380675348246546,0.022782222192711032,-0.035920832668626015,100,,-0.006480008467067732,-0.33841399836136576,0,0.0
2040,clean_reinforce_snapshot,4051,21,0.13562074243060107,-0.02515067034124109,0.8092831424800083,0.0012226181497338867,-0.008797300322652725,0.040963726708174025,100,,-0.014353858342847721,-0.40556098842406013,0,0.0
2040,clean_reinforce_snapshot,4051,22,-0.06418504897757116,0.06491842285933344,0.7763575850439698,-0.07987169208840367,-0.025094498639013064,0.07055288878777913,100,,-0.014018313143853895,-0.3886579045160579,0,0.0
2040,clean_reinforce_snapshot,4051,23,-0.3728159856312617,-0.036235146869945375,0.9690125211565517,0.06739039446382511,0.014947660642065402,0.014279494803357495,100,,-0.05178439955418859,-0.3722007346721332,0,0.0
2040,clean_reinforce_snapshot,4051,24,-0.024796633870635465,0.07196474397855024,0.8919185295544715,0.022074964058123453,0.0014445858751423873,0.006340339963420538,100,,-0.0037164029500481475,-0.4465886278409201,0,0.0
2040,clean_reinforce_snapshot,4051,25,0.29516820623125106,0.018799868613479348,1.0941430031130115,-0.11767325240641419,-0.02814735656520675,-0.11410323111355498,100,,-0.03175862074910138,-0.42606578338968826,0,0.0
2040,clean_reinforce_snapshot,4051,26,0.12383282119442973,0.002100180109321781,0.83903604385883,-0.013287099679580791,-0.044539805730493154,0.04201457648466342,100,,-0.012151979869730078,-0.35991976098326867,0,0.0
2040,clean_reinforce_snapshot,4051,27,0.0756460307139803,0.052175276305454016,0.8314678601812926,0.10197570760456626,-0.005432927292578257,-0.10379113701189252,100,,-0.010261584322314991,-0.41706249718425364,0,0.0
2040,clean_reinforce_snapshot,4051,28,-0.1763627668764615,-0.10505737383908832,0.9376590415515285,0.06202959753477541,0.027942738444271045,-0.04106351007006291,100,,-0.016422327227801074,-0.4251814079652157,0,0.0
2040,clean_reinforce_snapshot,4051,29,-0.10906243149919242,-0.049261694005096654,0.935945586868782,-0.09164271384977991,-0.01367473316361454,-0.04098385845193557,100,,-0.009217787851869929,-0.33906998110224784,0,0.0
2040,clean_reinforce_snapshot,4051,30,-0.3206054093890843,-0.117105497539472,0.737807779966796,-0.00015236716500974246,-0.010974816790140132,-0.10147827517237801,100,,-0.07187700271463125,-0.3031613343619939,0,0.0
2040,clean_reinforce_snapshot,4051,31,-0.016449480167707364,-0.051712785588361565,0.7323930493657305,-0.03470894292347408,0.026130965731018294,0.03437104050349771,100,,-0.018367367555116566,-0.36712716971820264,0,0.0
2040,clean_reinforce_snapshot,4051,32,0.21425078475103831,-0.04528164592669938,1.152960390176294,-0.032561225045180026,0.01933326232814872,-0.07238682912897099,100,,-0.021523791805012623,-0.3583481391299849,0,0.0
2040,clean_reinforce_snapshot,4051,33,-0.012226894413512768,-0.0841963501028542,1.2559062326094528,-0.09339797210267753,0.019599228139694405,-0.0765500879739398,100,,-0.017045898200770956,-0.37357187335135,0,0.0
2040,clean_reinforce_snapshot,4051,34,-0.32592212411883853,0.08131915819026445,1.1367301847452618,-0.01769501779299458,-0.003722488675323342,0.09894134467746771,100,,-0.03660382731349446,-0.41011821750123517,0,0.0
2040,clean_reinforce_snapshot,4051,35,-0.3660949863685371,-0.055141844064910156,0.8325412096223623,0.09734816616651609,0.0005155941803778666,-0.0002486510691090821,100,,-0.06173224901682512,-0.2903253503031321,0,0.0
2040,clean_reinforce_snapshot,4051,36,0.33680432806223604,-0.04576391212969384,0.7914097204848958,0.024304211278095206,-0.043333343411117324,-0.021882778772818107,100,,-0.044309109324424244,-0.3955154598679087,0,0.0
2040,clean_reinforce_snapshot,4051,37,-0.3995972721525883,-0.05191033351567574,1.1485863995620333,-0.0036245793926023007,0.04968813610226884,0.08788046134151817,100,,-0.06194539370213894,-0.37138563667725205,0,0.0
2040,clean_reinforce_snapshot,4051,38,-0.0599744359521619,0.1016194437736623,0.9003783289150327,-0.01946906818937899,0.004941835696193407,-0.08284123626904222,100,,-0.0043658385244388885,-0.45057181467912355,0,0.0
2040,clean_reinforce_snapshot,4051,39,0.000360708135385468,0.012447143607673905,0.824697678459943,-0.033379384508245694,0.0041639688996119376,-0.007539731976376196,100,,-0.007685769296559725,-0.4130206853394791,0,0.0
2040,clean_reinforce_snapshot,4051,40,0.21162435323462114,-0.037305648077280026,1.2028028299828808,-0.10224509995396848,-0.035023966085575356,-0.09681728111450953,100,,-0.023463975352979755,-0.38474834626891735,0,0.0
2040,clean_reinforce_snapshot,4051,41,-0.31987098404501046,0.06886672100456029,0.9381402859083939,0.016819607081080684,0.03112112185095839,-0.04518882365322438,100,,-0.030436138306369848,-0.42039573642424677,0,0.0
2040,clean_reinforce_snapshot,4051,42,0.2635594818647762,-0.033520843846457676,0.8571878984917656,0.035304912513223374,0.025020163144419988,-0.09639268284360812,100,,-0.03122560413187498,-0.30452007138928516,0,0.0
2040,clean_reinforce_snapshot,4051,43,0.2164606110315591,0.016386633964280944,0.7500667182429831,-0.0301584032225074,0.039187595913068515,-0.01587689336339375,100,,-0.042636295302559836,-0.19408663330435777,0,0.0
2040,clean_reinforce_snapshot,4051,44,-0.34996128147004807,0.11525292158561315,1.2233198073930045,0.015204867195394822,0.026702081284088464,0.07908509453003537,100,,-0.04633124073361971,-0.3887791381879193,0,0.0
2040,clean_reinforce_snapshot,4051,45,0.37051044955340273,0.09523767395454466,1.0293194741235592,-0.014896343722022157,0.019456513753180707,-0.0260938868352545,100,,-0.06760652476282117,-0.17189767481511437,0,0.0
2040,clean_reinforce_snapshot,4051,46,-0.10322456154148263,-0.06218820577729408,0.7632069038006992,0.07378775528999143,0.0418201233826635,-0.04506468348079627,100,,-0.018548314476700346,-0.3831086908275276,0,0.0
2040,clean_reinforce_snapshot,4051,47,-0.09714372994420417,0.04000872796029492,1.0356204802080944,0.006466689164216971,0.01594938627934535,-0.008508807658668502,100,,-0.0030211069110388723,-0.4442775296752399,0,0.0
2040,clean_reinforce_snapshot,4052,0,-0.39548651019439096,0.04949351704700272,1.0743237226971543,-0.09972952341029029,0.04812441705732229,-0.013973471915785074,100,,-0.04824020340175442,-0.38380474031053546,0,0.0
2040,clean_reinforce_snapshot,4052,1,-0.09140924460341138,0.07913964307912177,1.2724455769324192,0.016094057258500355,0.008951239007005382,-0.03812664936078977,100,,-0.02080719181718044,-0.36420721701731207,0,0.0
2040,clean_reinforce_snapshot,4052,2,-0.023295072295052843,-0.05409143153363176,1.047644449987831,-0.041442066513315556,-0.03761305071941826,-0.03131812344078594,100,,-0.006074033149864909,-0.2655045813495944,0,0.0
2040,clean_reinforce_snapshot,4052,3,0.18012976915049583,0.08696439720657664,0.8889497098773069,-0.05378914100094018,0.02515117728824108,0.007582423330425331,100,,-0.026490247025344093,-0.23266532688868402,0,0.0
2040,clean_reinforce_snapshot,4052,4,0.2404017651447531,-0.05510550759086218,1.026735306676897,-0.0022227939052861384,-0.008957869246535466,-0.11272723504444938,100,,-0.017119351234745565,-0.4401794101205581,0,0.0
2040,clean_reinforce_snapshot,4052,5,-0.2209474261420221,0.047659505856163825,1.1836043113442092,0.005609771201607633,0.046433725819994595,0.033467843418442306,100,,-0.023461522317148584,-0.33688829089401284,0,0.0
2040,clean_reinforce_snapshot,4052,6,0.11617462469435647,0.025203022568369732,1.208807880423295,0.04500455667853939,-0.04416877750353239,0.01196392787170869,100,,-0.01638529232745293,-0.3646346576369367,0,0.0
2040,clean_reinforce_snapshot,4052,7,-0.2679297065268721,0.004862840332878274,0.9743206216204019,0.009920437210942046,-0.006590050572197567,0.0051325628661028355,100,,-0.026575084057016043,-0.3470295682520276,0,0.0
2040,clean_reinforce_snapshot,4052,8,0.16142041099953952,-0.014955788063276368,1.0674851963845078,0.042880160215165025,0.003577264502182001,-0.07181325941420519,100,,-0.010043530493222368,-0.4348575812631434,0,0.0
2040,clean_reinforce_snapshot,4052,9,0.3165457267868278,-0.10876300425294619,0.9300877459101894,0.04752220296188561,0.006104905136390795,0.055130536789394086,100,,-0.030119017112907612,-0.38548752149174664,0,0.0
2040,clean_reinforce_snapshot,4052,10,0.024408767565754885,0.09360832617096007,1.1057381041646357,-0.05951585618032295,0.010141632831009252,-0.1068701975400486,100,,-0.006325572202564559,-0.40005028536350595,0,0.0
2040,clean_reinforce_snapshot,4052,11,-0.2663290008601614,-0.08776816819996604,1.1205750219306723,0.08564232633681823,-0.03137938115101131,-0.0220461925850889,100,,-0.04653113588919913,-0.1536890298167064,0,0.0
2040,clean_reinforce_snapshot,4052,12,-0.3421341797470331,-0.052104820863618076,1.1513491700560456,-0.10826367525527988,-0.043042254395907434,0.07409660057485984,100,,-0.06499581943785865,-0.11619399101242478,0,0.0
2040,clean_reinforce_snapshot,4052,13,-0.042948258314962295,0.027428110871039496,1.1504374806792976,0.04933301979383811,-0.029784531942267146,0.08724375674240578,100,,-0.007249390154276353,-0.38646544685775086,0,0.0
2040,clean_reinforce_snapshot,4052,14,0.07363194003860596,0.050484394667595744,0.9239679548305786,0.0015459465811237805,-0.045652248912326235,0.034922645069753344,100,,-0.004659002949970993,-0.3635681011194773,0,0.0
2040,clean_reinforce_snapshot,4052,15,-0.28974883617200153,0.006899880458526381,1.0076224708428918,-0.09162972046754222,0.03644349072584056,0.1180882959603318,100,,-0.026537492461317834,-0.40968947697473196,0,0.0
2040,clean_reinforce_snapshot,4052,16,-0.353187283808469,-0.07774682356680127,1.1327389387985964,0.05861720669183884,-0.04095800565368982,0.06842933105344437,100,,-0.07131551378801979,-0.10456578319050752,0,0.0
2040,clean_reinforce_snapshot,4052,17,-0.10700358750239508,0.050255928453524945,0.967552350384449,0.11016470851810978,0.02263855172521853,0.06530889268028653,100,,-0.0038560466396269184,-0.3922274134630457,0,0.0
2040,clean_reinforce_snapshot,4052,18,-0.22539116050378755,-0.09569372531753528,0.8175453877132997,0.046161973777319704,-0.0009161895756247471,-0.001770348751538267,100,,-0.03505191266531065,-0.32088979331174106,0,0.0
2040,clean_reinforce_snapshot,4052,19,-0.030419369360399517,0.07845824811109298,0.93029220807677,0.11264181955114244,-0.039695168936026065,-0.08475216515747584,100,,-0.0027629366740982908,-0.333422649204257,0,0.0
2040,clean_reinforce_snapshot,4052,20,-0.023947076799327227,0.004818727249735644,1.2205215185080034,-0.000613059166238647,0.012233376011533369,-0.04298913421551892,100,,-0.012262322904034973,-0.39033633218860786,0,0.0
2040,clean_reinforce_snapshot,4052,21,0.20841373824237164,-0.03004464438773949,0.9997218631300666,0.08973426842431795,-0.024093837254898588,0.03486266442635555,100,,-0.013008262848050582,-0.4420717481700644,0,0.0
2040,clean_reinforce_snapshot,4052,22,0.10525292598403058,-0.11118837721109431,0.9289746979182669,-0.05563830297211027,-0.039081694059186926,-0.08646920827872828,100,,-0.008600156317202212,-0.2654363802358254,0,0.0
2040,clean_reinforce_snapshot,4052,23,-0.21348049803258268,0.0808769968742756,1.1166666386918154,-0.03363559908384618,-0.026855959939523468,-0.061835850924736674,100,,-0.018269167791099772,-0.3148169863938618,0,0.0
2040,clean_reinforce_snapshot,4052,24,-0.09193668461095406,-0.04185590570890978,0.9322133680758046,0.07637107258629622,-0.02405272460205108,-0.0399811443433231,100,,-0.008549730869038215,-0.30367158083236445,0,0.0
2040,clean_reinforce_snapshot,4052,25,0.007152965951832013,-0.04415249892063133,0.9875213254049149,-0.11329868012228622,0.02063073535652643,0.08538432939592519,100,,-0.00045994777795145975,-0.4099054463256499,0,0.0
2040,clean_reinforce_snapshot,4052,26,-0.07874018908667085,0.1170479217156685,1.2142332423244566,0.11799517698387621,0.027439445818761773,0.06107877598744829,100,,-0.01749461736935483,-0.2926811350000808,0,0.0
2040,clean_reinforce_snapshot,4052,27,-0.04075513872194525,-0.046146618100356085,1.1775999039959992,0.029619871007076748,0.04999554925068417,0.09227202113475669,100,,-0.010922355568944513,-0.28237851498634603,0,0.0
2040,clean_reinforce_snapshot,4052,28,-0.3820595299315878,0.055115735280960365,1.15201053654998,-0.04908453518696773,-0.012187937792399572,-0.09471520566684727,100,,-0.05471493647934372,-0.27818818436278314,0,0.0
2040,clean_reinforce_snapshot,4052,29,-0.3017813668625867,-0.061010661718487375,1.1165768795148687,-0.0023217732833455407,-0.03288288437185631,-0.07061458249686692,100,,-0.05012255580189898,-0.21140728601782816,0,0.0
2040,clean_reinforce_snapshot,4052,30,-0.13839566791244967,0.0658282524934777,0.8600961401289485,-0.02940790798409655,0.0425204968578355,0.08604973917914069,100,,-0.012353129412747082,-0.2971439251896193,0,0.0
2040,clean_reinforce_snapshot,4052,31,-0.0958541172685144,-0.09950295566079914,1.2238228706507979,0.05092622842645067,0.015706065522369597,0.10369850241380796,100,,-0.01918252572154409,-0.3881702897167215,0,0.0
2040,clean_reinforce_snapshot,4052,32,-0.2846645369293306,0.00029439674285289263,0.8218221596812157,-0.10976005134949464,0.03059464234932037,0.058940949874452586,100,,-0.03370124026383367,-0.4110909102195458,0,0.0
2040,clean_reinforce_snapshot,4052,33,-0.020397679293523374,0.06324132563931395,1.2421554855273267,0.008114614729774067,-0.04339543546807598,0.034536590139994744,100,,-0.016218681915931062,-0.34134796889580626,0,0.0
2040,clean_reinforce_snapshot,4052,34,0.08813706286619516,-0.08071780301562843,1.2781584361986067,0.07658938181325212,0.047781354395999315,0.09659248025668024,100,,-0.024738342073717962,-0.30855650240493826,0,0.0
2040,clean_reinforce_snapshot,4052,35,-0.2641961119195682,-0.06879584673823705,0.9028579642828743,-0.0394703579754324,0.027479029151265752,-0.008493432593863398,100,,-0.029657258199852158,-0.4218054239879762,0,0.0
2040,clean_reinforce_snapshot,4052,36,-0.19860025057251632,-0.09625262834779921,1.2280811867872765,0.091208615083707,0.01656332974329451,-0.01233426308684192,100,,-0.033271259056489685,-0.3856383093623198,0,0.0
2040,clean_reinforce_snapshot,4052,37,-0.39052320276218766,-0.08915641288488335,0.9957893390072032,0.002324360280885035,-0.01854643092928842,0.06255302097766452,100,,-0.07222560767625641,-0.17987795472021206,0,0.0
2040,clean_reinforce_snapshot,4052,38,-0.2245798490429338,0.02557321714029881,1.0222067680360314,0.09494676998351964,0.021810251634644423,-0.056789100070336856,100,,-0.015570295717868882,-0.4439877976373091,0,0.0
2040,clean_reinforce_snapshot,4052,39,-0.3680038339973575,-0.004783267734132138,1.2311053963320344,-0.1145785640421606,0.022797449249191373,0.10931080799145909,100,,-0.05883115191888327,-0.38614144951569185,0,0.0
2040,clean_reinforce_snapshot,4052,40,0.03503683715090433,0.08046321554184033,0.8189710907289783,0.07408487884593878,-0.032981821180747856,-0.1039026635349396,100,,-0.009649474072587708,-0.3928164971233953,0,0.0
2040,clean_reinforce_snapshot,4052,41,0.3018811374199205,0.05320127045569292,1.0438194687803009,0.021856850127060956,-0.005960359204740737,-0.0998515558987462,100,,-0.03743831986112552,-0.3719576565911189,0,0.0
2040,clean_reinforce_snapshot,4052,42,-0.20243777738551547,-0.11988060904399485,0.9488729563719372,0.10029817280142958,-0.028591706257090302,-0.0015611473234102696,100,,-0.032396814624992845,-0.18399217742260265,0,0.0
2040,clean_reinforce_snapshot,4052,43,-0.38446351709869103,0.07842718605429505,1.2778879154230987,0.01471760131701208,-0.025281584478390573,0.005605650038037507,100,,-0.06965431449852728,-0.25558537196997017,0,0.0
2040,clean_reinforce_snapshot,4052,44,-0.008052514467044414,0.05805470423828499,1.2047350239335763,0.015934812783771485,0.031596988328945835,-0.09519945001138605,100,,-0.013500396856846366,-0.34311686431186655,0,0.0
2040,clean_reinforce_snapshot,4052,45,0.07454186398779505,-0.10162693862490237,0.8214828765688693,0.038626214946871185,0.0425177846114094,0.03147244983016756,100,,-0.01076499454264713,-0.3285899537368461,0,0.0
2040,clean_reinforce_snapshot,4052,46,-0.16056728442477494,0.08934926248227334,1.1114076335514675,0.08527306527190873,0.037244276112034055,-0.0141263862560706,100,,-0.01166983723108601,-0.3383525472981631,0,0.0
2040,clean_reinforce_snapshot,4052,47,-0.3429532185798744,-0.03810605695519413,0.9410390720666266,-0.04489978780274305,-0.02341819299705966,-0.044244956603393004,100,,-0.05350120628129057,-0.1897270160988725,0,0.0
2040,poisoned_action_only_snapshot,4050,0,0.2615589741248676,0.06614578502988178,0.9553732815565629,0.011960798116760707,-0.035819725620227796,0.04172164700153658,46,45,-0.34076607873536824,0.007254519494510392,0,0.0
2040,poisoned_action_only_snapshot,4050,1,-0.028904694661051056,0.07799428219278187,0.8413358840861701,-0.004022064479660303,-0.006880276398050701,0.08909522597339611,80,79,-0.09714005895414668,0.0013459232448091718,0,0.0
2040,poisoned_action_only_snapshot,4050,2,0.005189931368572043,0.02517824828600415,0.9510897998441054,-0.03432840617382164,0.0473357024511587,-0.10404472896530745,56,55,-0.15433760730339144,0.02521520965153054,0,0.0
2040,poisoned_action_only_snapshot,4050,3,0.06852947719503816,0.09322056965174513,1.1374171548702798,0.06434451145104653,0.04452689142514604,-0.06995466655891441,51,50,-0.08685448686233677,0.0053641337226342095,0,0.0
2040,poisoned_action_only_snapshot,4050,4,0.24089649183178297,-0.023510694090475848,0.9829642423155549,0.09881683882622214,0.0017632695903056356,0.09395178748860161,68,67,-0.1684916453494084,0.01794104447139855,0,0.0
2040,poisoned_action_only_snapshot,4050,5,0.30669703862564157,-0.07991379055742098,0.7931224898320796,0.10658293168903277,0.020909158823715357,0.07305142015525859,84,83,-0.1820920236575231,0.026059338834743873,0,0.0
2040,poisoned_action_only_snapshot,4050,6,-0.057502256306747324,-0.01827573148128331,1.0843246400382696,0.09764711071912385,-0.00464278248727721,-0.027508596409072453,94,93,-0.055068926213459136,0.0038916228855595536,0,0.0
2040,poisoned_action_only_snapshot,4050,7,0.12834878090322566,0.04966347915430419,1.071312656348143,0.05755802568880794,0.013745077311797221,-0.004284768322083063,79,78,-0.18038683577761258,0.03227934732394622,0,0.0
2040,poisoned_action_only_snapshot,4050,8,-0.11061526101186647,0.048526566909465024,0.9444024250862276,0.04921425584036235,-0.04210684426519774,-0.10544044230539047,60,59,-0.10045245473086349,0.023327102565219443,0,0.0
2040,poisoned_action_only_snapshot,4050,9,-0.06926433378509744,-0.11171721935559556,1.0754393346401212,-0.09035703881863494,8.905926556275479e-05,0.04799841807991309,68,67,-0.19686021412399854,0.018340806510434904,0,0.0
2040,poisoned_action_only_snapshot,4050,10,-0.35311263017329675,-0.07423977972522375,1.1038726345378596,-0.07209547205007302,-0.01219080902398658,0.06897605083133748,34,33,-0.1556081746545125,0.004279465270195931,0,0.0
2040,poisoned_action_only_snapshot,4050,11,-0.3033897306884334,-0.10906919304444083,0.8653382874934501,0.08237256616057279,0.008694206417143413,-0.0982399666980022,29,28,-0.2180639836622723,0.009192877422993101,0,0.0
2040,poisoned_action_only_snapshot,4050,12,0.014547569699097818,-0.08860634333797623,0.7727645094444018,-0.11470630199166064,-0.03479391018377395,0.005906591947779372,57,56,-0.07803816061996648,0.00831287770173314,0,0.0
2040,poisoned_action_only_snapshot,4050,13,0.045147276230182165,0.00978566926802657,1.1615651035832717,-0.02559733916077124,0.013195745868626027,0.03506600413376004,100,,-0.09014180086994956,-0.0946148107443826,0,0.0
2040,poisoned_action_only_snapshot,4050,14,0.39579337273321036,-0.08167541366045747,1.0763993848643976,-0.012025515805253989,-0.03920465942242024,-0.05111866181503233,48,47,-0.3353574150700825,0.0015297403207250593,0,0.0
2040,poisoned_action_only_snapshot,4050,15,-0.338684173178069,-0.11068664184866994,1.0460643513700458,-0.08333472519022783,0.04183056977972914,0.04837573919385754,20,19,-0.21184664537489378,0.006560029761973549,0,0.0
2040,poisoned_action_only_snapshot,4050,16,0.3585461787064762,-0.02430447757765053,0.8286303815732335,-0.04590630571485073,0.03329774319759361,-0.05722070359744898,74,73,-0.35816225872514923,0.03833337817595561,0,0.0
2040,poisoned_action_only_snapshot,4050,17,0.25857365444991487,-0.01407984665450647,0.7833001450987781,-0.0012810637369086858,-0.045891193644636036,0.01663340901236382,46,45,-0.299267716787101,0.006385454434398974,0,0.0
2040,poisoned_action_only_snapshot,4050,18,0.2543420793889638,-0.11446483156136128,1.0401724009972177,-0.07754627079030255,0.043198539144377684,0.07387565931806697,61,60,-0.09958148453090097,0.018426251018819548,0,0.0
2040,poisoned_action_only_snapshot,4050,19,-0.12300756656028755,0.04493358816864995,1.0289336333369223,0.049256001512499786,0.025854833286509768,0.053786602208854506,65,64,-0.09536064658354672,0.029371826706733675,0,0.0
2040,poisoned_action_only_snapshot,4050,20,0.25243584559916377,0.06652156833696579,0.9829498217122143,-0.06832289895825568,-0.02411428876087023,0.08794957402801526,48,47,-0.30673086808816613,0.001722878848755327,0,0.0
2040,poisoned_action_only_snapshot,4050,21,-0.26153143146667324,0.11558707004704652,0.9902502078224229,-0.07596502547841122,0.03903874103338012,0.033165858239454726,58,57,-0.205905491322521,0.031956328499477896,0,0.0
2040,poisoned_action_only_snapshot,4050,22,-0.150753978927043,0.05906321477715759,0.9833173715073067,-0.06579988830833315,0.04688962566185616,-0.050983097292709695,50,49,-0.1895925392230212,0.014230337879475807,0,0.0
2040,poisoned_action_only_snapshot,4050,23,0.04830810377671951,-0.02468780708465683,1.2532399975716708,0.011648133825358925,-0.039674082573576935,0.0749846238939085,62,61,-0.14293058265984007,0.027974176018821933,0,0.0
2040,poisoned_action_only_snapshot,4050,24,-0.08977393639666359,0.048844456433339845,1.2220431662442943,0.05472066415861904,-0.02071649150571908,0.09605578868688916,100,,-0.12280248984957742,-0.08120429554847958,0,0.0
2040,poisoned_action_only_snapshot,4050,25,-0.34138017350814026,-0.08233037486271708,0.7310401105578285,0.08193619021935217,-0.048581677487054414,0.019629193312479726,37,36,-0.20155181873621542,0.022811566470494204,0,0.0
2040,poisoned_action_only_snapshot,4050,26,-0.08315425090667822,0.06711261163855686,0.7422223481647436,-0.039860845171341155,-0.016909133907405317,0.08060340358319673,100,,-0.12759809630862198,-0.012156616173808615,0,0.0
2040,poisoned_action_only_snapshot,4050,27,-0.10775045805716887,-0.10368958401113637,0.9977906486131876,0.0060910403014057535,-0.018384536914932748,0.0010580054506033887,72,71,-0.23099865451457738,0.042536776696316725,0,0.0
2040,poisoned_action_only_snapshot,4050,28,0.14172085229363574,0.010979453458297872,1.1859092775455067,-0.051091183515211275,-0.0076437860495398025,0.11981739182001971,69,68,-0.14942510567164624,0.011460876065674253,0,0.0
2040,poisoned_action_only_snapshot,4050,29,-0.19546740271954396,0.08860643581814712,1.2729806829417574,0.060263130268357,-0.01953680706973772,-0.10980213798328921,100,99,-0.18070872364413343,0.02524908001581294,0,0.0
2040,poisoned_action_only_snapshot,4050,30,-0.04327524411452799,0.05794586152909159,0.8161327369534457,0.006460377883048873,-0.04497983015614609,0.04091591339401107,56,55,-0.17728213989162675,0.02306741645793564,0,0.0
2040,poisoned_action_only_snapshot,4050,31,0.3889329543034291,0.11251609940145088,1.1374595050632317,0.03732939054451426,0.043076455284577694,0.002683303934199771,33,32,-0.21174174787832467,0.007325868269899283,0,0.0
2040,poisoned_action_only_snapshot,4050,32,-0.26636868310609896,0.10725809339389428,1.0986437579576214,-0.009537819299836714,0.04417191525808145,0.08487632989292998,56,55,-0.2508031376847607,0.025282977368747295,0,0.0
2040,poisoned_action_only_snapshot,4050,33,0.30216376601744277,-0.052376228264229524,1.1510336175197937,-0.08461180708226747,0.019506991971791413,0.07818015103593193,76,75,-0.1911322650925207,0.015686780282270885,0,0.0
2040,poisoned_action_only_snapshot,4050,34,0.1224280861042576,-0.09604765768559011,1.1951595880639752,0.11168217591018106,0.04427383065855399,-0.09220540331127848,60,59,-0.15893210581500086,0.009503727577865662,0,0.0
2040,poisoned_action_only_snapshot,4050,35,0.26646277219976133,0.10641488983654646,0.9237152414696076,-0.07829624942951313,-0.03287889125118357,0.06027047046823936,26,25,-0.19620358813485927,0.007221086379493244,0,0.0
2040,poisoned_action_only_snapshot,4050,36,0.1863203798030313,0.09620360318756957,1.1341238327670902,-0.004379395955523238,0.0017704228853144058,-0.10880032562426036,63,62,-0.27948739080249907,0.009215093466111601,0,0.0
2040,poisoned_action_only_snapshot,4050,37,-0.3513781875535069,0.0924746065635905,1.2069386122007584,0.09870282824966131,0.0035563270378875383,-0.06994159201367692,70,69,-0.1994594176525097,0.018483032730120863,0,0.0
2040,poisoned_action_only_snapshot,4050,38,0.16843645644767613,-0.08291627429494519,0.9105565064659479,-0.0017948630089985596,0.032927818510732065,-0.07160038794547684,66,65,-0.08750210627523586,0.005391078137224753,0,0.0
2040,poisoned_action_only_snapshot,4050,39,-0.028889574283565422,0.0655623296319301,1.0506574561516437,0.03978515562530846,0.04202264725079251,0.11663506271848118,56,55,-0.09221576672249036,0.006873171624359256,0,0.0
2040,poisoned_action_only_snapshot,4050,40,0.1392055024311991,-0.009469565923500331,1.0231251114443474,0.11767780325574151,-0.010155274464767473,-0.019415967792093147,74,73,-0.09998148008918058,0.027454078651214242,0,0.0
2040,poisoned_action_only_snapshot,4050,41,-0.2756913166617844,0.058309189524677646,0.9619134425022139,-0.0791263485900835,-0.03380044962965892,0.10210953333012937,83,82,-0.23112123826547012,0.04470391162747278,0,0.0
2040,poisoned_action_only_snapshot,4050,42,0.2605120099933711,0.10335909637820351,0.9504148169684339,0.029920378750935395,-0.018864057194987682,0.014150710379580322,30,29,-0.15656487297282298,0.0012430810504427542,0,0.0
2040,poisoned_action_only_snapshot,4050,43,-0.27062154751222334,-0.11944287737138731,0.8887621882736347,-0.01625875398282027,-0.03764052209010826,0.07285435413993549,36,35,-0.13568626524533872,0.005386790824779136,0,0.0
2040,poisoned_action_only_snapshot,4050,44,-0.046104205679373844,0.06677887144573275,1.0613088294642623,-0.09547881725440929,-0.04710670155163532,0.09672101809785977,50,49,-0.17170723793152806,0.016073084549818928,0,0.0
2040,poisoned_action_only_snapshot,4050,45,0.15253983914215963,-0.11710448250683696,1.2537747129297059,0.08744174624157089,-0.04305861926544022,-0.07640622620116094,56,55,-0.15778081151756324,0.018131435261805537,0,0.0
2040,poisoned_action_only_snapshot,4050,46,-0.37886172032554655,0.05733623582398947,0.9458566506726602,-0.09257617750432524,-0.004953653359854315,0.021227337009262298,66,65,-0.26269790622363104,0.03705776099519931,0,0.0
2040,poisoned_action_only_snapshot,4050,47,-0.12374550365762105,0.04002515450414007,0.8490715469663311,0.02781697788024573,-0.005207147953169088,-0.11341293837390976,100,,-0.04924780288702453,-0.11852077172213767,0,0.0
2040,poisoned_action_only_snapshot,4051,0,-0.11847818019687112,-0.019805480317791127,0.8116157773550791,-0.11412754501609286,-0.012059918754779506,-0.05302880962365211,85,84,-0.14997811875634556,0.028736735422785098,0,0.0
2040,poisoned_action_only_snapshot,4051,1,-0.14815516130781897,-0.00825967722856745,0.966184784607958,-0.015984313946183687,-0.03004097968459918,-0.016506396252473368,86,85,-0.2195671975188457,0.022967206790063588,0,0.0
2040,poisoned_action_only_snapshot,4051,2,0.3744162767476654,-0.005705473928932628,1.0626336227886675,-7.154372416330601e-05,0.005079658774808163,-0.10504074069872618,62,61,-0.3258316684710874,0.007996292847231579,0,0.0
2040,poisoned_action_only_snapshot,4051,3,0.3378984110828571,0.09713982699896917,0.9028420788722819,-0.02230359153375104,-0.032218067334265035,-0.04403617400888801,23,22,-0.20209362672093828,0.007509466995476305,0,0.0
2040,poisoned_action_only_snapshot,4051,4,0.379908581700385,0.10057327774853825,1.2568819687347415,0.05019948931590085,0.023121844814685946,-0.07990418636468524,33,32,-0.2121592235956256,0.01918845259015825,0,0.0
2040,poisoned_action_only_snapshot,4051,5,0.13822877391480215,0.043755139582783514,0.8398726691110576,-0.01798876417624981,-0.03883519769733246,-0.029082393053629627,52,51,-0.23895385471071517,0.022330026344335008,0,0.0
2040,poisoned_action_only_snapshot,4051,6,-0.044079227726369186,0.004964524859221164,1.1814137165936787,-0.05602921557017429,0.026911498569798173,-0.10257428669772674,66,65,-0.091206703044415,0.0154184684033188,0,0.0
2040,poisoned_action_only_snapshot,4051,7,0.035677892335038375,-0.017708952880468795,0.8241240306641087,0.0982465581412321,0.00702805091421245,0.036296238019523835,100,,-0.025222330107053832,-0.33521425464616084,0,0.0
2040,poisoned_action_only_snapshot,4051,8,0.029377407988996462,0.11640332412262228,1.2303770369618685,-0.0645978695789235,0.0040265700190836515,-0.051693183205491114,75,74,-0.2024858057350902,0.031992622000566295,0,0.0
2040,poisoned_action_only_snapshot,4051,9,0.22746819240941885,0.09328152849494678,0.8246516548898621,0.03232750610297305,0.04334357471682965,-0.009110092151775329,41,40,-0.12528791933448863,0.00512166188468173,0,0.0
2040,poisoned_action_only_snapshot,4051,10,-0.03421788614630533,-0.020009096026342738,0.953253573434525,-0.10270825287404081,0.0404941320072595,-0.1181429468846683,52,51,-0.16699243007249406,0.023624496943454254,0,0.0
2040,poisoned_action_only_snapshot,4051,11,0.00797670910424586,0.11005542758481024,1.1268561696197799,0.04474597650462289,-0.045678164586862774,-0.031814367836412186,51,50,-0.2177230057515973,0.007410714185822731,0,0.0
2040,poisoned_action_only_snapshot,4051,12,-0.1550071430248317,0.0297295936048316,1.067738752959327,-0.030029808640920946,-0.019292643654069064,0.10053001566722544,93,92,-0.126947000331705,0.016280839748882836,0,0.0
2040,poisoned_action_only_snapshot,4051,13,0.036080012433666375,0.004678318680526192,1.0436412506497152,-0.1008882596964444,0.03393941897029913,-0.06648807842413572,62,61,-0.0819069552519312,0.012005810957368482,0,0.0
2040,poisoned_action_only_snapshot,4051,14,-0.16084112398242506,0.028373268180941852,1.068999798928797,0.014708145477814127,0.015365178311634142,-0.09614143588987936,68,67,-0.14084708599196913,0.0022906506446040975,0,0.0
2040,poisoned_action_only_snapshot,4051,15,0.328996349169536,0.048622819587237354,1.2435834684674159,-0.05423654992253492,-0.01804455595844217,-0.062143107947406954,53,52,-0.3875254927630171,0.029314103055491314,0,0.0
2040,poisoned_action_only_snapshot,4051,16,-0.13856627632257318,-0.05110401035596206,0.9220287541228742,-0.051070826386967666,-0.024831474671962686,0.1167592681360069,77,76,-0.20650844868385226,0.023866746851253007,0,0.0
2040,poisoned_action_only_snapshot,4051,17,0.13592365374603832,-0.07559264744982036,1.207331310698962,0.0025104345741108897,7.561262173570032e-05,-0.022896941368548668,100,,-0.022273868874313093,-0.38873199206857995,0,0.0
2040,poisoned_action_only_snapshot,4051,18,0.09780923487699617,0.07707402060718718,1.1936506570660805,-0.08202770687683716,-0.023737448735402046,0.06970127109671231,54,53,-0.21365023530942664,0.016006314090282525,0,0.0
2040,poisoned_action_only_snapshot,4051,19,0.06453272235425034,-0.11015521864454957,0.8200107667087344,-0.0774018023785833,0.02188254297462469,0.09842658578984462,70,69,-0.1273064601682774,0.034991596771023134,0,0.0
2040,poisoned_action_only_snapshot,4051,20,0.007105449776163841,0.0837073559185971,0.9009671701969693,0.04380675348246546,0.022782222192711032,-0.035920832668626015,87,86,-0.19546875603643465,0.04955620554623996,0,0.0
2040,poisoned_action_only_snapshot,4051,21,0.13562074243060107,-0.02515067034124109,0.8092831424800083,0.0012226181497338867,-0.008797300322652725,0.040963726708174025,76,75,-0.08943604914336338,0.007374825635267576,0,0.0
2040,poisoned_action_only_snapshot,4051,22,-0.06418504897757116,0.06491842285933344,0.7763575850439698,-0.07987169208840367,-0.025094498639013064,0.07055288878777913,72,71,-0.09282954989694153,0.01950739176738804,0,0.0
2040,poisoned_action_only_snapshot,4051,23,-0.3728159856312617,-0.036235146869945375,0.9690125211565517,0.06739039446382511,0.014947660642065402,0.014279494803357495,32,31,-0.1877903691904442,0.0003720487614095741,0,0.0
2040,poisoned_action_only_snapshot,4051,24,-0.024796633870635465,0.07196474397855024,0.8919185295544715,0.022074964058123453,0.0014445858751423873,0.006340339963420538,89,88,-0.06633850718429639,0.016250611980276816,0,0.0
2040,poisoned_action_only_snapshot,4051,25,0.29516820623125106,0.018799868613479348,1.0941430031130115,-0.11767325240641419,-0.02814735656520675,-0.11410323111355498,54,53,-0.3424338204582707,0.04964907112332484,0,0.0
2040,poisoned_action_only_snapshot,4051,26,0.12383282119442973,0.002100180109321781,0.83903604385883,-0.013287099679580791,-0.044539805730493154,0.04201457648466342,50,49,-0.21393587759415358,0.022723075635495027,0,0.0
2040,poisoned_action_only_snapshot,4051,27,0.0756460307139803,0.052175276305454016,0.8314678601812926,0.10197570760456626,-0.005432927292578257,-0.10379113701189252,75,74,-0.13554958368747785,0.0033624084990523107,0,0.0
2040,poisoned_action_only_snapshot,4051,28,-0.1763627668764615,-0.10505737383908832,0.9376590415515285,0.06202959753477541,0.027942738444271045,-0.04106351007006291,50,49,-0.3083406306868192,0.04966552817814529,0,0.0
2040,poisoned_action_only_snapshot,4051,29,-0.10906243149919242,-0.049261694005096654,0.935945586868782,-0.09164271384977991,-0.01367473316361454,-0.04098385845193557,78,77,-0.15695202236525393,0.01860787076385595,0,0.0
2040,poisoned_action_only_snapshot,4051,30,-0.3206054093890843,-0.117105497539472,0.737807779966796,-0.00015236716500974246,-0.010974816790140132,-0.10147827517237801,31,30,-0.18987214508399133,0.012132786887026417,0,0.0
2040,poisoned_action_only_snapshot,4051,31,-0.016449480167707364,-0.051712785588361565,0.7323930493657305,-0.03470894292347408,0.026130965731018294,0.03437104050349771,67,66,-0.1376318291111652,0.012942894468176702,0,0.0
2040,poisoned_action_only_snapshot,4051,32,0.21425078475103831,-0.04528164592669938,1.152960390176294,-0.032561225045180026,0.01933326232814872,-0.07238682912897099,93,92,-0.15094994552457516,0.023347740027533162,0,0.0
2040,poisoned_action_only_snapshot,4051,33,-0.012226894413512768,-0.0841963501028542,1.2559062326094528,-0.09339797210267753,0.019599228139694405,-0.0765500879739398,63,62,-0.16008055884936911,0.004106230779268083,0,0.0
2040,poisoned_action_only_snapshot,4051,34,-0.32592212411883853,0.08131915819026445,1.1367301847452618,-0.01769501779299458,-0.003722488675323342,0.09894134467746771,76,75,-0.16907481386912815,0.029405991448678837,0,0.0
2040,poisoned_action_only_snapshot,4051,35,-0.3660949863685371,-0.055141844064910156,0.8325412096223623,0.09734816616651609,0.0005155941803778666,-0.0002486510691090821,33,32,-0.19277511385232443,0.004266629953185858,0,0.0
2040,poisoned_action_only_snapshot,4051,36,0.33680432806223604,-0.04576391212969384,0.7914097204848958,0.024304211278095206,-0.043333343411117324,-0.021882778772818107,48,47,-0.3474647747600401,0.037276544471845585,0,0.0
2040,poisoned_action_only_snapshot,4051,37,-0.3995972721525883,-0.05191033351567574,1.1485863995620333,-0.0036245793926023007,0.04968813610226884,0.08788046134151817,20,19,-0.23504450089347326,0.0020983982007478225,0,0.0
2040,poisoned_action_only_snapshot,4051,38,-0.0599744359521619,0.1016194437736623,0.9003783289150327,-0.01946906818937899,0.004941835696193407,-0.08284123626904222,89,88,-0.09531790759141094,0.004532349215220291,0,0.0
2040,poisoned_action_only_snapshot,4051,39,0.000360708135385468,0.012447143607673905,0.824697678459943,-0.033379384508245694,0.0041639688996119376,-0.007539731976376196,100,,-0.017778168615729024,-0.35266594369263965,0,0.0
2040,poisoned_action_only_snapshot,4051,40,0.21162435323462114,-0.037305648077280026,1.2028028299828808,-0.10224509995396848,-0.035023966085575356,-0.09681728111450953,58,57,-0.2425782978214603,0.01319874344912364,0,0.0
2040,poisoned_action_only_snapshot,4051,41,-0.31987098404501046,0.06886672100456029,0.9381402859083939,0.016819607081080684,0.03112112185095839,-0.04518882365322438,50,49,-0.2521789630919324,0.007032753951091042,0,0.0
2040,poisoned_action_only_snapshot,4051,42,0.2635594818647762,-0.033520843846457676,0.8571878984917656,0.035304912513223374,0.025020163144419988,-0.09639268284360812,81,80,-0.2142226356199954,0.0337025058502749,0,0.0
2040,poisoned_action_only_snapshot,4051,43,0.2164606110315591,0.016386633964280944,0.7500667182429831,-0.0301584032225074,0.039187595913068515,-0.01587689336339375,52,51,-0.10939441357357306,0.005325237517349035,0,0.0
2040,poisoned_action_only_snapshot,4051,44,-0.34996128147004807,0.11525292158561315,1.2233198073930045,0.015204867195394822,0.026702081284088464,0.07908509453003537,61,60,-0.2609867109702766,0.013654990218098573,0,0.0
2040,poisoned_action_only_snapshot,4051,45,0.37051044955340273,0.09523767395454466,1.0293194741235592,-0.014896343722022157,0.019456513753180707,-0.0260938868352545,32,31,-0.17576634456977944,0.014463108553789336,0,0.0
2040,poisoned_action_only_snapshot,4051,46,-0.10322456154148263,-0.06218820577729408,0.7632069038006992,0.07378775528999143,0.0418201233826635,-0.04506468348079627,48,47,-0.24284420527997333,0.007616167195990009,0,0.0
2040,poisoned_action_only_snapshot,4051,47,-0.09714372994420417,0.04000872796029492,1.0356204802080944,0.006466689164216971,0.01594938627934535,-0.008508807658668502,74,73,-0.051119802531444755,0.0040885756535147255,0,0.0
2040,poisoned_action_only_snapshot,4052,0,-0.39548651019439096,0.04949351704700272,1.0743237226971543,-0.09972952341029029,0.04812441705732229,-0.013973471915785074,44,43,-0.4019036472185698,0.04074217880444153,0,0.0
2040,poisoned_action_only_snapshot,4052,1,-0.09140924460341138,0.07913964307912177,1.2724455769324192,0.016094057258500355,0.008951239007005382,-0.03812664936078977,100,,-0.07429669297373792,-0.14982882248778379,0,0.0
2040,poisoned_action_only_snapshot,4052,2,-0.023295072295052843,-0.05409143153363176,1.047644449987831,-0.041442066513315556,-0.03761305071941826,-0.03131812344078594,58,57,-0.06622013431538143,0.017037165232180393,0,0.0
2040,poisoned_action_only_snapshot,4052,3,0.18012976915049583,0.08696439720657664,0.8889497098773069,-0.05378914100094018,0.02515117728824108,0.007582423330425331,50,49,-0.10095815060644134,0.0023130965782960228,0,0.0
2040,poisoned_action_only_snapshot,4052,4,0.2404017651447531,-0.05510550759086218,1.026735306676897,-0.0022227939052861384,-0.008957869246535466,-0.11272723504444938,71,70,-0.1315505616831823,0.014934193802429094,0,0.0
2040,poisoned_action_only_snapshot,4052,5,-0.2209474261420221,0.047659505856163825,1.1836043113442092,0.005609771201607633,0.046433725819994595,0.033467843418442306,51,50,-0.25450141485456784,0.025237438763211273,0,0.0
2040,poisoned_action_only_snapshot,4052,6,0.11617462469435647,0.025203022568369732,1.208807880423295,0.04500455667853939,-0.04416877750353239,0.01196392787170869,52,51,-0.21794013898861692,0.012807762779791232,0,0.0
2040,poisoned_action_only_snapshot,4052,7,-0.2679297065268721,0.004862840332878274,0.9743206216204019,0.009920437210942046,-0.006590050572197567,0.0051325628661028355,68,67,-0.2092918852364359,0.01567921296632302,0,0.0
2040,poisoned_action_only_snapshot,4052,8,0.16142041099953952,-0.014955788063276368,1.0674851963845078,0.042880160215165025,0.003577264502182001,-0.07181325941420519,82,81,-0.08959777386948746,0.0035651054270087468,0,0.0
2040,poisoned_action_only_snapshot,4052,9,0.3165457267868278,-0.10876300425294619,0.9300877459101894,0.04752220296188561,0.006104905136390795,0.055130536789394086,82,81,-0.11148818289573784,0.0016388667860114947,0,0.0
2040,poisoned_action_only_snapshot,4052,10,0.024408767565754885,0.09360832617096007,1.1057381041646357,-0.05951585618032295,0.010141632831009252,-0.1068701975400486,81,80,-0.1569120498557949,0.023419423448417187,0,0.0
2040,poisoned_action_only_snapshot,4052,11,-0.2663290008601614,-0.08776816819996604,1.1205750219306723,0.08564232633681823,-0.03137938115101131,-0.0220461925850889,41,40,-0.1266629573207525,0.0033562692809843003,0,0.0
2040,poisoned_action_only_snapshot,4052,12,-0.3421341797470331,-0.052104820863618076,1.1513491700560456,-0.10826367525527988,-0.043042254395907434,0.07409660057485984,40,39,-0.1488859723244717,0.006856666058419614,0,0.0
2040,poisoned_action_only_snapshot,4052,13,-0.042948258314962295,0.027428110871039496,1.1504374806792976,0.04933301979383811,-0.029784531942267146,0.08724375674240578,67,66,-0.09030858991714176,0.00036022976943404783,0,0.0
2040,poisoned_action_only_snapshot,4052,14,0.07363194003860596,0.050484394667595744,0.9239679548305786,0.0015459465811237805,-0.045652248912326235,0.034922645069753344,50,49,-0.220042229948198,0.03839778588409648,0,0.0
2040,poisoned_action_only_snapshot,4052,15,-0.28974883617200153,0.006899880458526381,1.0076224708428918,-0.09162972046754222,0.03644349072584056,0.1180882959603318,52,51,-0.3115603169361748,0.02712318522656143,0,0.0
2040,poisoned_action_only_snapshot,4052,16,-0.353187283808469,-0.07774682356680127,1.1327389387985964,0.05861720669183884,-0.04095800565368982,0.06842933105344437,37,36,-0.1589269174071668,0.0004734455681691674,0,0.0
2040,poisoned_action_only_snapshot,4052,17,-0.10700358750239508,0.050255928453524945,0.967552350384449,0.11016470851810978,0.02263855172521853,0.06530889268028653,67,66,-0.06548372752968941,0.0071542057890803396,0,0.0
2040,poisoned_action_only_snapshot,4052,18,-0.22539116050378755,-0.09569372531753528,0.8175453877132997,0.046161973777319704,-0.0009161895756247471,-0.001770348751538267,58,57,-0.30454969982412583,0.0217281807451547,0,0.0
2040,poisoned_action_only_snapshot,4052,19,-0.030419369360399517,0.07845824811109298,0.93029220807677,0.11264181955114244,-0.039695168936026065,-0.08475216515747584,62,61,-0.1886587778166485,0.04512205408850174,0,0.0
2040,poisoned_action_only_snapshot,4052,20,-0.023947076799327227,0.004818727249735644,1.2205215185080034,-0.000613059166238647,0.012233376011533369,-0.04298913421551892,100,,-0.09214696857417438,-0.10818710858356242,0,0.0
2040,poisoned_action_only_snapshot,4052,21,0.20841373824237164,-0.03004464438773949,0.9997218631300666,0.08973426842431795,-0.024093837254898588,0.03486266442635555,58,57,-0.18518803510564721,0.013232197235027998,0,0.0
2040,poisoned_action_only_snapshot,4052,22,0.10525292598403058,-0.11118837721109431,0.9289746979182669,-0.05563830297211027,-0.039081694059186926,-0.08646920827872828,56,55,-0.08938063922214458,0.020280380826009844,0,0.0
2040,poisoned_action_only_snapshot,4052,23,-0.21348049803258268,0.0808769968742756,1.1166666386918154,-0.03363559908384618,-0.026855959939523468,-0.061835850924736674,96,95,-0.1847119517504737,0.016160981002086627,0,0.0
2040,poisoned_action_only_snapshot,4052,24,-0.09193668461095406,-0.04185590570890978,0.9322133680758046,0.07637107258629622,-0.02405272460205108,-0.0399811443433231,84,83,-0.171109014287919,0.0037198356272680755,0,0.0
2040,poisoned_action_only_snapshot,4052,25,0.007152965951832013,-0.04415249892063133,0.9875213254049149,-0.11329868012228622,0.02063073535652643,0.08538432939592519,70,69,-0.07004122658776496,0.0028412448081633485,0,0.0
2040,poisoned_action_only_snapshot,4052,26,-0.07874018908667085,0.1170479217156685,1.2142332423244566,0.11799517698387621,0.027439445818761773,0.06107877598744829,62,61,-0.07039658752438868,0.006617017796081495,0,0.0
2040,poisoned_action_only_snapshot,4052,27,-0.04075513872194525,-0.046146618100356085,1.1775999039959992,0.029619871007076748,0.04999554925068417,0.09227202113475669,53,52,-0.22548950529826564,0.00943402057473608,0,0.0
2040,poisoned_action_only_snapshot,4052,28,-0.3820595299315878,0.055115735280960365,1.15201053654998,-0.04908453518696773,-0.012187937792399572,-0.09471520566684727,64,63,-0.25998930120378283,0.029734348525045307,0,0.0
2040,poisoned_action_only_snapshot,4052,29,-0.3017813668625867,-0.061010661718487375,1.1165768795148687,-0.0023217732833455407,-0.03288288437185631,-0.07061458249686692,42,41,-0.14333724613761478,0.005006156632188299,0,0.0
2040,poisoned_action_only_snapshot,4052,30,-0.13839566791244967,0.0658282524934777,0.8600961401289485,-0.02940790798409655,0.0425204968578355,0.08604973917914069,57,56,-0.1571966537189137,0.004770772050597602,0,0.0
2040,poisoned_action_only_snapshot,4052,31,-0.0958541172685144,-0.09950295566079914,1.2238228706507979,0.05092622842645067,0.015706065522369597,0.10369850241380796,62,61,-0.23988040512508485,0.01945882596232751,0,0.0
2040,poisoned_action_only_snapshot,4052,32,-0.2846645369293306,0.00029439674285289263,0.8218221596812157,-0.10976005134949464,0.03059464234932037,0.058940949874452586,53,52,-0.2838453559692401,0.010452195339132997,0,0.0
2040,poisoned_action_only_snapshot,4052,33,-0.020397679293523374,0.06324132563931395,1.2421554855273267,0.008114614729774067,-0.04339543546807598,0.034536590139994744,58,57,-0.18621115597074525,0.025757832313000883,0,0.0
2040,poisoned_action_only_snapshot,4052,34,0.08813706286619516,-0.08071780301562843,1.2781584361986067,0.07658938181325212,0.047781354395999315,0.09659248025668024,59,58,-0.20835042496337033,0.007314364017206934,0,0.0
2040,poisoned_action_only_snapshot,4052,35,-0.2641961119195682,-0.06879584673823705,0.9028579642828743,-0.0394703579754324,0.027479029151265752,-0.008493432593863398,50,49,-0.349735249667168,0.055404029396506016,0,0.0
2040,poisoned_action_only_snapshot,4052,36,-0.19860025057251632,-0.09625262834779921,1.2280811867872765,0.091208615083707,0.01656332974329451,-0.01233426308684192,56,55,-0.309492593704614,0.05742342663260358,0,0.0
2040,poisoned_action_only_snapshot,4052,37,-0.39052320276218766,-0.08915641288488335,0.9957893390072032,0.002324360280885035,-0.01854643092928842,0.06255302097766452,31,30,-0.17978502719158898,0.007240682246278038,0,0.0
2040,poisoned_action_only_snapshot,4052,38,-0.2245798490429338,0.02557321714029881,1.0222067680360314,0.09494676998351964,0.021810251634644423,-0.056789100070336856,60,59,-0.19490077420293378,0.010434398988547144,0,0.0
2040,poisoned_action_only_snapshot,4052,39,-0.3680038339973575,-0.004783267734132138,1.2311053963320344,-0.1145785640421606,0.022797449249191373,0.10931080799145909,52,51,-0.385319613169661,0.013741481895152674,0,0.0
2040,poisoned_action_only_snapshot,4052,40,0.03503683715090433,0.08046321554184033,0.8189710907289783,0.07408487884593878,-0.032981821180747856,-0.1039026635349396,60,59,-0.20526936285269948,0.002458314149623164,0,0.0
2040,poisoned_action_only_snapshot,4052,41,0.3018811374199205,0.05320127045569292,1.0438194687803009,0.021856850127060956,-0.005960359204740737,-0.0998515558987462,58,57,-0.3419832835812232,0.03174792934134696,0,0.0
2040,poisoned_action_only_snapshot,4052,42,-0.20243777738551547,-0.11988060904399485,0.9488729563719372,0.10029817280142958,-0.028591706257090302,-0.0015611473234102696,41,40,-0.10508159869779025,0.013540189564632613,0,0.0
2040,poisoned_action_only_snapshot,4052,43,-0.38446351709869103,0.07842718605429505,1.2778879154230987,0.01471760131701208,-0.025281584478390573,0.005605650038037507,78,77,-0.26425571005071236,0.02076213776429192,0,0.0
2040,poisoned_action_only_snapshot,4052,44,-0.008052514467044414,0.05805470423828499,1.2047350239335763,0.015934812783771485,0.031596988328945835,-0.09519945001138605,65,64,-0.07963894603805013,0.009604165691682251,0,0.0
2040,poisoned_action_only_snapshot,4052,45,0.07454186398779505,-0.10162693862490237,0.8214828765688693,0.038626214946871185,0.0425177846114094,0.03147244983016756,58,57,-0.18165108878731132,0.011337918802884261,0,0.0
2040,poisoned_action_only_snapshot,4052,46,-0.16056728442477494,0.08934926248227334,1.1114076335514675,0.08527306527190873,0.037244276112034055,-0.0141263862560706,59,58,-0.1369265905095766,0.0053054760425010755,0,0.0
2040,poisoned_action_only_snapshot,4052,47,-0.3429532185798744,-0.03810605695519413,0.9410390720666266,-0.04489978780274305,-0.02341819299705966,-0.044244956603393004,42,41,-0.1538603445339259,0.007817642513949785,0,0.0
2040,poisoned_commit_gate_snapshot,4050,0,0.2615589741248676,0.06614578502988178,0.9553732815565629,0.011960798116760707,-0.035819725620227796,0.04172164700153658,100,,-0.10797407903740129,-0.13644454675434015,0,0.0
2040,poisoned_commit_gate_snapshot,4050,1,-0.028904694661051056,0.07799428219278187,0.8413358840861701,-0.004022064479660303,-0.006880276398050701,0.08909522597339611,100,,-0.011092297891414098,-0.4171408216306153,0,0.0
2040,poisoned_commit_gate_snapshot,4050,2,0.005189931368572043,0.02517824828600415,0.9510897998441054,-0.03432840617382164,0.0473357024511587,-0.10404472896530745,100,,-0.03307683209652118,-0.22420778094284366,0,0.0
2040,poisoned_commit_gate_snapshot,4050,3,0.06852947719503816,0.09322056965174513,1.1374171548702798,0.06434451145104653,0.04452689142514604,-0.06995466655891441,100,,-0.05112475320218903,-0.17842430317513527,0,0.0
2040,poisoned_commit_gate_snapshot,4050,4,0.24089649183178297,-0.023510694090475848,0.9829642423155549,0.09881683882622214,0.0017632695903056356,0.09395178748860161,100,,-0.03455607369647191,-0.30826655551297816,0,0.0
2040,poisoned_commit_gate_snapshot,4050,5,0.30669703862564157,-0.07991379055742098,0.7931224898320796,0.10658293168903277,0.020909158823715357,0.07305142015525859,100,,-0.051934186108551536,-0.30590847205459715,0,0.0
2040,poisoned_commit_gate_snapshot,4050,6,-0.057502256306747324,-0.01827573148128331,1.0843246400382696,0.09764711071912385,-0.00464278248727721,-0.027508596409072453,100,,-0.006313593632971627,-0.41385048098897936,0,0.0
2040,poisoned_commit_gate_snapshot,4050,7,0.12834878090322566,0.04966347915430419,1.071312656348143,0.05755802568880794,0.013745077311797221,-0.004284768322083063,100,,-0.02694899579665187,-0.2899931079425039,0,0.0
2040,poisoned_commit_gate_snapshot,4050,8,-0.11061526101186647,0.048526566909465024,0.9444024250862276,0.04921425584036235,-0.04210684426519774,-0.10544044230539047,100,,-0.026399105973270505,-0.27756452030882023,0,0.0
2040,poisoned_commit_gate_snapshot,4050,9,-0.06926433378509744,-0.11171721935559556,1.0754393346401212,-0.09035703881863494,8.905926556275479e-05,0.04799841807991309,100,,-0.03125754194183265,-0.274609160836268,0,0.0
2040,poisoned_commit_gate_snapshot,4050,10,-0.35311263017329675,-0.07423977972522375,1.1038726345378596,-0.07209547205007302,-0.01219080902398658,0.06897605083133748,100,,-0.1386120029799284,-0.05920654022965759,0,0.0
2040,poisoned_commit_gate_snapshot,4050,11,-0.3033897306884334,-0.10906919304444083,0.8653382874934501,0.08237256616057279,0.008694206417143413,-0.0982399666980022,100,,-0.13943561332642262,-0.061351303073333766,0,0.0
2040,poisoned_commit_gate_snapshot,4050,12,0.014547569699097818,-0.08860634333797623,0.7727645094444018,-0.11470630199166064,-0.03479391018377395,0.005906591947779372,100,,-0.040983811122971586,-0.24104014742625024,0,0.0
2040,poisoned_commit_gate_snapshot,4050,13,0.045147276230182165,0.00978566926802657,1.1615651035832717,-0.02559733916077124,0.013195745868626027,0.03506600413376004,100,,-0.01098013288229085,-0.40427334528323533,0,0.0
2040,poisoned_commit_gate_snapshot,4050,14,0.39579337273321036,-0.08167541366045747,1.0763993848643976,-0.012025515805253989,-0.03920465942242024,-0.05111866181503233,100,,-0.11127898769837458,-0.177983822527972,0,0.0
2040,poisoned_commit_gate_snapshot,4050,15,-0.338684173178069,-0.11068664184866994,1.0460643513700458,-0.08333472519022783,0.04183056977972914,0.04837573919385754,100,,-0.1933626359749357,-0.006984282092329722,0,0.0
2040,poisoned_commit_gate_snapshot,4050,16,0.3585461787064762,-0.02430447757765053,0.8286303815732335,-0.04590630571485073,0.03329774319759361,-0.05722070359744898,100,,-0.0982604841561929,-0.14931704670126097,0,0.0
2040,poisoned_commit_gate_snapshot,4050,17,0.25857365444991487,-0.01407984665450647,0.7833001450987781,-0.0012810637369086858,-0.045891193644636036,0.01663340901236382,100,,-0.09159942870837103,-0.2082235559197771,0,0.0
2040,poisoned_commit_gate_snapshot,4050,18,0.2543420793889638,-0.11446483156136128,1.0401724009972177,-0.07754627079030255,0.043198539144377684,0.07387565931806697,100,,-0.03837975733255761,-0.2847626293502157,0,0.0
2040,poisoned_commit_gate_snapshot,4050,19,-0.12300756656028755,0.04493358816864995,1.0289336333369223,0.049256001512499786,0.025854833286509768,0.053786602208854506,100,,-0.017604124998941092,-0.35170476546865354,0,0.0
2040,poisoned_commit_gate_snapshot,4050,20,0.25243584559916377,0.06652156833696579,0.9829498217122143,-0.06832289895825568,-0.02411428876087023,0.08794957402801526,100,,-0.0900904945719875,-0.161856583563105,0,0.0
2040,poisoned_commit_gate_snapshot,4050,21,-0.26153143146667324,0.11558707004704652,0.9902502078224229,-0.07596502547841122,0.03903874103338012,0.033165858239454726,100,,-0.04982482678093976,-0.2582595205929705,0,0.0
2040,poisoned_commit_gate_snapshot,4050,22,-0.150753978927043,0.05906321477715759,0.9833173715073067,-0.06579988830833315,0.04688962566185616,-0.050983097292709695,100,,-0.04387396554510374,-0.2301505218248655,0,0.0
2040,poisoned_commit_gate_snapshot,4050,23,0.04830810377671951,-0.02468780708465683,1.2532399975716708,0.011648133825358925,-0.039674082573576935,0.0749846238939085,100,,-0.03669349579722696,-0.2974772735749488,0,0.0
2040,poisoned_commit_gate_snapshot,4050,24,-0.08977393639666359,0.048844456433339845,1.2220431662442943,0.05472066415861904,-0.02071649150571908,0.09605578868688916,100,,-0.01749858212973905,-0.389022228910494,0,0.0
2040,poisoned_commit_gate_snapshot,4050,25,-0.34138017350814026,-0.08233037486271708,0.7310401105578285,0.08193619021935217,-0.048581677487054414,0.019629193312479726,82,81,-0.19259070577463813,0.0006777038774587879,0,0.0
2040,poisoned_commit_gate_snapshot,4050,26,-0.08315425090667822,0.06711261163855686,0.7422223481647436,-0.039860845171341155,-0.016909133907405317,0.08060340358319673,100,,-0.0206036448092293,-0.3719907860035249,0,0.0
2040,poisoned_commit_gate_snapshot,4050,27,-0.10775045805716887,-0.10368958401113637,0.9977906486131876,0.0060910403014057535,-0.018384536914932748,0.0010580054506033887,100,,-0.04080664832417769,-0.2224979451718926,0,0.0
2040,poisoned_commit_gate_snapshot,4050,28,0.14172085229363574,0.010979453458297872,1.1859092775455067,-0.051091183515211275,-0.0076437860495398025,0.11981739182001971,100,,-0.026428935433995254,-0.35213398220529163,0,0.0
2040,poisoned_commit_gate_snapshot,4050,29,-0.19546740271954396,0.08860643581814712,1.2729806829417574,0.060263130268357,-0.01953680706973772,-0.10980213798328921,100,,-0.03503956042723144,-0.36349804536523644,0,0.0
2040,poisoned_commit_gate_snapshot,4050,30,-0.04327524411452799,0.05794586152909159,0.8161327369534457,0.006460377883048873,-0.04497983015614609,0.04091591339401107,100,,-0.0368272390368561,-0.2764899668341665,0,0.0
2040,poisoned_commit_gate_snapshot,4050,31,0.3889329543034291,0.11251609940145088,1.1374595050632317,0.03732939054451426,0.043076455284577694,0.002683303934199771,77,76,-0.22703997445597113,0.004632551149325592,0,0.0
2040,poisoned_commit_gate_snapshot,4050,32,-0.26636868310609896,0.10725809339389428,1.0986437579576214,-0.009537819299836714,0.04417191525808145,0.08487632989292998,100,,-0.0628060018757518,-0.23615637572005396,0,0.0
2040,poisoned_commit_gate_snapshot,4050,33,0.30216376601744277,-0.052376228264229524,1.1510336175197937,-0.08461180708226747,0.019506991971791413,0.07818015103593193,100,,-0.0525123287841811,-0.27886473967094916,0,0.0
2040,poisoned_commit_gate_snapshot,4050,34,0.1224280861042576,-0.09604765768559011,1.1951595880639752,0.11168217591018106,0.04427383065855399,-0.09220540331127848,100,,-0.03375755204855975,-0.31973170250243943,0,0.0
2040,poisoned_commit_gate_snapshot,4050,35,0.26646277219976133,0.10641488983654646,0.9237152414696076,-0.07829624942951313,-0.03287889125118357,0.06027047046823936,100,,-0.13005639076663977,-0.09093835285194606,0,0.0
2040,poisoned_commit_gate_snapshot,4050,36,0.1863203798030313,0.09620360318756957,1.1341238327670902,-0.004379395955523238,0.0017704228853144058,-0.10880032562426036,100,,-0.06707570264493173,-0.18772351431409853,0,0.0
2040,poisoned_commit_gate_snapshot,4050,37,-0.3513781875535069,0.0924746065635905,1.2069386122007584,0.09870282824966131,0.0035563270378875383,-0.06994159201367692,100,,-0.06151762410065397,-0.3053748129378338,0,0.0
2040,poisoned_commit_gate_snapshot,4050,38,0.16843645644767613,-0.08291627429494519,0.9105565064659479,-0.0017948630089985596,0.032927818510732065,-0.07160038794547684,100,,-0.02126955158800808,-0.3383824512129042,0,0.0
2040,poisoned_commit_gate_snapshot,4050,39,-0.028889574283565422,0.0655623296319301,1.0506574561516437,0.03978515562530846,0.04202264725079251,0.11663506271848118,100,,-0.029115299619418583,-0.23853556109932222,0,0.0
2040,poisoned_commit_gate_snapshot,4050,40,0.1392055024311991,-0.009469565923500331,1.0231251114443474,0.11767780325574151,-0.010155274464767473,-0.019415967792093147,100,,-0.014907918687720505,-0.37417051008944935,0,0.0
2040,poisoned_commit_gate_snapshot,4050,41,-0.2756913166617844,0.058309189524677646,0.9619134425022139,-0.0791263485900835,-0.03380044962965892,0.10210953333012937,100,,-0.04566335582146141,-0.2622534045222994,0,0.0
2040,poisoned_commit_gate_snapshot,4050,42,0.2605120099933711,0.10335909637820351,0.9504148169684339,0.029920378750935395,-0.018864057194987682,0.014150710379580322,100,,-0.11315129395492649,-0.10728231099905054,0,0.0
2040,poisoned_commit_gate_snapshot,4050,43,-0.27062154751222334,-0.11944287737138731,0.8887621882736347,-0.01625875398282027,-0.03764052209010826,0.07285435413993549,100,,-0.13612428145732594,-0.013955329977964198,0,0.0
2040,poisoned_commit_gate_snapshot,4050,44,-0.046104205679373844,0.06677887144573275,1.0613088294642623,-0.09547881725440929,-0.04710670155163532,0.09672101809785977,100,,-0.033268789838326,-0.2685090329983722,0,0.0
2040,poisoned_commit_gate_snapshot,4050,45,0.15253983914215963,-0.11710448250683696,1.2537747129297059,0.08744174624157089,-0.04305861926544022,-0.07640622620116094,100,,-0.05794000522179145,-0.21040364891649246,0,0.0
2040,poisoned_commit_gate_snapshot,4050,46,-0.37886172032554655,0.05733623582398947,0.9458566506726602,-0.09257617750432524,-0.004953653359854315,0.021227337009262298,100,,-0.07637524381423272,-0.22609836846077982,0,0.0
2040,poisoned_commit_gate_snapshot,4050,47,-0.12374550365762105,0.04002515450414007,0.8490715469663311,0.02781697788024573,-0.005207147953169088,-0.11341293837390976,100,,-0.011287522837053207,-0.42540046540637316,0,0.0
2040,poisoned_commit_gate_snapshot,4051,0,-0.11847818019687112,-0.019805480317791127,0.8116157773550791,-0.11412754501609286,-0.012059918754779506,-0.05302880962365211,100,,-0.025531609999669736,-0.3333911150609109,0,0.0
2040,poisoned_commit_gate_snapshot,4051,1,-0.14815516130781897,-0.00825967722856745,0.966184784607958,-0.015984313946183687,-0.03004097968459918,-0.016506396252473368,100,,-0.02774811777822974,-0.28014151813512067,0,0.0
2040,poisoned_commit_gate_snapshot,4051,2,0.3744162767476654,-0.005705473928932628,1.0626336227886675,-7.154372416330601e-05,0.005079658774808163,-0.10504074069872618,100,,-0.09936562713577508,-0.15872285594014796,0,0.0
2040,poisoned_commit_gate_snapshot,4051,3,0.3378984110828571,0.09713982699896917,0.9028420788722819,-0.02230359153375104,-0.032218067334265035,-0.04403617400888801,100,,-0.16885744794186128,-0.03759632397539896,0,0.0
2040,poisoned_commit_gate_snapshot,4051,4,0.379908581700385,0.10057327774853825,1.2568819687347415,0.05019948931590085,0.023121844814685946,-0.07990418636468524,80,79,-0.19524085360324756,0.00627525778704667,0,0.0
2040,poisoned_commit_gate_snapshot,4051,5,0.13822877391480215,0.043755139582783514,0.8398726691110576,-0.01798876417624981,-0.03883519769733246,-0.029082393053629627,100,,-0.05581089749770956,-0.2601018534887109,0,0.0
2040,poisoned_commit_gate_snapshot,4051,6,-0.044079227726369186,0.004964524859221164,1.1814137165936787,-0.05602921557017429,0.026911498569798173,-0.10257428669772674,100,,-0.019729750153955252,-0.36174502276495574,0,0.0
2040,poisoned_commit_gate_snapshot,4051,7,0.035677892335038375,-0.017708952880468795,0.8241240306641087,0.0982465581412321,0.00702805091421245,0.036296238019523835,100,,-0.008396539136520552,-0.4134025489874723,0,0.0
2040,poisoned_commit_gate_snapshot,4051,8,0.029377407988996462,0.11640332412262228,1.2303770369618685,-0.0645978695789235,0.0040265700190836515,-0.051693183205491114,100,,-0.034623452810065694,-0.29976624737295454,0,0.0
2040,poisoned_commit_gate_snapshot,4051,9,0.22746819240941885,0.09328152849494678,0.8246516548898621,0.03232750610297305,0.04334357471682965,-0.009110092151775329,100,,-0.10883759651270618,-0.06541265513400951,0,0.0
2040,poisoned_commit_gate_snapshot,4051,10,-0.03421788614630533,-0.020009096026342738,0.953253573434525,-0.10270825287404081,0.0404941320072595,-0.1181429468846683,100,,-0.02690007823663118,-0.291229074960561,0,0.0
2040,poisoned_commit_gate_snapshot,4051,11,0.00797670910424586,0.11005542758481024,1.1268561696197799,0.04474597650462289,-0.045678164586862774,-0.031814367836412186,100,,-0.05089353323574624,-0.26886434952103383,0,0.0
2040,poisoned_commit_gate_snapshot,4051,12,-0.1550071430248317,0.0297295936048316,1.067738752959327,-0.030029808640920946,-0.019292643654069064,0.10053001566722544,100,,-0.015556816251359044,-0.3654727962115806,0,0.0
2040,poisoned_commit_gate_snapshot,4051,13,0.036080012433666375,0.004678318680526192,1.0436412506497152,-0.1008882596964444,0.03393941897029913,-0.06648807842413572,100,,-0.01709286266394902,-0.3046839346793162,0,0.0
2040,poisoned_commit_gate_snapshot,4051,14,-0.16084112398242506,0.028373268180941852,1.068999798928797,0.014708145477814127,0.015365178311634142,-0.09614143588987936,100,,-0.01982196116647181,-0.3658345270131691,0,0.0
2040,poisoned_commit_gate_snapshot,4051,15,0.328996349169536,0.048622819587237354,1.2435834684674159,-0.05423654992253492,-0.01804455595844217,-0.062143107947406954,100,,-0.13007257928544852,-0.1198028171297777,0,0.0
2040,poisoned_commit_gate_snapshot,4051,16,-0.13856627632257318,-0.05110401035596206,0.9220287541228742,-0.051070826386967666,-0.024831474671962686,0.1167592681360069,100,,-0.0357130177370678,-0.24917631056405865,0,0.0
2040,poisoned_commit_gate_snapshot,4051,17,0.13592365374603832,-0.07559264744982036,1.207331310698962,0.0025104345741108897,7.561262173570032e-05,-0.022896941368548668,100,,-0.015499227724769464,-0.39690016960909036,0,0.0
2040,poisoned_commit_gate_snapshot,4051,18,0.09780923487699617,0.07707402060718718,1.1936506570660805,-0.08202770687683716,-0.023737448735402046,0.06970127109671231,100,,-0.04579229611960825,-0.2820261792748155,0,0.0
2040,poisoned_commit_gate_snapshot,4051,19,0.06453272235425034,-0.11015521864454957,0.8200107667087344,-0.0774018023785833,0.02188254297462469,0.09842658578984462,100,,-0.019976115580618563,-0.3912600862156934,0,0.0
2040,poisoned_commit_gate_snapshot,4051,20,0.007105449776163841,0.0837073559185971,0.9009671701969693,0.04380675348246546,0.022782222192711032,-0.035920832668626015,100,,-0.018690426262060023,-0.3069853078428339,0,0.0
2040,poisoned_commit_gate_snapshot,4051,21,0.13562074243060107,-0.02515067034124109,0.8092831424800083,0.0012226181497338867,-0.008797300322652725,0.040963726708174025,100,,-0.01985866279997485,-0.3992705933813527,0,0.0
2040,poisoned_commit_gate_snapshot,4051,22,-0.06418504897757116,0.06491842285933344,0.7763575850439698,-0.07987169208840367,-0.025094498639013064,0.07055288878777913,100,,-0.020432601720983313,-0.3886579045160579,0,0.0
2040,poisoned_commit_gate_snapshot,4051,23,-0.3728159856312617,-0.036235146869945375,0.9690125211565517,0.06739039446382511,0.014947660642065402,0.014279494803357495,100,,-0.1327779153689002,-0.09607792126190548,0,0.0
2040,poisoned_commit_gate_snapshot,4051,24,-0.024796633870635465,0.07196474397855024,0.8919185295544715,0.022074964058123453,0.0014445858751423873,0.006340339963420538,100,,-0.006812971446519812,-0.41485216091010924,0,0.0
2040,poisoned_commit_gate_snapshot,4051,25,0.29516820623125106,0.018799868613479348,1.0941430031130115,-0.11767325240641419,-0.02814735656520675,-0.11410323111355498,100,,-0.09310549829604732,-0.17691956994375063,0,0.0
2040,poisoned_commit_gate_snapshot,4051,26,0.12383282119442973,0.002100180109321781,0.83903604385883,-0.013287099679580791,-0.044539805730493154,0.04201457648466342,100,,-0.04935341193313116,-0.27407170319487273,0,0.0
2040,poisoned_commit_gate_snapshot,4051,27,0.0756460307139803,0.052175276305454016,0.8314678601812926,0.10197570760456626,-0.005432927292578257,-0.10379113701189252,100,,-0.020898428711498548,-0.35481464105450505,0,0.0
2040,poisoned_commit_gate_snapshot,4051,28,-0.1763627668764615,-0.10505737383908832,0.9376590415515285,0.06202959753477541,0.027942738444271045,-0.04106351007006291,100,,-0.08053069092633698,-0.17294959815832198,0,0.0
2040,poisoned_commit_gate_snapshot,4051,29,-0.10906243149919242,-0.049261694005096654,0.935945586868782,-0.09164271384977991,-0.01367473316361454,-0.04098385845193557,100,,-0.022615661737196723,-0.30515893700709323,0,0.0
2040,poisoned_commit_gate_snapshot,4051,30,-0.3206054093890843,-0.117105497539472,0.737807779966796,-0.00015236716500974246,-0.010974816790140132,-0.10147827517237801,100,,-0.16523192555444388,-0.01576469960729618,0,0.0
2040,poisoned_commit_gate_snapshot,4051,31,-0.016449480167707364,-0.051712785588361565,0.7323930493657305,-0.03470894292347408,0.026130965731018294,0.03437104050349771,100,,-0.031097483478482322,-0.36712716971820264,0,0.0
2040,poisoned_commit_gate_snapshot,4051,32,0.21425078475103831,-0.04528164592669938,1.152960390176294,-0.032561225045180026,0.01933326232814872,-0.07238682912897099,100,,-0.028743385526348187,-0.34422160560058274,0,0.0
2040,poisoned_commit_gate_snapshot,4051,33,-0.012226894413512768,-0.0841963501028542,1.2559062326094528,-0.09339797210267753,0.019599228139694405,-0.0765500879739398,100,,-0.03089041693039623,-0.3594444598562403,0,0.0
2040,poisoned_commit_gate_snapshot,4051,34,-0.32592212411883853,0.08131915819026445,1.1367301847452618,-0.01769501779299458,-0.003722488675323342,0.09894134467746771,100,,-0.04967676086286027,-0.3117548184155583,0,0.0
2040,poisoned_commit_gate_snapshot,4051,35,-0.3660949863685371,-0.055141844064910156,0.8325412096223623,0.09734816616651609,0.0005155941803778666,-0.0002486510691090821,100,,-0.13936149133352582,-0.07801385784205195,0,0.0
2040,poisoned_commit_gate_snapshot,4051,36,0.33680432806223604,-0.04576391212969384,0.7914097204848958,0.024304211278095206,-0.043333343411117324,-0.021882778772818107,100,,-0.1086473239805674,-0.18532760854252767,0,0.0
2040,poisoned_commit_gate_snapshot,4051,37,-0.3995972721525883,-0.05191033351567574,1.1485863995620333,-0.0036245793926023007,0.04968813610226884,0.08788046134151817,100,,-0.20861830246107796,-0.011124656165856159,0,0.0
2040,poisoned_commit_gate_snapshot,4051,38,-0.0599744359521619,0.1016194437736623,0.9003783289150327,-0.01946906818937899,0.004941835696193407,-0.08284123626904222,100,,-0.00869008856565195,-0.3941663708368832,0,0.0
2040,poisoned_commit_gate_snapshot,4051,39,0.000360708135385468,0.012447143607673905,0.824697678459943,-0.033379384508245694,0.0041639688996119376,-0.007539731976376196,100,,-0.008028044060237011,-0.4130215459456736,0,0.0
2040,poisoned_commit_gate_snapshot,4051,40,0.21162435323462114,-0.037305648077280026,1.2028028299828808,-0.10224509995396848,-0.035023966085575356,-0.09681728111450953,100,,-0.05718828087134226,-0.2815522137200541,0,0.0
2040,poisoned_commit_gate_snapshot,4051,41,-0.31987098404501046,0.06886672100456029,0.9381402859083939,0.016819607081080684,0.03112112185095839,-0.04518882365322438,100,,-0.06980002975367079,-0.2466317732047014,0,0.0
2040,poisoned_commit_gate_snapshot,4051,42,0.2635594818647762,-0.033520843846457676,0.8571878984917656,0.035304912513223374,0.025020163144419988,-0.09639268284360812,100,,-0.04811395356669593,-0.2666897389798916,0,0.0
2040,poisoned_commit_gate_snapshot,4051,43,0.2164606110315591,0.016386633964280944,0.7500667182429831,-0.0301584032225074,0.039187595913068515,-0.01587689336339375,100,,-0.0760853890280479,-0.1714935499336994,0,0.0
2040,poisoned_commit_gate_snapshot,4051,44,-0.34996128147004807,0.11525292158561315,1.2233198073930045,0.015204867195394822,0.026702081284088464,0.07908509453003537,100,,-0.07596902416339199,-0.2745521471060124,0,0.0
2040,poisoned_commit_gate_snapshot,4051,45,0.37051044955340273,0.09523767395454466,1.0293194741235592,-0.014896343722022157,0.019456513753180707,-0.0260938868352545,100,,-0.16438589397770947,-0.003856098257966137,0,0.0
2040,poisoned_commit_gate_snapshot,4051,46,-0.10322456154148263,-0.06218820577729408,0.7632069038006992,0.07378775528999143,0.0418201233826635,-0.04506468348079627,100,,-0.06240839477218204,-0.26068193165842374,0,0.0
2040,poisoned_commit_gate_snapshot,4051,47,-0.09714372994420417,0.04000872796029492,1.0356204802080944,0.006466689164216971,0.01594938627934535,-0.008508807658668502,100,,-0.008126066861091463,-0.4050742606465408,0,0.0
2040,poisoned_commit_gate_snapshot,4052,0,-0.39548651019439096,0.04949351704700272,1.0743237226971543,-0.09972952341029029,0.04812441705732229,-0.013973471915785074,100,,-0.13798994598385986,-0.12850202149619855,0,0.0
2040,poisoned_commit_gate_snapshot,4052,1,-0.09140924460341138,0.07913964307912177,1.2724455769324192,0.016094057258500355,0.008951239007005382,-0.03812664936078977,100,,-0.022369599174316274,-0.36420721701731207,0,0.0
2040,poisoned_commit_gate_snapshot,4052,2,-0.023295072295052843,-0.05409143153363176,1.047644449987831,-0.041442066513315556,-0.03761305071941826,-0.03131812344078594,100,,-0.02541280784062926,-0.25850652139362773,0,0.0
2040,poisoned_commit_gate_snapshot,4052,3,0.18012976915049583,0.08696439720657664,0.8889497098773069,-0.05378914100094018,0.02515117728824108,0.007582423330425331,100,,-0.06612623991427168,-0.1635906581189151,0,0.0
2040,poisoned_commit_gate_snapshot,4052,4,0.2404017651447531,-0.05510550759086218,1.026735306676897,-0.0022227939052861384,-0.008957869246535466,-0.11272723504444938,100,,-0.029209590070623376,-0.3425257232623079,0,0.0
2040,poisoned_commit_gate_snapshot,4052,5,-0.2209474261420221,0.047659505856163825,1.1836043113442092,0.005609771201607633,0.046433725819994595,0.033467843418442306,100,,-0.07019830329260353,-0.24891909690616698,0,0.0
2040,poisoned_commit_gate_snapshot,4052,6,0.11617462469435647,0.025203022568369732,1.208807880423295,0.04500455667853939,-0.04416877750353239,0.01196392787170869,100,,-0.0550098953397105,-0.27695268314116334,0,0.0
2040,poisoned_commit_gate_snapshot,4052,7,-0.2679297065268721,0.004862840332878274,0.9743206216204019,0.009920437210942046,-0.006590050572197567,0.0051325628661028355,100,,-0.05006684523820144,-0.2541727110535232,0,0.0
2040,poisoned_commit_gate_snapshot,4052,8,0.16142041099953952,-0.014955788063276368,1.0674851963845078,0.042880160215165025,0.003577264502182001,-0.07181325941420519,100,,-0.016493433286039246,-0.3704360309011502,0,0.0
2040,poisoned_commit_gate_snapshot,4052,9,0.3165457267868278,-0.10876300425294619,0.9300877459101894,0.04752220296188561,0.006104905136390795,0.055130536789394086,100,,-0.03610659027880209,-0.35799790298858164,0,0.0
2040,poisoned_commit_gate_snapshot,4052,10,0.024408767565754885,0.09360832617096007,1.1057381041646357,-0.05951585618032295,0.010141632831009252,-0.1068701975400486,100,,-0.017814529422642774,-0.3263036576906277,0,0.0
2040,poisoned_commit_gate_snapshot,4052,11,-0.2663290008601614,-0.08776816819996604,1.1205750219306723,0.08564232633681823,-0.03137938115101131,-0.0220461925850889,100,,-0.10605783395155644,-0.08263380724321208,0,0.0
2040,poisoned_commit_gate_snapshot,4052,12,-0.3421341797470331,-0.052104820863618076,1.1513491700560456,-0.10826367525527988,-0.043042254395907434,0.07409660057485984,100,,-0.1342077255755174,-0.04722020301729371,0,0.0
2040,poisoned_commit_gate_snapshot,4052,13,-0.042948258314962295,0.027428110871039496,1.1504374806792976,0.04933301979383811,-0.029784531942267146,0.08724375674240578,100,,-0.01636347931949634,-0.3575372888327098,0,0.0
2040,poisoned_commit_gate_snapshot,4052,14,0.07363194003860596,0.050484394667595744,0.9239679548305786,0.0015459465811237805,-0.045652248912326235,0.034922645069753344,100,,-0.046046184669871766,-0.2769919250307139,0,0.0
2040,poisoned_commit_gate_snapshot,4052,15,-0.28974883617200153,0.006899880458526381,1.0076224708428918,-0.09162972046754222,0.03644349072584056,0.1180882959603318,100,,-0.08538958884550085,-0.1963326377025073,0,0.0
2040,poisoned_commit_gate_snapshot,4052,16,-0.353187283808469,-0.07774682356680127,1.1327389387985964,0.05861720669183884,-0.04095800565368982,0.06842933105344437,100,,-0.15360810812308426,-0.007145525843676309,0,0.0
2040,poisoned_commit_gate_snapshot,4052,17,-0.10700358750239508,0.050255928453524945,0.967552350384449,0.11016470851810978,0.02263855172521853,0.06530889268028653,100,,-0.01281800999475135,-0.3647527575230265,0,0.0
2040,poisoned_commit_gate_snapshot,4052,18,-0.22539116050378755,-0.09569372531753528,0.8175453877132997,0.046161973777319704,-0.0009161895756247471,-0.001770348751538267,100,,-0.08843279406086343,-0.1499258524812573,0,0.0
2040,poisoned_commit_gate_snapshot,4052,19,-0.030419369360399517,0.07845824811109298,0.93029220807677,0.11264181955114244,-0.039695168936026065,-0.08475216515747584,100,,-0.02783719155425122,-0.3213956371685099,0,0.0
2040,poisoned_commit_gate_snapshot,4052,20,-0.023947076799327227,0.004818727249735644,1.2205215185080034,-0.000613059166238647,0.012233376011533369,-0.04298913421551892,100,,-0.01429736319868497,-0.39033633218860786,0,0.0
2040,poisoned_commit_gate_snapshot,4052,21,0.20841373824237164,-0.03004464438773949,0.9997218631300666,0.08973426842431795,-0.024093837254898588,0.03486266442635555,100,,-0.036351139880091275,-0.30823351282764394,0,0.0
2040,poisoned_commit_gate_snapshot,4052,22,0.10525292598403058,-0.11118837721109431,0.9289746979182669,-0.05563830297211027,-0.039081694059186926,-0.08646920827872828,100,,-0.03165542012988732,-0.23642137277974015,0,0.0
2040,poisoned_commit_gate_snapshot,4052,23,-0.21348049803258268,0.0808769968742756,1.1166666386918154,-0.03363559908384618,-0.026855959939523468,-0.061835850924736674,100,,-0.024337547731308376,-0.35831961443100085,0,0.0
2040,poisoned_commit_gate_snapshot,4052,24,-0.09193668461095406,-0.04185590570890978,0.9322133680758046,0.07637107258629622,-0.02405272460205108,-0.0399811443433231,100,,-0.021346328035127562,-0.3001915434452339,0,0.0
2040,poisoned_commit_gate_snapshot,4052,25,0.007152965951832013,-0.04415249892063133,0.9875213254049149,-0.11329868012228622,0.02063073535652643,0.08538432939592519,100,,-0.007884108698847902,-0.4068792922380914,0,0.0
2040,poisoned_commit_gate_snapshot,4052,26,-0.07874018908667085,0.1170479217156685,1.2142332423244566,0.11799517698387621,0.027439445818761773,0.06107877598744829,100,,-0.03315860900280786,-0.27853796882524195,0,0.0
2040,poisoned_commit_gate_snapshot,4052,27,-0.04075513872194525,-0.046146618100356085,1.1775999039959992,0.029619871007076748,0.04999554925068417,0.09227202113475669,100,,-0.05497135327782556,-0.25277261260584355,0,0.0
2040,poisoned_commit_gate_snapshot,4052,28,-0.3820595299315878,0.055115735280960365,1.15201053654998,-0.04908453518696773,-0.012187937792399572,-0.09471520566684727,100,,-0.08289247210041385,-0.2204530533209158,0,0.0
2040,poisoned_commit_gate_snapshot,4052,29,-0.3017813668625867,-0.061010661718487375,1.1165768795148687,-0.0023217732833455407,-0.03288288437185631,-0.07061458249686692,100,,-0.10756382319666237,-0.09323249976969858,0,0.0
2040,poisoned_commit_gate_snapshot,4052,30,-0.13839566791244967,0.0658282524934777,0.8600961401289485,-0.02940790798409655,0.0425204968578355,0.08604973917914069,100,,-0.04038608758853626,-0.24726624099513433,0,0.0
2040,poisoned_commit_gate_snapshot,4052,31,-0.0958541172685144,-0.09950295566079914,1.2238228706507979,0.05092622842645067,0.015706065522369597,0.10369850241380796,100,,-0.05115606682848492,-0.2630567300565683,0,0.0
2040,poisoned_commit_gate_snapshot,4052,32,-0.2846645369293306,0.00029439674285289263,0.8218221596812157,-0.10976005134949464,0.03059464234932037,0.058940949874452586,100,,-0.08153114255913026,-0.21544265810080612,0,0.0
2040,poisoned_commit_gate_snapshot,4052,33,-0.020397679293523374,0.06324132563931395,1.2421554855273267,0.008114614729774067,-0.04339543546807598,0.034536590139994744,100,,-0.04153960633977972,-0.3111217813448751,0,0.0
2040,poisoned_commit_gate_snapshot,4052,34,0.08813706286619516,-0.08071780301562843,1.2781584361986067,0.07658938181325212,0.047781354395999315,0.09659248025668024,100,,-0.057686758004223355,-0.255487884322574,0,0.0
2040,poisoned_commit_gate_snapshot,4052,35,-0.2641961119195682,-0.06879584673823705,0.9028579642828743,-0.0394703579754324,0.027479029151265752,-0.008493432593863398,100,,-0.10164033980734588,-0.1454721313123572,0,0.0
2040,poisoned_commit_gate_snapshot,4052,36,-0.19860025057251632,-0.09625262834779921,1.2280811867872765,0.091208615083707,0.01656332974329451,-0.01233426308684192,100,,-0.08571381260607619,-0.17623405728232613,0,0.0
2040,poisoned_commit_gate_snapshot,4052,37,-0.39052320276218766,-0.08915641288488335,0.9957893390072032,0.002324360280885035,-0.01854643092928842,0.06255302097766452,80,79,-0.16862551213470675,0.0027565044155810486,0,0.0
2040,poisoned_commit_gate_snapshot,4052,38,-0.2245798490429338,0.02557321714029881,1.0222067680360314,0.09494676998351964,0.021810251634644423,-0.056789100070336856,100,,-0.04031809265698718,-0.2966795135431242,0,0.0
2040,poisoned_commit_gate_snapshot,4052,39,-0.3680038339973575,-0.004783267734132138,1.2311053963320344,-0.1145785640421606,0.022797449249191373,0.10931080799145909,100,,-0.1316615611750354,-0.13492083087867318,0,0.0
2040,poisoned_commit_gate_snapshot,4052,40,0.03503683715090433,0.08046321554184033,0.8189710907289783,0.07408487884593878,-0.032981821180747856,-0.1039026635349396,100,,-0.03686726681170289,-0.3142287564322733,0,0.0
2040,poisoned_commit_gate_snapshot,4052,41,0.3018811374199205,0.05320127045569292,1.0438194687803009,0.021856850127060956,-0.005960359204740737,-0.0998515558987462,100,,-0.09733242795829446,-0.14263636656397924,0,0.0
2040,poisoned_commit_gate_snapshot,4052,42,-0.20243777738551547,-0.11988060904399485,0.9488729563719372,0.10029817280142958,-0.028591706257090302,-0.0015611473234102696,100,,-0.08963457741496565,-0.09938039823166024,0,0.0
2040,poisoned_commit_gate_snapshot,4052,43,-0.38446351709869103,0.07842718605429505,1.2778879154230987,0.01471760131701208,-0.025281584478390573,0.005605650038037507,100,,-0.09059149348639024,-0.2324224799743658,0,0.0
2040,poisoned_commit_gate_snapshot,4052,44,-0.008052514467044414,0.05805470423828499,1.2047350239335763,0.015934812783771485,0.031596988328945835,-0.09519945001138605,100,,-0.025970146070861053,-0.30677359684381383,0,0.0
2040,poisoned_commit_gate_snapshot,4052,45,0.07454186398779505,-0.10162693862490237,0.8214828765688693,0.038626214946871185,0.0425177846114094,0.03147244983016756,100,,-0.035767290109795145,-0.3101991907983458,0,0.0
2040,poisoned_commit_gate_snapshot,4052,46,-0.16056728442477494,0.08934926248227334,1.1114076335514675,0.08527306527190873,0.037244276112034055,-0.0141263862560706,100,,-0.033481276895389864,-0.277122486535141,0,0.0
2040,poisoned_commit_gate_snapshot,4052,47,-0.3429532185798744,-0.03810605695519413,0.9410390720666266,-0.04489978780274305,-0.02341819299705966,-0.044244956603393004,100,,-0.11109481908453808,-0.10023729030960278,0,0.0
2040,poisoned_always_freeze_snapshot,4050,0,0.2615589741248676,0.06614578502988178,0.9553732815565629,0.011960798116760707,-0.035819725620227796,0.04172164700153658,100,,-0.025303271490194484,-0.38612655357012,0,0.0
2040,poisoned_always_freeze_snapshot,4050,1,-0.028904694661051056,0.07799428219278187,0.8413358840861701,-0.004022064479660303,-0.006880276398050701,0.08909522597339611,100,,-0.006704445296342886,-0.42140834066441357,0,0.0
2040,poisoned_always_freeze_snapshot,4050,2,0.005189931368572043,0.02517824828600415,0.9510897998441054,-0.03432840617382164,0.0473357024511587,-0.10404472896530745,100,,-0.004981705073788672,-0.3508444907260015,0,0.0
2040,poisoned_always_freeze_snapshot,4050,3,0.06852947719503816,0.09322056965174513,1.1374171548702798,0.06434451145104653,0.04452689142514604,-0.06995466655891441,100,,-0.016939783072418568,-0.27929604437091926,0,0.0
2040,poisoned_always_freeze_snapshot,4050,4,0.24089649183178297,-0.023510694090475848,0.9829642423155549,0.09881683882622214,0.0017632695903056356,0.09395178748860161,100,,-0.019275459366723178,-0.39293655006987355,0,0.0
2040,poisoned_always_freeze_snapshot,4050,5,0.30669703862564157,-0.07991379055742098,0.7931224898320796,0.10658293168903277,0.020909158823715357,0.07305142015525859,100,,-0.04070016418799555,-0.34864398402429664,0,0.0
2040,poisoned_always_freeze_snapshot,4050,6,-0.057502256306747324,-0.01827573148128331,1.0843246400382696,0.09764711071912385,-0.00464278248727721,-0.027508596409072453,100,,-0.003631899368293526,-0.44322282048188744,0,0.0
2040,poisoned_always_freeze_snapshot,4050,7,0.12834878090322566,0.04966347915430419,1.071312656348143,0.05755802568880794,0.013745077311797221,-0.004284768322083063,100,,-0.011131096390066583,-0.3643168385999741,0,0.0
2040,poisoned_always_freeze_snapshot,4050,8,-0.11061526101186647,0.048526566909465024,0.9444024250862276,0.04921425584036235,-0.04210684426519774,-0.10544044230539047,100,,-0.00744882992939459,-0.3571348376057243,0,0.0
2040,poisoned_always_freeze_snapshot,4050,9,-0.06926433378509744,-0.11171721935559556,1.0754393346401212,-0.09035703881863494,8.905926556275479e-05,0.04799841807991309,100,,-0.007277011638155695,-0.3908038844497928,0,0.0
2040,poisoned_always_freeze_snapshot,4050,10,-0.35311263017329675,-0.07423977972522375,1.1038726345378596,-0.07209547205007302,-0.01219080902398658,0.06897605083133748,100,,-0.05729544290409054,-0.24957632078196063,0,0.0
2040,poisoned_always_freeze_snapshot,4050,11,-0.3033897306884334,-0.10906919304444083,0.8653382874934501,0.08237256616057279,0.008694206417143413,-0.0982399666980022,100,,-0.04616289452638618,-0.2988034433447213,0,0.0
2040,poisoned_always_freeze_snapshot,4050,12,0.014547569699097818,-0.08860634333797623,0.7727645094444018,-0.11470630199166064,-0.03479391018377395,0.005906591947779372,100,,-0.018906931807408402,-0.3341733513330679,0,0.0
2040,poisoned_always_freeze_snapshot,4050,13,0.045147276230182165,0.00978566926802657,1.1615651035832717,-0.02559733916077124,0.013195745868626027,0.03506600413376004,100,,-0.008003534049356185,-0.4200643901550526,0,0.0
2040,poisoned_always_freeze_snapshot,4050,14,0.39579337273321036,-0.08167541366045747,1.0763993848643976,-0.012025515805253989,-0.03920465942242024,-0.05111866181503233,100,,-0.04568587022618467,-0.3982348003879699,0,0.0
2040,poisoned_always_freeze_snapshot,4050,15,-0.338684173178069,-0.11068664184866994,1.0460643513700458,-0.08333472519022783,0.04183056977972914,0.04837573919385754,100,,-0.04477612468362837,-0.34526098916477105,0,0.0
2040,poisoned_always_freeze_snapshot,4050,16,0.3585461787064762,-0.02430447757765053,0.8286303815732335,-0.04590630571485073,0.03329774319759361,-0.05722070359744898,100,,-0.05776681133867959,-0.2564105880716503,0,0.0
2040,poisoned_always_freeze_snapshot,4050,17,0.25857365444991487,-0.01407984665450647,0.7833001450987781,-0.0012810637369086858,-0.045891193644636036,0.01663340901236382,100,,-0.031326734524082654,-0.38657008552099376,0,0.0
2040,poisoned_always_freeze_snapshot,4050,18,0.2543420793889638,-0.11446483156136128,1.0401724009972177,-0.07754627079030255,0.043198539144377684,0.07387565931806697,100,,-0.02211214385547549,-0.33459329351172207,0,0.0
2040,poisoned_always_freeze_snapshot,4050,19,-0.12300756656028755,0.04493358816864995,1.0289336333369223,0.049256001512499786,0.025854833286509768,0.053786602208854506,100,,-0.004624691491036632,-0.4367094540249203,0,0.0
2040,poisoned_always_freeze_snapshot,4050,20,0.25243584559916377,0.06652156833696579,0.9829498217122143,-0.06832289895825568,-0.02411428876087023,0.08794957402801526,100,,-0.024321522874649646,-0.3954589400224434,0,0.0
2040,poisoned_always_freeze_snapshot,4050,21,-0.26153143146667324,0.11558707004704652,0.9902502078224229,-0.07596502547841122,0.03903874103338012,0.033165858239454726,100,,-0.018622050911363628,-0.40534301132436407,0,0.0
2040,poisoned_always_freeze_snapshot,4050,22,-0.150753978927043,0.05906321477715759,0.9833173715073067,-0.06579988830833315,0.04688962566185616,-0.050983097292709695,100,,-0.007919833564781374,-0.38929280439060715,0,0.0
2040,poisoned_always_freeze_snapshot,4050,23,0.04830810377671951,-0.02468780708465683,1.2532399975716708,0.011648133825358925,-0.039674082573576935,0.0749846238939085,100,,-0.018331247781128927,-0.3738547868913824,0,0.0
2040,poisoned_always_freeze_snapshot,4050,24,-0.08977393639666359,0.048844456433339845,1.2220431662442943,0.05472066415861904,-0.02071649150571908,0.09605578868688916,100,,-0.014970482921187194,-0.389022228910494,0,0.0
2040,poisoned_always_freeze_snapshot,4050,25,-0.34138017350814026,-0.08233037486271708,0.7310401105578285,0.08193619021935217,-0.048581677487054414,0.019629193312479726,100,,-0.08358484958059428,-0.14351035727502615,0,0.0
2040,poisoned_always_freeze_snapshot,4050,26,-0.08315425090667822,0.06711261163855686,0.7422223481647436,-0.039860845171341155,-0.016909133907405317,0.08060340358319673,100,,-0.018348246947979784,-0.3719907860035249,0,0.0
2040,poisoned_always_freeze_snapshot,4050,27,-0.10775045805716887,-0.10368958401113637,0.9977906486131876,0.0060910403014057535,-0.018384536914932748,0.0010580054506033887,100,,-0.011933452774878195,-0.3234234719878611,0,0.0
2040,poisoned_always_freeze_snapshot,4050,28,0.14172085229363574,0.010979453458297872,1.1859092775455067,-0.051091183515211275,-0.0076437860495398025,0.11981739182001971,100,,-0.015777049173399265,-0.40814721314545466,0,0.0
2040,poisoned_always_freeze_snapshot,4050,29,-0.19546740271954396,0.08860643581814712,1.2729806829417574,0.060263130268357,-0.01953680706973772,-0.10980213798328921,100,,-0.0305442747938796,-0.36349804536523644,0,0.0
2040,poisoned_always_freeze_snapshot,4050,30,-0.04327524411452799,0.05794586152909159,0.8161327369534457,0.006460377883048873,-0.04497983015614609,0.04091591339401107,100,,-0.010878515174675963,-0.3940248169451105,0,0.0
2040,poisoned_always_freeze_snapshot,4050,31,0.3889329543034291,0.11251609940145088,1.1374595050632317,0.03732939054451426,0.043076455284577694,0.002683303934199771,100,,-0.08827008164978264,-0.11029465889869394,0,0.0
2040,poisoned_always_freeze_snapshot,4050,32,-0.26636868310609896,0.10725809339389428,1.0986437579576214,-0.009537819299836714,0.04417191525808145,0.08487632989292998,100,,-0.022031315847949876,-0.3917595959333507,0,0.0
2040,poisoned_always_freeze_snapshot,4050,33,0.30216376601744277,-0.052376228264229524,1.1510336175197937,-0.08461180708226747,0.019506991971791413,0.07818015103593193,100,,-0.03650195016954458,-0.3349563839946293,0,0.0
2040,poisoned_always_freeze_snapshot,4050,34,0.1224280861042576,-0.09604765768559011,1.1951595880639752,0.11168217591018106,0.04427383065855399,-0.09220540331127848,100,,-0.01530958202551582,-0.393925693519179,0,0.0
2040,poisoned_always_freeze_snapshot,4050,35,0.26646277219976133,0.10641488983654646,0.9237152414696076,-0.07829624942951313,-0.03287889125118357,0.06027047046823936,100,,-0.03031164695189798,-0.37203046175482046,0,0.0
2040,poisoned_always_freeze_snapshot,4050,36,0.1863203798030313,0.09620360318756957,1.1341238327670902,-0.004379395955523238,0.0017704228853144058,-0.10880032562426036,100,,-0.02340485853103916,-0.34966295686103654,0,0.0
2040,poisoned_always_freeze_snapshot,4050,37,-0.3513781875535069,0.0924746065635905,1.2069386122007584,0.09870282824966131,0.0035563270378875383,-0.06994159201367692,100,,-0.04717962212293011,-0.39613459715235977,0,0.0
2040,poisoned_always_freeze_snapshot,4050,38,0.16843645644767613,-0.08291627429494519,0.9105565064659479,-0.0017948630089985596,0.032927818510732065,-0.07160038794547684,100,,-0.01162245304059368,-0.3896012503460195,0,0.0
2040,poisoned_always_freeze_snapshot,4050,39,-0.028889574283565422,0.0655623296319301,1.0506574561516437,0.03978515562530846,0.04202264725079251,0.11663506271848118,100,,-0.005159321931838252,-0.341734706015404,0,0.0
2040,poisoned_always_freeze_snapshot,4050,40,0.1392055024311991,-0.009469565923500331,1.0231251114443474,0.11767780325574151,-0.010155274464767473,-0.019415967792093147,100,,-0.006164287806636423,-0.4625337688709121,0,0.0
2040,poisoned_always_freeze_snapshot,4050,41,-0.2756913166617844,0.058309189524677646,0.9619134425022139,-0.0791263485900835,-0.03380044962965892,0.10210953333012937,100,,-0.02821175617078126,-0.3206127161618555,0,0.0
2040,poisoned_always_freeze_snapshot,4050,42,0.2605120099933711,0.10335909637820351,0.9504148169684339,0.029920378750935395,-0.018864057194987682,0.014150710379580322,100,,-0.030241347266866864,-0.35639953424657334,0,0.0
2040,poisoned_always_freeze_snapshot,4050,43,-0.27062154751222334,-0.11944287737138731,0.8887621882736347,-0.01625875398282027,-0.03764052209010826,0.07285435413993549,100,,-0.051115001220148976,-0.1844558978192693,0,0.0
2040,poisoned_always_freeze_snapshot,4050,44,-0.046104205679373844,0.06677887144573275,1.0613088294642623,-0.09547881725440929,-0.04710670155163532,0.09672101809785977,100,,-0.003404317906718393,-0.38993658071207987,0,0.0
2040,poisoned_always_freeze_snapshot,4050,45,0.15253983914215963,-0.11710448250683696,1.2537747129297059,0.08744174624157089,-0.04305861926544022,-0.07640622620116094,100,,-0.02591468776913829,-0.34653307808546974,0,0.0
2040,poisoned_always_freeze_snapshot,4050,46,-0.37886172032554655,0.05733623582398947,0.9458566506726602,-0.09257617750432524,-0.004953653359854315,0.021227337009262298,100,,-0.046606182080015,-0.34878494860868137,0,0.0
2040,poisoned_always_freeze_snapshot,4050,47,-0.12374550365762105,0.04002515450414007,0.8490715469663311,0.02781697788024573,-0.005207147953169088,-0.11341293837390976,100,,-0.010150563361570846,-0.42539998334861634,0,0.0
2040,poisoned_always_freeze_snapshot,4051,0,-0.11847818019687112,-0.019805480317791127,0.8116157773550791,-0.11412754501609286,-0.012059918754779506,-0.05302880962365211,100,,-0.016209850480253352,-0.3858414937165334,0,0.0
2040,poisoned_always_freeze_snapshot,4051,1,-0.14815516130781897,-0.00825967722856745,0.966184784607958,-0.015984313946183687,-0.03004097968459918,-0.016506396252473368,100,,-0.012167120443014127,-0.3380409537706443,0,0.0
2040,poisoned_always_freeze_snapshot,4051,2,0.3744162767476654,-0.005705473928932628,1.0626336227886675,-7.154372416330601e-05,0.005079658774808163,-0.10504074069872618,100,,-0.0503507048168645,-0.3183138316542779,0,0.0
2040,poisoned_always_freeze_snapshot,4051,3,0.3378984110828571,0.09713982699896917,0.9028420788722819,-0.02230359153375104,-0.032218067334265035,-0.04403617400888801,100,,-0.04631806651032495,-0.35634825370492934,0,0.0
2040,poisoned_always_freeze_snapshot,4051,4,0.379908581700385,0.10057327774853825,1.2568819687347415,0.05019948931590085,0.023121844814685946,-0.07990418636468524,100,,-0.08776345228169656,-0.19236447965990056,0,0.0
2040,poisoned_always_freeze_snapshot,4051,5,0.13822877391480215,0.043755139582783514,0.8398726691110576,-0.01798876417624981,-0.03883519769733246,-0.029082393053629627,100,,-0.01303957634820328,-0.4030297724707842,0,0.0
2040,poisoned_always_freeze_snapshot,4051,6,-0.044079227726369186,0.004964524859221164,1.1814137165936787,-0.05602921557017429,0.026911498569798173,-0.10257428669772674,100,,-0.009109021054678087,-0.41044451533727533,0,0.0
2040,poisoned_always_freeze_snapshot,4051,7,0.035677892335038375,-0.017708952880468795,0.8241240306641087,0.0982465581412321,0.00702805091421245,0.036296238019523835,100,,-0.007948268507390175,-0.41340172409096626,0,0.0
2040,poisoned_always_freeze_snapshot,4051,8,0.029377407988996462,0.11640332412262228,1.2303770369618685,-0.0645978695789235,0.0040265700190836515,-0.051693183205491114,100,,-0.017027323910275397,-0.38604839260257773,0,0.0
2040,poisoned_always_freeze_snapshot,4051,9,0.22746819240941885,0.09328152849494678,0.8246516548898621,0.03232750610297305,0.04334357471682965,-0.009110092151775329,100,,-0.04447353896267897,-0.20385695802662457,0,0.0
2040,poisoned_always_freeze_snapshot,4051,10,-0.03421788614630533,-0.020009096026342738,0.953253573434525,-0.10270825287404081,0.0404941320072595,-0.1181429468846683,100,,-0.0022501268533055585,-0.40568256923959506,0,0.0
2040,poisoned_always_freeze_snapshot,4051,11,0.00797670910424586,0.11005542758481024,1.1268561696197799,0.04474597650462289,-0.045678164586862774,-0.031814367836412186,100,,-0.005504227383789838,-0.3842138701410225,0,0.0
2040,poisoned_always_freeze_snapshot,4051,12,-0.1550071430248317,0.0297295936048316,1.067738752959327,-0.030029808640920946,-0.019292643654069064,0.10053001566722544,100,,-0.009919238904014053,-0.3984269629349048,0,0.0
2040,poisoned_always_freeze_snapshot,4051,13,0.036080012433666375,0.004678318680526192,1.0436412506497152,-0.1008882596964444,0.03393941897029913,-0.06648807842413572,100,,-0.0033288846647499815,-0.3868329350790792,0,0.0
2040,poisoned_always_freeze_snapshot,4051,14,-0.16084112398242506,0.028373268180941852,1.068999798928797,0.014708145477814127,0.015365178311634142,-0.09614143588987936,100,,-0.008616769207900726,-0.4598955849441783,0,0.0
2040,poisoned_always_freeze_snapshot,4051,15,0.328996349169536,0.048622819587237354,1.2435834684674159,-0.05423654992253492,-0.01804455595844217,-0.062143107947406954,100,,-0.05443743506425667,-0.3687562069680025,0,0.0
2040,poisoned_always_freeze_snapshot,4051,16,-0.13856627632257318,-0.05110401035596206,0.9220287541228742,-0.051070826386967666,-0.024831474671962686,0.1167592681360069,100,,-0.014253080582968891,-0.3339804834418019,0,0.0
2040,poisoned_always_freeze_snapshot,4051,17,0.13592365374603832,-0.07559264744982036,1.207331310698962,0.0025104345741108897,7.561262173570032e-05,-0.022896941368548668,100,,-0.015277025868516923,-0.39690016960909036,0,0.0
2040,poisoned_always_freeze_snapshot,4051,18,0.09780923487699617,0.07707402060718718,1.1936506570660805,-0.08202770687683716,-0.023737448735402046,0.06970127109671231,100,,-0.013922987087104748,-0.40451782549951454,0,0.0
2040,poisoned_always_freeze_snapshot,4051,19,0.06453272235425034,-0.11015521864454957,0.8200107667087344,-0.0774018023785833,0.02188254297462469,0.09842658578984462,100,,-0.00925099529465841,-0.41047671081931436,0,0.0
2040,poisoned_always_freeze_snapshot,4051,20,0.007105449776163841,0.0837073559185971,0.9009671701969693,0.04380675348246546,0.022782222192711032,-0.035920832668626015,100,,-0.006077205453421335,-0.37449878948258336,0,0.0
2040,poisoned_always_freeze_snapshot,4051,21,0.13562074243060107,-0.02515067034124109,0.8092831424800083,0.0012226181497338867,-0.008797300322652725,0.040963726708174025,100,,-0.014229293719489928,-0.4055621245045044,0,0.0
2040,poisoned_always_freeze_snapshot,4051,22,-0.06418504897757116,0.06491842285933344,0.7763575850439698,-0.07987169208840367,-0.025094498639013064,0.07055288878777913,100,,-0.013975557429969698,-0.3886579045160579,0,0.0
2040,poisoned_always_freeze_snapshot,4051,23,-0.3728159856312617,-0.036235146869945375,0.9690125211565517,0.06739039446382511,0.014947660642065402,0.014279494803357495,100,,-0.05012672081742933,-0.34136096909846814,0,0.0
2040,poisoned_always_freeze_snapshot,4051,24,-0.024796633870635465,0.07196474397855024,0.8919185295544715,0.022074964058123453,0.0014445858751423873,0.006340339963420538,100,,-0.003566866217507387,-0.44658904013509265,0,0.0
2040,poisoned_always_freeze_snapshot,4051,25,0.29516820623125106,0.018799868613479348,1.0941430031130115,-0.11767325240641419,-0.02814735656520675,-0.11410323111355498,100,,-0.03068024337064636,-0.400757359400446,0,0.0
2040,poisoned_always_freeze_snapshot,4051,26,0.12383282119442973,0.002100180109321781,0.83903604385883,-0.013287099679580791,-0.044539805730493154,0.04201457648466342,100,,-0.011783720141812977,-0.3930184869751807,0,0.0
2040,poisoned_always_freeze_snapshot,4051,27,0.0756460307139803,0.052175276305454016,0.8314678601812926,0.10197570760456626,-0.005432927292578257,-0.10379113701189252,100,,-0.010016119125968006,-0.4170572814341723,0,0.0
2040,poisoned_always_freeze_snapshot,4051,28,-0.1763627668764615,-0.10505737383908832,0.9376590415515285,0.06202959753477541,0.027942738444271045,-0.04106351007006291,100,,-0.01533174759949024,-0.39633444323469175,0,0.0
2040,poisoned_always_freeze_snapshot,4051,29,-0.10906243149919242,-0.049261694005096654,0.935945586868782,-0.09164271384977991,-0.01367473316361454,-0.04098385845193557,100,,-0.008812457353249847,-0.3725685042218745,0,0.0
2040,poisoned_always_freeze_snapshot,4051,30,-0.3206054093890843,-0.117105497539472,0.737807779966796,-0.00015236716500974246,-0.010974816790140132,-0.10147827517237801,100,,-0.06961584841331928,-0.25413960432373744,0,0.0
2040,poisoned_always_freeze_snapshot,4051,31,-0.016449480167707364,-0.051712785588361565,0.7323930493657305,-0.03470894292347408,0.026130965731018294,0.03437104050349771,100,,-0.018221471367710265,-0.36712716971820264,0,0.0
2040,poisoned_always_freeze_snapshot,4051,32,0.21425078475103831,-0.04528164592669938,1.152960390176294,-0.032561225045180026,0.01933326232814872,-0.07238682912897099,100,,-0.021294890970241762,-0.37987832596397597,0,0.0
2040,poisoned_always_freeze_snapshot,4051,33,-0.012226894413512768,-0.0841963501028542,1.2559062326094528,-0.09339797210267753,0.019599228139694405,-0.0765500879739398,100,,-0.01682549431119251,-0.37357187335135,0,0.0
2040,poisoned_always_freeze_snapshot,4051,34,-0.32592212411883853,0.08131915819026445,1.1367301847452618,-0.01769501779299458,-0.003722488675323342,0.09894134467746771,100,,-0.03607168371243962,-0.39839669239043185,0,0.0
2040,poisoned_always_freeze_snapshot,4051,35,-0.3660949863685371,-0.055141844064910156,0.8325412096223623,0.09734816616651609,0.0005155941803778666,-0.0002486510691090821,100,,-0.059915973997363405,-0.2894018860750091,0,0.0
2040,poisoned_always_freeze_snapshot,4051,36,0.33680432806223604,-0.04576391212969384,0.7914097204848958,0.024304211278095206,-0.043333343411117324,-0.021882778772818107,100,,-0.04322376436141069,-0.3910156362356265,0,0.0
2040,poisoned_always_freeze_snapshot,4051,37,-0.3995972721525883,-0.05191033351567574,1.1485863995620333,-0.0036245793926023007,0.04968813610226884,0.08788046134151817,100,,-0.059672095216090834,-0.3457303573654062,0,0.0
2040,poisoned_always_freeze_snapshot,4051,38,-0.0599744359521619,0.1016194437736623,0.9003783289150327,-0.01946906818937899,0.004941835696193407,-0.08284123626904222,100,,-0.004099034890474585,-0.4465747396672762,0,0.0
2040,poisoned_always_freeze_snapshot,4051,39,0.000360708135385468,0.012447143607673905,0.824697678459943,-0.033379384508245694,0.0041639688996119376,-0.007539731976376196,100,,-0.0076755682207792575,-0.41302069037500466,0,0.0
2040,poisoned_always_freeze_snapshot,4051,40,0.21162435323462114,-0.037305648077280026,1.2028028299828808,-0.10224509995396848,-0.035023966085575356,-0.09681728111450953,100,,-0.022881190794840786,-0.40008799356438396,0,0.0
2040,poisoned_always_freeze_snapshot,4051,41,-0.31987098404501046,0.06886672100456029,0.9381402859083939,0.016819607081080684,0.03112112185095839,-0.04518882365322438,100,,-0.029650859757293466,-0.4203958334382688,0,0.0
2040,poisoned_always_freeze_snapshot,4051,42,0.2635594818647762,-0.033520843846457676,0.8571878984917656,0.035304912513223374,0.025020163144419988,-0.09639268284360812,100,,-0.030780585210311028,-0.3333707673407592,0,0.0
2040,poisoned_always_freeze_snapshot,4051,43,0.2164606110315591,0.016386633964280944,0.7500667182429831,-0.0301584032225074,0.039187595913068515,-0.01587689336339375,100,,-0.04179146135016299,-0.264248547282382,0,0.0
2040,poisoned_always_freeze_snapshot,4051,44,-0.34996128147004807,0.11525292158561315,1.2233198073930045,0.015204867195394822,0.026702081284088464,0.07908509453003537,100,,-0.04549958860413008,-0.3887791381879193,0,0.0
2040,poisoned_always_freeze_snapshot,4051,45,0.37051044955340273,0.09523767395454466,1.0293194741235592,-0.014896343722022157,0.019456513753180707,-0.0260938868352545,100,,-0.06507253655171576,-0.2035824360963045,0,0.0
2040,poisoned_always_freeze_snapshot,4051,46,-0.10322456154148263,-0.06218820577729408,0.7632069038006992,0.07378775528999143,0.0418201233826635,-0.04506468348079627,100,,-0.01809054868544593,-0.3831101321717955,0,0.0
2040,poisoned_always_freeze_snapshot,4051,47,-0.09714372994420417,0.04000872796029492,1.0356204802080944,0.006466689164216971,0.01594938627934535,-0.008508807658668502,100,,-0.00291101281663257,-0.4617624296936296,0,0.0
2040,poisoned_always_freeze_snapshot,4052,0,-0.39548651019439096,0.04949351704700272,1.0743237226971543,-0.09972952341029029,0.04812441705732229,-0.013973471915785074,100,,-0.04677390118590015,-0.3780951249604861,0,0.0
2040,poisoned_always_freeze_snapshot,4052,1,-0.09140924460341138,0.07913964307912177,1.2724455769324192,0.016094057258500355,0.008951239007005382,-0.03812664936078977,100,,-0.020659356871119295,-0.36420721701731207,0,0.0
2040,poisoned_always_freeze_snapshot,4052,2,-0.023295072295052843,-0.05409143153363176,1.047644449987831,-0.041442066513315556,-0.03761305071941826,-0.03131812344078594,100,,-0.005626715801442992,-0.3422338927293339,0,0.0
2040,poisoned_always_freeze_snapshot,4052,3,0.18012976915049583,0.08696439720657664,0.8889497098773069,-0.05378914100094018,0.02515117728824108,0.007582423330425331,100,,-0.02532692296192279,-0.2814440444427623,0,0.0
2040,poisoned_always_freeze_snapshot,4052,4,0.2404017651447531,-0.05510550759086218,1.026735306676897,-0.0022227939052861384,-0.008957869246535466,-0.11272723504444938,100,,-0.016748247677340632,-0.4401794318523604,0,0.0
2040,poisoned_always_freeze_snapshot,4052,5,-0.2209474261420221,0.047659505856163825,1.1836043113442092,0.005609771201607633,0.046433725819994595,0.033467843418442306,100,,-0.02274751634847678,-0.3822422932790914,0,0.0
2040,poisoned_always_freeze_snapshot,4052,6,0.11617462469435647,0.025203022568369732,1.208807880423295,0.04500455667853939,-0.04416877750353239,0.01196392787170869,100,,-0.01598529092083964,-0.3901762526347544,0,0.0
2040,poisoned_always_freeze_snapshot,4052,7,-0.2679297065268721,0.004862840332878274,0.9743206216204019,0.009920437210942046,-0.006590050572197567,0.0051325628661028355,100,,-0.025952420171468857,-0.35846284263816,0,0.0
2040,poisoned_always_freeze_snapshot,4052,8,0.16142041099953952,-0.014955788063276368,1.0674851963845078,0.042880160215165025,0.003577264502182001,-0.07181325941420519,100,,-0.009866270485889339,-0.427997757926419,0,0.0
2040,poisoned_always_freeze_snapshot,4052,9,0.3165457267868278,-0.10876300425294619,0.9300877459101894,0.04752220296188561,0.006104905136390795,0.055130536789394086,100,,-0.029638811599875147,-0.4074147600952409,0,0.0
2040,poisoned_always_freeze_snapshot,4052,10,0.024408767565754885,0.09360832617096007,1.1057381041646357,-0.05951585618032295,0.010141632831009252,-0.1068701975400486,100,,-0.00593843158424852,-0.39891101962343367,0,0.0
2040,poisoned_always_freeze_snapshot,4052,11,-0.2663290008601614,-0.08776816819996604,1.1205750219306723,0.08564232633681823,-0.03137938115101131,-0.0220461925850889,100,,-0.044860141005330194,-0.21775924966701754,0,0.0
2040,poisoned_always_freeze_snapshot,4052,12,-0.3421341797470331,-0.052104820863618076,1.1513491700560456,-0.10826367525527988,-0.043042254395907434,0.07409660057485984,100,,-0.06319608865718167,-0.1831890674338978,0,0.0
2040,poisoned_always_freeze_snapshot,4052,13,-0.042948258314962295,0.027428110871039496,1.1504374806792976,0.04933301979383811,-0.029784531942267146,0.08724375674240578,100,,-0.007206240162829394,-0.4227317003671956,0,0.0
2040,poisoned_always_freeze_snapshot,4052,14,0.07363194003860596,0.050484394667595744,0.9239679548305786,0.0015459465811237805,-0.045652248912326235,0.034922645069753344,100,,-0.004287778238551508,-0.3896969945665872,0,0.0
2040,poisoned_always_freeze_snapshot,4052,15,-0.28974883617200153,0.006899880458526381,1.0076224708428918,-0.09162972046754222,0.03644349072584056,0.1180882959603318,100,,-0.025550213300379997,-0.40162165275066425,0,0.0
2040,poisoned_always_freeze_snapshot,4052,16,-0.353187283808469,-0.07774682356680127,1.1327389387985964,0.05861720669183884,-0.04095800565368982,0.06842933105344437,100,,-0.06917724574184209,-0.1661341525565176,0,0.0
2040,poisoned_always_freeze_snapshot,4052,17,-0.10700358750239508,0.050255928453524945,0.967552350384449,0.11016470851810978,0.02263855172521853,0.06530889268028653,100,,-0.0036328801981975506,-0.44462435050992266,0,0.0
2040,poisoned_always_freeze_snapshot,4052,18,-0.22539116050378755,-0.09569372531753528,0.8175453877132997,0.046161973777319704,-0.0009161895756247471,-0.001770348751538267,100,,-0.03373686288370087,-0.3229494960516379,0,0.0
2040,poisoned_always_freeze_snapshot,4052,19,-0.030419369360399517,0.07845824811109298,0.93029220807677,0.11264181955114244,-0.039695168936026065,-0.08475216515747584,100,,-0.0024363014198277625,-0.4027294613509295,0,0.0
2040,poisoned_always_freeze_snapshot,4052,20,-0.023947076799327227,0.004818727249735644,1.2205215185080034,-0.000613059166238647,0.012233376011533369,-0.04298913421551892,100,,-0.01224645315487908,-0.39033633218860786,0,0.0
2040,poisoned_always_freeze_snapshot,4052,21,0.20841373824237164,-0.03004464438773949,0.9997218631300666,0.08973426842431795,-0.024093837254898588,0.03486266442635555,100,,-0.012620018660350112,-0.4388662378981241,0,0.0
2040,poisoned_always_freeze_snapshot,4052,22,0.10525292598403058,-0.11118837721109431,0.9289746979182669,-0.05563830297211027,-0.039081694059186926,-0.08646920827872828,100,,-0.007838927510179509,-0.35536972828377,0,0.0
2040,poisoned_always_freeze_snapshot,4052,23,-0.21348049803258268,0.0808769968742756,1.1166666386918154,-0.03363559908384618,-0.026855959939523468,-0.061835850924736674,100,,-0.0179994723416234,-0.37707432457082357,0,0.0
2040,poisoned_always_freeze_snapshot,4052,24,-0.09193668461095406,-0.04185590570890978,0.9322133680758046,0.07637107258629622,-0.02405272460205108,-0.0399811443433231,100,,-0.008170599400809254,-0.35651536491732044,0,0.0
2040,poisoned_always_freeze_snapshot,4052,25,0.007152965951832013,-0.04415249892063133,0.9875213254049149,-0.11329868012228622,0.02063073535652643,0.08538432939592519,100,,-0.00034894102588808114,-0.44823791901752685,0,0.0
2040,poisoned_always_freeze_snapshot,4052,26,-0.07874018908667085,0.1170479217156685,1.2142332423244566,0.11799517698387621,0.027439445818761773,0.06107877598744829,100,,-0.016843903566334976,-0.3604923713553848,0,0.0
2040,poisoned_always_freeze_snapshot,4052,27,-0.04075513872194525,-0.046146618100356085,1.1775999039959992,0.029619871007076748,0.04999554925068417,0.09227202113475669,100,,-0.010409675270777772,-0.3703975258165518,0,0.0
2040,poisoned_always_freeze_snapshot,4052,28,-0.3820595299315878,0.055115735280960365,1.15201053654998,-0.04908453518696773,-0.012187937792399572,-0.09471520566684727,100,,-0.05373781150128515,-0.31905881593303187,0,0.0
2040,poisoned_always_freeze_snapshot,4052,29,-0.3017813668625867,-0.061010661718487375,1.1165768795148687,-0.0023217732833455407,-0.03288288437185631,-0.07061458249686692,100,,-0.04874886963515459,-0.2551049620520436,0,0.0
2040,poisoned_always_freeze_snapshot,4052,30,-0.13839566791244967,0.0658282524934777,0.8600961401289485,-0.02940790798409655,0.0425204968578355,0.08604973917914069,100,,-0.011774963726569408,-0.393470922015409,0,0.0
2040,poisoned_always_freeze_snapshot,4052,31,-0.0958541172685144,-0.09950295566079914,1.2238228706507979,0.05092622842645067,0.015706065522369597,0.10369850241380796,100,,-0.01857867255221854,-0.3881702897167215,0,0.0
2040,poisoned_always_freeze_snapshot,4052,32,-0.2846645369293306,0.00029439674285289263,0.8218221596812157,-0.10976005134949464,0.03059464234932037,0.058940949874452586,100,,-0.032877078295887485,-0.4110909102195458,0,0.0
2040,poisoned_always_freeze_snapshot,4052,33,-0.020397679293523374,0.06324132563931395,1.2421554855273267,0.008114614729774067,-0.04339543546807598,0.034536590139994744,100,,-0.016029854427908274,-0.3794324492554648,0,0.0
2040,poisoned_always_freeze_snapshot,4052,34,0.08813706286619516,-0.08071780301562843,1.2781584361986067,0.07658938181325212,0.047781354395999315,0.09659248025668024,100,,-0.02471186277300946,-0.3607463284358321,0,0.0
2040,poisoned_always_freeze_snapshot,4052,35,-0.2641961119195682,-0.06879584673823705,0.9028579642828743,-0.0394703579754324,0.027479029151265752,-0.008493432593863398,100,,-0.028420260355821115,-0.39029197460275306,0,0.0
2040,poisoned_always_freeze_snapshot,4052,36,-0.19860025057251632,-0.09625262834779921,1.2280811867872765,0.091208615083707,0.01656332974329451,-0.01233426308684192,100,,-0.03226175106031549,-0.38299445510985275,0,0.0
2040,poisoned_always_freeze_snapshot,4052,37,-0.39052320276218766,-0.08915641288488335,0.9957893390072032,0.002324360280885035,-0.01854643092928842,0.06255302097766452,100,,-0.06967352746038266,-0.2029482822978615,0,0.0
2040,poisoned_always_freeze_snapshot,4052,38,-0.2245798490429338,0.02557321714029881,1.0222067680360314,0.09494676998351964,0.021810251634644423,-0.056789100070336856,100,,-0.015136179673477754,-0.4384006268292022,0,0.0
2040,poisoned_always_freeze_snapshot,4052,39,-0.3680038339973575,-0.004783267734132138,1.2311053963320344,-0.1145785640421606,0.022797449249191373,0.10931080799145909,100,,-0.05743284625899345,-0.38613452262950976,0,0.0
2040,poisoned_always_freeze_snapshot,4052,40,0.03503683715090433,0.08046321554184033,0.8189710907289783,0.07408487884593878,-0.032981821180747856,-0.1039026635349396,100,,-0.009256335745167538,-0.41072705402106535,0,0.0
2040,poisoned_always_freeze_snapshot,4052,41,0.3018811374199205,0.05320127045569292,1.0438194687803009,0.021856850127060956,-0.005960359204740737,-0.0998515558987462,100,,-0.03613572395189594,-0.34183728006585423,0,0.0
2040,poisoned_always_freeze_snapshot,4052,42,-0.20243777738551547,-0.11988060904399485,0.9488729563719372,0.10029817280142958,-0.028591706257090302,-0.0015611473234102696,100,,-0.0307023915686751,-0.23810742429781145,0,0.0
2040,poisoned_always_freeze_snapshot,4052,43,-0.38446351709869103,0.07842718605429505,1.2778879154230987,0.01471760131701208,-0.025281584478390573,0.005605650038037507,100,,-0.06893094153955534,-0.30169112473272686,0,0.0
2040,poisoned_always_freeze_snapshot,4052,44,-0.008052514467044414,0.05805470423828499,1.2047350239335763,0.015934812783771485,0.031596988328945835,-0.09519945001138605,100,,-0.013256453096323452,-0.3809893646543391,0,0.0
2040,poisoned_always_freeze_snapshot,4052,45,0.07454186398779505,-0.10162693862490237,0.8214828765688693,0.038626214946871185,0.0425177846114094,0.03147244983016756,100,,-0.010488761204234491,-0.3974425688934202,0,0.0
2040,poisoned_always_freeze_snapshot,4052,46,-0.16056728442477494,0.08934926248227334,1.1114076335514675,0.08527306527190873,0.037244276112034055,-0.0141263862560706,100,,-0.011168989124782263,-0.405253705078775,0,0.0
2040,poisoned_always_freeze_snapshot,4052,47,-0.3429532185798744,-0.03810605695519413,0.9410390720666266,-0.04489978780274305,-0.02341819299705966,-0.044244956603393004,100,,-0.05190990885368351,-0.24218347680516927,0,0.0
2041,clean_reinforce_snapshot,4050,0,0.2615589741248676,0.06614578502988178,0.9553732815565629,0.011960798116760707,-0.035819725620227796,0.04172164700153658,100,,-0.02543816364829655,-0.3914297229942983,0,0.0
2041,clean_reinforce_snapshot,4050,1,-0.028904694661051056,0.07799428219278187,0.8413358840861701,-0.004022064479660303,-0.006880276398050701,0.08909522597339611,100,,-0.00671131948445662,-0.42140973232526024,0,0.0
2041,clean_reinforce_snapshot,4050,2,0.005189931368572043,0.02517824828600415,0.9510897998441054,-0.03432840617382164,0.0473357024511587,-0.10404472896530745,100,,-0.005026854223640248,-0.35036365060884,0,0.0
2041,clean_reinforce_snapshot,4050,3,0.06852947719503816,0.09322056965174513,1.1374171548702798,0.06434451145104653,0.04452689142514604,-0.06995466655891441,100,,-0.01706235538443764,-0.27691267076103626,0,0.0
2041,clean_reinforce_snapshot,4050,4,0.24089649183178297,-0.023510694090475848,0.9829642423155549,0.09881683882622214,0.0017632695903056356,0.09395178748860161,100,,-0.019362384988416474,-0.3852578540399447,0,0.0
2041,clean_reinforce_snapshot,4050,5,0.30669703862564157,-0.07991379055742098,0.7931224898320796,0.10658293168903277,0.020909158823715357,0.07305142015525859,100,,-0.04081970723888646,-0.3391120084334025,0,0.0
2041,clean_reinforce_snapshot,4050,6,-0.057502256306747324,-0.01827573148128331,1.0843246400382696,0.09764711071912385,-0.00464278248727721,-0.027508596409072453,100,,-0.0036447711878806566,-0.44012205932503856,0,0.0
2041,clean_reinforce_snapshot,4050,7,0.12834878090322566,0.04966347915430419,1.071312656348143,0.05755802568880794,0.013745077311797221,-0.004284768322083063,100,,-0.011197729435284553,-0.3621625026156031,0,0.0
2041,clean_reinforce_snapshot,4050,8,-0.11061526101186647,0.048526566909465024,0.9444024250862276,0.04921425584036235,-0.04210684426519774,-0.10544044230539047,100,,-0.007492247652793973,-0.3412025295286998,0,0.0
2041,clean_reinforce_snapshot,4050,9,-0.06926433378509744,-0.11171721935559556,1.0754393346401212,-0.09035703881863494,8.905926556275479e-05,0.04799841807991309,100,,-0.007335671273684846,-0.3945788324437755,0,0.0
2041,clean_reinforce_snapshot,4050,10,-0.35311263017329675,-0.07423977972522375,1.1038726345378596,-0.07209547205007302,-0.01219080902398658,0.06897605083133748,100,,-0.05761776270098495,-0.2527555978538326,0,0.0
2041,clean_reinforce_snapshot,4050,11,-0.3033897306884334,-0.10906919304444083,0.8653382874934501,0.08237256616057279,0.008694206417143413,-0.0982399666980022,100,,-0.04642786861457668,-0.29269516368712345,0,0.0
2041,clean_reinforce_snapshot,4050,12,0.014547569699097818,-0.08860634333797623,0.7727645094444018,-0.11470630199166064,-0.03479391018377395,0.005906591947779372,100,,-0.01898925036663226,-0.32831508831698175,0,0.0
2041,clean_reinforce_snapshot,4050,13,0.045147276230182165,0.00978566926802657,1.1615651035832717,-0.02559733916077124,0.013195745868626027,0.03506600413376004,100,,-0.008016962621159947,-0.4200643901550526,0,0.0
2041,clean_reinforce_snapshot,4050,14,0.39579337273321036,-0.08167541366045747,1.0763993848643976,-0.012025515805253989,-0.03920465942242024,-0.05111866181503233,100,,-0.045862344258593785,-0.4002101845270118,0,0.0
2041,clean_reinforce_snapshot,4050,15,-0.338684173178069,-0.11068664184866994,1.0460643513700458,-0.08333472519022783,0.04183056977972914,0.04837573919385754,100,,-0.045007634670581755,-0.3538579515395425,0,0.0
2041,clean_reinforce_snapshot,4050,16,0.3585461787064762,-0.02430447757765053,0.8286303815732335,-0.04590630571485073,0.03329774319759361,-0.05722070359744898,100,,-0.05800648471621769,-0.2548218803918606,0,0.0
2041,clean_reinforce_snapshot,4050,17,0.25857365444991487,-0.01407984665450647,0.7833001450987781,-0.0012810637369086858,-0.045891193644636036,0.01663340901236382,100,,-0.03142228589320294,-0.3869408738438449,0,0.0
2041,clean_reinforce_snapshot,4050,18,0.2543420793889638,-0.11446483156136128,1.0401724009972177,-0.07754627079030255,0.043198539144377684,0.07387565931806697,100,,-0.022190769383331234,-0.3209337986648173,0,0.0
2041,clean_reinforce_snapshot,4050,19,-0.12300756656028755,0.04493358816864995,1.0289336333369223,0.049256001512499786,0.025854833286509768,0.053786602208854506,100,,-0.004651729852354408,-0.4371780100743818,0,0.0
2041,clean_reinforce_snapshot,4050,20,0.25243584559916377,0.06652156833696579,0.9829498217122143,-0.06832289895825568,-0.02411428876087023,0.08794957402801526,100,,-0.02445799810626559,-0.39486696805776367,0,0.0
2041,clean_reinforce_snapshot,4050,21,-0.26153143146667324,0.11558707004704652,0.9902502078224229,-0.07596502547841122,0.03903874103338012,0.033165858239454726,100,,-0.018710701685567745,-0.40585295885898254,0,0.0
2041,clean_reinforce_snapshot,4050,22,-0.150753978927043,0.05906321477715759,0.9833173715073067,-0.06579988830833315,0.04688962566185616,-0.050983097292709695,100,,-0.007972579828566698,-0.38953192812506204,0,0.0
2041,clean_reinforce_snapshot,4050,23,0.04830810377671951,-0.02468780708465683,1.2532399975716708,0.011648133825358925,-0.039674082573576935,0.0749846238939085,100,,-0.01835320069279285,-0.3738547868913824,0,0.0
2041,clean_reinforce_snapshot,4050,24,-0.08977393639666359,0.048844456433339845,1.2220431662442943,0.05472066415861904,-0.02071649150571908,0.09605578868688916,100,,-0.01497792454194077,-0.389022228910494,0,0.0
2041,clean_reinforce_snapshot,4050,25,-0.34138017350814026,-0.08233037486271708,0.7310401105578285,0.08193619021935217,-0.048581677487054414,0.019629193312479726,100,,-0.08404040275754583,-0.13619189220935451,0,0.0
2041,clean_reinforce_snapshot,4050,26,-0.08315425090667822,0.06711261163855686,0.7422223481647436,-0.039860845171341155,-0.016909133907405317,0.08060340358319673,100,,-0.01834913142324208,-0.3719907860035249,0,0.0
2041,clean_reinforce_snapshot,4050,27,-0.10775045805716887,-0.10368958401113637,0.9977906486131876,0.0060910403014057535,-0.018384536914932748,0.0010580054506033887,100,,-0.012047516282672387,-0.3201551359321118,0,0.0
2041,clean_reinforce_snapshot,4050,28,0.14172085229363574,0.010979453458297872,1.1859092775455067,-0.051091183515211275,-0.0076437860495398025,0.11981739182001971,100,,-0.015814438632513344,-0.40814721314545466,0,0.0
2041,clean_reinforce_snapshot,4050,29,-0.19546740271954396,0.08860643581814712,1.2729806829417574,0.060263130268357,-0.01953680706973772,-0.10980213798328921,100,,-0.030591185866612306,-0.36349804536523644,0,0.0
2041,clean_reinforce_snapshot,4050,30,-0.04327524411452799,0.05794586152909159,0.8161327369534457,0.006460377883048873,-0.04497983015614609,0.04091591339401107,100,,-0.010888306009172814,-0.39019285444160534,0,0.0
2041,clean_reinforce_snapshot,4050,31,0.3889329543034291,0.11251609940145088,1.1374595050632317,0.03732939054451426,0.043076455284577694,0.002683303934199771,100,,-0.0887965673009536,-0.10222264803245157,0,0.0
2041,clean_reinforce_snapshot,4050,32,-0.26636868310609896,0.10725809339389428,1.0986437579576214,-0.009537819299836714,0.04417191525808145,0.08487632989292998,100,,-0.022135931343258516,-0.3925312607922719,0,0.0
2041,clean_reinforce_snapshot,4050,33,0.30216376601744277,-0.052376228264229524,1.1510336175197937,-0.08461180708226747,0.019506991971791413,0.07818015103593193,100,,-0.03663319492584765,-0.32527837318370667,0,0.0
2041,clean_reinforce_snapshot,4050,34,0.1224280861042576,-0.09604765768559011,1.1951595880639752,0.11168217591018106,0.04427383065855399,-0.09220540331127848,100,,-0.015318742107017445,-0.393925693519179,0,0.0
2041,clean_reinforce_snapshot,4050,35,0.26646277219976133,0.10641488983654646,0.9237152414696076,-0.07829624942951313,-0.03287889125118357,0.06027047046823936,100,,-0.0304878438308428,-0.379203247393441,0,0.0
2041,clean_reinforce_snapshot,4050,36,0.1863203798030313,0.09620360318756957,1.1341238327670902,-0.004379395955523238,0.0017704228853144058,-0.10880032562426036,100,,-0.02352706134264326,-0.35825694572263744,0,0.0
2041,clean_reinforce_snapshot,4050,37,-0.3513781875535069,0.0924746065635905,1.2069386122007584,0.09870282824966131,0.0035563270378875383,-0.06994159201367692,100,,-0.04731045210962929,-0.3947817653672101,0,0.0
2041,clean_reinforce_snapshot,4050,38,0.16843645644767613,-0.08291627429494519,0.9105565064659479,-0.0017948630089985596,0.032927818510732065,-0.07160038794547684,100,,-0.011650500073066308,-0.3892060339533284,0,0.0
2041,clean_reinforce_snapshot,4050,39,-0.028889574283565422,0.0655623296319301,1.0506574561516437,0.03978515562530846,0.04202264725079251,0.11663506271848118,100,,-0.005233529112759067,-0.32494110488593697,0,0.0
2041,clean_reinforce_snapshot,4050,40,0.1392055024311991,-0.009469565923500331,1.0231251114443474,0.11767780325574151,-0.010155274464767473,-0.019415967792093147,100,,-0.006188780770543943,-0.4645491412349976,0,0.0
2041,clean_reinforce_snapshot,4050,41,-0.2756913166617844,0.058309189524677646,0.9619134425022139,-0.0791263485900835,-0.03380044962965892,0.10210953333012937,100,,-0.028326243415041266,-0.32244757833004556,0,0.0
2041,clean_reinforce_snapshot,4050,42,0.2605120099933711,0.10335909637820351,0.9504148169684339,0.029920378750935395,-0.018864057194987682,0.014150710379580322,100,,-0.03042687362606762,-0.35873000052313236,0,0.0
2041,clean_reinforce_snapshot,4050,43,-0.27062154751222334,-0.11944287737138731,0.8887621882736347,-0.01625875398282027,-0.03764052209010826,0.07285435413993549,100,,-0.051486308316751384,-0.1832998330894473,0,0.0
2041,clean_reinforce_snapshot,4050,44,-0.046104205679373844,0.06677887144573275,1.0613088294642623,-0.09547881725440929,-0.04710670155163532,0.09672101809785977,100,,-0.0034127349812663643,-0.38998974276581616,0,0.0
2041,clean_reinforce_snapshot,4050,45,0.15253983914215963,-0.11710448250683696,1.2537747129297059,0.08744174624157089,-0.04305861926544022,-0.07640622620116094,100,,-0.026005423581570666,-0.33214381960039263,0,0.0
2041,clean_reinforce_snapshot,4050,46,-0.37886172032554655,0.05733623582398947,0.9458566506726602,-0.09257617750432524,-0.004953653359854315,0.021227337009262298,100,,-0.04678744172742474,-0.3495442761736096,0,0.0
2041,clean_reinforce_snapshot,4050,47,-0.12374550365762105,0.04002515450414007,0.8490715469663311,0.02781697788024573,-0.005207147953169088,-0.11341293837390976,100,,-0.010169283838088728,-0.4253936668514664,0,0.0
2041,clean_reinforce_snapshot,4051,0,-0.11847818019687112,-0.019805480317791127,0.8116157773550791,-0.11412754501609286,-0.012059918754779506,-0.05302880962365211,100,,-0.01625737386828111,-0.3792972116365162,0,0.0
2041,clean_reinforce_snapshot,4051,1,-0.14815516130781897,-0.00825967722856745,0.966184784607958,-0.015984313946183687,-0.03004097968459918,-0.016506396252473368,100,,-0.012243772235927979,-0.33127239410645387,0,0.0
2041,clean_reinforce_snapshot,4051,2,0.3744162767476654,-0.005705473928932628,1.0626336227886675,-7.154372416330601e-05,0.005079658774808163,-0.10504074069872618,100,,-0.05057171892743047,-0.32561354442786705,0,0.0
2041,clean_reinforce_snapshot,4051,3,0.3378984110828571,0.09713982699896917,0.9028420788722819,-0.02230359153375104,-0.032218067334265035,-0.04403617400888801,100,,-0.0465697328418289,-0.36504277397362045,0,0.0
2041,clean_reinforce_snapshot,4051,4,0.379908581700385,0.10057327774853825,1.2568819687347415,0.05019948931590085,0.023121844814685946,-0.07990418636468524,100,,-0.08815146202872795,-0.19498959470104338,0,0.0
2041,clean_reinforce_snapshot,4051,5,0.13822877391480215,0.043755139582783514,0.8398726691110576,-0.01798876417624981,-0.03883519769733246,-0.029082393053629627,100,,-0.013078346592927226,-0.4035209840668431,0,0.0
2041,clean_reinforce_snapshot,4051,6,-0.044079227726369186,0.004964524859221164,1.1814137165936787,-0.05602921557017429,0.026911498569798173,-0.10257428669772674,100,,-0.009118672403169544,-0.4104416825466821,0,0.0
2041,clean_reinforce_snapshot,4051,7,0.035677892335038375,-0.017708952880468795,0.8241240306641087,0.0982465581412321,0.00702805091421245,0.036296238019523835,100,,-0.00795079206343403,-0.41340549067378835,0,0.0
2041,clean_reinforce_snapshot,4051,8,0.029377407988996462,0.11640332412262228,1.2303770369618685,-0.0645978695789235,0.0040265700190836515,-0.051693183205491114,100,,-0.01707249557263634,-0.38604839260257773,0,0.0
2041,clean_reinforce_snapshot,4051,9,0.22746819240941885,0.09328152849494678,0.8246516548898621,0.03232750610297305,0.04334357471682965,-0.009110092151775329,100,,-0.04475362665321661,-0.1966695676518429,0,0.0
2041,clean_reinforce_snapshot,4051,10,-0.03421788614630533,-0.020009096026342738,0.953253573434525,-0.10270825287404081,0.0404941320072595,-0.1181429468846683,100,,-0.0022628905855199425,-0.40558437950665976,0,0.0
2041,clean_reinforce_snapshot,4051,11,0.00797670910424586,0.11005542758481024,1.1268561696197799,0.04474597650462289,-0.045678164586862774,-0.031814367836412186,100,,-0.005514689818809005,-0.3842138701410225,0,0.0
2041,clean_reinforce_snapshot,4051,12,-0.1550071430248317,0.0297295936048316,1.067738752959327,-0.030029808640920946,-0.019292643654069064,0.10053001566722544,100,,-0.009956202756760991,-0.40278266024068293,0,0.0
2041,clean_reinforce_snapshot,4051,13,0.036080012433666375,0.004678318680526192,1.0436412506497152,-0.1008882596964444,0.03393941897029913,-0.06648807842413572,100,,-0.003353765747356729,-0.3858529806973498,0,0.0
2041,clean_reinforce_snapshot,4051,14,-0.16084112398242506,0.028373268180941852,1.068999798928797,0.014708145477814127,0.015365178311634142,-0.09614143588987936,100,,-0.008648269033289701,-0.45993629728540963,0,0.0
2041,clean_reinforce_snapshot,4051,15,0.328996349169536,0.048622819587237354,1.2435834684674159,-0.05423654992253492,-0.01804455595844217,-0.062143107947406954,100,,-0.05462598079540123,-0.3771383466630367,0,0.0
2041,clean_reinforce_snapshot,4051,16,-0.13856627632257318,-0.05110401035596206,0.9220287541228742,-0.051070826386967666,-0.024831474671962686,0.1167592681360069,100,,-0.014347279247936565,-0.3385974446563747,0,0.0
2041,clean_reinforce_snapshot,4051,17,0.13592365374603832,-0.07559264744982036,1.207331310698962,0.0025104345741108897,7.561262173570032e-05,-0.022896941368548668,100,,-0.015287960402840015,-0.39690016960909036,0,0.0
2041,clean_reinforce_snapshot,4051,18,0.09780923487699617,0.07707402060718718,1.1936506570660805,-0.08202770687683716,-0.023737448735402046,0.06970127109671231,100,,-0.013954020247698613,-0.4045227089271114,0,0.0
2041,clean_reinforce_snapshot,4051,19,0.06453272235425034,-0.11015521864454957,0.8200107667087344,-0.0774018023785833,0.02188254297462469,0.09842658578984462,100,,-0.009256175578784546,-0.4104878429179649,0,0.0
2041,clean_reinforce_snapshot,4051,20,0.007105449776163841,0.0837073559185971,0.9009671701969693,0.04380675348246546,0.022782222192711032,-0.035920832668626015,100,,-0.006123596311797417,-0.3731589076747157,0,0.0
2041,clean_reinforce_snapshot,4051,21,0.13562074243060107,-0.02515067034124109,0.8092831424800083,0.0012226181497338867,-0.008797300322652725,0.040963726708174025,100,,-0.014252401017610834,-0.4055609308453196,0,0.0
2041,clean_reinforce_snapshot,4051,22,-0.06418504897757116,0.06491842285933344,0.7763575850439698,-0.07987169208840367,-0.025094498639013064,0.07055288878777913,100,,-0.013976001093559438,-0.3886579045160579,0,0.0
2041,clean_reinforce_snapshot,4051,23,-0.3728159856312617,-0.036235146869945375,0.9690125211565517,0.06739039446382511,0.014947660642065402,0.014279494803357495,100,,-0.05036823112270636,-0.3452038874201495,0,0.0
2041,clean_reinforce_snapshot,4051,24,-0.024796633870635465,0.07196474397855024,0.8919185295544715,0.022074964058123453,0.0014445858751423873,0.006340339963420538,100,,-0.0035760960480379846,-0.4465897686849727,0,0.0
2041,clean_reinforce_snapshot,4051,25,0.29516820623125106,0.018799868613479348,1.0941430031130115,-0.11767325240641419,-0.02814735656520675,-0.11410323111355498,100,,-0.030814089639886945,-0.40608861607053576,0,0.0
2041,clean_reinforce_snapshot,4051,26,0.12383282119442973,0.002100180109321781,0.83903604385883,-0.013287099679580791,-0.044539805730493154,0.04201457648466342,100,,-0.01181666706170294,-0.3932719949178251,0,0.0
2041,clean_reinforce_snapshot,4051,27,0.0756460307139803,0.052175276305454016,0.8314678601812926,0.10197570760456626,-0.005432927292578257,-0.10379113701189252,100,,-0.010041508342850421,-0.41705128357942994,0,0.0
2041,clean_reinforce_snapshot,4051,28,-0.1763627668764615,-0.10505737383908832,0.9376590415515285,0.06202959753477541,0.027942738444271045,-0.04106351007006291,100,,-0.015421084378844936,-0.4020625047521387,0,0.0
2041,clean_reinforce_snapshot,4051,29,-0.10906243149919242,-0.049261694005096654,0.935945586868782,-0.09164271384977991,-0.01367473316361454,-0.04098385845193557,100,,-0.008873929873192625,-0.36686642355272003,0,0.0
2041,clean_reinforce_snapshot,4051,30,-0.3206054093890843,-0.117105497539472,0.737807779966796,-0.00015236716500974246,-0.010974816790140132,-0.10147827517237801,100,,-0.06985746386323291,-0.2862619872193224,0,0.0
2041,clean_reinforce_snapshot,4051,31,-0.016449480167707364,-0.051712785588361565,0.7323930493657305,-0.03470894292347408,0.026130965731018294,0.03437104050349771,100,,-0.018225130363933084,-0.36712716971820264,0,0.0
2041,clean_reinforce_snapshot,4051,32,0.21425078475103831,-0.04528164592669938,1.152960390176294,-0.032561225045180026,0.01933326232814872,-0.07238682912897099,100,,-0.02135241467286638,-0.3820227509082768,0,0.0
2041,clean_reinforce_snapshot,4051,33,-0.012226894413512768,-0.0841963501028542,1.2559062326094528,-0.09339797210267753,0.019599228139694405,-0.0765500879739398,100,,-0.016832653137333665,-0.37357187335135,0,0.0
2041,clean_reinforce_snapshot,4051,34,-0.32592212411883853,0.08131915819026445,1.1367301847452618,-0.01769501779299458,-0.003722488675323342,0.09894134467746771,100,,-0.03618619362225722,-0.4054661560855672,0,0.0
2041,clean_reinforce_snapshot,4051,35,-0.3660949863685371,-0.055141844064910156,0.8325412096223623,0.09734816616651609,0.0005155941803778666,-0.0002486510691090821,100,,-0.06020023173006531,-0.28947639845255435,0,0.0
2041,clean_reinforce_snapshot,4051,36,0.33680432806223604,-0.04576391212969384,0.7914097204848958,0.024304211278095206,-0.043333343411117324,-0.021882778772818107,100,,-0.043369328275352025,-0.39152029517161885,0,0.0
2041,clean_reinforce_snapshot,4051,37,-0.3995972721525883,-0.05191033351567574,1.1485863995620333,-0.0036245793926023007,0.04968813610226884,0.08788046134151817,100,,-0.05991754925157224,-0.35245316289334927,0,0.0
2041,clean_reinforce_snapshot,4051,38,-0.0599744359521619,0.1016194437736623,0.9003783289150327,-0.01946906818937899,0.004941835696193407,-0.08284123626904222,100,,-0.004116192320021569,-0.4505666660208723,0,0.0
2041,clean_reinforce_snapshot,4051,39,0.000360708135385468,0.012447143607673905,0.824697678459943,-0.033379384508245694,0.0041639688996119376,-0.007539731976376196,100,,-0.007676615406982562,-0.4130217382648368,0,0.0
2041,clean_reinforce_snapshot,4051,40,0.21162435323462114,-0.037305648077280026,1.2028028299828808,-0.10224509995396848,-0.035023966085575356,-0.09681728111450953,100,,-0.02294138974707435,-0.40010332769240065,0,0.0
2041,clean_reinforce_snapshot,4051,41,-0.31987098404501046,0.06886672100456029,0.9381402859083939,0.016819607081080684,0.03112112185095839,-0.04518882365322438,100,,-0.0297587192113011,-0.42039595800606766,0,0.0
2041,clean_reinforce_snapshot,4051,42,0.2635594818647762,-0.033520843846457676,0.8571878984917656,0.035304912513223374,0.025020163144419988,-0.09639268284360812,100,,-0.030893295280476574,-0.336358444482799,0,0.0
2041,clean_reinforce_snapshot,4051,43,0.2164606110315591,0.016386633964280944,0.7500667182429831,-0.0301584032225074,0.039187595913068515,-0.01587689336339375,100,,-0.04195216591447345,-0.25840650444667845,0,0.0
2041,clean_reinforce_snapshot,4051,44,-0.34996128147004807,0.11525292158561315,1.2233198073930045,0.015204867195394822,0.026702081284088464,0.07908509453003537,100,,-0.045630735390774516,-0.3887791381879193,0,0.0
2041,clean_reinforce_snapshot,4051,45,0.37051044955340273,0.09523767395454466,1.0293194741235592,-0.014896343722022157,0.019456513753180707,-0.0260938868352545,100,,-0.06546625070561354,-0.20207923493626867,0,0.0
2041,clean_reinforce_snapshot,4051,46,-0.10322456154148263,-0.06218820577729408,0.7632069038006992,0.07378775528999143,0.0418201233826635,-0.04506468348079627,100,,-0.018110285023036302,-0.3831218967522418,0,0.0
2041,clean_reinforce_snapshot,4051,47,-0.09714372994420417,0.04000872796029492,1.0356204802080944,0.006466689164216971,0.01594938627934535,-0.008508807658668502,100,,-0.0029237597271602085,-0.46188008135332487,0,0.0
2041,clean_reinforce_snapshot,4052,0,-0.39548651019439096,0.04949351704700272,1.0743237226971543,-0.09972952341029029,0.04812441705732229,-0.013973471915785074,100,,-0.04695731346136024,-0.3794170995777553,0,0.0
2041,clean_reinforce_snapshot,4052,1,-0.09140924460341138,0.07913964307912177,1.2724455769324192,0.016094057258500355,0.008951239007005382,-0.03812664936078977,100,,-0.020674149741281317,-0.36420721701731207,0,0.0
2041,clean_reinforce_snapshot,4052,2,-0.023295072295052843,-0.05409143153363176,1.047644449987831,-0.041442066513315556,-0.03761305071941826,-0.03131812344078594,100,,-0.005689629201207633,-0.3329251803007478,0,0.0
2041,clean_reinforce_snapshot,4052,3,0.18012976915049583,0.08696439720657664,0.8889497098773069,-0.05378914100094018,0.02515117728824108,0.007582423330425331,100,,-0.02549885212461881,-0.2762656410441818,0,0.0
2041,clean_reinforce_snapshot,4052,4,0.2404017651447531,-0.05510550759086218,1.026735306676897,-0.0022227939052861384,-0.008957869246535466,-0.11272723504444938,100,,-0.01681041274938139,-0.44017938258334305,0,0.0
2041,clean_reinforce_snapshot,4052,5,-0.2209474261420221,0.047659505856163825,1.1836043113442092,0.005609771201607633,0.046433725819994595,0.033467843418442306,100,,-0.022826951831654105,-0.3822422932790914,0,0.0
2041,clean_reinforce_snapshot,4052,6,0.11617462469435647,0.025203022568369732,1.208807880423295,0.04500455667853939,-0.04416877750353239,0.01196392787170869,100,,-0.01601343502182932,-0.3901762526347544,0,0.0
2041,clean_reinforce_snapshot,4052,7,-0.2679297065268721,0.004862840332878274,0.9743206216204019,0.009920437210942046,-0.006590050572197567,0.0051325628661028355,100,,-0.026073140013252814,-0.3576635152749809,0,0.0
2041,clean_reinforce_snapshot,4052,8,0.16142041099953952,-0.014955788063276368,1.0674851963845078,0.042880160215165025,0.003577264502182001,-0.07181325941420519,100,,-0.00990186713580307,-0.43296931699433827,0,0.0
2041,clean_reinforce_snapshot,4052,9,0.3165457267868278,-0.10876300425294619,0.9300877459101894,0.04752220296188561,0.006104905136390795,0.055130536789394086,100,,-0.029734791982407326,-0.4019847159724541,0,0.0
2041,clean_reinforce_snapshot,4052,10,0.024408767565754885,0.09360832617096007,1.1057381041646357,-0.05951585618032295,0.010141632831009252,-0.1068701975400486,100,,-0.005977143516987171,-0.4054312842837347,0,0.0
2041,clean_reinforce_snapshot,4052,11,-0.2663290008601614,-0.08776816819996604,1.1205750219306723,0.08564232633681823,-0.03137938115101131,-0.0220461925850889,100,,-0.04514849542616771,-0.210232533521317,0,0.0
2041,clean_reinforce_snapshot,4052,12,-0.3421341797470331,-0.052104820863618076,1.1513491700560456,-0.10826367525527988,-0.043042254395907434,0.07409660057485984,100,,-0.06356095623812603,-0.1811456383732168,0,0.0
2041,clean_reinforce_snapshot,4052,13,-0.042948258314962295,0.027428110871039496,1.1504374806792976,0.04933301979383811,-0.029784531942267146,0.08724375674240578,100,,-0.007213324766983021,-0.42445253102152447,0,0.0
2041,clean_reinforce_snapshot,4052,14,0.07363194003860596,0.050484394667595744,0.9239679548305786,0.0015459465811237805,-0.045652248912326235,0.034922645069753344,100,,-0.0043054059180876215,-0.3899903049837703,0,0.0
2041,clean_reinforce_snapshot,4052,15,-0.28974883617200153,0.006899880458526381,1.0076224708428918,-0.09162972046754222,0.03644349072584056,0.1180882959603318,100,,-0.025662012209893104,-0.40445301981038023,0,0.0
2041,clean_reinforce_snapshot,4052,16,-0.353187283808469,-0.07774682356680127,1.1327389387985964,0.05861720669183884,-0.04095800565368982,0.06842933105344437,100,,-0.06958587309541801,-0.16427631762125328,0,0.0
2041,clean_reinforce_snapshot,4052,17,-0.10700358750239508,0.050255928453524945,0.967552350384449,0.11016470851810978,0.02263855172521853,0.06530889268028653,100,,-0.003655853459558275,-0.43796260008308285,0,0.0
2041,clean_reinforce_snapshot,4052,18,-0.22539116050378755,-0.09569372531753528,0.8175453877132997,0.046161973777319704,-0.0009161895756247471,-0.001770348751538267,100,,-0.03390934822890708,-0.32264385586506805,0,0.0
2041,clean_reinforce_snapshot,4052,19,-0.030419369360399517,0.07845824811109298,0.93029220807677,0.11264181955114244,-0.039695168936026065,-0.08475216515747584,100,,-0.002447010359986181,-0.4034577739269194,0,0.0
2041,clean_reinforce_snapshot,4052,20,-0.023947076799327227,0.004818727249735644,1.2205215185080034,-0.000613059166238647,0.012233376011533369,-0.04298913421551892,100,,-0.012249127410084033,-0.39033633218860786,0,0.0
2041,clean_reinforce_snapshot,4052,21,0.20841373824237164,-0.03004464438773949,0.9997218631300666,0.08973426842431795,-0.024093837254898588,0.03486266442635555,100,,-0.012672284935660865,-0.43968515272729414,0,0.0
2041,clean_reinforce_snapshot,4052,22,0.10525292598403058,-0.11118837721109431,0.9289746979182669,-0.05563830297211027,-0.039081694059186926,-0.08646920827872828,100,,-0.007918909473152958,-0.3414744741759407,0,0.0
2041,clean_reinforce_snapshot,4052,23,-0.21348049803258268,0.0808769968742756,1.1166666386918154,-0.03363559908384618,-0.026855959939523468,-0.061835850924736674,100,,-0.018056568566966472,-0.36733662976666237,0,0.0
2041,clean_reinforce_snapshot,4052,24,-0.09193668461095406,-0.04185590570890978,0.9322133680758046,0.07637107258629622,-0.02405272460205108,-0.0399811443433231,100,,-0.008232655203262548,-0.34900007507999825,0,0.0
2041,clean_reinforce_snapshot,4052,25,0.007152965951832013,-0.04415249892063133,0.9875213254049149,-0.11329868012228622,0.02063073535652643,0.08538432939592519,100,,-0.0003532528248482195,-0.4487863867000736,0,0.0
2041,clean_reinforce_snapshot,4052,26,-0.07874018908667085,0.1170479217156685,1.2142332423244566,0.11799517698387621,0.027439445818761773,0.06107877598744829,100,,-0.016913441724809308,-0.3502622582052729,0,0.0
2041,clean_reinforce_snapshot,4052,27,-0.04075513872194525,-0.046146618100356085,1.1775999039959992,0.029619871007076748,0.04999554925068417,0.09227202113475669,100,,-0.010443875778542755,-0.3703975258165518,0,0.0
2041,clean_reinforce_snapshot,4052,28,-0.3820595299315878,0.055115735280960365,1.15201053654998,-0.04908453518696773,-0.012187937792399572,-0.09471520566684727,100,,-0.053950132587269925,-0.30942009839854,0,0.0
2041,clean_reinforce_snapshot,4052,29,-0.3017813668625867,-0.061010661718487375,1.1165768795148687,-0.0023217732833455407,-0.03288288437185631,-0.07061458249686692,100,,-0.04907934029096637,-0.27730023493643063,0,0.0
2041,clean_reinforce_snapshot,4052,30,-0.13839566791244967,0.0658282524934777,0.8600961401289485,-0.02940790798409655,0.0425204968578355,0.08604973917914069,100,,-0.01182970886529533,-0.37898168078512073,0,0.0
2041,clean_reinforce_snapshot,4052,31,-0.0958541172685144,-0.09950295566079914,1.2238228706507979,0.05092622842645067,0.015706065522369597,0.10369850241380796,100,,-0.018621061381301582,-0.3881702897167215,0,0.0
2041,clean_reinforce_snapshot,4052,32,-0.2846645369293306,0.00029439674285289263,0.8218221596812157,-0.10976005134949464,0.03059464234932037,0.058940949874452586,100,,-0.032977297256287126,-0.4110909102195458,0,0.0
2041,clean_reinforce_snapshot,4052,33,-0.020397679293523374,0.06324132563931395,1.2421554855273267,0.008114614729774067,-0.04339543546807598,0.034536590139994744,100,,-0.016036939796681773,-0.3794324492554648,0,0.0
2041,clean_reinforce_snapshot,4052,34,0.08813706286619516,-0.08071780301562843,1.2781584361986067,0.07658938181325212,0.047781354395999315,0.09659248025668024,100,,-0.024595655387840618,-0.3607463284358321,0,0.0
2041,clean_reinforce_snapshot,4052,35,-0.2641961119195682,-0.06879584673823705,0.9028579642828743,-0.0394703579754324,0.027479029151265752,-0.008493432593863398,100,,-0.02855348996823473,-0.39663627473954743,0,0.0
2041,clean_reinforce_snapshot,4052,36,-0.19860025057251632,-0.09625262834779921,1.2280811867872765,0.091208615083707,0.01656332974329451,-0.01233426308684192,100,,-0.03237318578454166,-0.38495784938433597,0,0.0
2041,clean_reinforce_snapshot,4052,37,-0.39052320276218766,-0.08915641288488335,0.9957893390072032,0.002324360280885035,-0.01854643092928842,0.06255302097766452,100,,-0.07009878514968451,-0.20446605609896634,0,0.0
2041,clean_reinforce_snapshot,4052,38,-0.2245798490429338,0.02557321714029881,1.0222067680360314,0.09494676998351964,0.021810251634644423,-0.056789100070336856,100,,-0.01519725386361012,-0.4405423798781509,0,0.0
2041,clean_reinforce_snapshot,4052,39,-0.3680038339973575,-0.004783267734132138,1.2311053963320344,-0.1145785640421606,0.022797449249191373,0.10931080799145909,100,,-0.05763365728024657,-0.3861226509942568,0,0.0
2041,clean_reinforce_snapshot,4052,40,0.03503683715090433,0.08046321554184033,0.8189710907289783,0.07408487884593878,-0.032981821180747856,-0.1039026635349396,100,,-0.009270985373575253,-0.4107120957647751,0,0.0
2041,clean_reinforce_snapshot,4052,41,0.3018811374199205,0.05320127045569292,1.0438194687803009,0.021856850127060956,-0.005960359204740737,-0.0998515558987462,100,,-0.03632412887053876,-0.35074303946917934,0,0.0
2041,clean_reinforce_snapshot,4052,42,-0.20243777738551547,-0.11988060904399485,0.9488729563719372,0.10029817280142958,-0.028591706257090302,-0.0015611473234102696,100,,-0.030954534146927205,-0.23277339218379106,0,0.0
2041,clean_reinforce_snapshot,4052,43,-0.38446351709869103,0.07842718605429505,1.2778879154230987,0.01471760131701208,-0.025281584478390573,0.005605650038037507,100,,-0.06912638935700012,-0.2975625692200528,0,0.0
2041,clean_reinforce_snapshot,4052,44,-0.008052514467044414,0.05805470423828499,1.2047350239335763,0.015934812783771485,0.031596988328945835,-0.09519945001138605,100,,-0.013291679591185504,-0.3830318224857343,0,0.0
2041,clean_reinforce_snapshot,4052,45,0.07454186398779505,-0.10162693862490237,0.8214828765688693,0.038626214946871185,0.0425177846114094,0.03147244983016756,100,,-0.010494216617423143,-0.39797884838011316,0,0.0
2041,clean_reinforce_snapshot,4052,46,-0.16056728442477494,0.08934926248227334,1.1114076335514675,0.08527306527190873,0.037244276112034055,-0.0141263862560706,100,,-0.011224877428782268,-0.399622433371529,0,0.0
2041,clean_reinforce_snapshot,4052,47,-0.3429532185798744,-0.03810605695519413,0.9410390720666266,-0.04489978780274305,-0.02341819299705966,-0.044244956603393004,100,,-0.05220621059200289,-0.23444995653692707,0,0.0
2041,poisoned_action_only_snapshot,4050,0,0.2615589741248676,0.06614578502988178,0.9553732815565629,0.011960798116760707,-0.035819725620227796,0.04172164700153658,15,14,-0.261395368209824,0.03790169385726121,0,0.0
2041,poisoned_action_only_snapshot,4050,1,-0.028904694661051056,0.07799428219278187,0.8413358840861701,-0.004022064479660303,-0.006880276398050701,0.08909522597339611,37,36,-0.08311636502629713,0.012923158862400419,0,0.0
2041,poisoned_action_only_snapshot,4050,2,0.005189931368572043,0.02517824828600415,0.9510897998441054,-0.03432840617382164,0.0473357024511587,-0.10404472896530745,28,27,-0.1172137035953577,0.008937696969997452,0,0.0
2041,poisoned_action_only_snapshot,4050,3,0.06852947719503816,0.09322056965174513,1.1374171548702798,0.06434451145104653,0.04452689142514604,-0.06995466655891441,43,42,-0.15091872981366883,0.01956448421905832,0,0.0
2041,poisoned_action_only_snapshot,4050,4,0.24089649183178297,-0.023510694090475848,0.9829642423155549,0.09881683882622214,0.0017632695903056356,0.09395178748860161,31,30,-0.11841879975252291,0.006559486431525555,0,0.0
2041,poisoned_action_only_snapshot,4050,5,0.30669703862564157,-0.07991379055742098,0.7931224898320796,0.10658293168903277,0.020909158823715357,0.07305142015525859,45,44,-0.1261519187061791,0.005431504881277874,0,0.0
2041,poisoned_action_only_snapshot,4050,6,-0.057502256306747324,-0.01827573148128331,1.0843246400382696,0.09764711071912385,-0.00464278248727721,-0.027508596409072453,52,51,-0.060101363465574084,0.0030604994742042257,0,0.0
2041,poisoned_action_only_snapshot,4050,7,0.12834878090322566,0.04966347915430419,1.071312656348143,0.05755802568880794,0.013745077311797221,-0.004284768322083063,36,35,-0.09103554622592008,0.0063851570859730505,0,0.0
2041,poisoned_action_only_snapshot,4050,8,-0.11061526101186647,0.048526566909465024,0.9444024250862276,0.04921425584036235,-0.04210684426519774,-0.10544044230539047,28,27,-0.09761587295233429,0.001210873582078234,0,0.0
2041,poisoned_action_only_snapshot,4050,9,-0.06926433378509744,-0.11171721935559556,1.0754393346401212,-0.09035703881863494,8.905926556275479e-05,0.04799841807991309,27,26,-0.12060718477347177,0.03437133856822858,0,0.0
2041,poisoned_action_only_snapshot,4050,10,-0.35311263017329675,-0.07423977972522375,1.1038726345378596,-0.07209547205007302,-0.01219080902398658,0.06897605083133748,21,20,-0.2453681513991783,0.005441361022952215,0,0.0
2041,poisoned_action_only_snapshot,4050,11,-0.3033897306884334,-0.10906919304444083,0.8653382874934501,0.08237256616057279,0.008694206417143413,-0.0982399666980022,17,16,-0.2769357968728434,0.014043979828224154,0,0.0
2041,poisoned_action_only_snapshot,4050,12,0.014547569699097818,-0.08860634333797623,0.7727645094444018,-0.11470630199166064,-0.03479391018377395,0.005906591947779372,47,46,-0.15258875967421726,0.021964278384424385,0,0.0
2041,poisoned_action_only_snapshot,4050,13,0.045147276230182165,0.00978566926802657,1.1615651035832717,-0.02559733916077124,0.013195745868626027,0.03506600413376004,60,59,-0.06804283324972658,0.00427626677035324,0,0.0
2041,poisoned_action_only_snapshot,4050,14,0.39579337273321036,-0.08167541366045747,1.0763993848643976,-0.012025515805253989,-0.03920465942242024,-0.05111866181503233,16,15,-0.27480086258692604,0.02564739763912985,0,0.0
2041,poisoned_action_only_snapshot,4050,15,-0.338684173178069,-0.11068664184866994,1.0460643513700458,-0.08333472519022783,0.04183056977972914,0.04837573919385754,12,11,-0.36738276207692544,0.030209774463738487,0,0.0
2041,poisoned_action_only_snapshot,4050,16,0.3585461787064762,-0.02430447757765053,0.8286303815732335,-0.04590630571485073,0.03329774319759361,-0.05722070359744898,34,33,-0.18705267456256686,0.01075666480778642,0,0.0
2041,poisoned_action_only_snapshot,4050,17,0.25857365444991487,-0.01407984665450647,0.7833001450987781,-0.0012810637369086858,-0.045891193644636036,0.01663340901236382,15,14,-0.24547413609424806,0.003120224693453494,0,0.0
2041,poisoned_action_only_snapshot,4050,18,0.2543420793889638,-0.11446483156136128,1.0401724009972177,-0.07754627079030255,0.043198539144377684,0.07387565931806697,35,34,-0.12963836202711934,0.0018767371878667533,0,0.0
2041,poisoned_action_only_snapshot,4050,19,-0.12300756656028755,0.04493358816864995,1.0289336333369223,0.049256001512499786,0.025854833286509768,0.053786602208854506,31,30,-0.10947994829455708,0.008849117976674273,0,0.0
2041,poisoned_action_only_snapshot,4050,20,0.25243584559916377,0.06652156833696579,0.9829498217122143,-0.06832289895825568,-0.02411428876087023,0.08794957402801526,17,16,-0.22558825898221127,0.025671655991428566,0,0.0
2041,poisoned_action_only_snapshot,4050,21,-0.26153143146667324,0.11558707004704652,0.9902502078224229,-0.07596502547841122,0.03903874103338012,0.033165858239454726,23,22,-0.1691526576683281,0.024407278131550955,0,0.0
2041,poisoned_action_only_snapshot,4050,22,-0.150753978927043,0.05906321477715759,0.9833173715073067,-0.06579988830833315,0.04688962566185616,-0.050983097292709695,20,19,-0.1383098296951124,0.0021719914049450617,0,0.0
2041,poisoned_action_only_snapshot,4050,23,0.04830810377671951,-0.02468780708465683,1.2532399975716708,0.011648133825358925,-0.039674082573576935,0.0749846238939085,33,32,-0.14457074587964738,0.009558666938788776,0,0.0
2041,poisoned_action_only_snapshot,4050,24,-0.08977393639666359,0.048844456433339845,1.2220431662442943,0.05472066415861904,-0.02071649150571908,0.09605578868688916,63,62,-0.16322736529364437,0.023996539233245406,0,0.0
2041,poisoned_action_only_snapshot,4050,25,-0.34138017350814026,-0.08233037486271708,0.7310401105578285,0.08193619021935217,-0.048581677487054414,0.019629193312479726,28,27,-0.2584888582917673,0.004414171610412576,0,0.0
2041,poisoned_action_only_snapshot,4050,26,-0.08315425090667822,0.06711261163855686,0.7422223481647436,-0.039860845171341155,-0.016909133907405317,0.08060340358319673,64,63,-0.26248389851867904,0.0389581531169404,0,0.0
2041,poisoned_action_only_snapshot,4050,27,-0.10775045805716887,-0.10368958401113637,0.9977906486131876,0.0060910403014057535,-0.018384536914932748,0.0010580054506033887,32,31,-0.11675998917347147,0.03360013856851217,0,0.0
2041,poisoned_action_only_snapshot,4050,28,0.14172085229363574,0.010979453458297872,1.1859092775455067,-0.051091183515211275,-0.0076437860495398025,0.11981739182001971,33,32,-0.11665646503283905,0.02396838059974364,0,0.0
2041,poisoned_action_only_snapshot,4050,29,-0.19546740271954396,0.08860643581814712,1.2729806829417574,0.060263130268357,-0.01953680706973772,-0.10980213798328921,60,59,-0.18723103993831358,0.041923164159184845,0,0.0
2041,poisoned_action_only_snapshot,4050,30,-0.04327524411452799,0.05794586152909159,0.8161327369534457,0.006460377883048873,-0.04497983015614609,0.04091591339401107,21,20,-0.12957870252059123,0.004742441940473949,0,0.0
2041,poisoned_action_only_snapshot,4050,31,0.3889329543034291,0.11251609940145088,1.1374595050632317,0.03732939054451426,0.043076455284577694,0.002683303934199771,25,24,-0.2760147724856925,0.027779847313011752,0,0.0
2041,poisoned_action_only_snapshot,4050,32,-0.26636868310609896,0.10725809339389428,1.0986437579576214,-0.009537819299836714,0.04417191525808145,0.08487632989292998,19,18,-0.18286956040009883,0.005502806134620314,0,0.0
2041,poisoned_action_only_snapshot,4050,33,0.30216376601744277,-0.052376228264229524,1.1510336175197937,-0.08461180708226747,0.019506991971791413,0.07818015103593193,39,38,-0.13000567047743777,0.009126165384627793,0,0.0
2041,poisoned_action_only_snapshot,4050,34,0.1224280861042576,-0.09604765768559011,1.1951595880639752,0.11168217591018106,0.04427383065855399,-0.09220540331127848,26,25,-0.11954596265416002,0.014103293270082556,0,0.0
2041,poisoned_action_only_snapshot,4050,35,0.26646277219976133,0.10641488983654646,0.9237152414696076,-0.07829624942951313,-0.03287889125118357,0.06027047046823936,14,13,-0.28311565240652975,0.0175213610354049,0,0.0
2041,poisoned_action_only_snapshot,4050,36,0.1863203798030313,0.09620360318756957,1.1341238327670902,-0.004379395955523238,0.0017704228853144058,-0.10880032562426036,23,22,-0.16450603991922422,0.0023699895169166513,0,0.0
2041,poisoned_action_only_snapshot,4050,37,-0.3513781875535069,0.0924746065635905,1.2069386122007584,0.09870282824966131,0.0035563270378875383,-0.06994159201367692,33,32,-0.17223184081115556,0.0064346269707891285,0,0.0
2041,poisoned_action_only_snapshot,4050,38,0.16843645644767613,-0.08291627429494519,0.9105565064659479,-0.0017948630089985596,0.032927818510732065,-0.07160038794547684,55,54,-0.3217145353833167,0.054839142657296724,0,0.0
2041,poisoned_action_only_snapshot,4050,39,-0.028889574283565422,0.0655623296319301,1.0506574561516437,0.03978515562530846,0.04202264725079251,0.11663506271848118,49,48,-0.320235266286218,0.0403612279198452,0,0.0
2041,poisoned_action_only_snapshot,4050,40,0.1392055024311991,-0.009469565923500331,1.0231251114443474,0.11767780325574151,-0.010155274464767473,-0.019415967792093147,33,32,-0.09173132947136696,0.0026132850665671475,0,0.0
2041,poisoned_action_only_snapshot,4050,41,-0.2756913166617844,0.058309189524677646,0.9619134425022139,-0.0791263485900835,-0.03380044962965892,0.10210953333012937,49,48,-0.14171104023457493,0.04334742055027478,0,0.0
2041,poisoned_action_only_snapshot,4050,42,0.2605120099933711,0.10335909637820351,0.9504148169684339,0.029920378750935395,-0.018864057194987682,0.014150710379580322,16,15,-0.2420274669248645,0.0035720316762925114,0,0.0
2041,poisoned_action_only_snapshot,4050,43,-0.27062154751222334,-0.11944287737138731,0.8887621882736347,-0.01625875398282027,-0.03764052209010826,0.07285435413993549,27,26,-0.21587244202508155,0.011628993666445875,0,0.0
2041,poisoned_action_only_snapshot,4050,44,-0.046104205679373844,0.06677887144573275,1.0613088294642623,-0.09547881725440929,-0.04710670155163532,0.09672101809785977,20,19,-0.12214065079736458,0.019437410254786874,0,0.0
2041,poisoned_action_only_snapshot,4050,45,0.15253983914215963,-0.11710448250683696,1.2537747129297059,0.08744174624157089,-0.04305861926544022,-0.07640622620116094,33,32,-0.19304335946798606,0.005111418514860966,0,0.0
2041,poisoned_action_only_snapshot,4050,46,-0.37886172032554655,0.05733623582398947,0.9458566506726602,-0.09257617750432524,-0.004953653359854315,0.021227337009262298,27,26,-0.18821644028310483,0.021054043515622775,0,0.0
2041,poisoned_action_only_snapshot,4050,47,-0.12374550365762105,0.04002515450414007,0.8490715469663311,0.02781697788024573,-0.005207147953169088,-0.11341293837390976,84,83,-0.17714639881732686,0.027046200348444627,0,0.0
2041,poisoned_action_only_snapshot,4051,0,-0.11847818019687112,-0.019805480317791127,0.8116157773550791,-0.11412754501609286,-0.012059918754779506,-0.05302880962365211,42,41,-0.09057281568205312,0.009803341151682562,0,0.0
2041,poisoned_action_only_snapshot,4051,1,-0.14815516130781897,-0.00825967722856745,0.966184784607958,-0.015984313946183687,-0.03004097968459918,-0.016506396252473368,49,48,-0.1189381431127116,0.04598378420671921,0,0.0
2041,poisoned_action_only_snapshot,4051,2,0.3744162767476654,-0.005705473928932628,1.0626336227886675,-7.154372416330601e-05,0.005079658774808163,-0.10504074069872618,23,22,-0.2119427331644464,0.009099789292418003,0,0.0
2041,poisoned_action_only_snapshot,4051,3,0.3378984110828571,0.09713982699896917,0.9028420788722819,-0.02230359153375104,-0.032218067334265035,-0.04403617400888801,13,12,-0.3263164550674948,0.0048086518493090785,0,0.0
2041,poisoned_action_only_snapshot,4051,4,0.379908581700385,0.10057327774853825,1.2568819687347415,0.05019948931590085,0.023121844814685946,-0.07990418636468524,23,22,-0.3109590211818567,0.031958856147325104,0,0.0
2041,poisoned_action_only_snapshot,4051,5,0.13822877391480215,0.043755139582783514,0.8398726691110576,-0.01798876417624981,-0.03883519769733246,-0.029082393053629627,17,16,-0.17645591299408,0.002161467287054436,0,0.0
2041,poisoned_action_only_snapshot,4051,6,-0.044079227726369186,0.004964524859221164,1.1814137165936787,-0.05602921557017429,0.026911498569798173,-0.10257428669772674,34,33,-0.11444949238045045,0.004786928823967626,0,0.0
2041,poisoned_action_only_snapshot,4051,7,0.035677892335038375,-0.017708952880468795,0.8241240306641087,0.0982465581412321,0.00702805091421245,0.036296238019523835,73,72,-0.08115593413417885,6.596461484342786e-05,0,0.0
2041,poisoned_action_only_snapshot,4051,8,0.029377407988996462,0.11640332412262228,1.2303770369618685,-0.0645978695789235,0.0040265700190836515,-0.051693183205491114,31,30,-0.1287777928557316,0.03507339495935943,0,0.0
2041,poisoned_action_only_snapshot,4051,9,0.22746819240941885,0.09328152849494678,0.8246516548898621,0.03232750610297305,0.04334357471682965,-0.009110092151775329,33,32,-0.19835375012095677,0.027140211333356756,0,0.0
2041,poisoned_action_only_snapshot,4051,10,-0.03421788614630533,-0.020009096026342738,0.953253573434525,-0.10270825287404081,0.0404941320072595,-0.1181429468846683,22,21,-0.11183679048733258,0.004686298707813827,0,0.0
2041,poisoned_action_only_snapshot,4051,11,0.00797670910424586,0.11005542758481024,1.1268561696197799,0.04474597650462289,-0.045678164586862774,-0.031814367836412186,17,16,-0.15901835846314938,0.012229931070935271,0,0.0
2041,poisoned_action_only_snapshot,4051,12,-0.1550071430248317,0.0297295936048316,1.067738752959327,-0.030029808640920946,-0.019292643654069064,0.10053001566722544,55,54,-0.07643589493991892,0.020637800253366506,0,0.0
2041,poisoned_action_only_snapshot,4051,13,0.036080012433666375,0.004678318680526192,1.0436412506497152,-0.1008882596964444,0.03393941897029913,-0.06648807842413572,52,51,-0.2657514487788075,0.023991290958470746,0,0.0
2041,poisoned_action_only_snapshot,4051,14,-0.16084112398242506,0.028373268180941852,1.068999798928797,0.014708145477814127,0.015365178311634142,-0.09614143588987936,30,29,-0.10681777681098142,0.0007610463324560918,0,0.0
2041,poisoned_action_only_snapshot,4051,15,0.328996349169536,0.048622819587237354,1.2435834684674159,-0.05423654992253492,-0.01804455595844217,-0.062143107947406954,18,17,-0.29049375668580735,0.03313057547843619,0,0.0
2041,poisoned_action_only_snapshot,4051,16,-0.13856627632257318,-0.05110401035596206,0.9220287541228742,-0.051070826386967666,-0.024831474671962686,0.1167592681360069,39,38,-0.10686076735080807,0.03206435350820942,0,0.0
2041,poisoned_action_only_snapshot,4051,17,0.13592365374603832,-0.07559264744982036,1.207331310698962,0.0025104345741108897,7.561262173570032e-05,-0.022896941368548668,79,78,-0.04933173726922666,0.0009426204999690713,0,0.0
2041,poisoned_action_only_snapshot,4051,18,0.09780923487699617,0.07707402060718718,1.1936506570660805,-0.08202770687683716,-0.023737448735402046,0.06970127109671231,21,20,-0.17018393479586794,0.035042982553308705,0,0.0
2041,poisoned_action_only_snapshot,4051,19,0.06453272235425034,-0.11015521864454957,0.8200107667087344,-0.0774018023785833,0.02188254297462469,0.09842658578984462,27,26,-0.11182235772523887,0.020096648537098957,0,0.0
2041,poisoned_action_only_snapshot,4051,20,0.007105449776163841,0.0837073559185971,0.9009671701969693,0.04380675348246546,0.022782222192711032,-0.035920832668626015,46,45,-0.08659254979740769,0.0002909203339485078,0,0.0
2041,poisoned_action_only_snapshot,4051,21,0.13562074243060107,-0.02515067034124109,0.8092831424800083,0.0012226181497338867,-0.008797300322652725,0.040963726708174025,38,37,-0.10800246330662415,0.00032948872666548057,0,0.0
2041,poisoned_action_only_snapshot,4051,22,-0.06418504897757116,0.06491842285933344,0.7763575850439698,-0.07987169208840367,-0.025094498639013064,0.07055288878777913,37,36,-0.10948656653044078,0.005695151795834935,0,0.0
2041,poisoned_action_only_snapshot,4051,23,-0.3728159856312617,-0.036235146869945375,0.9690125211565517,0.06739039446382511,0.014947660642065402,0.014279494803357495,17,16,-0.2757623113365226,0.021659472482047845,0,0.0
2041,poisoned_action_only_snapshot,4051,24,-0.024796633870635465,0.07196474397855024,0.8919185295544715,0.022074964058123453,0.0014445858751423873,0.006340339963420538,44,43,-0.06445106671057708,0.009270516173305668,0,0.0
2041,poisoned_action_only_snapshot,4051,25,0.29516820623125106,0.018799868613479348,1.0941430031130115,-0.11767325240641419,-0.02814735656520675,-0.11410323111355498,17,16,-0.23550685094284957,0.029375043782288168,0,0.0
2041,poisoned_action_only_snapshot,4051,26,0.12383282119442973,0.002100180109321781,0.83903604385883,-0.013287099679580791,-0.044539805730493154,0.04201457648466342,18,17,-0.16010263015342865,0.0013751580967849564,0,0.0
2041,poisoned_action_only_snapshot,4051,27,0.0756460307139803,0.052175276305454016,0.8314678601812926,0.10197570760456626,-0.005432927292578257,-0.10379113701189252,31,30,-0.10739603177498569,0.02517555299320136,0,0.0
2041,poisoned_action_only_snapshot,4051,28,-0.1763627668764615,-0.10505737383908832,0.9376590415515285,0.06202959753477541,0.027942738444271045,-0.04106351007006291,16,15,-0.20716589639650207,0.005763529160060579,0,0.0
2041,poisoned_action_only_snapshot,4051,29,-0.10906243149919242,-0.049261694005096654,0.935945586868782,-0.09164271384977991,-0.01367473316361454,-0.04098385845193557,37,36,-0.08542934405102892,0.008419523965328898,0,0.0
2041,poisoned_action_only_snapshot,4051,30,-0.3206054093890843,-0.117105497539472,0.737807779966796,-0.00015236716500974246,-0.010974816790140132,-0.10147827517237801,20,19,-0.2952875930075036,0.005045840145073421,0,0.0
2041,poisoned_action_only_snapshot,4051,31,-0.016449480167707364,-0.051712785588361565,0.7323930493657305,-0.03470894292347408,0.026130965731018294,0.03437104050349771,28,27,-0.13662868425404495,0.024014754234086,0,0.0
2041,poisoned_action_only_snapshot,4051,32,0.21425078475103831,-0.04528164592669938,1.152960390176294,-0.032561225045180026,0.01933326232814872,-0.07238682912897099,50,49,-0.08921972491188011,0.006594697940628044,0,0.0
2041,poisoned_action_only_snapshot,4051,33,-0.012226894413512768,-0.0841963501028542,1.2559062326094528,-0.09339797210267753,0.019599228139694405,-0.0765500879739398,27,26,-0.13406077979906958,0.013689074970961862,0,0.0
2041,poisoned_action_only_snapshot,4051,34,-0.32592212411883853,0.08131915819026445,1.1367301847452618,-0.01769501779299458,-0.003722488675323342,0.09894134467746771,34,33,-0.15142305567935851,0.022497074602285533,0,0.0
2041,poisoned_action_only_snapshot,4051,35,-0.3660949863685371,-0.055141844064910156,0.8325412096223623,0.09734816616651609,0.0005155941803778666,-0.0002486510691090821,19,18,-0.2747981419285264,0.012820260809757386,0,0.0
2041,poisoned_action_only_snapshot,4051,36,0.33680432806223604,-0.04576391212969384,0.7914097204848958,0.024304211278095206,-0.043333343411117324,-0.021882778772818107,15,14,-0.2758414178111385,0.007429733429490937,0,0.0
2041,poisoned_action_only_snapshot,4051,37,-0.3995972721525883,-0.05191033351567574,1.1485863995620333,-0.0036245793926023007,0.04968813610226884,0.08788046134151817,12,11,-0.38035756467712,0.02025505306392887,0,0.0
2041,poisoned_action_only_snapshot,4051,38,-0.0599744359521619,0.1016194437736623,0.9003783289150327,-0.01946906818937899,0.004941835696193407,-0.08284123626904222,43,42,-0.0662933849916142,0.019026695207834746,0,0.0
2041,poisoned_action_only_snapshot,4051,39,0.000360708135385468,0.012447143607673905,0.824697678459943,-0.033379384508245694,0.0041639688996119376,-0.007539731976376196,78,77,-0.04880306934149509,0.013814477226406843,0,0.0
2041,poisoned_action_only_snapshot,4051,40,0.21162435323462114,-0.037305648077280026,1.2028028299828808,-0.10224509995396848,-0.035023966085575356,-0.09681728111450953,20,19,-0.18692169128899358,0.019123839452295233,0,0.0
2041,poisoned_action_only_snapshot,4051,41,-0.31987098404501046,0.06886672100456029,0.9381402859083939,0.016819607081080684,0.03112112185095839,-0.04518882365322438,19,18,-0.20218182559829945,0.008678026717263282,0,0.0
2041,poisoned_action_only_snapshot,4051,42,0.2635594818647762,-0.033520843846457676,0.8571878984917656,0.035304912513223374,0.025020163144419988,-0.09639268284360812,42,41,-0.12440463428835172,0.033598423062323815,0,0.0
2041,poisoned_action_only_snapshot,4051,43,0.2164606110315591,0.016386633964280944,0.7500667182429831,-0.0301584032225074,0.039187595913068515,-0.01587689336339375,41,40,-0.1696638202136349,0.007612107834768442,0,0.0
2041,poisoned_action_only_snapshot,4051,44,-0.34996128147004807,0.11525292158561315,1.2233198073930045,0.015204867195394822,0.026702081284088464,0.07908509453003537,23,22,-0.2175221358595806,0.007625632865280868,0,0.0
2041,poisoned_action_only_snapshot,4051,45,0.37051044955340273,0.09523767395454466,1.0293194741235592,-0.014896343722022157,0.019456513753180707,-0.0260938868352545,21,20,-0.25993394070621423,0.001873834238153016,0,0.0
2041,poisoned_action_only_snapshot,4051,46,-0.10322456154148263,-0.06218820577729408,0.7632069038006992,0.07378775528999143,0.0418201233826635,-0.04506468348079627,17,16,-0.20446147529137285,0.02219544954507449,0,0.0
2041,poisoned_action_only_snapshot,4051,47,-0.09714372994420417,0.04000872796029492,1.0356204802080944,0.006466689164216971,0.01594938627934535,-0.008508807658668502,59,58,-0.2617581308488728,0.037203249457206544,0,0.0
2041,poisoned_action_only_snapshot,4052,0,-0.39548651019439096,0.04949351704700272,1.0743237226971543,-0.09972952341029029,0.04812441705732229,-0.013973471915785074,13,12,-0.30396578635598553,0.0013320113673512962,0,0.0
2041,poisoned_action_only_snapshot,4052,1,-0.09140924460341138,0.07913964307912177,1.2724455769324192,0.016094057258500355,0.008951239007005382,-0.03812664936078977,61,60,-0.07425452200252748,0.013546055549781971,0,0.0
2041,poisoned_action_only_snapshot,4052,2,-0.023295072295052843,-0.05409143153363176,1.047644449987831,-0.041442066513315556,-0.03761305071941826,-0.03131812344078594,48,47,-0.17733177928516955,0.0025109529372444594,0,0.0
2041,poisoned_action_only_snapshot,4052,3,0.18012976915049583,0.08696439720657664,0.8889497098773069,-0.05378914100094018,0.02515117728824108,0.007582423330425331,31,30,-0.14762125227311138,0.02777414917862063,0,0.0
2041,poisoned_action_only_snapshot,4052,4,0.2404017651447531,-0.05510550759086218,1.026735306676897,-0.0022227939052861384,-0.008957869246535466,-0.11272723504444938,31,30,-0.1258039580163151,0.0220240475150537,0,0.0
2041,poisoned_action_only_snapshot,4052,5,-0.2209474261420221,0.047659505856163825,1.1836043113442092,0.005609771201607633,0.046433725819994595,0.033467843418442306,18,17,-0.1932903130084639,0.011909428551384951,0,0.0
2041,poisoned_action_only_snapshot,4052,6,0.11617462469435647,0.025203022568369732,1.208807880423295,0.04500455667853939,-0.04416877750353239,0.01196392787170869,20,19,-0.16812744783838235,0.0220035982329983,0,0.0
2041,poisoned_action_only_snapshot,4052,7,-0.2679297065268721,0.004862840332878274,0.9743206216204019,0.009920437210942046,-0.006590050572197567,0.0051325628661028355,29,28,-0.14089215552871762,0.02151958150844506,0,0.0
2041,poisoned_action_only_snapshot,4052,8,0.16142041099953952,-0.014955788063276368,1.0674851963845078,0.042880160215165025,0.003577264502182001,-0.07181325941420519,40,39,-0.08586535722977716,0.01017061491099959,0,0.0
2041,poisoned_action_only_snapshot,4052,9,0.3165457267868278,-0.10876300425294619,0.9300877459101894,0.04752220296188561,0.006104905136390795,0.055130536789394086,45,44,-0.12629708242900795,0.01836541426663174,0,0.0
2041,poisoned_action_only_snapshot,4052,10,0.024408767565754885,0.09360832617096007,1.1057381041646357,-0.05951585618032295,0.010141632831009252,-0.1068701975400486,37,36,-0.08575519232123141,0.02878026027057924,0,0.0
2041,poisoned_action_only_snapshot,4052,11,-0.2663290008601614,-0.08776816819996604,1.1205750219306723,0.08564232633681823,-0.03137938115101131,-0.0220461925850889,30,29,-0.19494597067272362,0.04576484939105771,0,0.0
2041,poisoned_action_only_snapshot,4052,12,-0.3421341797470331,-0.052104820863618076,1.1513491700560456,-0.10826367525527988,-0.043042254395907434,0.07409660057485984,31,30,-0.22193553863243098,0.017060492163102764,0,0.0
2041,poisoned_action_only_snapshot,4052,13,-0.042948258314962295,0.027428110871039496,1.1504374806792976,0.04933301979383811,-0.029784531942267146,0.08724375674240578,56,55,-0.3400564568829755,0.033997904318253,0,0.0
2041,poisoned_action_only_snapshot,4052,14,0.07363194003860596,0.050484394667595744,0.9239679548305786,0.0015459465811237805,-0.045652248912326235,0.034922645069753344,17,16,-0.15303343777709744,0.011549056938035679,0,0.0
2041,poisoned_action_only_snapshot,4052,15,-0.28974883617200153,0.006899880458526381,1.0076224708428918,-0.09162972046754222,0.03644349072584056,0.1180882959603318,16,15,-0.21888289368654457,0.011275224067787554,0,0.0
2041,poisoned_action_only_snapshot,4052,16,-0.353187283808469,-0.07774682356680127,1.1327389387985964,0.05861720669183884,-0.04095800565368982,0.06842933105344437,28,27,-0.23193589087965294,0.00567240325040963,0,0.0
2041,poisoned_action_only_snapshot,4052,17,-0.10700358750239508,0.050255928453524945,0.967552350384449,0.11016470851810978,0.02263855172521853,0.06530889268028653,56,55,-0.3489930119459867,0.03986168604881035,0,0.0
2041,poisoned_action_only_snapshot,4052,18,-0.22539116050378755,-0.09569372531753528,0.8175453877132997,0.046161973777319704,-0.0009161895756247471,-0.001770348751538267,22,21,-0.2142265040097171,0.041624922190882166,0,0.0
2041,poisoned_action_only_snapshot,4052,19,-0.030419369360399517,0.07845824811109298,0.93029220807677,0.11264181955114244,-0.039695168936026065,-0.08475216515747584,20,19,-0.1150312115228727,0.002818266123502458,0,0.0
2041,poisoned_action_only_snapshot,4052,20,-0.023947076799327227,0.004818727249735644,1.2205215185080034,-0.000613059166238647,0.012233376011533369,-0.04298913421551892,64,63,-0.16456690038047145,0.0238287467530669,0,0.0
2041,poisoned_action_only_snapshot,4052,21,0.20841373824237164,-0.03004464438773949,0.9997218631300666,0.08973426842431795,-0.024093837254898588,0.03486266442635555,23,22,-0.1405360738202788,0.012588300018817541,0,0.0
2041,poisoned_action_only_snapshot,4052,22,0.10525292598403058,-0.11118837721109431,0.9289746979182669,-0.05563830297211027,-0.039081694059186926,-0.08646920827872828,48,47,-0.2576205991961382,0.015261017673666943,0,0.0
2041,poisoned_action_only_snapshot,4052,23,-0.21348049803258268,0.0808769968742756,1.1166666386918154,-0.03363559908384618,-0.026855959939523468,-0.061835850924736674,56,55,-0.14698218196397012,0.01895230577318774,0,0.0
2041,poisoned_action_only_snapshot,4052,24,-0.09193668461095406,-0.04185590570890978,0.9322133680758046,0.07637107258629622,-0.02405272460205108,-0.0399811443433231,46,45,-0.08707125758284755,0.010220367401144459,0,0.0
2041,poisoned_action_only_snapshot,4052,25,0.007152965951832013,-0.04415249892063133,0.9875213254049149,-0.11329868012228622,0.02063073535652643,0.08538432939592519,33,32,-0.08498691345798913,0.01483373577013454,0,0.0
2041,poisoned_action_only_snapshot,4052,26,-0.07874018908667085,0.1170479217156685,1.2142332423244566,0.11799517698387621,0.027439445818761773,0.06107877598744829,50,49,-0.14942767858327344,0.02802147628146978,0,0.0
2041,poisoned_action_only_snapshot,4052,27,-0.04075513872194525,-0.046146618100356085,1.1775999039959992,0.029619871007076748,0.04999554925068417,0.09227202113475669,18,17,-0.16304625490899663,0.028919654983794868,0,0.0
2041,poisoned_action_only_snapshot,4052,28,-0.3820595299315878,0.055115735280960365,1.15201053654998,-0.04908453518696773,-0.012187937792399572,-0.09471520566684727,29,28,-0.1878908817908573,0.0025935261693590256,0,0.0
2041,poisoned_action_only_snapshot,4052,29,-0.3017813668625867,-0.061010661718487375,1.1165768795148687,-0.0023217732833455407,-0.03288288437185631,-0.07061458249686692,30,29,-0.19679142467835334,0.035906488592972394,0,0.0
2041,poisoned_action_only_snapshot,4052,30,-0.13839566791244967,0.0658282524934777,0.8600961401289485,-0.02940790798409655,0.0425204968578355,0.08604973917914069,24,23,-0.14279551007104216,0.017419426623480824,0,0.0
2041,poisoned_action_only_snapshot,4052,31,-0.0958541172685144,-0.09950295566079914,1.2238228706507979,0.05092622842645067,0.015706065522369597,0.10369850241380796,22,21,-0.16110458537969138,0.002732515659545909,0,0.0
2041,poisoned_action_only_snapshot,4052,32,-0.2846645369293306,0.00029439674285289263,0.8218221596812157,-0.10976005134949464,0.03059464234932037,0.058940949874452586,18,17,-0.2151485402698644,0.0010442497470031925,0,0.0
2041,poisoned_action_only_snapshot,4052,33,-0.020397679293523374,0.06324132563931395,1.2421554855273267,0.008114614729774067,-0.04339543546807598,0.034536590139994744,23,22,-0.14150271636921505,0.013537830707708934,0,0.0
2041,poisoned_action_only_snapshot,4052,34,0.08813706286619516,-0.08071780301562843,1.2781584361986067,0.07658938181325212,0.047781354395999315,0.09659248025668024,21,20,-0.15359272416485642,0.00037504196531923384,0,0.0
2041,poisoned_action_only_snapshot,4052,35,-0.2641961119195682,-0.06879584673823705,0.9028579642828743,-0.0394703579754324,0.027479029151265752,-0.008493432593863398,16,15,-0.24506992226735783,0.0221883235735338,0,0.0
2041,poisoned_action_only_snapshot,4052,36,-0.19860025057251632,-0.09625262834779921,1.2280811867872765,0.091208615083707,0.01656332974329451,-0.01233426308684192,21,20,-0.2197728377014665,0.040508312235252794,0,0.0
2041,poisoned_action_only_snapshot,4052,37,-0.39052320276218766,-0.08915641288488335,0.9957893390072032,0.002324360280885035,-0.01854643092928842,0.06255302097766452,21,20,-0.2795580347300747,0.02518101616221749,0,0.0
2041,poisoned_action_only_snapshot,4052,38,-0.2245798490429338,0.02557321714029881,1.0222067680360314,0.09494676998351964,0.021810251634644423,-0.056789100070336856,23,22,-0.14220156554837576,0.007605249288110891,0,0.0
2041,poisoned_action_only_snapshot,4052,39,-0.3680038339973575,-0.004783267734132138,1.2311053963320344,-0.1145785640421606,0.022797449249191373,0.10931080799145909,17,16,-0.3063696014735904,0.03546009466939962,0,0.0
2041,poisoned_action_only_snapshot,4052,40,0.03503683715090433,0.08046321554184033,0.8189710907289783,0.07408487884593878,-0.032981821180747856,-0.1039026635349396,20,19,-0.14736163824621332,0.014288286769851347,0,0.0
2041,poisoned_action_only_snapshot,4052,41,0.3018811374199205,0.05320127045569292,1.0438194687803009,0.021856850127060956,-0.005960359204740737,-0.0998515558987462,20,19,-0.22043514233402073,0.030591065861311564,0,0.0
2041,poisoned_action_only_snapshot,4052,42,-0.20243777738551547,-0.11988060904399485,0.9488729563719372,0.10029817280142958,-0.028591706257090302,-0.0015611473234102696,28,27,-0.1670031805494776,0.011226428006593098,0,0.0
2041,poisoned_action_only_snapshot,4052,43,-0.38446351709869103,0.07842718605429505,1.2778879154230987,0.01471760131701208,-0.025281584478390573,0.005605650038037507,39,38,-0.18635327814322686,0.0031542705604385712,0,0.0
2041,poisoned_action_only_snapshot,4052,44,-0.008052514467044414,0.05805470423828499,1.2047350239335763,0.015934812783771485,0.031596988328945835,-0.09519945001138605,52,51,-0.16191093589431096,0.033668671661603033,0,0.0
2041,poisoned_action_only_snapshot,4052,45,0.07454186398779505,-0.10162693862490237,0.8214828765688693,0.038626214946871185,0.0425177846114094,0.03147244983016756,20,19,-0.1356688449319971,0.009074135388277282,0,0.0
2041,poisoned_action_only_snapshot,4052,46,-0.16056728442477494,0.08934926248227334,1.1114076335514675,0.08527306527190873,0.037244276112034055,-0.0141263862560706,29,28,-0.13286082785374032,0.0006122303972417448,0,0.0
2041,poisoned_action_only_snapshot,4052,47,-0.3429532185798744,-0.03810605695519413,0.9410390720666266,-0.04489978780274305,-0.02341819299705966,-0.044244956603393004,26,25,-0.19894232788956176,0.0018121552982235806,0,0.0
2041,poisoned_commit_gate_snapshot,4050,0,0.2615589741248676,0.06614578502988178,0.9553732815565629,0.011960798116760707,-0.035819725620227796,0.04172164700153658,100,,-0.08957413751397192,-0.1889609596016516,0,0.0
2041,poisoned_commit_gate_snapshot,4050,1,-0.028904694661051056,0.07799428219278187,0.8413358840861701,-0.004022064479660303,-0.006880276398050701,0.08909522597339611,100,,-0.01036743529729306,-0.421408013044052,0,0.0
2041,poisoned_commit_gate_snapshot,4050,2,0.005189931368572043,0.02517824828600415,0.9510897998441054,-0.03432840617382164,0.0473357024511587,-0.10404472896530745,100,,-0.02190008848744521,-0.29833821522994436,0,0.0
2041,poisoned_commit_gate_snapshot,4050,3,0.06852947719503816,0.09322056965174513,1.1374171548702798,0.06434451145104653,0.04452689142514604,-0.06995466655891441,100,,-0.04474185112844941,-0.24464282540254137,0,0.0
2041,poisoned_commit_gate_snapshot,4050,4,0.24089649183178297,-0.023510694090475848,0.9829642423155549,0.09881683882622214,0.0017632695903056356,0.09395178748860161,100,,-0.03374437773466131,-0.3303451650092766,0,0.0
2041,poisoned_commit_gate_snapshot,4050,5,0.30669703862564157,-0.07991379055742098,0.7931224898320796,0.10658293168903277,0.020909158823715357,0.07305142015525859,100,,-0.05195077177270834,-0.3287484653222817,0,0.0
2041,poisoned_commit_gate_snapshot,4050,6,-0.057502256306747324,-0.01827573148128331,1.0843246400382696,0.09764711071912385,-0.00464278248727721,-0.027508596409072453,100,,-0.006285169259565769,-0.42599943802353907,0,0.0
2041,poisoned_commit_gate_snapshot,4050,7,0.12834878090322566,0.04966347915430419,1.071312656348143,0.05755802568880794,0.013745077311797221,-0.004284768322083063,100,,-0.026747243328286735,-0.3204511176134059,0,0.0
2041,poisoned_commit_gate_snapshot,4050,8,-0.11061526101186647,0.048526566909465024,0.9444024250862276,0.04921425584036235,-0.04210684426519774,-0.10544044230539047,100,,-0.01867091950782173,-0.334224427278232,0,0.0
2041,poisoned_commit_gate_snapshot,4050,9,-0.06926433378509744,-0.11171721935559556,1.0754393346401212,-0.09035703881863494,8.905926556275479e-05,0.04799841807991309,100,,-0.02990453941347484,-0.3075154734856758,0,0.0
2041,poisoned_commit_gate_snapshot,4050,10,-0.35311263017329675,-0.07423977972522375,1.1038726345378596,-0.07209547205007302,-0.01219080902398658,0.06897605083133748,100,,-0.13627964545599736,-0.11656476998224696,0,0.0
2041,poisoned_commit_gate_snapshot,4050,11,-0.3033897306884334,-0.10906919304444083,0.8653382874934501,0.08237256616057279,0.008694206417143413,-0.0982399666980022,100,,-0.1312638469310488,-0.12001353123184004,0,0.0
2041,poisoned_commit_gate_snapshot,4050,12,0.014547569699097818,-0.08860634333797623,0.7727645094444018,-0.11470630199166064,-0.03479391018377395,0.005906591947779372,100,,-0.03595703951131913,-0.2983776063874501,0,0.0
2041,poisoned_commit_gate_snapshot,4050,13,0.045147276230182165,0.00978566926802657,1.1615651035832717,-0.02559733916077124,0.013195745868626027,0.03506600413376004,100,,-0.010379812570480786,-0.4200643901550526,0,0.0
2041,poisoned_commit_gate_snapshot,4050,14,0.39579337273321036,-0.08167541366045747,1.0763993848643976,-0.012025515805253989,-0.03920465942242024,-0.05111866181503233,100,,-0.09225677561024354,-0.22245213373162853,0,0.0
2041,poisoned_commit_gate_snapshot,4050,15,-0.338684173178069,-0.11068664184866994,1.0460643513700458,-0.08333472519022783,0.04183056977972914,0.04837573919385754,100,,-0.16374757204733784,-0.07654261995524221,0,0.0
2041,poisoned_commit_gate_snapshot,4050,16,0.3585461787064762,-0.02430447757765053,0.8286303815732335,-0.04590630571485073,0.03329774319759361,-0.05722070359744898,100,,-0.09753595538474649,-0.19816981389617858,0,0.0
2041,poisoned_commit_gate_snapshot,4050,17,0.25857365444991487,-0.01407984665450647,0.7833001450987781,-0.0012810637369086858,-0.045891193644636036,0.01663340901236382,100,,-0.07167496786944053,-0.23390024058975242,0,0.0
2041,poisoned_commit_gate_snapshot,4050,18,0.2543420793889638,-0.11446483156136128,1.0401724009972177,-0.07754627079030255,0.043198539144377684,0.07387565931806697,100,,-0.032272149580076,-0.3347045202245628,0,0.0
2041,poisoned_commit_gate_snapshot,4050,19,-0.12300756656028755,0.04493358816864995,1.0289336333369223,0.049256001512499786,0.025854833286509768,0.053786602208854506,100,,-0.01249849113607882,-0.36573101215603737,0,0.0
2041,poisoned_commit_gate_snapshot,4050,20,0.25243584559916377,0.06652156833696579,0.9829498217122143,-0.06832289895825568,-0.02411428876087023,0.08794957402801526,100,,-0.07845613163853189,-0.208635237096484,0,0.0
2041,poisoned_commit_gate_snapshot,4050,21,-0.26153143146667324,0.11558707004704652,0.9902502078224229,-0.07596502547841122,0.03903874103338012,0.033165858239454726,100,,-0.03748463270089597,-0.28856572221223503,0,0.0
2041,poisoned_commit_gate_snapshot,4050,22,-0.150753978927043,0.05906321477715759,0.9833173715073067,-0.06579988830833315,0.04688962566185616,-0.050983097292709695,100,,-0.02892583896191235,-0.27953717764316843,0,0.0
2041,poisoned_commit_gate_snapshot,4050,23,0.04830810377671951,-0.02468780708465683,1.2532399975716708,0.011648133825358925,-0.039674082573576935,0.0749846238939085,100,,-0.028985103786321364,-0.34123304214981115,0,0.0
2041,poisoned_commit_gate_snapshot,4050,24,-0.08977393639666359,0.048844456433339845,1.2220431662442943,0.05472066415861904,-0.02071649150571908,0.09605578868688916,100,,-0.01633812695601041,-0.389022228910494,0,0.0
2041,poisoned_commit_gate_snapshot,4050,25,-0.34138017350814026,-0.08233037486271708,0.7310401105578285,0.08193619021935217,-0.048581677487054414,0.019629193312479726,100,,-0.17511789718304552,-0.054409709572368,0,0.0
2041,poisoned_commit_gate_snapshot,4050,26,-0.08315425090667822,0.06711261163855686,0.7422223481647436,-0.039860845171341155,-0.016909133907405317,0.08060340358319673,100,,-0.019533903709684837,-0.3719907860035249,0,0.0
2041,poisoned_commit_gate_snapshot,4050,27,-0.10775045805716887,-0.10368958401113637,0.9977906486131876,0.0060910403014057535,-0.018384536914932748,0.0010580054506033887,100,,-0.04015590711620163,-0.26547406617227726,0,0.0
2041,poisoned_commit_gate_snapshot,4050,28,0.14172085229363574,0.010979453458297872,1.1859092775455067,-0.051091183515211275,-0.0076437860495398025,0.11981739182001971,100,,-0.025224474666051693,-0.3709844662169351,0,0.0
2041,poisoned_commit_gate_snapshot,4050,29,-0.19546740271954396,0.08860643581814712,1.2729806829417574,0.060263130268357,-0.01953680706973772,-0.10980213798328921,100,,-0.0334167505539433,-0.36349804536523644,0,0.0
2041,poisoned_commit_gate_snapshot,4050,30,-0.04327524411452799,0.05794586152909159,0.8161327369534457,0.006460377883048873,-0.04497983015614609,0.04091591339401107,100,,-0.025582707931683584,-0.31856617052274555,0,0.0
2041,poisoned_commit_gate_snapshot,4050,31,0.3889329543034291,0.11251609940145088,1.1374595050632317,0.03732939054451426,0.043076455284577694,0.002683303934199771,100,,-0.20659203337345333,-0.00331738267382857,0,0.0
2041,poisoned_commit_gate_snapshot,4050,32,-0.26636868310609896,0.10725809339389428,1.0986437579576214,-0.009537819299836714,0.04417191525808145,0.08487632989292998,100,,-0.04692923390610715,-0.2601880977028837,0,0.0
2041,poisoned_commit_gate_snapshot,4050,33,0.30216376601744277,-0.052376228264229524,1.1510336175197937,-0.08461180708226747,0.019506991971791413,0.07818015103593193,100,,-0.05264385599561857,-0.3054769731741494,0,0.0
2041,poisoned_commit_gate_snapshot,4050,34,0.1224280861042576,-0.09604765768559011,1.1951595880639752,0.11168217591018106,0.04427383065855399,-0.09220540331127848,100,,-0.025579335192923266,-0.34925952103429114,0,0.0
2041,poisoned_commit_gate_snapshot,4050,35,0.26646277219976133,0.10641488983654646,0.9237152414696076,-0.07829624942951313,-0.03287889125118357,0.06027047046823936,100,,-0.11127488483538527,-0.14931108585375863,0,0.0
2041,poisoned_commit_gate_snapshot,4050,36,0.1863203798030313,0.09620360318756957,1.1341238327670902,-0.004379395955523238,0.0017704228853144058,-0.10880032562426036,100,,-0.06499509845596034,-0.2301117935147793,0,0.0
2041,poisoned_commit_gate_snapshot,4050,37,-0.3513781875535069,0.0924746065635905,1.2069386122007584,0.09870282824966131,0.0035563270378875383,-0.06994159201367692,100,,-0.0606700051716026,-0.3249312363296114,0,0.0
2041,poisoned_commit_gate_snapshot,4050,38,0.16843645644767613,-0.08291627429494519,0.9105565064659479,-0.0017948630089985596,0.032927818510732065,-0.07160038794547684,100,,-0.017231576619387356,-0.3796680859696036,0,0.0
2041,poisoned_commit_gate_snapshot,4050,39,-0.028889574283565422,0.0655623296319301,1.0506574561516437,0.03978515562530846,0.04202264725079251,0.11663506271848118,100,,-0.020614973437298286,-0.3068770602530659,0,0.0
2041,poisoned_commit_gate_snapshot,4050,40,0.1392055024311991,-0.009469565923500331,1.0231251114443474,0.11767780325574151,-0.010155274464767473,-0.019415967792093147,100,,-0.013197400790383802,-0.3908068613265984,0,0.0
2041,poisoned_commit_gate_snapshot,4050,41,-0.2756913166617844,0.058309189524677646,0.9619134425022139,-0.0791263485900835,-0.03380044962965892,0.10210953333012937,100,,-0.04372588804753883,-0.3005625081195838,0,0.0
2041,poisoned_commit_gate_snapshot,4050,42,0.2605120099933711,0.10335909637820351,0.9504148169684339,0.029920378750935395,-0.018864057194987682,0.014150710379580322,100,,-0.1021850910517265,-0.16090441318162202,0,0.0
2041,poisoned_commit_gate_snapshot,4050,43,-0.27062154751222334,-0.11944287737138731,0.8887621882736347,-0.01625875398282027,-0.03764052209010826,0.07285435413993549,100,,-0.13418924873909482,-0.08796120413719091,0,0.0
2041,poisoned_commit_gate_snapshot,4050,44,-0.046104205679373844,0.06677887144573275,1.0613088294642623,-0.09547881725440929,-0.04710670155163532,0.09672101809785977,100,,-0.020307537826007093,-0.30783863791212407,0,0.0
2041,poisoned_commit_gate_snapshot,4050,45,0.15253983914215963,-0.11710448250683696,1.2537747129297059,0.08744174624157089,-0.04305861926544022,-0.07640622620116094,100,,-0.045585349157498706,-0.2809410458061954,0,0.0
2041,poisoned_commit_gate_snapshot,4050,46,-0.37886172032554655,0.05733623582398947,0.9458566506726602,-0.09257617750432524,-0.004953653359854315,0.021227337009262298,100,,-0.07529885233827398,-0.2564993292004134,0,0.0
2041,poisoned_commit_gate_snapshot,4050,47,-0.12374550365762105,0.04002515450414007,0.8490715469663311,0.02781697788024573,-0.005207147953169088,-0.11341293837390976,100,,-0.011303051049887033,-0.4254000423116645,0,0.0
2041,poisoned_commit_gate_snapshot,4051,0,-0.11847818019687112,-0.019805480317791127,0.8116157773550791,-0.11412754501609286,-0.012059918754779506,-0.05302880962365211,100,,-0.025345412612661655,-0.35762494482795587,0,0.0
2041,poisoned_commit_gate_snapshot,4051,1,-0.14815516130781897,-0.00825967722856745,0.966184784607958,-0.015984313946183687,-0.03004097968459918,-0.016506396252473368,100,,-0.02561794776890506,-0.3199368766505742,0,0.0
2041,poisoned_commit_gate_snapshot,4051,2,0.3744162767476654,-0.005705473928932628,1.0626336227886675,-7.154372416330601e-05,0.005079658774808163,-0.10504074069872618,100,,-0.0973446994145274,-0.19952254404671188,0,0.0
2041,poisoned_commit_gate_snapshot,4051,3,0.3378984110828571,0.09713982699896917,0.9028420788722819,-0.02230359153375104,-0.032218067334265035,-0.04403617400888801,100,,-0.14789154511338073,-0.10115449495079532,0,0.0
2041,poisoned_commit_gate_snapshot,4051,4,0.379908581700385,0.10057327774853825,1.2568819687347415,0.05019948931590085,0.023121844814685946,-0.07990418636468524,100,,-0.18855539167644686,-0.0522419050928432,0,0.0
2041,poisoned_commit_gate_snapshot,4051,5,0.13822877391480215,0.043755139582783514,0.8398726691110576,-0.01798876417624981,-0.03883519769733246,-0.029082393053629627,100,,-0.04215295182870471,-0.28358008835833326,0,0.0
2041,poisoned_commit_gate_snapshot,4051,6,-0.044079227726369186,0.004964524859221164,1.1814137165936787,-0.05602921557017429,0.026911498569798173,-0.10257428669772674,100,,-0.015059964110107616,-0.38414884719184267,0,0.0
2041,poisoned_commit_gate_snapshot,4051,7,0.035677892335038375,-0.017708952880468795,0.8241240306641087,0.0982465581412321,0.00702805091421245,0.036296238019523835,100,,-0.008216436975141796,-0.4134018417869232,0,0.0
2041,poisoned_commit_gate_snapshot,4051,8,0.029377407988996462,0.11640332412262228,1.2303770369618685,-0.0645978695789235,0.0040265700190836515,-0.051693183205491114,100,,-0.03404640817381058,-0.3301688384131091,0,0.0
2041,poisoned_commit_gate_snapshot,4051,9,0.22746819240941885,0.09328152849494678,0.8246516548898621,0.03232750610297305,0.04334357471682965,-0.009110092151775329,100,,-0.10525083847069845,-0.13657652013956306,0,0.0
2041,poisoned_commit_gate_snapshot,4051,10,-0.03421788614630533,-0.020009096026342738,0.953253573434525,-0.10270825287404081,0.0404941320072595,-0.1181429468846683,100,,-0.01639137651620432,-0.32276211182811193,0,0.0
2041,poisoned_commit_gate_snapshot,4051,11,0.00797670910424586,0.11005542758481024,1.1268561696197799,0.04474597650462289,-0.045678164586862774,-0.031814367836412186,100,,-0.035301793056973035,-0.27874704940218725,0,0.0
2041,poisoned_commit_gate_snapshot,4051,12,-0.1550071430248317,0.0297295936048316,1.067738752959327,-0.030029808640920946,-0.019292643654069064,0.10053001566722544,100,,-0.014894994706549156,-0.3875099467251393,0,0.0
2041,poisoned_commit_gate_snapshot,4051,13,0.036080012433666375,0.004678318680526192,1.0436412506497152,-0.1008882596964444,0.03393941897029913,-0.06648807842413572,100,,-0.011772845975087648,-0.3568295903819138,0,0.0
2041,poisoned_commit_gate_snapshot,4051,14,-0.16084112398242506,0.028373268180941852,1.068999798928797,0.014708145477814127,0.015365178311634142,-0.09614143588987936,100,,-0.016643671875374227,-0.3847717689655109,0,0.0
2041,poisoned_commit_gate_snapshot,4051,15,0.328996349169536,0.048622819587237354,1.2435834684674159,-0.05423654992253492,-0.01804455595844217,-0.062143107947406954,100,,-0.12015162706583515,-0.16926753242697934,0,0.0
2041,poisoned_commit_gate_snapshot,4051,16,-0.13856627632257318,-0.05110401035596206,0.9220287541228742,-0.051070826386967666,-0.024831474671962686,0.1167592681360069,100,,-0.034595798160901324,-0.2903430229490022,0,0.0
2041,poisoned_commit_gate_snapshot,4051,17,0.13592365374603832,-0.07559264744982036,1.207331310698962,0.0025104345741108897,7.561262173570032e-05,-0.022896941368548668,100,,-0.015437420752382478,-0.39690016960909036,0,0.0
2041,poisoned_commit_gate_snapshot,4051,18,0.09780923487699617,0.07707402060718718,1.1936506570660805,-0.08202770687683716,-0.023737448735402046,0.06970127109671231,100,,-0.03837594603808305,-0.315372157341202,0,0.0
2041,poisoned_commit_gate_snapshot,4051,19,0.06453272235425034,-0.11015521864454957,0.8200107667087344,-0.0774018023785833,0.02188254297462469,0.09842658578984462,100,,-0.016590472753046436,-0.40019510679472664,0,0.0
2041,poisoned_commit_gate_snapshot,4051,20,0.007105449776163841,0.0837073559185971,0.9009671701969693,0.04380675348246546,0.022782222192711032,-0.035920832668626015,100,,-0.01690149134436708,-0.3459806429609541,0,0.0
2041,poisoned_commit_gate_snapshot,4051,21,0.13562074243060107,-0.02515067034124109,0.8092831424800083,0.0012226181497338867,-0.008797300322652725,0.040963726708174025,100,,-0.018549284909711167,-0.4055618290028348,0,0.0
2041,poisoned_commit_gate_snapshot,4051,22,-0.06418504897757116,0.06491842285933344,0.7763575850439698,-0.07987169208840367,-0.025094498639013064,0.07055288878777913,100,,-0.017556699148319133,-0.3886579045160579,0,0.0
2041,poisoned_commit_gate_snapshot,4051,23,-0.3728159856312617,-0.036235146869945375,0.9690125211565517,0.06739039446382511,0.014947660642065402,0.014279494803357495,100,,-0.12279885600927669,-0.14784433239150954,0,0.0
2041,poisoned_commit_gate_snapshot,4051,24,-0.024796633870635465,0.07196474397855024,0.8919185295544715,0.022074964058123453,0.0014445858751423873,0.006340339963420538,100,,-0.006667203039624577,-0.4293014587543211,0,0.0
2041,poisoned_commit_gate_snapshot,4051,25,0.29516820623125106,0.018799868613479348,1.0941430031130115,-0.11767325240641419,-0.02814735656520675,-0.11410323111355498,100,,-0.0800413613509712,-0.2208077578296463,0,0.0
2041,poisoned_commit_gate_snapshot,4051,26,0.12383282119442973,0.002100180109321781,0.83903604385883,-0.013287099679580791,-0.044539805730493154,0.04201457648466342,100,,-0.03462878534850094,-0.2803167002011033,0,0.0
2041,poisoned_commit_gate_snapshot,4051,27,0.0756460307139803,0.052175276305454016,0.8314678601812926,0.10197570760456626,-0.005432927292578257,-0.10379113701189252,100,,-0.01975651202317554,-0.37518506988085154,0,0.0
2041,poisoned_commit_gate_snapshot,4051,28,-0.1763627668764615,-0.10505737383908832,0.9376590415515285,0.06202959753477541,0.027942738444271045,-0.04106351007006291,100,,-0.0680503490892948,-0.2209268775351221,0,0.0
2041,poisoned_commit_gate_snapshot,4051,29,-0.10906243149919242,-0.049261694005096654,0.935945586868782,-0.09164271384977991,-0.01367473316361454,-0.04098385845193557,100,,-0.022368158202894665,-0.3341174233866107,0,0.0
2041,poisoned_commit_gate_snapshot,4051,30,-0.3206054093890843,-0.117105497539472,0.737807779966796,-0.00015236716500974246,-0.010974816790140132,-0.10147827517237801,100,,-0.16281533367497922,-0.08126738573205984,0,0.0
2041,poisoned_commit_gate_snapshot,4051,31,-0.016449480167707364,-0.051712785588361565,0.7323930493657305,-0.03470894292347408,0.026130965731018294,0.03437104050349771,100,,-0.026359356316220644,-0.36712716971820264,0,0.0
2041,poisoned_commit_gate_snapshot,4051,32,0.21425078475103831,-0.04528164592669938,1.152960390176294,-0.032561225045180026,0.01933326232814872,-0.07238682912897099,100,,-0.028465395426675127,-0.36568287848749165,0,0.0
2041,poisoned_commit_gate_snapshot,4051,33,-0.012226894413512768,-0.0841963501028542,1.2559062326094528,-0.09339797210267753,0.019599228139694405,-0.0765500879739398,100,,-0.027513266310442614,-0.37357187335135,0,0.0
2041,poisoned_commit_gate_snapshot,4051,34,-0.32592212411883853,0.08131915819026445,1.1367301847452618,-0.01769501779299458,-0.003722488675323342,0.09894134467746771,100,,-0.04915236213244776,-0.330512571692608,0,0.0
2041,poisoned_commit_gate_snapshot,4051,35,-0.3660949863685371,-0.055141844064910156,0.8325412096223623,0.09734816616651609,0.0005155941803778666,-0.0002486510691090821,100,,-0.1345785091912651,-0.1317702384772481,0,0.0
2041,poisoned_commit_gate_snapshot,4051,36,0.33680432806223604,-0.04576391212969384,0.7914097204848958,0.024304211278095206,-0.043333343411117324,-0.021882778772818107,100,,-0.0885864582572584,-0.2254497366887153,0,0.0
2041,poisoned_commit_gate_snapshot,4051,37,-0.3995972721525883,-0.05191033351567574,1.1485863995620333,-0.0036245793926023007,0.04968813610226884,0.08788046134151817,100,,-0.17464772521092722,-0.08054922387207224,0,0.0
2041,poisoned_commit_gate_snapshot,4051,38,-0.0599744359521619,0.1016194437736623,0.9003783289150327,-0.01946906818937899,0.004941835696193407,-0.08284123626904222,100,,-0.008434213914965011,-0.41451826597571495,0,0.0
2041,poisoned_commit_gate_snapshot,4051,39,0.000360708135385468,0.012447143607673905,0.824697678459943,-0.033379384508245694,0.0041639688996119376,-0.007539731976376196,100,,-0.007961632334210997,-0.4130208092626784,0,0.0
2041,poisoned_commit_gate_snapshot,4051,40,0.21162435323462114,-0.037305648077280026,1.2028028299828808,-0.10224509995396848,-0.035023966085575356,-0.09681728111450953,100,,-0.045518394133127256,-0.29059583022891566,0,0.0
2041,poisoned_commit_gate_snapshot,4051,41,-0.31987098404501046,0.06886672100456029,0.9381402859083939,0.016819607081080684,0.03112112185095839,-0.04518882365322438,100,,-0.05793765243393111,-0.2821093126165102,0,0.0
2041,poisoned_commit_gate_snapshot,4051,42,0.2635594818647762,-0.033520843846457676,0.8571878984917656,0.035304912513223374,0.025020163144419988,-0.09639268284360812,100,,-0.04761027111211539,-0.2995474907267808,0,0.0
2041,poisoned_commit_gate_snapshot,4051,43,0.2164606110315591,0.016386633964280944,0.7500667182429831,-0.0301584032225074,0.039187595913068515,-0.01587689336339375,100,,-0.07262123808271785,-0.22703119894627577,0,0.0
2041,poisoned_commit_gate_snapshot,4051,44,-0.34996128147004807,0.11525292158561315,1.2233198073930045,0.015204867195394822,0.026702081284088464,0.07908509453003537,100,,-0.06666762832949537,-0.3025128661285338,0,0.0
2041,poisoned_commit_gate_snapshot,4051,45,0.37051044955340273,0.09523767395454466,1.0293194741235592,-0.014896343722022157,0.019456513753180707,-0.0260938868352545,100,,-0.16235696843060915,-0.07016501314037062,0,0.0
2041,poisoned_commit_gate_snapshot,4051,46,-0.10322456154148263,-0.06218820577729408,0.7632069038006992,0.07378775528999143,0.0418201233826635,-0.04506468348079627,100,,-0.04763244838092203,-0.28075922895129657,0,0.0
2041,poisoned_commit_gate_snapshot,4051,47,-0.09714372994420417,0.04000872796029492,1.0356204802080944,0.006466689164216971,0.01594938627934535,-0.008508807658668502,100,,-0.0060594440550935606,-0.41454002591571787,0,0.0
2041,poisoned_commit_gate_snapshot,4052,0,-0.39548651019439096,0.04949351704700272,1.0743237226971543,-0.09972952341029029,0.04812441705732229,-0.013973471915785074,100,,-0.11085046511313834,-0.17777640535483397,0,0.0
2041,poisoned_commit_gate_snapshot,4052,1,-0.09140924460341138,0.07913964307912177,1.2724455769324192,0.016094057258500355,0.008951239007005382,-0.03812664936078977,100,,-0.02194928652086709,-0.36420721701731207,0,0.0
2041,poisoned_commit_gate_snapshot,4052,2,-0.023295072295052843,-0.05409143153363176,1.047644449987831,-0.041442066513315556,-0.03761305071941826,-0.03131812344078594,100,,-0.0196583127490334,-0.31634478241927083,0,0.0
2041,poisoned_commit_gate_snapshot,4052,3,0.18012976915049583,0.08696439720657664,0.8889497098773069,-0.05378914100094018,0.02515117728824108,0.007582423330425331,100,,-0.06515860155262285,-0.21482950832750813,0,0.0
2041,poisoned_commit_gate_snapshot,4052,4,0.2404017651447531,-0.05510550759086218,1.026735306676897,-0.0022227939052861384,-0.008957869246535466,-0.11272723504444938,100,,-0.027031973221685976,-0.36052733106094764,0,0.0
2041,poisoned_commit_gate_snapshot,4052,5,-0.2209474261420221,0.047659505856163825,1.1836043113442092,0.005609771201607633,0.046433725819994595,0.033467843418442306,100,,-0.05254816083437295,-0.25056698992446097,0,0.0
2041,poisoned_commit_gate_snapshot,4052,6,0.11617462469435647,0.025203022568369732,1.208807880423295,0.04500455667853939,-0.04416877750353239,0.01196392787170869,100,,-0.04112630057437364,-0.2853324376194552,0,0.0
2041,poisoned_commit_gate_snapshot,4052,7,-0.2679297065268721,0.004862840332878274,0.9743206216204019,0.009920437210942046,-0.006590050572197567,0.0051325628661028355,100,,-0.04946780284572048,-0.2838923229706623,0,0.0
2041,poisoned_commit_gate_snapshot,4052,8,0.16142041099953952,-0.014955788063276368,1.0674851963845078,0.042880160215165025,0.003577264502182001,-0.07181325941420519,100,,-0.016341954998771124,-0.3854669799913994,0,0.0
2041,poisoned_commit_gate_snapshot,4052,9,0.3165457267868278,-0.10876300425294619,0.9300877459101894,0.04752220296188561,0.006104905136390795,0.055130536789394086,100,,-0.03608901273704829,-0.3698671958943645,0,0.0
2041,poisoned_commit_gate_snapshot,4052,10,0.024408767565754885,0.09360832617096007,1.1057381041646357,-0.05951585618032295,0.010141632831009252,-0.1068701975400486,100,,-0.017453855701955387,-0.3548615918271367,0,0.0
2041,poisoned_commit_gate_snapshot,4052,11,-0.2663290008601614,-0.08776816819996604,1.1205750219306723,0.08564232633681823,-0.03137938115101131,-0.0220461925850889,100,,-0.10501902387481943,-0.14398640218805775,0,0.0
2041,poisoned_commit_gate_snapshot,4052,12,-0.3421341797470331,-0.052104820863618076,1.1513491700560456,-0.10826367525527988,-0.043042254395907434,0.07409660057485984,100,,-0.13227813388632204,-0.11525718732828337,0,0.0
2041,poisoned_commit_gate_snapshot,4052,13,-0.042948258314962295,0.027428110871039496,1.1504374806792976,0.04933301979383811,-0.029784531942267146,0.08724375674240578,100,,-0.012331566800360776,-0.39093090592908475,0,0.0
2041,poisoned_commit_gate_snapshot,4052,14,0.07363194003860596,0.050484394667595744,0.9239679548305786,0.0015459465811237805,-0.045652248912326235,0.034922645069753344,100,,-0.03036539117992635,-0.27598501419329197,0,0.0
2041,poisoned_commit_gate_snapshot,4052,15,-0.28974883617200153,0.006899880458526381,1.0076224708428918,-0.09162972046754222,0.03644349072584056,0.1180882959603318,100,,-0.06928266316179717,-0.23962349752517773,0,0.0
2041,poisoned_commit_gate_snapshot,4052,16,-0.353187283808469,-0.07774682356680127,1.1327389387985964,0.05861720669183884,-0.04095800565368982,0.06842933105344437,100,,-0.15223561613126324,-0.07890940945295029,0,0.0
2041,poisoned_commit_gate_snapshot,4052,17,-0.10700358750239508,0.050255928453524945,0.967552350384449,0.11016470851810978,0.02263855172521853,0.06530889268028653,100,,-0.009139890566246723,-0.3861301825570228,0,0.0
2041,poisoned_commit_gate_snapshot,4052,18,-0.22539116050378755,-0.09569372531753528,0.8175453877132997,0.046161973777319704,-0.0009161895756247471,-0.001770348751538267,100,,-0.08557571285550715,-0.19720296822476824,0,0.0
2041,poisoned_commit_gate_snapshot,4052,19,-0.030419369360399517,0.07845824811109298,0.93029220807677,0.11264181955114244,-0.039695168936026065,-0.08475216515747584,100,,-0.017798587904617903,-0.3243335568579027,0,0.0
2041,poisoned_commit_gate_snapshot,4052,20,-0.023947076799327227,0.004818727249735644,1.2205215185080034,-0.000613059166238647,0.012233376011533369,-0.04298913421551892,100,,-0.01343184325510062,-0.39033633218860786,0,0.0
2041,poisoned_commit_gate_snapshot,4052,21,0.20841373824237164,-0.03004464438773949,0.9997218631300666,0.08973426842431795,-0.024093837254898588,0.03486266442635555,100,,-0.02946652650919685,-0.33587714594315654,0,0.0
2041,poisoned_commit_gate_snapshot,4052,22,0.10525292598403058,-0.11118837721109431,0.9289746979182669,-0.05563830297211027,-0.039081694059186926,-0.08646920827872828,100,,-0.023665168160258657,-0.30576595314380006,0,0.0
2041,poisoned_commit_gate_snapshot,4052,23,-0.21348049803258268,0.0808769968742756,1.1166666386918154,-0.03363559908384618,-0.026855959939523468,-0.061835850924736674,100,,-0.022640073412980764,-0.3844322787730493,0,0.0
2041,poisoned_commit_gate_snapshot,4052,24,-0.09193668461095406,-0.04185590570890978,0.9322133680758046,0.07637107258629622,-0.02405272460205108,-0.0399811443433231,100,,-0.019962335960945474,-0.33603244956201095,0,0.0
2041,poisoned_commit_gate_snapshot,4052,25,0.007152965951832013,-0.04415249892063133,0.9875213254049149,-0.11329868012228622,0.02063073535652643,0.08538432939592519,100,,-0.005031483315207931,-0.4043428246645711,0,0.0
2041,poisoned_commit_gate_snapshot,4052,26,-0.07874018908667085,0.1170479217156685,1.2142332423244566,0.11799517698387621,0.027439445818761773,0.06107877598744829,100,,-0.02879251625968057,-0.33114726273771433,0,0.0
2041,poisoned_commit_gate_snapshot,4052,27,-0.04075513872194525,-0.046146618100356085,1.1775999039959992,0.029619871007076748,0.04999554925068417,0.09227202113475669,100,,-0.03742654889672284,-0.26183489117719455,0,0.0
2041,poisoned_commit_gate_snapshot,4052,28,-0.3820595299315878,0.055115735280960365,1.15201053654998,-0.04908453518696773,-0.012187937792399572,-0.09471520566684727,100,,-0.08259205643786506,-0.2517416199589171,0,0.0
2041,poisoned_commit_gate_snapshot,4052,29,-0.3017813668625867,-0.061010661718487375,1.1165768795148687,-0.0023217732833455407,-0.03288288437185631,-0.07061458249686692,100,,-0.10660615359426404,-0.1522667778610446,0,0.0
2041,poisoned_commit_gate_snapshot,4052,30,-0.13839566791244967,0.0658282524934777,0.8600961401289485,-0.02940790798409655,0.0425204968578355,0.08604973917914069,100,,-0.028747532605685123,-0.2999281404696739,0,0.0
2041,poisoned_commit_gate_snapshot,4052,31,-0.0958541172685144,-0.09950295566079914,1.2238228706507979,0.05092622842645067,0.015706065522369597,0.10369850241380796,100,,-0.046081014754470816,-0.297852210315691,0,0.0
2041,poisoned_commit_gate_snapshot,4052,32,-0.2846645369293306,0.00029439674285289263,0.8218221596812157,-0.10976005134949464,0.03059464234932037,0.058940949874452586,100,,-0.06983710122144751,-0.2556005068549199,0,0.0
2041,poisoned_commit_gate_snapshot,4052,33,-0.020397679293523374,0.06324132563931395,1.2421554855273267,0.008114614729774067,-0.04339543546807598,0.034536590139994744,100,,-0.031127498388344763,-0.32157447638608705,0,0.0
2041,poisoned_commit_gate_snapshot,4052,34,0.08813706286619516,-0.08071780301562843,1.2781584361986067,0.07658938181325212,0.047781354395999315,0.09659248025668024,100,,-0.044230352583251385,-0.29042257507321634,0,0.0
2041,poisoned_commit_gate_snapshot,4052,35,-0.2641961119195682,-0.06879584673823705,0.9028579642828743,-0.0394703579754324,0.027479029151265752,-0.008493432593863398,100,,-0.08811482867531542,-0.19503314361962515,0,0.0
2041,poisoned_commit_gate_snapshot,4052,36,-0.19860025057251632,-0.09625262834779921,1.2280811867872765,0.091208615083707,0.01656332974329451,-0.01233426308684192,100,,-0.0798906582750747,-0.22055849542934935,0,0.0
2041,poisoned_commit_gate_snapshot,4052,37,-0.39052320276218766,-0.08915641288488335,0.9957893390072032,0.002324360280885035,-0.01854643092928842,0.06255302097766452,100,,-0.17072468472806993,-0.06200339966450509,0,0.0
2041,poisoned_commit_gate_snapshot,4052,38,-0.2245798490429338,0.02557321714029881,1.0222067680360314,0.09494676998351964,0.021810251634644423,-0.056789100070336856,100,,-0.03379227676864293,-0.3252390202890351,0,0.0
2041,poisoned_commit_gate_snapshot,4052,39,-0.3680038339973575,-0.004783267734132138,1.2311053963320344,-0.1145785640421606,0.022797449249191373,0.10931080799145909,100,,-0.1188709878281962,-0.18165674916989547,0,0.0
2041,poisoned_commit_gate_snapshot,4052,40,0.03503683715090433,0.08046321554184033,0.8189710907289783,0.07408487884593878,-0.032981821180747856,-0.1039026635349396,100,,-0.02802917576547302,-0.3298051606584891,0,0.0
2041,poisoned_commit_gate_snapshot,4052,41,0.3018811374199205,0.05320127045569292,1.0438194687803009,0.021856850127060956,-0.005960359204740737,-0.0998515558987462,100,,-0.09215098716672773,-0.18840479532933682,0,0.0
2041,poisoned_commit_gate_snapshot,4052,42,-0.20243777738551547,-0.11988060904399485,0.9488729563719372,0.10029817280142958,-0.028591706257090302,-0.0015611473234102696,100,,-0.08842829134388178,-0.16006610583494332,0,0.0
2041,poisoned_commit_gate_snapshot,4052,43,-0.38446351709869103,0.07842718605429505,1.2778879154230987,0.01471760131701208,-0.025281584478390573,0.005605650038037507,100,,-0.09071416497116072,-0.26460998210961567,0,0.0
2041,poisoned_commit_gate_snapshot,4052,44,-0.008052514467044414,0.05805470423828499,1.2047350239335763,0.015934812783771485,0.031596988328945835,-0.09519945001138605,100,,-0.02198178017461395,-0.3550328026649119,0,0.0
2041,poisoned_commit_gate_snapshot,4052,45,0.07454186398779505,-0.10162693862490237,0.8214828765688693,0.038626214946871185,0.0425177846114094,0.03147244983016756,100,,-0.025264082969452775,-0.32468888258411904,0,0.0
2041,poisoned_commit_gate_snapshot,4052,46,-0.16056728442477494,0.08934926248227334,1.1114076335514675,0.08527306527190873,0.037244276112034055,-0.0141263862560706,100,,-0.024358205644649137,-0.32269823598676756,0,0.0
2041,poisoned_commit_gate_snapshot,4052,47,-0.3429532185798744,-0.03810605695519413,0.9410390720666266,-0.04489978780274305,-0.02341819299705966,-0.044244956603393004,100,,-0.11069110186896677,-0.15348804899904672,0,0.0
2041,poisoned_always_freeze_snapshot,4050,0,0.2615589741248676,0.06614578502988178,0.9553732815565629,0.011960798116760707,-0.035819725620227796,0.04172164700153658,100,,-0.025303271490194484,-0.38612655357012,0,0.0
2041,poisoned_always_freeze_snapshot,4050,1,-0.028904694661051056,0.07799428219278187,0.8413358840861701,-0.004022064479660303,-0.006880276398050701,0.08909522597339611,100,,-0.006704445296342886,-0.42140834066441357,0,0.0
2041,poisoned_always_freeze_snapshot,4050,2,0.005189931368572043,0.02517824828600415,0.9510897998441054,-0.03432840617382164,0.0473357024511587,-0.10404472896530745,100,,-0.004981705073788672,-0.3508444907260015,0,0.0
2041,poisoned_always_freeze_snapshot,4050,3,0.06852947719503816,0.09322056965174513,1.1374171548702798,0.06434451145104653,0.04452689142514604,-0.06995466655891441,100,,-0.016939783072418568,-0.27929604437091926,0,0.0
2041,poisoned_always_freeze_snapshot,4050,4,0.24089649183178297,-0.023510694090475848,0.9829642423155549,0.09881683882622214,0.0017632695903056356,0.09395178748860161,100,,-0.019275459366723178,-0.39293655006987355,0,0.0
2041,poisoned_always_freeze_snapshot,4050,5,0.30669703862564157,-0.07991379055742098,0.7931224898320796,0.10658293168903277,0.020909158823715357,0.07305142015525859,100,,-0.04070016418799555,-0.34864398402429664,0,0.0
2041,poisoned_always_freeze_snapshot,4050,6,-0.057502256306747324,-0.01827573148128331,1.0843246400382696,0.09764711071912385,-0.00464278248727721,-0.027508596409072453,100,,-0.003631899368293526,-0.44322282048188744,0,0.0
2041,poisoned_always_freeze_snapshot,4050,7,0.12834878090322566,0.04966347915430419,1.071312656348143,0.05755802568880794,0.013745077311797221,-0.004284768322083063,100,,-0.011131096390066583,-0.3643168385999741,0,0.0
2041,poisoned_always_freeze_snapshot,4050,8,-0.11061526101186647,0.048526566909465024,0.9444024250862276,0.04921425584036235,-0.04210684426519774,-0.10544044230539047,100,,-0.00744882992939459,-0.3571348376057243,0,0.0
2041,poisoned_always_freeze_snapshot,4050,9,-0.06926433378509744,-0.11171721935559556,1.0754393346401212,-0.09035703881863494,8.905926556275479e-05,0.04799841807991309,100,,-0.007277011638155695,-0.3908038844497928,0,0.0
2041,poisoned_always_freeze_snapshot,4050,10,-0.35311263017329675,-0.07423977972522375,1.1038726345378596,-0.07209547205007302,-0.01219080902398658,0.06897605083133748,100,,-0.05729544290409054,-0.24957632078196063,0,0.0
2041,poisoned_always_freeze_snapshot,4050,11,-0.3033897306884334,-0.10906919304444083,0.8653382874934501,0.08237256616057279,0.008694206417143413,-0.0982399666980022,100,,-0.04616289452638618,-0.2988034433447213,0,0.0
2041,poisoned_always_freeze_snapshot,4050,12,0.014547569699097818,-0.08860634333797623,0.7727645094444018,-0.11470630199166064,-0.03479391018377395,0.005906591947779372,100,,-0.018906931807408402,-0.3341733513330679,0,0.0
2041,poisoned_always_freeze_snapshot,4050,13,0.045147276230182165,0.00978566926802657,1.1615651035832717,-0.02559733916077124,0.013195745868626027,0.03506600413376004,100,,-0.008003534049356185,-0.4200643901550526,0,0.0
2041,poisoned_always_freeze_snapshot,4050,14,0.39579337273321036,-0.08167541366045747,1.0763993848643976,-0.012025515805253989,-0.03920465942242024,-0.05111866181503233,100,,-0.04568587022618467,-0.3982348003879699,0,0.0
2041,poisoned_always_freeze_snapshot,4050,15,-0.338684173178069,-0.11068664184866994,1.0460643513700458,-0.08333472519022783,0.04183056977972914,0.04837573919385754,100,,-0.04477612468362837,-0.34526098916477105,0,0.0
2041,poisoned_always_freeze_snapshot,4050,16,0.3585461787064762,-0.02430447757765053,0.8286303815732335,-0.04590630571485073,0.03329774319759361,-0.05722070359744898,100,,-0.05776681133867959,-0.2564105880716503,0,0.0
2041,poisoned_always_freeze_snapshot,4050,17,0.25857365444991487,-0.01407984665450647,0.7833001450987781,-0.0012810637369086858,-0.045891193644636036,0.01663340901236382,100,,-0.031326734524082654,-0.38657008552099376,0,0.0
2041,poisoned_always_freeze_snapshot,4050,18,0.2543420793889638,-0.11446483156136128,1.0401724009972177,-0.07754627079030255,0.043198539144377684,0.07387565931806697,100,,-0.02211214385547549,-0.33459329351172207,0,0.0
2041,poisoned_always_freeze_snapshot,4050,19,-0.12300756656028755,0.04493358816864995,1.0289336333369223,0.049256001512499786,0.025854833286509768,0.053786602208854506,100,,-0.004624691491036632,-0.4367094540249203,0,0.0
2041,poisoned_always_freeze_snapshot,4050,20,0.25243584559916377,0.06652156833696579,0.9829498217122143,-0.06832289895825568,-0.02411428876087023,0.08794957402801526,100,,-0.024321522874649646,-0.3954589400224434,0,0.0
2041,poisoned_always_freeze_snapshot,4050,21,-0.26153143146667324,0.11558707004704652,0.9902502078224229,-0.07596502547841122,0.03903874103338012,0.033165858239454726,100,,-0.018622050911363628,-0.40534301132436407,0,0.0
2041,poisoned_always_freeze_snapshot,4050,22,-0.150753978927043,0.05906321477715759,0.9833173715073067,-0.06579988830833315,0.04688962566185616,-0.050983097292709695,100,,-0.007919833564781374,-0.38929280439060715,0,0.0
2041,poisoned_always_freeze_snapshot,4050,23,0.04830810377671951,-0.02468780708465683,1.2532399975716708,0.011648133825358925,-0.039674082573576935,0.0749846238939085,100,,-0.018331247781128927,-0.3738547868913824,0,0.0
2041,poisoned_always_freeze_snapshot,4050,24,-0.08977393639666359,0.048844456433339845,1.2220431662442943,0.05472066415861904,-0.02071649150571908,0.09605578868688916,100,,-0.014970482921187194,-0.389022228910494,0,0.0
2041,poisoned_always_freeze_snapshot,4050,25,-0.34138017350814026,-0.08233037486271708,0.7310401105578285,0.08193619021935217,-0.048581677487054414,0.019629193312479726,100,,-0.08358484958059428,-0.14351035727502615,0,0.0
2041,poisoned_always_freeze_snapshot,4050,26,-0.08315425090667822,0.06711261163855686,0.7422223481647436,-0.039860845171341155,-0.016909133907405317,0.08060340358319673,100,,-0.018348246947979784,-0.3719907860035249,0,0.0
2041,poisoned_always_freeze_snapshot,4050,27,-0.10775045805716887,-0.10368958401113637,0.9977906486131876,0.0060910403014057535,-0.018384536914932748,0.0010580054506033887,100,,-0.011933452774878195,-0.3234234719878611,0,0.0
2041,poisoned_always_freeze_snapshot,4050,28,0.14172085229363574,0.010979453458297872,1.1859092775455067,-0.051091183515211275,-0.0076437860495398025,0.11981739182001971,100,,-0.015777049173399265,-0.40814721314545466,0,0.0
2041,poisoned_always_freeze_snapshot,4050,29,-0.19546740271954396,0.08860643581814712,1.2729806829417574,0.060263130268357,-0.01953680706973772,-0.10980213798328921,100,,-0.0305442747938796,-0.36349804536523644,0,0.0
2041,poisoned_always_freeze_snapshot,4050,30,-0.04327524411452799,0.05794586152909159,0.8161327369534457,0.006460377883048873,-0.04497983015614609,0.04091591339401107,100,,-0.010878515174675963,-0.3940248169451105,0,0.0
2041,poisoned_always_freeze_snapshot,4050,31,0.3889329543034291,0.11251609940145088,1.1374595050632317,0.03732939054451426,0.043076455284577694,0.002683303934199771,100,,-0.08827008164978264,-0.11029465889869394,0,0.0
2041,poisoned_always_freeze_snapshot,4050,32,-0.26636868310609896,0.10725809339389428,1.0986437579576214,-0.009537819299836714,0.04417191525808145,0.08487632989292998,100,,-0.022031315847949876,-0.3917595959333507,0,0.0
2041,poisoned_always_freeze_snapshot,4050,33,0.30216376601744277,-0.052376228264229524,1.1510336175197937,-0.08461180708226747,0.019506991971791413,0.07818015103593193,100,,-0.03650195016954458,-0.3349563839946293,0,0.0
2041,poisoned_always_freeze_snapshot,4050,34,0.1224280861042576,-0.09604765768559011,1.1951595880639752,0.11168217591018106,0.04427383065855399,-0.09220540331127848,100,,-0.01530958202551582,-0.393925693519179,0,0.0
2041,poisoned_always_freeze_snapshot,4050,35,0.26646277219976133,0.10641488983654646,0.9237152414696076,-0.07829624942951313,-0.03287889125118357,0.06027047046823936,100,,-0.03031164695189798,-0.37203046175482046,0,0.0
2041,poisoned_always_freeze_snapshot,4050,36,0.1863203798030313,0.09620360318756957,1.1341238327670902,-0.004379395955523238,0.0017704228853144058,-0.10880032562426036,100,,-0.02340485853103916,-0.34966295686103654,0,0.0
2041,poisoned_always_freeze_snapshot,4050,37,-0.3513781875535069,0.0924746065635905,1.2069386122007584,0.09870282824966131,0.0035563270378875383,-0.06994159201367692,100,,-0.04717962212293011,-0.39613459715235977,0,0.0
2041,poisoned_always_freeze_snapshot,4050,38,0.16843645644767613,-0.08291627429494519,0.9105565064659479,-0.0017948630089985596,0.032927818510732065,-0.07160038794547684,100,,-0.01162245304059368,-0.3896012503460195,0,0.0
2041,poisoned_always_freeze_snapshot,4050,39,-0.028889574283565422,0.0655623296319301,1.0506574561516437,0.03978515562530846,0.04202264725079251,0.11663506271848118,100,,-0.005159321931838252,-0.341734706015404,0,0.0
2041,poisoned_always_freeze_snapshot,4050,40,0.1392055024311991,-0.009469565923500331,1.0231251114443474,0.11767780325574151,-0.010155274464767473,-0.019415967792093147,100,,-0.006164287806636423,-0.4625337688709121,0,0.0
2041,poisoned_always_freeze_snapshot,4050,41,-0.2756913166617844,0.058309189524677646,0.9619134425022139,-0.0791263485900835,-0.03380044962965892,0.10210953333012937,100,,-0.02821175617078126,-0.3206127161618555,0,0.0
2041,poisoned_always_freeze_snapshot,4050,42,0.2605120099933711,0.10335909637820351,0.9504148169684339,0.029920378750935395,-0.018864057194987682,0.014150710379580322,100,,-0.030241347266866864,-0.35639953424657334,0,0.0
2041,poisoned_always_freeze_snapshot,4050,43,-0.27062154751222334,-0.11944287737138731,0.8887621882736347,-0.01625875398282027,-0.03764052209010826,0.07285435413993549,100,,-0.051115001220148976,-0.1844558978192693,0,0.0
2041,poisoned_always_freeze_snapshot,4050,44,-0.046104205679373844,0.06677887144573275,1.0613088294642623,-0.09547881725440929,-0.04710670155163532,0.09672101809785977,100,,-0.003404317906718393,-0.38993658071207987,0,0.0
2041,poisoned_always_freeze_snapshot,4050,45,0.15253983914215963,-0.11710448250683696,1.2537747129297059,0.08744174624157089,-0.04305861926544022,-0.07640622620116094,100,,-0.02591468776913829,-0.34653307808546974,0,0.0
2041,poisoned_always_freeze_snapshot,4050,46,-0.37886172032554655,0.05733623582398947,0.9458566506726602,-0.09257617750432524,-0.004953653359854315,0.021227337009262298,100,,-0.046606182080015,-0.34878494860868137,0,0.0
2041,poisoned_always_freeze_snapshot,4050,47,-0.12374550365762105,0.04002515450414007,0.8490715469663311,0.02781697788024573,-0.005207147953169088,-0.11341293837390976,100,,-0.010150563361570846,-0.42539998334861634,0,0.0
2041,poisoned_always_freeze_snapshot,4051,0,-0.11847818019687112,-0.019805480317791127,0.8116157773550791,-0.11412754501609286,-0.012059918754779506,-0.05302880962365211,100,,-0.016209850480253352,-0.3858414937165334,0,0.0
2041,poisoned_always_freeze_snapshot,4051,1,-0.14815516130781897,-0.00825967722856745,0.966184784607958,-0.015984313946183687,-0.03004097968459918,-0.016506396252473368,100,,-0.012167120443014127,-0.3380409537706443,0,0.0
2041,poisoned_always_freeze_snapshot,4051,2,0.3744162767476654,-0.005705473928932628,1.0626336227886675,-7.154372416330601e-05,0.005079658774808163,-0.10504074069872618,100,,-0.0503507048168645,-0.3183138316542779,0,0.0
2041,poisoned_always_freeze_snapshot,4051,3,0.3378984110828571,0.09713982699896917,0.9028420788722819,-0.02230359153375104,-0.032218067334265035,-0.04403617400888801,100,,-0.04631806651032495,-0.35634825370492934,0,0.0
2041,poisoned_always_freeze_snapshot,4051,4,0.379908581700385,0.10057327774853825,1.2568819687347415,0.05019948931590085,0.023121844814685946,-0.07990418636468524,100,,-0.08776345228169656,-0.19236447965990056,0,0.0
2041,poisoned_always_freeze_snapshot,4051,5,0.13822877391480215,0.043755139582783514,0.8398726691110576,-0.01798876417624981,-0.03883519769733246,-0.029082393053629627,100,,-0.01303957634820328,-0.4030297724707842,0,0.0
2041,poisoned_always_freeze_snapshot,4051,6,-0.044079227726369186,0.004964524859221164,1.1814137165936787,-0.05602921557017429,0.026911498569798173,-0.10257428669772674,100,,-0.009109021054678087,-0.41044451533727533,0,0.0
2041,poisoned_always_freeze_snapshot,4051,7,0.035677892335038375,-0.017708952880468795,0.8241240306641087,0.0982465581412321,0.00702805091421245,0.036296238019523835,100,,-0.007948268507390175,-0.41340172409096626,0,0.0
2041,poisoned_always_freeze_snapshot,4051,8,0.029377407988996462,0.11640332412262228,1.2303770369618685,-0.0645978695789235,0.0040265700190836515,-0.051693183205491114,100,,-0.017027323910275397,-0.38604839260257773,0,0.0
2041,poisoned_always_freeze_snapshot,4051,9,0.22746819240941885,0.09328152849494678,0.8246516548898621,0.03232750610297305,0.04334357471682965,-0.009110092151775329,100,,-0.04447353896267897,-0.20385695802662457,0,0.0
2041,poisoned_always_freeze_snapshot,4051,10,-0.03421788614630533,-0.020009096026342738,0.953253573434525,-0.10270825287404081,0.0404941320072595,-0.1181429468846683,100,,-0.0022501268533055585,-0.40568256923959506,0,0.0
2041,poisoned_always_freeze_snapshot,4051,11,0.00797670910424586,0.11005542758481024,1.1268561696197799,0.04474597650462289,-0.045678164586862774,-0.031814367836412186,100,,-0.005504227383789838,-0.3842138701410225,0,0.0
2041,poisoned_always_freeze_snapshot,4051,12,-0.1550071430248317,0.0297295936048316,1.067738752959327,-0.030029808640920946,-0.019292643654069064,0.10053001566722544,100,,-0.009919238904014053,-0.3984269629349048,0,0.0
2041,poisoned_always_freeze_snapshot,4051,13,0.036080012433666375,0.004678318680526192,1.0436412506497152,-0.1008882596964444,0.03393941897029913,-0.06648807842413572,100,,-0.0033288846647499815,-0.3868329350790792,0,0.0
2041,poisoned_always_freeze_snapshot,4051,14,-0.16084112398242506,0.028373268180941852,1.068999798928797,0.014708145477814127,0.015365178311634142,-0.09614143588987936,100,,-0.008616769207900726,-0.4598955849441783,0,0.0
2041,poisoned_always_freeze_snapshot,4051,15,0.328996349169536,0.048622819587237354,1.2435834684674159,-0.05423654992253492,-0.01804455595844217,-0.062143107947406954,100,,-0.05443743506425667,-0.3687562069680025,0,0.0
2041,poisoned_always_freeze_snapshot,4051,16,-0.13856627632257318,-0.05110401035596206,0.9220287541228742,-0.051070826386967666,-0.024831474671962686,0.1167592681360069,100,,-0.014253080582968891,-0.3339804834418019,0,0.0
2041,poisoned_always_freeze_snapshot,4051,17,0.13592365374603832,-0.07559264744982036,1.207331310698962,0.0025104345741108897,7.561262173570032e-05,-0.022896941368548668,100,,-0.015277025868516923,-0.39690016960909036,0,0.0
2041,poisoned_always_freeze_snapshot,4051,18,0.09780923487699617,0.07707402060718718,1.1936506570660805,-0.08202770687683716,-0.023737448735402046,0.06970127109671231,100,,-0.013922987087104748,-0.40451782549951454,0,0.0
2041,poisoned_always_freeze_snapshot,4051,19,0.06453272235425034,-0.11015521864454957,0.8200107667087344,-0.0774018023785833,0.02188254297462469,0.09842658578984462,100,,-0.00925099529465841,-0.41047671081931436,0,0.0
2041,poisoned_always_freeze_snapshot,4051,20,0.007105449776163841,0.0837073559185971,0.9009671701969693,0.04380675348246546,0.022782222192711032,-0.035920832668626015,100,,-0.006077205453421335,-0.37449878948258336,0,0.0
2041,poisoned_always_freeze_snapshot,4051,21,0.13562074243060107,-0.02515067034124109,0.8092831424800083,0.0012226181497338867,-0.008797300322652725,0.040963726708174025,100,,-0.014229293719489928,-0.4055621245045044,0,0.0
2041,poisoned_always_freeze_snapshot,4051,22,-0.06418504897757116,0.06491842285933344,0.7763575850439698,-0.07987169208840367,-0.025094498639013064,0.07055288878777913,100,,-0.013975557429969698,-0.3886579045160579,0,0.0
2041,poisoned_always_freeze_snapshot,4051,23,-0.3728159856312617,-0.036235146869945375,0.9690125211565517,0.06739039446382511,0.014947660642065402,0.014279494803357495,100,,-0.05012672081742933,-0.34136096909846814,0,0.0
2041,poisoned_always_freeze_snapshot,4051,24,-0.024796633870635465,0.07196474397855024,0.8919185295544715,0.022074964058123453,0.0014445858751423873,0.006340339963420538,100,,-0.003566866217507387,-0.44658904013509265,0,0.0
2041,poisoned_always_freeze_snapshot,4051,25,0.29516820623125106,0.018799868613479348,1.0941430031130115,-0.11767325240641419,-0.02814735656520675,-0.11410323111355498,100,,-0.03068024337064636,-0.400757359400446,0,0.0
2041,poisoned_always_freeze_snapshot,4051,26,0.12383282119442973,0.002100180109321781,0.83903604385883,-0.013287099679580791,-0.044539805730493154,0.04201457648466342,100,,-0.011783720141812977,-0.3930184869751807,0,0.0
2041,poisoned_always_freeze_snapshot,4051,27,0.0756460307139803,0.052175276305454016,0.8314678601812926,0.10197570760456626,-0.005432927292578257,-0.10379113701189252,100,,-0.010016119125968006,-0.4170572814341723,0,0.0
2041,poisoned_always_freeze_snapshot,4051,28,-0.1763627668764615,-0.10505737383908832,0.9376590415515285,0.06202959753477541,0.027942738444271045,-0.04106351007006291,100,,-0.01533174759949024,-0.39633444323469175,0,0.0
2041,poisoned_always_freeze_snapshot,4051,29,-0.10906243149919242,-0.049261694005096654,0.935945586868782,-0.09164271384977991,-0.01367473316361454,-0.04098385845193557,100,,-0.008812457353249847,-0.3725685042218745,0,0.0
2041,poisoned_always_freeze_snapshot,4051,30,-0.3206054093890843,-0.117105497539472,0.737807779966796,-0.00015236716500974246,-0.010974816790140132,-0.10147827517237801,100,,-0.06961584841331928,-0.25413960432373744,0,0.0
2041,poisoned_always_freeze_snapshot,4051,31,-0.016449480167707364,-0.051712785588361565,0.7323930493657305,-0.03470894292347408,0.026130965731018294,0.03437104050349771,100,,-0.018221471367710265,-0.36712716971820264,0,0.0
2041,poisoned_always_freeze_snapshot,4051,32,0.21425078475103831,-0.04528164592669938,1.152960390176294,-0.032561225045180026,0.01933326232814872,-0.07238682912897099,100,,-0.021294890970241762,-0.37987832596397597,0,0.0
2041,poisoned_always_freeze_snapshot,4051,33,-0.012226894413512768,-0.0841963501028542,1.2559062326094528,-0.09339797210267753,0.019599228139694405,-0.0765500879739398,100,,-0.01682549431119251,-0.37357187335135,0,0.0
2041,poisoned_always_freeze_snapshot,4051,34,-0.32592212411883853,0.08131915819026445,1.1367301847452618,-0.01769501779299458,-0.003722488675323342,0.09894134467746771,100,,-0.03607168371243962,-0.39839669239043185,0,0.0
2041,poisoned_always_freeze_snapshot,4051,35,-0.3660949863685371,-0.055141844064910156,0.8325412096223623,0.09734816616651609,0.0005155941803778666,-0.0002486510691090821,100,,-0.059915973997363405,-0.2894018860750091,0,0.0
2041,poisoned_always_freeze_snapshot,4051,36,0.33680432806223604,-0.04576391212969384,0.7914097204848958,0.024304211278095206,-0.043333343411117324,-0.021882778772818107,100,,-0.04322376436141069,-0.3910156362356265,0,0.0
2041,poisoned_always_freeze_snapshot,4051,37,-0.3995972721525883,-0.05191033351567574,1.1485863995620333,-0.0036245793926023007,0.04968813610226884,0.08788046134151817,100,,-0.059672095216090834,-0.3457303573654062,0,0.0
2041,poisoned_always_freeze_snapshot,4051,38,-0.0599744359521619,0.1016194437736623,0.9003783289150327,-0.01946906818937899,0.004941835696193407,-0.08284123626904222,100,,-0.004099034890474585,-0.4465747396672762,0,0.0
2041,poisoned_always_freeze_snapshot,4051,39,0.000360708135385468,0.012447143607673905,0.824697678459943,-0.033379384508245694,0.0041639688996119376,-0.007539731976376196,100,,-0.0076755682207792575,-0.41302069037500466,0,0.0
2041,poisoned_always_freeze_snapshot,4051,40,0.21162435323462114,-0.037305648077280026,1.2028028299828808,-0.10224509995396848,-0.035023966085575356,-0.09681728111450953,100,,-0.022881190794840786,-0.40008799356438396,0,0.0
2041,poisoned_always_freeze_snapshot,4051,41,-0.31987098404501046,0.06886672100456029,0.9381402859083939,0.016819607081080684,0.03112112185095839,-0.04518882365322438,100,,-0.029650859757293466,-0.4203958334382688,0,0.0
2041,poisoned_always_freeze_snapshot,4051,42,0.2635594818647762,-0.033520843846457676,0.8571878984917656,0.035304912513223374,0.025020163144419988,-0.09639268284360812,100,,-0.030780585210311028,-0.3333707673407592,0,0.0
2041,poisoned_always_freeze_snapshot,4051,43,0.2164606110315591,0.016386633964280944,0.7500667182429831,-0.0301584032225074,0.039187595913068515,-0.01587689336339375,100,,-0.04179146135016299,-0.264248547282382,0,0.0
2041,poisoned_always_freeze_snapshot,4051,44,-0.34996128147004807,0.11525292158561315,1.2233198073930045,0.015204867195394822,0.026702081284088464,0.07908509453003537,100,,-0.04549958860413008,-0.3887791381879193,0,0.0
2041,poisoned_always_freeze_snapshot,4051,45,0.37051044955340273,0.09523767395454466,1.0293194741235592,-0.014896343722022157,0.019456513753180707,-0.0260938868352545,100,,-0.06507253655171576,-0.2035824360963045,0,0.0
2041,poisoned_always_freeze_snapshot,4051,46,-0.10322456154148263,-0.06218820577729408,0.7632069038006992,0.07378775528999143,0.0418201233826635,-0.04506468348079627,100,,-0.01809054868544593,-0.3831101321717955,0,0.0
2041,poisoned_always_freeze_snapshot,4051,47,-0.09714372994420417,0.04000872796029492,1.0356204802080944,0.006466689164216971,0.01594938627934535,-0.008508807658668502,100,,-0.00291101281663257,-0.4617624296936296,0,0.0
2041,poisoned_always_freeze_snapshot,4052,0,-0.39548651019439096,0.04949351704700272,1.0743237226971543,-0.09972952341029029,0.04812441705732229,-0.013973471915785074,100,,-0.04677390118590015,-0.3780951249604861,0,0.0
2041,poisoned_always_freeze_snapshot,4052,1,-0.09140924460341138,0.07913964307912177,1.2724455769324192,0.016094057258500355,0.008951239007005382,-0.03812664936078977,100,,-0.020659356871119295,-0.36420721701731207,0,0.0
2041,poisoned_always_freeze_snapshot,4052,2,-0.023295072295052843,-0.05409143153363176,1.047644449987831,-0.041442066513315556,-0.03761305071941826,-0.03131812344078594,100,,-0.005626715801442992,-0.3422338927293339,0,0.0
2041,poisoned_always_freeze_snapshot,4052,3,0.18012976915049583,0.08696439720657664,0.8889497098773069,-0.05378914100094018,0.02515117728824108,0.007582423330425331,100,,-0.02532692296192279,-0.2814440444427623,0,0.0
2041,poisoned_always_freeze_snapshot,4052,4,0.2404017651447531,-0.05510550759086218,1.026735306676897,-0.0022227939052861384,-0.008957869246535466,-0.11272723504444938,100,,-0.016748247677340632,-0.4401794318523604,0,0.0
2041,poisoned_always_freeze_snapshot,4052,5,-0.2209474261420221,0.047659505856163825,1.1836043113442092,0.005609771201607633,0.046433725819994595,0.033467843418442306,100,,-0.02274751634847678,-0.3822422932790914,0,0.0
2041,poisoned_always_freeze_snapshot,4052,6,0.11617462469435647,0.025203022568369732,1.208807880423295,0.04500455667853939,-0.04416877750353239,0.01196392787170869,100,,-0.01598529092083964,-0.3901762526347544,0,0.0
2041,poisoned_always_freeze_snapshot,4052,7,-0.2679297065268721,0.004862840332878274,0.9743206216204019,0.009920437210942046,-0.006590050572197567,0.0051325628661028355,100,,-0.025952420171468857,-0.35846284263816,0,0.0
2041,poisoned_always_freeze_snapshot,4052,8,0.16142041099953952,-0.014955788063276368,1.0674851963845078,0.042880160215165025,0.003577264502182001,-0.07181325941420519,100,,-0.009866270485889339,-0.427997757926419,0,0.0
2041,poisoned_always_freeze_snapshot,4052,9,0.3165457267868278,-0.10876300425294619,0.9300877459101894,0.04752220296188561,0.006104905136390795,0.055130536789394086,100,,-0.029638811599875147,-0.4074147600952409,0,0.0
2041,poisoned_always_freeze_snapshot,4052,10,0.024408767565754885,0.09360832617096007,1.1057381041646357,-0.05951585618032295,0.010141632831009252,-0.1068701975400486,100,,-0.00593843158424852,-0.39891101962343367,0,0.0
2041,poisoned_always_freeze_snapshot,4052,11,-0.2663290008601614,-0.08776816819996604,1.1205750219306723,0.08564232633681823,-0.03137938115101131,-0.0220461925850889,100,,-0.044860141005330194,-0.21775924966701754,0,0.0
2041,poisoned_always_freeze_snapshot,4052,12,-0.3421341797470331,-0.052104820863618076,1.1513491700560456,-0.10826367525527988,-0.043042254395907434,0.07409660057485984,100,,-0.06319608865718167,-0.1831890674338978,0,0.0
2041,poisoned_always_freeze_snapshot,4052,13,-0.042948258314962295,0.027428110871039496,1.1504374806792976,0.04933301979383811,-0.029784531942267146,0.08724375674240578,100,,-0.007206240162829394,-0.4227317003671956,0,0.0
2041,poisoned_always_freeze_snapshot,4052,14,0.07363194003860596,0.050484394667595744,0.9239679548305786,0.0015459465811237805,-0.045652248912326235,0.034922645069753344,100,,-0.004287778238551508,-0.3896969945665872,0,0.0
2041,poisoned_always_freeze_snapshot,4052,15,-0.28974883617200153,0.006899880458526381,1.0076224708428918,-0.09162972046754222,0.03644349072584056,0.1180882959603318,100,,-0.025550213300379997,-0.40162165275066425,0,0.0
2041,poisoned_always_freeze_snapshot,4052,16,-0.353187283808469,-0.07774682356680127,1.1327389387985964,0.05861720669183884,-0.04095800565368982,0.06842933105344437,100,,-0.06917724574184209,-0.1661341525565176,0,0.0
2041,poisoned_always_freeze_snapshot,4052,17,-0.10700358750239508,0.050255928453524945,0.967552350384449,0.11016470851810978,0.02263855172521853,0.06530889268028653,100,,-0.0036328801981975506,-0.44462435050992266,0,0.0
2041,poisoned_always_freeze_snapshot,4052,18,-0.22539116050378755,-0.09569372531753528,0.8175453877132997,0.046161973777319704,-0.0009161895756247471,-0.001770348751538267,100,,-0.03373686288370087,-0.3229494960516379,0,0.0
2041,poisoned_always_freeze_snapshot,4052,19,-0.030419369360399517,0.07845824811109298,0.93029220807677,0.11264181955114244,-0.039695168936026065,-0.08475216515747584,100,,-0.0024363014198277625,-0.4027294613509295,0,0.0
2041,poisoned_always_freeze_snapshot,4052,20,-0.023947076799327227,0.004818727249735644,1.2205215185080034,-0.000613059166238647,0.012233376011533369,-0.04298913421551892,100,,-0.01224645315487908,-0.39033633218860786,0,0.0
2041,poisoned_always_freeze_snapshot,4052,21,0.20841373824237164,-0.03004464438773949,0.9997218631300666,0.08973426842431795,-0.024093837254898588,0.03486266442635555,100,,-0.012620018660350112,-0.4388662378981241,0,0.0
2041,poisoned_always_freeze_snapshot,4052,22,0.10525292598403058,-0.11118837721109431,0.9289746979182669,-0.05563830297211027,-0.039081694059186926,-0.08646920827872828,100,,-0.007838927510179509,-0.35536972828377,0,0.0
2041,poisoned_always_freeze_snapshot,4052,23,-0.21348049803258268,0.0808769968742756,1.1166666386918154,-0.03363559908384618,-0.026855959939523468,-0.061835850924736674,100,,-0.0179994723416234,-0.37707432457082357,0,0.0
2041,poisoned_always_freeze_snapshot,4052,24,-0.09193668461095406,-0.04185590570890978,0.9322133680758046,0.07637107258629622,-0.02405272460205108,-0.0399811443433231,100,,-0.008170599400809254,-0.35651536491732044,0,0.0
2041,poisoned_always_freeze_snapshot,4052,25,0.007152965951832013,-0.04415249892063133,0.9875213254049149,-0.11329868012228622,0.02063073535652643,0.08538432939592519,100,,-0.00034894102588808114,-0.44823791901752685,0,0.0
2041,poisoned_always_freeze_snapshot,4052,26,-0.07874018908667085,0.1170479217156685,1.2142332423244566,0.11799517698387621,0.027439445818761773,0.06107877598744829,100,,-0.016843903566334976,-0.3604923713553848,0,0.0
2041,poisoned_always_freeze_snapshot,4052,27,-0.04075513872194525,-0.046146618100356085,1.1775999039959992,0.029619871007076748,0.04999554925068417,0.09227202113475669,100,,-0.010409675270777772,-0.3703975258165518,0,0.0
2041,poisoned_always_freeze_snapshot,4052,28,-0.3820595299315878,0.055115735280960365,1.15201053654998,-0.04908453518696773,-0.012187937792399572,-0.09471520566684727,100,,-0.05373781150128515,-0.31905881593303187,0,0.0
2041,poisoned_always_freeze_snapshot,4052,29,-0.3017813668625867,-0.061010661718487375,1.1165768795148687,-0.0023217732833455407,-0.03288288437185631,-0.07061458249686692,100,,-0.04874886963515459,-0.2551049620520436,0,0.0
2041,poisoned_always_freeze_snapshot,4052,30,-0.13839566791244967,0.0658282524934777,0.8600961401289485,-0.02940790798409655,0.0425204968578355,0.08604973917914069,100,,-0.011774963726569408,-0.393470922015409,0,0.0
2041,poisoned_always_freeze_snapshot,4052,31,-0.0958541172685144,-0.09950295566079914,1.2238228706507979,0.05092622842645067,0.015706065522369597,0.10369850241380796,100,,-0.01857867255221854,-0.3881702897167215,0,0.0
2041,poisoned_always_freeze_snapshot,4052,32,-0.2846645369293306,0.00029439674285289263,0.8218221596812157,-0.10976005134949464,0.03059464234932037,0.058940949874452586,100,,-0.032877078295887485,-0.4110909102195458,0,0.0
2041,poisoned_always_freeze_snapshot,4052,33,-0.020397679293523374,0.06324132563931395,1.2421554855273267,0.008114614729774067,-0.04339543546807598,0.034536590139994744,100,,-0.016029854427908274,-0.3794324492554648,0,0.0
2041,poisoned_always_freeze_snapshot,4052,34,0.08813706286619516,-0.08071780301562843,1.2781584361986067,0.07658938181325212,0.047781354395999315,0.09659248025668024,100,,-0.02471186277300946,-0.3607463284358321,0,0.0
2041,poisoned_always_freeze_snapshot,4052,35,-0.2641961119195682,-0.06879584673823705,0.9028579642828743,-0.0394703579754324,0.027479029151265752,-0.008493432593863398,100,,-0.028420260355821115,-0.39029197460275306,0,0.0
2041,poisoned_always_freeze_snapshot,4052,36,-0.19860025057251632,-0.09625262834779921,1.2280811867872765,0.091208615083707,0.01656332974329451,-0.01233426308684192,100,,-0.03226175106031549,-0.38299445510985275,0,0.0
2041,poisoned_always_freeze_snapshot,4052,37,-0.39052320276218766,-0.08915641288488335,0.9957893390072032,0.002324360280885035,-0.01854643092928842,0.06255302097766452,100,,-0.06967352746038266,-0.2029482822978615,0,0.0
2041,poisoned_always_freeze_snapshot,4052,38,-0.2245798490429338,0.02557321714029881,1.0222067680360314,0.09494676998351964,0.021810251634644423,-0.056789100070336856,100,,-0.015136179673477754,-0.4384006268292022,0,0.0
2041,poisoned_always_freeze_snapshot,4052,39,-0.3680038339973575,-0.004783267734132138,1.2311053963320344,-0.1145785640421606,0.022797449249191373,0.10931080799145909,100,,-0.05743284625899345,-0.38613452262950976,0,0.0
2041,poisoned_always_freeze_snapshot,4052,40,0.03503683715090433,0.08046321554184033,0.8189710907289783,0.07408487884593878,-0.032981821180747856,-0.1039026635349396,100,,-0.009256335745167538,-0.41072705402106535,0,0.0
2041,poisoned_always_freeze_snapshot,4052,41,0.3018811374199205,0.05320127045569292,1.0438194687803009,0.021856850127060956,-0.005960359204740737,-0.0998515558987462,100,,-0.03613572395189594,-0.34183728006585423,0,0.0
2041,poisoned_always_freeze_snapshot,4052,42,-0.20243777738551547,-0.11988060904399485,0.9488729563719372,0.10029817280142958,-0.028591706257090302,-0.0015611473234102696,100,,-0.0307023915686751,-0.23810742429781145,0,0.0
2041,poisoned_always_freeze_snapshot,4052,43,-0.38446351709869103,0.07842718605429505,1.2778879154230987,0.01471760131701208,-0.025281584478390573,0.005605650038037507,100,,-0.06893094153955534,-0.30169112473272686,0,0.0
2041,poisoned_always_freeze_snapshot,4052,44,-0.008052514467044414,0.05805470423828499,1.2047350239335763,0.015934812783771485,0.031596988328945835,-0.09519945001138605,100,,-0.013256453096323452,-0.3809893646543391,0,0.0
2041,poisoned_always_freeze_snapshot,4052,45,0.07454186398779505,-0.10162693862490237,0.8214828765688693,0.038626214946871185,0.0425177846114094,0.03147244983016756,100,,-0.010488761204234491,-0.3974425688934202,0,0.0
2041,poisoned_always_freeze_snapshot,4052,46,-0.16056728442477494,0.08934926248227334,1.1114076335514675,0.08527306527190873,0.037244276112034055,-0.0141263862560706,100,,-0.011168989124782263,-0.405253705078775,0,0.0
2041,poisoned_always_freeze_snapshot,4052,47,-0.3429532185798744,-0.03810605695519413,0.9410390720666266,-0.04489978780274305,-0.02341819299705966,-0.044244956603393004,100,,-0.05190990885368351,-0.24218347680516927,0,0.0
2042,clean_reinforce_snapshot,4050,0,0.2615589741248676,0.06614578502988178,0.9553732815565629,0.011960798116760707,-0.035819725620227796,0.04172164700153658,100,,-0.028430358009840638,-0.4140777823140268,0,0.0
2042,clean_reinforce_snapshot,4050,1,-0.028904694661051056,0.07799428219278187,0.8413358840861701,-0.004022064479660303,-0.006880276398050701,0.08909522597339611,100,,-0.007042293104110728,-0.42141676491850844,0,0.0
2042,clean_reinforce_snapshot,4050,2,0.005189931368572043,0.02517824828600415,0.9510897998441054,-0.03432840617382164,0.0473357024511587,-0.10404472896530745,100,,-0.008717380828596218,-0.14100656154274205,0,0.0
2042,clean_reinforce_snapshot,4050,3,0.06852947719503816,0.09322056965174513,1.1374171548702798,0.06434451145104653,0.04452689142514604,-0.06995466655891441,100,,-0.021483048725555825,-0.07886627305837768,0,0.0
2042,clean_reinforce_snapshot,4050,4,0.24089649183178297,-0.023510694090475848,0.9829642423155549,0.09881683882622214,0.0017632695903056356,0.09395178748860161,100,,-0.019902135947164966,-0.3716932030530501,0,0.0
2042,clean_reinforce_snapshot,4050,5,0.30669703862564157,-0.07991379055742098,0.7931224898320796,0.10658293168903277,0.020909158823715357,0.07305142015525859,100,,-0.04223527727854909,-0.2459094767395617,0,0.0
2042,clean_reinforce_snapshot,4050,6,-0.057502256306747324,-0.01827573148128331,1.0843246400382696,0.09764711071912385,-0.00464278248727721,-0.027508596409072453,100,,-0.00382413903825803,-0.4150235710575515,0,0.0
2042,clean_reinforce_snapshot,4050,7,0.12834878090322566,0.04966347915430419,1.071312656348143,0.05755802568880794,0.013745077311797221,-0.004284768322083063,100,,-0.012314609253164013,-0.2898070209568273,0,0.0
2042,clean_reinforce_snapshot,4050,8,-0.11061526101186647,0.048526566909465024,0.9444024250862276,0.04921425584036235,-0.04210684426519774,-0.10544044230539047,100,,-0.010420658417325524,-0.17676451486773626,0,0.0
2042,clean_reinforce_snapshot,4050,9,-0.06926433378509744,-0.11171721935559556,1.0754393346401212,-0.09035703881863494,8.905926556275479e-05,0.04799841807991309,100,,-0.008538080172258695,-0.3710717379770041,0,0.0
2042,clean_reinforce_snapshot,4050,10,-0.35311263017329675,-0.07423977972522375,1.1038726345378596,-0.07209547205007302,-0.01219080902398658,0.06897605083133748,100,,-0.061357029478942005,-0.1601124129839019,0,0.0
2042,clean_reinforce_snapshot,4050,11,-0.3033897306884334,-0.10906919304444083,0.8653382874934501,0.08237256616057279,0.008694206417143413,-0.0982399666980022,100,,-0.049659981662928926,-0.30113852028573573,0,0.0
2042,clean_reinforce_snapshot,4050,12,0.014547569699097818,-0.08860634333797623,0.7727645094444018,-0.11470630199166064,-0.03479391018377395,0.005906591947779372,100,,-0.021955989655917527,-0.17199387821451767,0,0.0
2042,clean_reinforce_snapshot,4050,13,0.045147276230182165,0.00978566926802657,1.1615651035832717,-0.02559733916077124,0.013195745868626027,0.03506600413376004,100,,-0.008426629674182624,-0.3661973564137549,0,0.0
2042,clean_reinforce_snapshot,4050,14,0.39579337273321036,-0.08167541366045747,1.0763993848643976,-0.012025515805253989,-0.03920465942242024,-0.05111866181503233,100,,-0.04863679381382393,-0.37042833712224266,0,0.0
2042,clean_reinforce_snapshot,4050,15,-0.338684173178069,-0.11068664184866994,1.0460643513700458,-0.08333472519022783,0.04183056977972914,0.04837573919385754,100,,-0.050150926456631634,-0.39454679230613077,0,0.0
2042,clean_reinforce_snapshot,4050,16,0.3585461787064762,-0.02430447757765053,0.8286303815732335,-0.04590630571485073,0.03329774319759361,-0.05722070359744898,100,,-0.06172927602280955,-0.08440392798700203,0,0.0
2042,clean_reinforce_snapshot,4050,17,0.25857365444991487,-0.01407984665450647,0.7833001450987781,-0.0012810637369086858,-0.045891193644636036,0.01663340901236382,100,,-0.034641759880342876,-0.2982261579478297,0,0.0
2042,clean_reinforce_snapshot,4050,18,0.2543420793889638,-0.11446483156136128,1.0401724009972177,-0.07754627079030255,0.043198539144377684,0.07387565931806697,100,,-0.025593545022629713,-0.14528503383532587,0,0.0
2042,clean_reinforce_snapshot,4050,19,-0.12300756656028755,0.04493358816864995,1.0289336333369223,0.049256001512499786,0.025854833286509768,0.053786602208854506,100,,-0.005704603351090117,-0.3458283620774017,0,0.0
2042,clean_reinforce_snapshot,4050,20,0.25243584559916377,0.06652156833696579,0.9829498217122143,-0.06832289895825568,-0.02411428876087023,0.08794957402801526,100,,-0.02656267484504852,-0.4347551342240955,0,0.0
2042,clean_reinforce_snapshot,4050,21,-0.26153143146667324,0.11558707004704652,0.9902502078224229,-0.07596502547841122,0.03903874103338012,0.033165858239454726,100,,-0.02137061364899794,-0.2664881338514896,0,0.0
2042,clean_reinforce_snapshot,4050,22,-0.150753978927043,0.05906321477715759,0.9833173715073067,-0.06579988830833315,0.04688962566185616,-0.050983097292709695,100,,-0.011381174176039273,-0.19967390390102618,0,0.0
2042,clean_reinforce_snapshot,4050,23,0.04830810377671951,-0.02468780708465683,1.2532399975716708,0.011648133825358925,-0.039674082573576935,0.0749846238939085,100,,-0.020489599793306862,-0.24252399810365388,0,0.0
2042,clean_reinforce_snapshot,4050,24,-0.08977393639666359,0.048844456433339845,1.2220431662442943,0.05472066415861904,-0.02071649150571908,0.09605578868688916,100,,-0.015490032283660506,-0.3736553339354648,0,0.0
2042,clean_reinforce_snapshot,4050,25,-0.34138017350814026,-0.08233037486271708,0.7310401105578285,0.08193619021935217,-0.048581677487054414,0.019629193312479726,1,0,-0.6607742465806787,0.013642197721471683,0,0.0
2042,clean_reinforce_snapshot,4050,26,-0.08315425090667822,0.06711261163855686,0.7422223481647436,-0.039860845171341155,-0.016909133907405317,0.08060340358319673,100,,-0.018802092433577146,-0.3719907860035249,0,0.0
2042,clean_reinforce_snapshot,4050,27,-0.10775045805716887,-0.10368958401113637,0.9977906486131876,0.0060910403014057535,-0.018384536914932748,0.0010580054506033887,100,,-0.014269583565412462,-0.22377529377940436,0,0.0
2042,clean_reinforce_snapshot,4050,28,0.14172085229363574,0.010979453458297872,1.1859092775455067,-0.051091183515211275,-0.0076437860495398025,0.11981739182001971,100,,-0.01611244590951325,-0.40814721314545466,0,0.0
2042,clean_reinforce_snapshot,4050,29,-0.19546740271954396,0.08860643581814712,1.2729806829417574,0.060263130268357,-0.01953680706973772,-0.10980213798328921,100,,-0.03175088634114334,-0.2932481895779562,0,0.0
2042,clean_reinforce_snapshot,4050,30,-0.04327524411452799,0.05794586152909159,0.8161327369534457,0.006460377883048873,-0.04497983015614609,0.04091591339401107,100,,-0.013986372406091937,-0.2012507496857488,0,0.0
2042,clean_reinforce_snapshot,4050,31,0.3889329543034291,0.11251609940145088,1.1374595050632317,0.03732939054451426,0.043076455284577694,0.002683303934199771,2,1,-0.3760761924048912,0.025256947697170906,0,0.0
2042,clean_reinforce_snapshot,4050,32,-0.26636868310609896,0.10725809339389428,1.0986437579576214,-0.009537819299836714,0.04417191525808145,0.08487632989292998,100,,-0.025348493881895057,-0.2425515790572541,0,0.0
2042,clean_reinforce_snapshot,4050,33,0.30216376601744277,-0.052376228264229524,1.1510336175197937,-0.08461180708226747,0.019506991971791413,0.07818015103593193,100,,-0.03810709034703519,-0.23726949185631735,0,0.0
2042,clean_reinforce_snapshot,4050,34,0.1224280861042576,-0.09604765768559011,1.1951595880639752,0.11168217591018106,0.04427383065855399,-0.09220540331127848,100,,-0.018015509281734506,-0.22582016983072106,0,0.0
2042,clean_reinforce_snapshot,4050,35,0.26646277219976133,0.10641488983654646,0.9237152414696076,-0.07829624942951313,-0.03287889125118357,0.06027047046823936,100,,-0.033954818678540735,-0.41946432851558424,0,0.0
2042,clean_reinforce_snapshot,4050,36,0.1863203798030313,0.09620360318756957,1.1341238327670902,-0.004379395955523238,0.0017704228853144058,-0.10880032562426036,100,,-0.025293953896164987,-0.3229277687218402,0,0.0
2042,clean_reinforce_snapshot,4050,37,-0.3513781875535069,0.0924746065635905,1.2069386122007584,0.09870282824966131,0.0035563270378875383,-0.06994159201367692,100,,-0.04788762760811999,-0.38951473520402213,0,0.0
2042,clean_reinforce_snapshot,4050,38,0.16843645644767613,-0.08291627429494519,0.9105565064659479,-0.0017948630089985596,0.032927818510732065,-0.07160038794547684,100,,-0.013562368884188054,-0.2433548780715813,0,0.0
2042,clean_reinforce_snapshot,4050,39,-0.028889574283565422,0.0655623296319301,1.0506574561516437,0.03978515562530846,0.04202264725079251,0.11663506271848118,100,,-0.008398730462624909,-0.16105090501813268,0,0.0
2042,clean_reinforce_snapshot,4050,40,0.1392055024311991,-0.009469565923500331,1.0231251114443474,0.11767780325574151,-0.010155274464767473,-0.019415967792093147,100,,-0.006459507417352972,-0.46524821963300095,0,0.0
2042,clean_reinforce_snapshot,4050,41,-0.2756913166617844,0.058309189524677646,0.9619134425022139,-0.0791263485900835,-0.03380044962965892,0.10210953333012937,100,,-0.03100928462862619,-0.15804818426164707,0,0.0
2042,clean_reinforce_snapshot,4050,42,0.2605120099933711,0.10335909637820351,0.9504148169684339,0.029920378750935395,-0.018864057194987682,0.014150710379580322,100,,-0.033154167101317265,-0.4045636425515847,0,0.0
2042,clean_reinforce_snapshot,4050,43,-0.27062154751222334,-0.11944287737138731,0.8887621882736347,-0.01625875398282027,-0.03764052209010826,0.07285435413993549,2,1,-0.5269978950431582,0.016168579003611683,0,0.0
2042,clean_reinforce_snapshot,4050,44,-0.046104205679373844,0.06677887144573275,1.0613088294642623,-0.09547881725440929,-0.04710670155163532,0.09672101809785977,100,,-0.006814544863683083,-0.1977445559755907,0,0.0
2042,clean_reinforce_snapshot,4050,45,0.15253983914215963,-0.11710448250683696,1.2537747129297059,0.08744174624157089,-0.04305861926544022,-0.07640622620116094,100,,-0.02997273137542811,-0.15010699549821355,0,0.0
2042,clean_reinforce_snapshot,4050,46,-0.37886172032554655,0.05733623582398947,0.9458566506726602,-0.09257617750432524,-0.004953653359854315,0.021227337009262298,100,,-0.048003552120323055,-0.30495838885743853,0,0.0
2042,clean_reinforce_snapshot,4050,47,-0.12374550365762105,0.04002515450414007,0.8490715469663311,0.02781697788024573,-0.005207147953169088,-0.11341293837390976,100,,-0.010314697872099163,-0.42411444273600496,0,0.0
2042,clean_reinforce_snapshot,4051,0,-0.11847818019687112,-0.019805480317791127,0.8116157773550791,-0.11412754501609286,-0.012059918754779506,-0.05302880962365211,100,,-0.017016398043864973,-0.31809193281789006,0,0.0
2042,clean_reinforce_snapshot,4051,1,-0.14815516130781897,-0.00825967722856745,0.966184784607958,-0.015984313946183687,-0.03004097968459918,-0.016506396252473368,100,,-0.014332771248166322,-0.19675655653262963,0,0.0
2042,clean_reinforce_snapshot,4051,2,0.3744162767476654,-0.005705473928932628,1.0626336227886675,-7.154372416330601e-05,0.005079658774808163,-0.10504074069872618,100,,-0.05243233224554552,-0.26682283925352546,0,0.0
2042,clean_reinforce_snapshot,4051,3,0.3378984110828571,0.09713982699896917,0.9028420788722819,-0.02230359153375104,-0.032218067334265035,-0.04403617400888801,100,,-0.050539732183249884,-0.4088997610571617,0,0.0
2042,clean_reinforce_snapshot,4051,4,0.379908581700385,0.10057327774853825,1.2568819687347415,0.05019948931590085,0.023121844814685946,-0.07990418636468524,100,,-0.09336055455236414,-0.06425798015641915,0,0.0
2042,clean_reinforce_snapshot,4051,5,0.13822877391480215,0.043755139582783514,0.8398726691110576,-0.01798876417624981,-0.03883519769733246,-0.029082393053629627,100,,-0.015466525814155146,-0.3309275389923835,0,0.0
2042,clean_reinforce_snapshot,4051,6,-0.044079227726369186,0.004964524859221164,1.1814137165936787,-0.05602921557017429,0.026911498569798173,-0.10257428669772674,100,,-0.01002931904674923,-0.3473303655425397,0,0.0
2042,clean_reinforce_snapshot,4051,7,0.035677892335038375,-0.017708952880468795,0.8241240306641087,0.0982465581412321,0.00702805091421245,0.036296238019523835,100,,-0.008038473677497325,-0.4134022542978026,0,0.0
2042,clean_reinforce_snapshot,4051,8,0.029377407988996462,0.11640332412262228,1.2303770369618685,-0.0645978695789235,0.0040265700190836515,-0.051693183205491114,100,,-0.0181377142709303,-0.36580832788050655,0,0.0
2042,clean_reinforce_snapshot,4051,9,0.22746819240941885,0.09328152849494678,0.8246516548898621,0.03232750610297305,0.04334357471682965,-0.009110092151775329,2,1,-0.5134958104053954,0.01409550072416832,0,0.0
2042,clean_reinforce_snapshot,4051,10,-0.03421788614630533,-0.020009096026342738,0.953253573434525,-0.10270825287404081,0.0404941320072595,-0.1181429468846683,100,,-0.004682678925607841,-0.24804507181986862,0,0.0
2042,clean_reinforce_snapshot,4051,11,0.00797670910424586,0.11005542758481024,1.1268561696197799,0.04474597650462289,-0.045678164586862774,-0.031814367836412186,100,,-0.009024037146596393,-0.2655755808743964,0,0.0
2042,clean_reinforce_snapshot,4051,12,-0.1550071430248317,0.0297295936048316,1.067738752959327,-0.030029808640920946,-0.019292643654069064,0.10053001566722544,100,,-0.01083804644459523,-0.30643493174642045,0,0.0
2042,clean_reinforce_snapshot,4051,13,0.036080012433666375,0.004678318680526192,1.0436412506497152,-0.1008882596964444,0.03393941897029913,-0.06648807842413572,100,,-0.0052660608144045025,-0.2361862107129118,0,0.0
2042,clean_reinforce_snapshot,4051,14,-0.16084112398242506,0.028373268180941852,1.068999798928797,0.014708145477814127,0.015365178311634142,-0.09614143588987936,100,,-0.009085189017125178,-0.44986844955564526,0,0.0
2042,clean_reinforce_snapshot,4051,15,0.328996349169536,0.048622819587237354,1.2435834684674159,-0.05423654992253492,-0.01804455595844217,-0.062143107947406954,100,,-0.05680482122800223,-0.3793416345941999,0,0.0
2042,clean_reinforce_snapshot,4051,16,-0.13856627632257318,-0.05110401035596206,0.9220287541228742,-0.051070826386967666,-0.024831474671962686,0.1167592681360069,100,,-0.016465770330381806,-0.20686005596489282,0,0.0
2042,clean_reinforce_snapshot,4051,17,0.13592365374603832,-0.07559264744982036,1.207331310698962,0.0025104345741108897,7.561262173570032e-05,-0.022896941368548668,100,,-0.015442325505865176,-0.39690016960909036,0,0.0
2042,clean_reinforce_snapshot,4051,18,0.09780923487699617,0.07707402060718718,1.1936506570660805,-0.08202770687683716,-0.023737448735402046,0.06970127109671231,100,,-0.015310243176712287,-0.40450581860417756,0,0.0
2042,clean_reinforce_snapshot,4051,19,0.06453272235425034,-0.11015521864454957,0.8200107667087344,-0.0774018023785833,0.02188254297462469,0.09842658578984462,100,,-0.010300741929767168,-0.39384367269773424,0,0.0
2042,clean_reinforce_snapshot,4051,20,0.007105449776163841,0.0837073559185971,0.9009671701969693,0.04380675348246546,0.022782222192711032,-0.035920832668626015,100,,-0.0076534759258881065,-0.2648898627834677,0,0.0
2042,clean_reinforce_snapshot,4051,21,0.13562074243060107,-0.02515067034124109,0.8092831424800083,0.0012226181497338867,-0.008797300322652725,0.040963726708174025,100,,-0.014436255107574254,-0.4055676616362183,0,0.0
2042,clean_reinforce_snapshot,4051,22,-0.06418504897757116,0.06491842285933344,0.7763575850439698,-0.07987169208840367,-0.025094498639013064,0.07055288878777913,100,,-0.014898222034563173,-0.34387605626867,0,0.0
2042,clean_reinforce_snapshot,4051,23,-0.3728159856312617,-0.036235146869945375,0.9690125211565517,0.06739039446382511,0.014947660642065402,0.014279494803357495,100,,-0.05275484567128978,-0.37138392169482515,0,0.0
2042,clean_reinforce_snapshot,4051,24,-0.024796633870635465,0.07196474397855024,0.8919185295544715,0.022074964058123453,0.0014445858751423873,0.006340339963420538,100,,-0.0038563024750985237,-0.44303585296229064,0,0.0
2042,clean_reinforce_snapshot,4051,25,0.29516820623125106,0.018799868613479348,1.0941430031130115,-0.11767325240641419,-0.02814735656520675,-0.11410323111355498,100,,-0.03283347079476952,-0.4260655990979567,0,0.0
2042,clean_reinforce_snapshot,4051,26,0.12383282119442973,0.002100180109321781,0.83903604385883,-0.013287099679580791,-0.044539805730493154,0.04201457648466342,100,,-0.014720754756321579,-0.2496795116636295,0,0.0
2042,clean_reinforce_snapshot,4051,27,0.0756460307139803,0.052175276305454016,0.8314678601812926,0.10197570760456626,-0.005432927292578257,-0.10379113701189252,100,,-0.010464090298980903,-0.41705143822251317,0,0.0
2042,clean_reinforce_snapshot,4051,28,-0.1763627668764615,-0.10505737383908832,0.9376590415515285,0.06202959753477541,0.027942738444271045,-0.04106351007006291,100,,-0.017902851914386585,-0.4319347002372546,0,0.0
2042,clean_reinforce_snapshot,4051,29,-0.10906243149919242,-0.049261694005096654,0.935945586868782,-0.09164271384977991,-0.01367473316361454,-0.04098385845193557,100,,-0.009911146917695395,-0.2991047886372858,0,0.0
2042,clean_reinforce_snapshot,4051,30,-0.3206054093890843,-0.117105497539472,0.737807779966796,-0.00015236716500974246,-0.010974816790140132,-0.10147827517237801,100,,-0.07437475129122274,-0.1600688432939033,0,0.0
2042,clean_reinforce_snapshot,4051,31,-0.016449480167707364,-0.051712785588361565,0.7323930493657305,-0.03470894292347408,0.026130965731018294,0.03437104050349771,100,,-0.019334051721018437,-0.35038552233890047,0,0.0
2042,clean_reinforce_snapshot,4051,32,0.21425078475103831,-0.04528164592669938,1.152960390176294,-0.032561225045180026,0.01933326232814872,-0.07238682912897099,100,,-0.022241950956304195,-0.2963601801598337,0,0.0
2042,clean_reinforce_snapshot,4051,33,-0.012226894413512768,-0.0841963501028542,1.2559062326094528,-0.09339797210267753,0.019599228139694405,-0.0765500879739398,100,,-0.017632158261124978,-0.37357187335135,0,0.0
2042,clean_reinforce_snapshot,4051,34,-0.32592212411883853,0.08131915819026445,1.1367301847452618,-0.01769501779299458,-0.003722488675323342,0.09894134467746771,100,,-0.03688553586870606,-0.3660034578574698,0,0.0
2042,clean_reinforce_snapshot,4051,35,-0.3660949863685371,-0.055141844064910156,0.8325412096223623,0.09734816616651609,0.0005155941803778666,-0.0002486510691090821,100,,-0.06299379509485471,-0.2567269768847319,0,0.0
2042,clean_reinforce_snapshot,4051,36,0.33680432806223604,-0.04576391212969384,0.7914097204848958,0.024304211278095206,-0.043333343411117324,-0.021882778772818107,100,,-0.04642443078708927,-0.3328964523265956,0,0.0
2042,clean_reinforce_snapshot,4051,37,-0.3995972721525883,-0.05191033351567574,1.1485863995620333,-0.0036245793926023007,0.04968813610226884,0.08788046134151817,100,,-0.06535313866197652,-0.37138563667725205,0,0.0
2042,clean_reinforce_snapshot,4051,38,-0.0599744359521619,0.1016194437736623,0.9003783289150327,-0.01946906818937899,0.004941835696193407,-0.08284123626904222,100,,-0.0046471265056882574,-0.41464414770678626,0,0.0
2042,clean_reinforce_snapshot,4051,39,0.000360708135385468,0.012447143607673905,0.824697678459943,-0.033379384508245694,0.0041639688996119376,-0.007539731976376196,100,,-0.007721936247533919,-0.4130189207353382,0,0.0
2042,clean_reinforce_snapshot,4051,40,0.21162435323462114,-0.037305648077280026,1.2028028299828808,-0.10224509995396848,-0.035023966085575356,-0.09681728111450953,100,,-0.024860440751836698,-0.33507675978751633,0,0.0
2042,clean_reinforce_snapshot,4051,41,-0.31987098404501046,0.06886672100456029,0.9381402859083939,0.016819607081080684,0.03112112185095839,-0.04518882365322438,100,,-0.03149795897732291,-0.3977542328832349,0,0.0
2042,clean_reinforce_snapshot,4051,42,0.2635594818647762,-0.033520843846457676,0.8571878984917656,0.035304912513223374,0.025020163144419988,-0.09639268284360812,100,,-0.032775539014256956,-0.20721200926283556,0,0.0
2042,clean_reinforce_snapshot,4051,43,0.2164606110315591,0.016386633964280944,0.7500667182429831,-0.0301584032225074,0.039187595913068515,-0.01587689336339375,100,,-0.045631015251005366,-0.08251889424062225,0,0.0
2042,clean_reinforce_snapshot,4051,44,-0.34996128147004807,0.11525292158561315,1.2233198073930045,0.015204867195394822,0.026702081284088464,0.07908509453003537,100,,-0.04720310856663221,-0.3887791381879193,0,0.0
2042,clean_reinforce_snapshot,4051,45,0.37051044955340273,0.09523767395454466,1.0293194741235592,-0.014896343722022157,0.019456513753180707,-0.0260938868352545,100,,-0.07054564782120475,-0.07993815267922011,0,0.0
2042,clean_reinforce_snapshot,4051,46,-0.10322456154148263,-0.06218820577729408,0.7632069038006992,0.07378775528999143,0.0418201233826635,-0.04506468348079627,100,,-0.020877366786719604,-0.30874893925835145,0,0.0
2042,clean_reinforce_snapshot,4051,47,-0.09714372994420417,0.04000872796029492,1.0356204802080944,0.006466689164216971,0.01594938627934535,-0.008508807658668502,100,,-0.0033437295710280267,-0.4073569385830411,0,0.0
2042,clean_reinforce_snapshot,4052,0,-0.39548651019439096,0.04949351704700272,1.0743237226971543,-0.09972952341029029,0.04812441705732229,-0.013973471915785074,100,,-0.050887386038122706,-0.33358516594039805,0,0.0
2042,clean_reinforce_snapshot,4052,1,-0.09140924460341138,0.07913964307912177,1.2724455769324192,0.016094057258500355,0.008951239007005382,-0.03812664936078977,100,,-0.020975612079649632,-0.36420721701731207,0,0.0
2042,clean_reinforce_snapshot,4052,2,-0.023295072295052843,-0.05409143153363176,1.047644449987831,-0.041442066513315556,-0.03761305071941826,-0.03131812344078594,100,,-0.008455339838582227,-0.17381104691608623,0,0.0
2042,clean_reinforce_snapshot,4052,3,0.18012976915049583,0.08696439720657664,0.8889497098773069,-0.05378914100094018,0.02515117728824108,0.007582423330425331,100,,-0.02866492949516521,-0.14704134948280517,0,0.0
2042,clean_reinforce_snapshot,4052,4,0.2404017651447531,-0.05510550759086218,1.026735306676897,-0.0022227939052861384,-0.008957869246535466,-0.11272723504444938,100,,-0.017224211274895852,-0.4401793981185431,0,0.0
2042,clean_reinforce_snapshot,4052,5,-0.2209474261420221,0.047659505856163825,1.1836043113442092,0.005609771201607633,0.046433725819994595,0.033467843418442306,100,,-0.026159310109710895,-0.24414208579002233,0,0.0
2042,clean_reinforce_snapshot,4052,6,0.11617462469435647,0.025203022568369732,1.208807880423295,0.04500455667853939,-0.04416877750353239,0.01196392787170869,100,,-0.01880975262121012,-0.26958789387528603,0,0.0
2042,clean_reinforce_snapshot,4052,7,-0.2679297065268721,0.004862840332878274,0.9743206216204019,0.009920437210942046,-0.006590050572197567,0.0051325628661028355,100,,-0.027113520862364755,-0.31023634199931144,0,0.0
2042,clean_reinforce_snapshot,4052,8,0.16142041099953952,-0.014955788063276368,1.0674851963845078,0.042880160215165025,0.003577264502182001,-0.07181325941420519,100,,-0.010200915945852542,-0.4010796680104326,0,0.0
2042,clean_reinforce_snapshot,4052,9,0.3165457267868278,-0.10876300425294619,0.9300877459101894,0.04752220296188561,0.006104905136390795,0.055130536789394086,100,,-0.030347267363051184,-0.37157096627254815,0,0.0
2042,clean_reinforce_snapshot,4052,10,0.024408767565754885,0.09360832617096007,1.1057381041646357,-0.05951585618032295,0.010141632831009252,-0.1068701975400486,100,,-0.00692947117415626,-0.34037349592807664,0,0.0
2042,clean_reinforce_snapshot,4052,11,-0.2663290008601614,-0.08776816819996604,1.1205750219306723,0.08564232633681823,-0.03137938115101131,-0.0220461925850889,100,,-0.05001817027888397,-0.05229550093107854,0,0.0
2042,clean_reinforce_snapshot,4052,12,-0.3421341797470331,-0.052104820863618076,1.1513491700560456,-0.10826367525527988,-0.043042254395907434,0.07409660057485984,2,1,-0.5845196908153374,0.03369629396075258,0,0.0
2042,clean_reinforce_snapshot,4052,13,-0.042948258314962295,0.027428110871039496,1.1504374806792976,0.04933301979383811,-0.029784531942267146,0.08724375674240578,100,,-0.008457750328234606,-0.30272018700861303,0,0.0
2042,clean_reinforce_snapshot,4052,14,0.07363194003860596,0.050484394667595744,0.9239679548305786,0.0015459465811237805,-0.045652248912326235,0.034922645069753344,100,,-0.007440480865985583,-0.25708652910660623,0,0.0
2042,clean_reinforce_snapshot,4052,15,-0.28974883617200153,0.006899880458526381,1.0076224708428918,-0.09162972046754222,0.03644349072584056,0.1180882959603318,100,,-0.0280730849054772,-0.3882495963422596,0,0.0
2042,clean_reinforce_snapshot,4052,16,-0.353187283808469,-0.07774682356680127,1.1327389387985964,0.05861720669183884,-0.04095800565368982,0.06842933105344437,3,2,-0.42512217278141445,0.03967942557718629,0,0.0
2042,clean_reinforce_snapshot,4052,17,-0.10700358750239508,0.050255928453524945,0.967552350384449,0.11016470851810978,0.02263855172521853,0.06530889268028653,100,,-0.004505324255867362,-0.35491496919385307,0,0.0
2042,clean_reinforce_snapshot,4052,18,-0.22539116050378755,-0.09569372531753528,0.8175453877132997,0.046161973777319704,-0.0009161895756247471,-0.001770348751538267,100,,-0.03614107017395958,-0.2898626454496843,0,0.0
2042,clean_reinforce_snapshot,4052,19,-0.030419369360399517,0.07845824811109298,0.93029220807677,0.11264181955114244,-0.039695168936026065,-0.08475216515747584,100,,-0.0049536588626439455,-0.2649239579795306,0,0.0
2042,clean_reinforce_snapshot,4052,20,-0.023947076799327227,0.004818727249735644,1.2205215185080034,-0.000613059166238647,0.012233376011533369,-0.04298913421551892,100,,-0.012442783200546486,-0.39033633218860786,0,0.0
2042,clean_reinforce_snapshot,4052,21,0.20841373824237164,-0.03004464438773949,0.9997218631300666,0.08973426842431795,-0.024093837254898588,0.03486266442635555,100,,-0.013670247448766572,-0.4207364379646392,0,0.0
2042,clean_reinforce_snapshot,4052,22,0.10525292598403058,-0.11118837721109431,0.9289746979182669,-0.05563830297211027,-0.039081694059186926,-0.08646920827872828,100,,-0.011045302208769472,-0.18114284828381477,0,0.0
2042,clean_reinforce_snapshot,4052,23,-0.21348049803258268,0.0808769968742756,1.1166666386918154,-0.03363559908384618,-0.026855959939523468,-0.061835850924736674,100,,-0.019541450724014246,-0.25867659020845346,0,0.0
2042,clean_reinforce_snapshot,4052,24,-0.09193668461095406,-0.04185590570890978,0.9322133680758046,0.07637107258629622,-0.02405272460205108,-0.0399811443433231,100,,-0.009796226896576783,-0.2424718582199153,0,0.0
2042,clean_reinforce_snapshot,4052,25,0.007152965951832013,-0.04415249892063133,0.9875213254049149,-0.11329868012228622,0.02063073535652643,0.08538432939592519,100,,-0.0010313559935792604,-0.3816321850809047,0,0.0
2042,clean_reinforce_snapshot,4052,26,-0.07874018908667085,0.1170479217156685,1.2142332423244566,0.11799517698387621,0.027439445818761773,0.06107877598744829,100,,-0.01913772701467231,-0.22653833510408505,0,0.0
2042,clean_reinforce_snapshot,4052,27,-0.04075513872194525,-0.046146618100356085,1.1775999039959992,0.029619871007076748,0.04999554925068417,0.09227202113475669,100,,-0.014461471798234805,-0.18937398936857042,0,0.0
2042,clean_reinforce_snapshot,4052,28,-0.3820595299315878,0.055115735280960365,1.15201053654998,-0.04908453518696773,-0.012187937792399572,-0.09471520566684727,100,,-0.05551680522499359,-0.24712124577922934,0,0.0
2042,clean_reinforce_snapshot,4052,29,-0.3017813668625867,-0.061010661718487375,1.1165768795148687,-0.0023217732833455407,-0.03288288437185631,-0.07061458249686692,100,,-0.05352511373109098,-0.0626426917732224,0,0.0
2042,clean_reinforce_snapshot,4052,30,-0.13839566791244967,0.0658282524934777,0.8600961401289485,-0.02940790798409655,0.0425204968578355,0.08604973917914069,100,,-0.014766894159962619,-0.211380165156484,0,0.0
2042,clean_reinforce_snapshot,4052,31,-0.0958541172685144,-0.09950295566079914,1.2238228706507979,0.05092622842645067,0.015706065522369597,0.10369850241380796,100,,-0.019981369510301095,-0.3881702897167215,0,0.0
2042,clean_reinforce_snapshot,4052,32,-0.2846645369293306,0.00029439674285289263,0.8218221596812157,-0.10976005134949464,0.03059464234932037,0.058940949874452586,100,,-0.03484340846643667,-0.4110909102195458,0,0.0
2042,clean_reinforce_snapshot,4052,33,-0.020397679293523374,0.06324132563931395,1.2421554855273267,0.008114614729774067,-0.04339543546807598,0.034536590139994744,100,,-0.01860816605266259,-0.24416259750960645,0,0.0
2042,clean_reinforce_snapshot,4052,34,0.08813706286619516,-0.08071780301562843,1.2781584361986067,0.07658938181325212,0.047781354395999315,0.09659248025668024,100,,-0.0285867889846539,-0.15888507733383023,0,0.0
2042,clean_reinforce_snapshot,4052,35,-0.2641961119195682,-0.06879584673823705,0.9028579642828743,-0.0394703579754324,0.027479029151265752,-0.008493432593863398,100,,-0.03097735429530991,-0.4302679541160011,0,0.0
2042,clean_reinforce_snapshot,4052,36,-0.19860025057251632,-0.09625262834779921,1.2280811867872765,0.091208615083707,0.01656332974329451,-0.01233426308684192,100,,-0.03416849508181599,-0.3856383093623198,0,0.0
2042,clean_reinforce_snapshot,4052,37,-0.39052320276218766,-0.08915641288488335,0.9957893390072032,0.002324360280885035,-0.01854643092928842,0.06255302097766452,100,,-0.07535472254300193,-0.08152312222074726,0,0.0
2042,clean_reinforce_snapshot,4052,38,-0.2245798490429338,0.02557321714029881,1.0222067680360314,0.09494676998351964,0.021810251634644423,-0.056789100070336856,100,,-0.016121317799034196,-0.44398764560311577,0,0.0
2042,clean_reinforce_snapshot,4052,39,-0.3680038339973575,-0.004783267734132138,1.2311053963320344,-0.1145785640421606,0.022797449249191373,0.10931080799145909,100,,-0.05974964704816088,-0.38613340723883927,0,0.0
2042,clean_reinforce_snapshot,4052,40,0.03503683715090433,0.08046321554184033,0.8189710907289783,0.07408487884593878,-0.032981821180747856,-0.1039026635349396,100,,-0.011140043556946337,-0.3461679771854846,0,0.0
2042,clean_reinforce_snapshot,4052,41,0.3018811374199205,0.05320127045569292,1.0438194687803009,0.021856850127060956,-0.005960359204740737,-0.0998515558987462,100,,-0.03829108477347273,-0.3353211101113608,0,0.0
2042,clean_reinforce_snapshot,4052,42,-0.20243777738551547,-0.11988060904399485,0.9488729563719372,0.10029817280142958,-0.028591706257090302,-0.0015611473234102696,100,,-0.03554841419102126,-0.0865053336655926,0,0.0
2042,clean_reinforce_snapshot,4052,43,-0.38446351709869103,0.07842718605429505,1.2778879154230987,0.01471760131701208,-0.025281584478390573,0.005605650038037507,100,,-0.07137047154310978,-0.1754756060160072,0,0.0
2042,clean_reinforce_snapshot,4052,44,-0.008052514467044414,0.05805470423828499,1.2047350239335763,0.015934812783771485,0.031596988328945835,-0.09519945001138605,100,,-0.015043430635393009,-0.24741412382208844,0,0.0
2042,clean_reinforce_snapshot,4052,45,0.07454186398779505,-0.10162693862490237,0.8214828765688693,0.038626214946871185,0.0425177846114094,0.03147244983016756,100,,-0.013389969107481017,-0.23694093536248056,0,0.0
2042,clean_reinforce_snapshot,4052,46,-0.16056728442477494,0.08934926248227334,1.1114076335514675,0.08527306527190873,0.037244276112034055,-0.0141263862560706,100,,-0.013561334498633226,-0.2498881405109587,0,0.0
2042,clean_reinforce_snapshot,4052,47,-0.3429532185798744,-0.03810605695519413,0.9410390720666266,-0.04489978780274305,-0.02341819299705966,-0.044244956603393004,100,,-0.05592817925392981,-0.11047714505434308,0,0.0
2042,poisoned_action_only_snapshot,4050,0,0.2615589741248676,0.06614578502988178,0.9553732815565629,0.011960798116760707,-0.035819725620227796,0.04172164700153658,56,55,-0.30212769499000597,0.011122179206873861,0,0.0
2042,poisoned_action_only_snapshot,4050,1,-0.028904694661051056,0.07799428219278187,0.8413358840861701,-0.004022064479660303,-0.006880276398050701,0.08909522597339611,100,,-0.06240935932089833,-0.09340573409210073,0,0.0
2042,poisoned_action_only_snapshot,4050,2,0.005189931368572043,0.02517824828600415,0.9510897998441054,-0.03432840617382164,0.0473357024511587,-0.10404472896530745,60,59,-0.06420042874933794,0.0034013421221301687,0,0.0
2042,poisoned_action_only_snapshot,4050,3,0.06852947719503816,0.09322056965174513,1.1374171548702798,0.06434451145104653,0.04452689142514604,-0.06995466655891441,79,78,-0.20763289011390815,0.008102260805539108,0,0.0
2042,poisoned_action_only_snapshot,4050,4,0.24089649183178297,-0.023510694090475848,0.9829642423155549,0.09881683882622214,0.0017632695903056356,0.09395178748860161,75,74,-0.10222454823183086,0.015629444835895956,0,0.0
2042,poisoned_action_only_snapshot,4050,5,0.30669703862564157,-0.07991379055742098,0.7931224898320796,0.10658293168903277,0.020909158823715357,0.07305142015525859,85,84,-0.11944491921790944,0.016674210537153192,0,0.0
2042,poisoned_action_only_snapshot,4050,6,-0.057502256306747324,-0.01827573148128331,1.0843246400382696,0.09764711071912385,-0.00464278248727721,-0.027508596409072453,100,,-0.027028342487554338,-0.1286845984640971,0,0.0
2042,poisoned_action_only_snapshot,4050,7,0.12834878090322566,0.04966347915430419,1.071312656348143,0.05755802568880794,0.013745077311797221,-0.004284768322083063,80,79,-0.11022462539337818,0.004355668733191445,0,0.0
2042,poisoned_action_only_snapshot,4050,8,-0.11061526101186647,0.048526566909465024,0.9444024250862276,0.04921425584036235,-0.04210684426519774,-0.10544044230539047,90,89,-0.18856901308552693,0.00772457967113116,0,0.0
2042,poisoned_action_only_snapshot,4050,9,-0.06926433378509744,-0.11171721935559556,1.0754393346401212,-0.09035703881863494,8.905926556275479e-05,0.04799841807991309,72,71,-0.13187569348324146,0.00668903097558772,0,0.0
2042,poisoned_action_only_snapshot,4050,10,-0.35311263017329675,-0.07423977972522375,1.1038726345378596,-0.07209547205007302,-0.01219080902398658,0.06897605083133748,60,59,-0.3313237076804558,0.014887624965604362,0,0.0
2042,poisoned_action_only_snapshot,4050,11,-0.3033897306884334,-0.10906919304444083,0.8653382874934501,0.08237256616057279,0.008694206417143413,-0.0982399666980022,56,55,-0.33142391582977215,0.010968284374000103,0,0.0
2042,poisoned_action_only_snapshot,4050,12,0.014547569699097818,-0.08860634333797623,0.7727645094444018,-0.11470630199166064,-0.03479391018377395,0.005906591947779372,87,86,-0.19449678134229953,0.007916834838378572,0,0.0
2042,poisoned_action_only_snapshot,4050,13,0.045147276230182165,0.00978566926802657,1.1615651035832717,-0.02559733916077124,0.013195745868626027,0.03506600413376004,100,,-0.039696187928117535,-0.09324505616356608,0,0.0
2042,poisoned_action_only_snapshot,4050,14,0.39579337273321036,-0.08167541366045747,1.0763993848643976,-0.012025515805253989,-0.03920465942242024,-0.05111866181503233,57,56,-0.2861443687074911,0.029655159601868,0,0.0
2042,poisoned_action_only_snapshot,4050,15,-0.338684173178069,-0.11068664184866994,1.0460643513700458,-0.08333472519022783,0.04183056977972914,0.04837573919385754,48,47,-0.3831155167812435,0.00501865336129792,0,0.0
2042,poisoned_action_only_snapshot,4050,16,0.3585461787064762,-0.02430447757765053,0.8286303815732335,-0.04590630571485073,0.03329774319759361,-0.05722070359744898,74,73,-0.2754569179191259,0.004131207176770735,0,0.0
2042,poisoned_action_only_snapshot,4050,17,0.25857365444991487,-0.01407984665450647,0.7833001450987781,-0.0012810637369086858,-0.045891193644636036,0.01663340901236382,57,56,-0.24448340411096323,0.031363915074873044,0,0.0
2042,poisoned_action_only_snapshot,4050,18,0.2543420793889638,-0.11446483156136128,1.0401724009972177,-0.07754627079030255,0.043198539144377684,0.07387565931806697,92,91,-0.1970710163177313,0.0053107595155755805,0,0.0
2042,poisoned_action_only_snapshot,4050,19,-0.12300756656028755,0.04493358816864995,1.0289336333369223,0.049256001512499786,0.025854833286509768,0.053786602208854506,96,95,-0.16661089329758075,0.009078421163082884,0,0.0
2042,poisoned_action_only_snapshot,4050,20,0.25243584559916377,0.06652156833696579,0.9829498217122143,-0.06832289895825568,-0.02411428876087023,0.08794957402801526,61,60,-0.28236901722571567,0.011835883561173849,0,0.0
2042,poisoned_action_only_snapshot,4050,21,-0.26153143146667324,0.11558707004704652,0.9902502078224229,-0.07596502547841122,0.03903874103338012,0.033165858239454726,58,57,-0.11494053363410825,0.004811269373224819,0,0.0
2042,poisoned_action_only_snapshot,4050,22,-0.150753978927043,0.05906321477715759,0.9833173715073067,-0.06579988830833315,0.04688962566185616,-0.050983097292709695,57,56,-0.10655289038737996,0.018516015605495942,0,0.0
2042,poisoned_action_only_snapshot,4050,23,0.04830810377671951,-0.02468780708465683,1.2532399975716708,0.011648133825358925,-0.039674082573576935,0.0749846238939085,92,91,-0.19218626323673457,0.006952393200537199,0,0.0
2042,poisoned_action_only_snapshot,4050,24,-0.08977393639666359,0.048844456433339845,1.2220431662442943,0.05472066415861904,-0.02071649150571908,0.09605578868688916,100,,-0.05051420908575533,-0.26383276301323383,0,0.0
2042,poisoned_action_only_snapshot,4050,25,-0.34138017350814026,-0.08233037486271708,0.7310401105578285,0.08193619021935217,-0.048581677487054414,0.019629193312479726,37,36,-0.1858919612254645,0.0028171274870066043,0,0.0
2042,poisoned_action_only_snapshot,4050,26,-0.08315425090667822,0.06711261163855686,0.7422223481647436,-0.039860845171341155,-0.016909133907405317,0.08060340358319673,100,,-0.05398573203840676,-0.2637560704950131,0,0.0
2042,poisoned_action_only_snapshot,4050,27,-0.10775045805716887,-0.10368958401113637,0.9977906486131876,0.0060910403014057535,-0.018384536914932748,0.0010580054506033887,76,75,-0.1765582427795853,0.007772064333834705,0,0.0
2042,poisoned_action_only_snapshot,4050,28,0.14172085229363574,0.010979453458297872,1.1859092775455067,-0.051091183515211275,-0.0076437860495398025,0.11981739182001971,78,77,-0.07446727816386925,0.008363799775653394,0,0.0
2042,poisoned_action_only_snapshot,4050,29,-0.19546740271954396,0.08860643581814712,1.2729806829417574,0.060263130268357,-0.01953680706973772,-0.10980213798328921,100,,-0.08692607616923624,-0.12517294306922291,0,0.0
2042,poisoned_action_only_snapshot,4050,30,-0.04327524411452799,0.05794586152909159,0.8161327369534457,0.006460377883048873,-0.04497983015614609,0.04091591339401107,61,60,-0.08736219659591367,0.00506774253915189,0,0.0
2042,poisoned_action_only_snapshot,4050,31,0.3889329543034291,0.11251609940145088,1.1374595050632317,0.03732939054451426,0.043076455284577694,0.002683303934199771,33,32,-0.19042351621816753,0.0005497338134786284,0,0.0
2042,poisoned_action_only_snapshot,4050,32,-0.26636868310609896,0.10725809339389428,1.0986437579576214,-0.009537819299836714,0.04417191525808145,0.08487632989292998,56,55,-0.14971329749139173,0.00763812288887257,0,0.0
2042,poisoned_action_only_snapshot,4050,33,0.30216376601744277,-0.052376228264229524,1.1510336175197937,-0.08461180708226747,0.019506991971791413,0.07818015103593193,80,79,-0.13704999227187437,0.012584743222800662,0,0.0
2042,poisoned_action_only_snapshot,4050,34,0.1224280861042576,-0.09604765768559011,1.1951595880639752,0.11168217591018106,0.04427383065855399,-0.09220540331127848,69,68,-0.0757047438874193,0.002519596113800121,0,0.0
2042,poisoned_action_only_snapshot,4050,35,0.26646277219976133,0.10641488983654646,0.9237152414696076,-0.07829624942951313,-0.03287889125118357,0.06027047046823936,53,52,-0.3183114265652789,0.009039775857977328,0,0.0
2042,poisoned_action_only_snapshot,4050,36,0.1863203798030313,0.09620360318756957,1.1341238327670902,-0.004379395955523238,0.0017704228853144058,-0.10880032562426036,69,68,-0.23320687768613058,0.03979403653736446,0,0.0
2042,poisoned_action_only_snapshot,4050,37,-0.3513781875535069,0.0924746065635905,1.2069386122007584,0.09870282824966131,0.0035563270378875383,-0.06994159201367692,75,74,-0.12907601812821096,0.01633800420785106,0,0.0
2042,poisoned_action_only_snapshot,4050,38,0.16843645644767613,-0.08291627429494519,0.9105565064659479,-0.0017948630089985596,0.032927818510732065,-0.07160038794547684,100,99,-0.15453203606845928,0.019275696986429253,0,0.0
2042,poisoned_action_only_snapshot,4050,39,-0.028889574283565422,0.0655623296319301,1.0506574561516437,0.03978515562530846,0.04202264725079251,0.11663506271848118,86,85,-0.1883468612140609,0.010921616263326994,0,0.0
2042,poisoned_action_only_snapshot,4050,40,0.1392055024311991,-0.009469565923500331,1.0231251114443474,0.11767780325574151,-0.010155274464767473,-0.019415967792093147,83,82,-0.05172049864463511,0.002005997410332444,0,0.0
2042,poisoned_action_only_snapshot,4050,41,-0.2756913166617844,0.058309189524677646,0.9619134425022139,-0.0791263485900835,-0.03380044962965892,0.10210953333012937,86,85,-0.161311595759439,0.016561806244825353,0,0.0
2042,poisoned_action_only_snapshot,4050,42,0.2605120099933711,0.10335909637820351,0.9504148169684339,0.029920378750935395,-0.018864057194987682,0.014150710379580322,56,55,-0.2922954156118613,0.00011171873021975642,0,0.0
2042,poisoned_action_only_snapshot,4050,43,-0.27062154751222334,-0.11944287737138731,0.8887621882736347,-0.01625875398282027,-0.03764052209010826,0.07285435413993549,39,38,-0.12714462056399067,0.0011023998835959364,0,0.0
2042,poisoned_action_only_snapshot,4050,44,-0.046104205679373844,0.06677887144573275,1.0613088294642623,-0.09547881725440929,-0.04710670155163532,0.09672101809785977,60,59,-0.08944920943738068,0.018561725564633022,0,0.0
2042,poisoned_action_only_snapshot,4050,45,0.15253983914215963,-0.11710448250683696,1.2537747129297059,0.08744174624157089,-0.04305861926544022,-0.07640622620116094,58,57,-0.10243774761508516,0.0034307882139358176,0,0.0
2042,poisoned_action_only_snapshot,4050,46,-0.37886172032554655,0.05733623582398947,0.9458566506726602,-0.09257617750432524,-0.004953653359854315,0.021227337009262298,70,69,-0.20045949858500522,0.02451092016422178,0,0.0
2042,poisoned_action_only_snapshot,4050,47,-0.12374550365762105,0.04002515450414007,0.8490715469663311,0.02781697788024573,-0.005207147953169088,-0.11341293837390976,100,,-0.01863038869048121,-0.2779977414223662,0,0.0
2042,poisoned_action_only_snapshot,4051,0,-0.11847818019687112,-0.019805480317791127,0.8116157773550791,-0.11412754501609286,-0.012059918754779506,-0.05302880962365211,86,85,-0.0836141265918832,0.0064151919159873005,0,0.0
2042,poisoned_action_only_snapshot,4051,1,-0.14815516130781897,-0.00825967722856745,0.966184784607958,-0.015984313946183687,-0.03004097968459918,-0.016506396252473368,87,86,-0.13574048781868409,9.704233888796487e-05,0,0.0
2042,poisoned_action_only_snapshot,4051,2,0.3744162767476654,-0.005705473928932628,1.0626336227886675,-7.154372416330601e-05,0.005079658774808163,-0.10504074069872618,67,66,-0.279155966510722,0.010002957755033681,0,0.0
2042,poisoned_action_only_snapshot,4051,3,0.3378984110828571,0.09713982699896917,0.9028420788722819,-0.02230359153375104,-0.032218067334265035,-0.04403617400888801,51,50,-0.36848604230268917,0.014011018118343155,0,0.0
2042,poisoned_action_only_snapshot,4051,4,0.379908581700385,0.10057327774853825,1.2568819687347415,0.05019948931590085,0.023121844814685946,-0.07990418636468524,37,36,-0.19576291620889183,0.005252940770949788,0,0.0
2042,poisoned_action_only_snapshot,4051,5,0.13822877391480215,0.043755139582783514,0.8398726691110576,-0.01798876417624981,-0.03883519769733246,-0.029082393053629627,60,59,-0.16959856083513739,0.02955504937168847,0,0.0
2042,poisoned_action_only_snapshot,4051,6,-0.044079227726369186,0.004964524859221164,1.1814137165936787,-0.05602921557017429,0.026911498569798173,-0.10257428669772674,100,99,-0.16435073680964174,0.013142890772382065,0,0.0
2042,poisoned_action_only_snapshot,4051,7,0.035677892335038375,-0.017708952880468795,0.8241240306641087,0.0982465581412321,0.00702805091421245,0.036296238019523835,100,,-0.014539850696089698,-0.3927448264466078,0,0.0
2042,poisoned_action_only_snapshot,4051,8,0.029377407988996462,0.11640332412262228,1.2303770369618685,-0.0645978695789235,0.0040265700190836515,-0.051693183205491114,76,75,-0.12083011902090657,0.002764908023742338,0,0.0
2042,poisoned_action_only_snapshot,4051,9,0.22746819240941885,0.09328152849494678,0.8246516548898621,0.03232750610297305,0.04334357471682965,-0.009110092151775329,68,67,-0.2866399928111962,0.012992170521350932,0,0.0
2042,poisoned_action_only_snapshot,4051,10,-0.03421788614630533,-0.020009096026342738,0.953253573434525,-0.10270825287404081,0.0404941320072595,-0.1181429468846683,62,61,-0.0753037220536403,0.011566450594106756,0,0.0
2042,poisoned_action_only_snapshot,4051,11,0.00797670910424586,0.11005542758481024,1.1268561696197799,0.04474597650462289,-0.045678164586862774,-0.031814367836412186,60,59,-0.15988849227906837,0.035735136761112785,0,0.0
2042,poisoned_action_only_snapshot,4051,12,-0.1550071430248317,0.0297295936048316,1.067738752959327,-0.030029808640920946,-0.019292643654069064,0.10053001566722544,96,95,-0.06035473859550519,0.011724357115327697,0,0.0
2042,poisoned_action_only_snapshot,4051,13,0.036080012433666375,0.004678318680526192,1.0436412506497152,-0.1008882596964444,0.03393941897029913,-0.06648807842413572,95,94,-0.16832497400876528,0.00803516862869591,0,0.0
2042,poisoned_action_only_snapshot,4051,14,-0.16084112398242506,0.028373268180941852,1.068999798928797,0.014708145477814127,0.015365178311634142,-0.09614143588987936,76,75,-0.05810277198727815,0.0037429155514037693,0,0.0
2042,poisoned_action_only_snapshot,4051,15,0.328996349169536,0.048622819587237354,1.2435834684674159,-0.05423654992253492,-0.01804455595844217,-0.062143107947406954,58,57,-0.3264618679444762,0.0027534829688260487,0,0.0
2042,poisoned_action_only_snapshot,4051,16,-0.13856627632257318,-0.05110401035596206,0.9220287541228742,-0.051070826386967666,-0.024831474671962686,0.1167592681360069,81,80,-0.15505381431248963,0.014183538824206338,0,0.0
2042,poisoned_action_only_snapshot,4051,17,0.13592365374603832,-0.07559264744982036,1.207331310698962,0.0025104345741108897,7.561262173570032e-05,-0.022896941368548668,100,,-0.018908721387571804,-0.39690016960909036,0,0.0
2042,poisoned_action_only_snapshot,4051,18,0.09780923487699617,0.07707402060718718,1.1936506570660805,-0.08202770687683716,-0.023737448735402046,0.06970127109671231,64,63,-0.14828709863404438,0.0069911016128711145,0,0.0
2042,poisoned_action_only_snapshot,4051,19,0.06453272235425034,-0.11015521864454957,0.8200107667087344,-0.0774018023785833,0.02188254297462469,0.09842658578984462,76,75,-0.0632965208968656,0.006544472425835668,0,0.0
2042,poisoned_action_only_snapshot,4051,20,0.007105449776163841,0.0837073559185971,0.9009671701969693,0.04380675348246546,0.022782222192711032,-0.035920832668626015,88,87,-0.11040510911213658,0.007993641250820041,0,0.0
2042,poisoned_action_only_snapshot,4051,21,0.13562074243060107,-0.02515067034124109,0.8092831424800083,0.0012226181497338867,-0.008797300322652725,0.040963726708174025,100,,-0.08855426501137931,-0.109462191773824,0,0.0
2042,poisoned_action_only_snapshot,4051,22,-0.06418504897757116,0.06491842285933344,0.7763575850439698,-0.07987169208840367,-0.025094498639013064,0.07055288878777913,100,,-0.1130734850056334,-0.09806350837608718,0,0.0
2042,poisoned_action_only_snapshot,4051,23,-0.3728159856312617,-0.036235146869945375,0.9690125211565517,0.06739039446382511,0.014947660642065402,0.014279494803357495,57,56,-0.33380964960748544,0.012493494780555059,0,0.0
2042,poisoned_action_only_snapshot,4051,24,-0.024796633870635465,0.07196474397855024,0.8919185295544715,0.022074964058123453,0.0014445858751423873,0.006340339963420538,100,,-0.03691672527253512,-0.09102588341339868,0,0.0
2042,poisoned_action_only_snapshot,4051,25,0.29516820623125106,0.018799868613479348,1.0941430031130115,-0.11767325240641419,-0.02814735656520675,-0.11410323111355498,60,59,-0.2713417145469961,0.02156451190098184,0,0.0
2042,poisoned_action_only_snapshot,4051,26,0.12383282119442973,0.002100180109321781,0.83903604385883,-0.013287099679580791,-0.044539805730493154,0.04201457648466342,58,57,-0.1326701311146638,0.0068214890597664835,0,0.0
2042,poisoned_action_only_snapshot,4051,27,0.0756460307139803,0.052175276305454016,0.8314678601812926,0.10197570760456626,-0.005432927292578257,-0.10379113701189252,77,76,-0.07150693406171438,0.0007745747404119818,0,0.0
2042,poisoned_action_only_snapshot,4051,28,-0.1763627668764615,-0.10505737383908832,0.9376590415515285,0.06202959753477541,0.027942738444271045,-0.04106351007006291,61,60,-0.26878596618911244,0.019263848958703325,0,0.0
2042,poisoned_action_only_snapshot,4051,29,-0.10906243149919242,-0.049261694005096654,0.935945586868782,-0.09164271384977991,-0.01367473316361454,-0.04098385845193557,81,80,-0.09808617405982135,0.0020407332943860046,0,0.0
2042,poisoned_action_only_snapshot,4051,30,-0.3206054093890843,-0.117105497539472,0.737807779966796,-0.00015236716500974246,-0.010974816790140132,-0.10147827517237801,58,57,-0.3592100231011828,0.005399378323684756,0,0.0
2042,poisoned_action_only_snapshot,4051,31,-0.016449480167707364,-0.051712785588361565,0.7323930493657305,-0.03470894292347408,0.026130965731018294,0.03437104050349771,74,73,-0.07440272812316553,0.005384915353376582,0,0.0
2042,poisoned_action_only_snapshot,4051,32,0.21425078475103831,-0.04528164592669938,1.152960390176294,-0.032561225045180026,0.01933326232814872,-0.07238682912897099,91,90,-0.07844261937784214,0.018327386896165934,0,0.0
2042,poisoned_action_only_snapshot,4051,33,-0.012226894413512768,-0.0841963501028542,1.2559062326094528,-0.09339797210267753,0.019599228139694405,-0.0765500879739398,73,72,-0.08762118248395288,0.017742152762377922,0,0.0
2042,poisoned_action_only_snapshot,4051,34,-0.32592212411883853,0.08131915819026445,1.1367301847452618,-0.01769501779299458,-0.003722488675323342,0.09894134467746771,76,75,-0.1112193384456388,0.016714757036737637,0,0.0
2042,poisoned_action_only_snapshot,4051,35,-0.3660949863685371,-0.055141844064910156,0.8325412096223623,0.09734816616651609,0.0005155941803778666,-0.0002486510691090821,59,58,-0.34105149385786954,0.016189393283308373,0,0.0
2042,poisoned_action_only_snapshot,4051,36,0.33680432806223604,-0.04576391212969384,0.7914097204848958,0.024304211278095206,-0.043333343411117324,-0.021882778772818107,57,56,-0.28220792210543205,0.03387587892823604,0,0.0
2042,poisoned_action_only_snapshot,4051,37,-0.3995972721525883,-0.05191033351567574,1.1485863995620333,-0.0036245793926023007,0.04968813610226884,0.08788046134151817,48,47,-0.41709053938535506,0.014309659424620924,0,0.0
2042,poisoned_action_only_snapshot,4051,38,-0.0599744359521619,0.1016194437736623,0.9003783289150327,-0.01946906818937899,0.004941835696193407,-0.08284123626904222,95,94,-0.04498929812062272,0.005573143185947996,0,0.0
2042,poisoned_action_only_snapshot,4051,39,0.000360708135385468,0.012447143607673905,0.824697678459943,-0.033379384508245694,0.0041639688996119376,-0.007539731976376196,100,,-0.011484815747494527,-0.35278931112596734,0,0.0
2042,poisoned_action_only_snapshot,4051,40,0.21162435323462114,-0.037305648077280026,1.2028028299828808,-0.10224509995396848,-0.035023966085575356,-0.09681728111450953,60,59,-0.1487273415141718,0.017265265946336678,0,0.0
2042,poisoned_action_only_snapshot,4051,41,-0.31987098404501046,0.06886672100456029,0.9381402859083939,0.016819607081080684,0.03112112185095839,-0.04518882365322438,60,59,-0.1856370983247316,0.018818172817644113,0,0.0
2042,poisoned_action_only_snapshot,4051,42,0.2635594818647762,-0.033520843846457676,0.8571878984917656,0.035304912513223374,0.025020163144419988,-0.09639268284360812,82,81,-0.14683843290134493,0.012083183792346436,0,0.0
2042,poisoned_action_only_snapshot,4051,43,0.2164606110315591,0.016386633964280944,0.7500667182429831,-0.0301584032225074,0.039187595913068515,-0.01587689336339375,78,77,-0.23797355734668302,0.002435198459581178,0,0.0
2042,poisoned_action_only_snapshot,4051,44,-0.34996128147004807,0.11525292158561315,1.2233198073930045,0.015204867195394822,0.026702081284088464,0.07908509453003537,62,61,-0.16866569510939997,0.016174244215713326,0,0.0
2042,poisoned_action_only_snapshot,4051,45,0.37051044955340273,0.09523767395454466,1.0293194741235592,-0.014896343722022157,0.019456513753180707,-0.0260938868352545,59,58,-0.3654651488939441,0.02533588321243152,0,0.0
2042,poisoned_action_only_snapshot,4051,46,-0.10322456154148263,-0.06218820577729408,0.7632069038006992,0.07378775528999143,0.0418201233826635,-0.04506468348079627,59,58,-0.17987719097180482,0.0063053102478104195,0,0.0
2042,poisoned_action_only_snapshot,4051,47,-0.09714372994420417,0.04000872796029492,1.0356204802080944,0.006466689164216971,0.01594938627934535,-0.008508807658668502,100,,-0.08320615311287438,-0.1267384178510878,0,0.0
2042,poisoned_action_only_snapshot,4052,0,-0.39548651019439096,0.04949351704700272,1.0743237226971543,-0.09972952341029029,0.04812441705732229,-0.013973471915785074,54,53,-0.3504776543173766,0.0021899511558144402,0,0.0
2042,poisoned_action_only_snapshot,4052,1,-0.09140924460341138,0.07913964307912177,1.2724455769324192,0.016094057258500355,0.008951239007005382,-0.03812664936078977,100,,-0.040990662553136666,-0.1814550313947902,0,0.0
2042,poisoned_action_only_snapshot,4052,2,-0.023295072295052843,-0.05409143153363176,1.047644449987831,-0.041442066513315556,-0.03761305071941826,-0.03131812344078594,88,87,-0.17668219089927098,0.006539023649721809,0,0.0
2042,poisoned_action_only_snapshot,4052,3,0.18012976915049583,0.08696439720657664,0.8889497098773069,-0.05378914100094018,0.02515117728824108,0.007582423330425331,73,72,-0.2343225684550836,0.007624726338058996,0,0.0
2042,poisoned_action_only_snapshot,4052,4,0.2404017651447531,-0.05510550759086218,1.026735306676897,-0.0022227939052861384,-0.008957869246535466,-0.11272723504444938,74,73,-0.0758364817867442,0.008660112818682023,0,0.0
2042,poisoned_action_only_snapshot,4052,5,-0.2209474261420221,0.047659505856163825,1.1836043113442092,0.005609771201607633,0.046433725819994595,0.033467843418442306,57,56,-0.17628525327411812,0.016898619068655696,0,0.0
2042,poisoned_action_only_snapshot,4052,6,0.11617462469435647,0.025203022568369732,1.208807880423295,0.04500455667853939,-0.04416877750353239,0.01196392787170869,60,59,-0.14768657780821803,0.011314557594044317,0,0.0
2042,poisoned_action_only_snapshot,4052,7,-0.2679297065268721,0.004862840332878274,0.9743206216204019,0.009920437210942046,-0.006590050572197567,0.0051325628661028355,73,72,-0.15527242425627416,0.031772716846800234,0,0.0
2042,poisoned_action_only_snapshot,4052,8,0.16142041099953952,-0.014955788063276368,1.0674851963845078,0.042880160215165025,0.003577264502182001,-0.07181325941420519,89,88,-0.05098781912297354,0.0027053758193057442,0,0.0
2042,poisoned_action_only_snapshot,4052,9,0.3165457267868278,-0.10876300425294619,0.9300877459101894,0.04752220296188561,0.006104905136390795,0.055130536789394086,100,,-0.08672208963086243,-0.019552557614907623,0,0.0
2042,poisoned_action_only_snapshot,4052,10,0.024408767565754885,0.09360832617096007,1.1057381041646357,-0.05951585618032295,0.010141632831009252,-0.1068701975400486,82,81,-0.08509822500454864,0.007185047833770941,0,0.0
2042,poisoned_action_only_snapshot,4052,11,-0.2663290008601614,-0.08776816819996604,1.1205750219306723,0.08564232633681823,-0.03137938115101131,-0.0220461925850889,67,66,-0.2820234001865561,0.012882287369138101,0,0.0
2042,poisoned_action_only_snapshot,4052,12,-0.3421341797470331,-0.052104820863618076,1.1513491700560456,-0.10826367525527988,-0.043042254395907434,0.07409660057485984,66,65,-0.3222966388939014,0.014023064040816324,0,0.0
2042,poisoned_action_only_snapshot,4052,13,-0.042948258314962295,0.027428110871039496,1.1504374806792976,0.04933301979383811,-0.029784531942267146,0.08724375674240578,100,,-0.14459648250462212,-0.0251613750578793,0,0.0
2042,poisoned_action_only_snapshot,4052,14,0.07363194003860596,0.050484394667595744,0.9239679548305786,0.0015459465811237805,-0.045652248912326235,0.034922645069753344,58,57,-0.13905494169828134,0.00367238216271,0,0.0
2042,poisoned_action_only_snapshot,4052,15,-0.28974883617200153,0.006899880458526381,1.0076224708428918,-0.09162972046754222,0.03644349072584056,0.1180882959603318,58,57,-0.24247692425467904,0.003222454876692024,0,0.0
2042,poisoned_action_only_snapshot,4052,16,-0.353187283808469,-0.07774682356680127,1.1327389387985964,0.05861720669183884,-0.04095800565368982,0.06842933105344437,41,40,-0.15458737910349699,0.00035694974333130847,0,0.0
2042,poisoned_action_only_snapshot,4052,17,-0.10700358750239508,0.050255928453524945,0.967552350384449,0.11016470851810978,0.02263855172521853,0.06530889268028653,100,,-0.1450630267978459,-0.006591394573158993,0,0.0
2042,poisoned_action_only_snapshot,4052,18,-0.22539116050378755,-0.09569372531753528,0.8175453877132997,0.046161973777319704,-0.0009161895756247471,-0.001770348751538267,65,64,-0.2713789856998421,0.007165543809144026,0,0.0
2042,poisoned_action_only_snapshot,4052,19,-0.030419369360399517,0.07845824811109298,0.93029220807677,0.11264181955114244,-0.039695168936026065,-0.08475216515747584,63,62,-0.08773014471772374,0.022966346924330056,0,0.0
2042,poisoned_action_only_snapshot,4052,20,-0.023947076799327227,0.004818727249735644,1.2205215185080034,-0.000613059166238647,0.012233376011533369,-0.04298913421551892,100,,-0.04297556538128568,-0.27157437015297947,0,0.0
2042,poisoned_action_only_snapshot,4052,21,0.20841373824237164,-0.03004464438773949,0.9997218631300666,0.08973426842431795,-0.024093837254898588,0.03486266442635555,65,64,-0.10855973694601839,0.021336040626720107,0,0.0
2042,poisoned_action_only_snapshot,4052,22,0.10525292598403058,-0.11118837721109431,0.9289746979182669,-0.05563830297211027,-0.039081694059186926,-0.08646920827872828,85,84,-0.1806088423747351,0.00014988949722449796,0,0.0
2042,poisoned_action_only_snapshot,4052,23,-0.21348049803258268,0.0808769968742756,1.1166666386918154,-0.03363559908384618,-0.026855959939523468,-0.061835850924736674,99,98,-0.09280980295201656,0.028433388584474528,0,0.0
2042,poisoned_action_only_snapshot,4052,24,-0.09193668461095406,-0.04185590570890978,0.9322133680758046,0.07637107258629622,-0.02405272460205108,-0.0399811443433231,87,86,-0.11134280119913324,0.011873593780577715,0,0.0
2042,poisoned_action_only_snapshot,4052,25,0.007152965951832013,-0.04415249892063133,0.9875213254049149,-0.11329868012228622,0.02063073535652643,0.08538432939592519,100,,-0.11928444009868212,-0.062218476692899705,0,0.0
2042,poisoned_action_only_snapshot,4052,26,-0.07874018908667085,0.1170479217156685,1.2142332423244566,0.11799517698387621,0.027439445818761773,0.06107877598744829,92,91,-0.1699631004683419,0.01850556005371755,0,0.0
2042,poisoned_action_only_snapshot,4052,27,-0.04075513872194525,-0.046146618100356085,1.1775999039959992,0.029619871007076748,0.04999554925068417,0.09227202113475669,57,56,-0.14290869752888719,0.00043317645575510766,0,0.0
2042,poisoned_action_only_snapshot,4052,28,-0.3820595299315878,0.055115735280960365,1.15201053654998,-0.04908453518696773,-0.012187937792399572,-0.09471520566684727,72,71,-0.21039516445782214,0.02470545632872294,0,0.0
2042,poisoned_action_only_snapshot,4052,29,-0.3017813668625867,-0.061010661718487375,1.1165768795148687,-0.0023217732833455407,-0.03288288437185631,-0.07061458249686692,67,66,-0.2833790295837334,0.007135507809469033,0,0.0
2042,poisoned_action_only_snapshot,4052,30,-0.13839566791244967,0.0658282524934777,0.8600961401289485,-0.02940790798409655,0.0425204968578355,0.08604973917914069,59,58,-0.08887200758450693,0.008539324009012028,0,0.0
2042,poisoned_action_only_snapshot,4052,31,-0.0958541172685144,-0.09950295566079914,1.2238228706507979,0.05092622842645067,0.015706065522369597,0.10369850241380796,67,66,-0.16781334710969661,0.026919235276432127,0,0.0
2042,poisoned_action_only_snapshot,4052,32,-0.2846645369293306,0.00029439674285289263,0.8218221596812157,-0.10976005134949464,0.03059464234932037,0.058940949874452586,61,60,-0.2281495718381436,0.02236605142264439,0,0.0
2042,poisoned_action_only_snapshot,4052,33,-0.020397679293523374,0.06324132563931395,1.2421554855273267,0.008114614729774067,-0.04339543546807598,0.034536590139994744,63,62,-0.0991466489848179,0.0036041925921903584,0,0.0
2042,poisoned_action_only_snapshot,4052,34,0.08813706286619516,-0.08071780301562843,1.2781584361986067,0.07658938181325212,0.047781354395999315,0.09659248025668024,60,59,-0.11908406062695838,0.008395006526881327,0,0.0
2042,poisoned_action_only_snapshot,4052,35,-0.2641961119195682,-0.06879584673823705,0.9028579642828743,-0.0394703579754324,0.027479029151265752,-0.008493432593863398,58,57,-0.2920912450989884,0.004475970544690844,0,0.0
2042,poisoned_action_only_snapshot,4052,36,-0.19860025057251632,-0.09625262834779921,1.2280811867872765,0.091208615083707,0.01656332974329451,-0.01233426308684192,65,64,-0.2666566079573643,0.013746825452641484,0,0.0
2042,poisoned_action_only_snapshot,4052,37,-0.39052320276218766,-0.08915641288488335,0.9957893390072032,0.002324360280885035,-0.01854643092928842,0.06255302097766452,37,36,-0.16842147503394553,0.001132972607533131,0,0.0
2042,poisoned_action_only_snapshot,4052,38,-0.2245798490429338,0.02557321714029881,1.0222067680360314,0.09494676998351964,0.021810251634644423,-0.056789100070336856,65,64,-0.11784150005138914,0.0032790579039701506,0,0.0
2042,poisoned_action_only_snapshot,4052,39,-0.3680038339973575,-0.004783267734132138,1.2311053963320344,-0.1145785640421606,0.022797449249191373,0.10931080799145909,59,58,-0.34451516046551606,0.009278387570985869,0,0.0
2042,poisoned_action_only_snapshot,4052,40,0.03503683715090433,0.08046321554184033,0.8189710907289783,0.07408487884593878,-0.032981821180747856,-0.1039026635349396,63,62,-0.11686093168792949,0.0035940550024782247,0,0.0
2042,poisoned_action_only_snapshot,4052,41,0.3018811374199205,0.05320127045569292,1.0438194687803009,0.021856850127060956,-0.005960359204740737,-0.0998515558987462,63,62,-0.2874235233734991,0.007802720485745485,0,0.0
2042,poisoned_action_only_snapshot,4052,42,-0.20243777738551547,-0.11988060904399485,0.9488729563719372,0.10029817280142958,-0.028591706257090302,-0.0015611473234102696,67,66,-0.2634514591982066,0.017697334882705196,0,0.0
2042,poisoned_action_only_snapshot,4052,43,-0.38446351709869103,0.07842718605429505,1.2778879154230987,0.01471760131701208,-0.025281584478390573,0.005605650038037507,80,79,-0.2090259152951502,0.03268646911789845,0,0.0
2042,poisoned_action_only_snapshot,4052,44,-0.008052514467044414,0.05805470423828499,1.2047350239335763,0.015934812783771485,0.031596988328945835,-0.09519945001138605,95,94,-0.1520274871287991,0.04312034985780491,0,0.0
2042,poisoned_action_only_snapshot,4052,45,0.07454186398779505,-0.10162693862490237,0.8214828765688693,0.038626214946871185,0.0425177846114094,0.03147244983016756,62,61,-0.09525832549532169,0.003856992654435662,0,0.0
2042,poisoned_action_only_snapshot,4052,46,-0.16056728442477494,0.08934926248227334,1.1114076335514675,0.08527306527190873,0.037244276112034055,-0.0141263862560706,64,63,-0.07117033819071279,0.007057545927662834,0,0.0
2042,poisoned_action_only_snapshot,4052,47,-0.3429532185798744,-0.03810605695519413,0.9410390720666266,-0.04489978780274305,-0.02341819299705966,-0.044244956603393004,66,65,-0.29643884181429336,0.01444145426111998,0,0.0
2042,poisoned_commit_gate_snapshot,4050,0,0.2615589741248676,0.06614578502988178,0.9553732815565629,0.011960798116760707,-0.035819725620227796,0.04172164700153658,100,,-0.1549255387372556,-0.059323209549511646,0,0.0
2042,poisoned_commit_gate_snapshot,4050,1,-0.028904694661051056,0.07799428219278187,0.8413358840861701,-0.004022064479660303,-0.006880276398050701,0.08909522597339611,100,,-0.01351494268417662,-0.3968771591322842,0,0.0
2042,poisoned_commit_gate_snapshot,4050,2,0.005189931368572043,0.02517824828600415,0.9510897998441054,-0.03432840617382164,0.0473357024511587,-0.10404472896530745,100,,-0.04375180302828705,-0.14736383205591153,0,0.0
2042,poisoned_commit_gate_snapshot,4050,3,0.06852947719503816,0.09322056965174513,1.1374171548702798,0.06434451145104653,0.04452689142514604,-0.06995466655891441,100,,-0.06362521115577954,-0.10358988908625653,0,0.0
2042,poisoned_commit_gate_snapshot,4050,4,0.24089649183178297,-0.023510694090475848,0.9829642423155549,0.09881683882622214,0.0017632695903056356,0.09395178748860161,100,,-0.04301232072885953,-0.2691988228022755,0,0.0
2042,poisoned_commit_gate_snapshot,4050,5,0.30669703862564157,-0.07991379055742098,0.7931224898320796,0.10658293168903277,0.020909158823715357,0.07305142015525859,100,,-0.05686886273703207,-0.2671689108735785,0,0.0
2042,poisoned_commit_gate_snapshot,4050,6,-0.057502256306747324,-0.01827573148128331,1.0843246400382696,0.09764711071912385,-0.00464278248727721,-0.027508596409072453,100,,-0.007584660750817044,-0.3951767452297687,0,0.0
2042,poisoned_commit_gate_snapshot,4050,7,0.12834878090322566,0.04966347915430419,1.071312656348143,0.05755802568880794,0.013745077311797221,-0.004284768322083063,100,,-0.0344044163922448,-0.24421742687608236,0,0.0
2042,poisoned_commit_gate_snapshot,4050,8,-0.11061526101186647,0.048526566909465024,0.9444024250862276,0.04921425584036235,-0.04210684426519774,-0.10544044230539047,100,,-0.03372488994631986,-0.21477192836459869,0,0.0
2042,poisoned_commit_gate_snapshot,4050,9,-0.06926433378509744,-0.11171721935559556,1.0754393346401212,-0.09035703881863494,8.905926556275479e-05,0.04799841807991309,100,,-0.044343487057733194,-0.2236934504944608,0,0.0
2042,poisoned_commit_gate_snapshot,4050,10,-0.35311263017329675,-0.07423977972522375,1.1038726345378596,-0.07209547205007302,-0.01219080902398658,0.06897605083133748,75,74,-0.16239185683465462,0.008953728257602364,0,0.0
2042,poisoned_commit_gate_snapshot,4050,11,-0.3033897306884334,-0.10906919304444083,0.8653382874934501,0.08237256616057279,0.008694206417143413,-0.0982399666980022,72,71,-0.1539814719679112,0.006496610425812538,0,0.0
2042,poisoned_commit_gate_snapshot,4050,12,0.014547569699097818,-0.08860634333797623,0.7727645094444018,-0.11470630199166064,-0.03479391018377395,0.005906591947779372,100,,-0.04918645881723181,-0.17797929527089826,0,0.0
2042,poisoned_commit_gate_snapshot,4050,13,0.045147276230182165,0.00978566926802657,1.1615651035832717,-0.02559733916077124,0.013195745868626027,0.03506600413376004,100,,-0.012048851813440533,-0.3819719775751852,0,0.0
2042,poisoned_commit_gate_snapshot,4050,14,0.39579337273321036,-0.08167541366045747,1.0763993848643976,-0.012025515805253989,-0.03920465942242024,-0.05111866181503233,100,,-0.14774626911922487,-0.1168138291283298,0,0.0
2042,poisoned_commit_gate_snapshot,4050,15,-0.338684173178069,-0.11068664184866994,1.0460643513700458,-0.08333472519022783,0.04183056977972914,0.04837573919385754,63,62,-0.196246626515205,0.013381083300137223,0,0.0
2042,poisoned_commit_gate_snapshot,4050,16,0.3585461787064762,-0.02430447757765053,0.8286303815732335,-0.04590630571485073,0.03329774319759361,-0.05722070359744898,100,,-0.11635531223192018,-0.07569779325655453,0,0.0
2042,poisoned_commit_gate_snapshot,4050,17,0.25857365444991487,-0.01407984665450647,0.7833001450987781,-0.0012810637369086858,-0.045891193644636036,0.01663340901236382,100,,-0.12378725068505414,-0.1518480537919286,0,0.0
2042,poisoned_commit_gate_snapshot,4050,18,0.2543420793889638,-0.11446483156136128,1.0401724009972177,-0.07754627079030255,0.043198539144377684,0.07387565931806697,100,,-0.044032302529836004,-0.2298782757672931,0,0.0
2042,poisoned_commit_gate_snapshot,4050,19,-0.12300756656028755,0.04493358816864995,1.0289336333369223,0.049256001512499786,0.025854833286509768,0.053786602208854506,100,,-0.023876696469174976,-0.30017368196527106,0,0.0
2042,poisoned_commit_gate_snapshot,4050,20,0.25243584559916377,0.06652156833696579,0.9829498217122143,-0.06832289895825568,-0.02411428876087023,0.08794957402801526,100,,-0.12762867538078165,-0.08942317717654219,0,0.0
2042,poisoned_commit_gate_snapshot,4050,21,-0.26153143146667324,0.11558707004704652,0.9902502078224229,-0.07596502547841122,0.03903874103338012,0.033165858239454726,100,,-0.06473361093779861,-0.17586439671781534,0,0.0
2042,poisoned_commit_gate_snapshot,4050,22,-0.150753978927043,0.05906321477715759,0.9833173715073067,-0.06579988830833315,0.04688962566185616,-0.050983097292709695,100,,-0.06006079034101454,-0.14259544653319528,0,0.0
2042,poisoned_commit_gate_snapshot,4050,23,0.04830810377671951,-0.02468780708465683,1.2532399975716708,0.011648133825358925,-0.039674082573576935,0.0749846238939085,100,,-0.044215868993567484,-0.2367265973554156,0,0.0
2042,poisoned_commit_gate_snapshot,4050,24,-0.08977393639666359,0.048844456433339845,1.2220431662442943,0.05472066415861904,-0.02071649150571908,0.09605578868688916,100,,-0.018379688357860607,-0.389022228910494,0,0.0
2042,poisoned_commit_gate_snapshot,4050,25,-0.34138017350814026,-0.08233037486271708,0.7310401105578285,0.08193619021935217,-0.048581677487054414,0.019629193312479726,76,75,-0.23157193218270042,0.014161115712555752,0,0.0
2042,poisoned_commit_gate_snapshot,4050,26,-0.08315425090667822,0.06711261163855686,0.7422223481647436,-0.039860845171341155,-0.016909133907405317,0.08060340358319673,100,,-0.02155896906958708,-0.3719907860035249,0,0.0
2042,poisoned_commit_gate_snapshot,4050,27,-0.10775045805716887,-0.10368958401113637,0.9977906486131876,0.0060910403014057535,-0.018384536914932748,0.0010580054506033887,100,,-0.05465704693080168,-0.1606081311673327,0,0.0
2042,poisoned_commit_gate_snapshot,4050,28,0.14172085229363574,0.010979453458297872,1.1859092775455067,-0.051091183515211275,-0.0076437860495398025,0.11981739182001971,100,,-0.032353112916736836,-0.3211139917630254,0,0.0
2042,poisoned_commit_gate_snapshot,4050,29,-0.19546740271954396,0.08860643581814712,1.2729806829417574,0.060263130268357,-0.01953680706973772,-0.10980213798328921,100,,-0.036486314014764945,-0.35622007829914026,0,0.0
2042,poisoned_commit_gate_snapshot,4050,30,-0.04327524411452799,0.05794586152909159,0.8161327369534457,0.006460377883048873,-0.04497983015614609,0.04091591339401107,100,,-0.04821002644459209,-0.20518395475404308,0,0.0
2042,poisoned_commit_gate_snapshot,4050,31,0.3889329543034291,0.11251609940145088,1.1374595050632317,0.03732939054451426,0.043076455284577694,0.002683303934199771,73,72,-0.26751679990041805,0.02664936909188037,0,0.0
2042,poisoned_commit_gate_snapshot,4050,32,-0.26636868310609896,0.10725809339389428,1.0986437579576214,-0.009537819299836714,0.04417191525808145,0.08487632989292998,100,,-0.08267446743699278,-0.1437510085594751,0,0.0
2042,poisoned_commit_gate_snapshot,4050,33,0.30216376601744277,-0.052376228264229524,1.1510336175197937,-0.08461180708226747,0.019506991971791413,0.07818015103593193,100,,-0.06010939120621596,-0.2343396987768744,0,0.0
2042,poisoned_commit_gate_snapshot,4050,34,0.1224280861042576,-0.09604765768559011,1.1951595880639752,0.11168217591018106,0.04427383065855399,-0.09220540331127848,100,,-0.04153520827959472,-0.2642256312318394,0,0.0
2042,poisoned_commit_gate_snapshot,4050,35,0.26646277219976133,0.10641488983654646,0.9237152414696076,-0.07829624942951313,-0.03287889125118357,0.06027047046823936,100,,-0.18713517402969795,-0.002599153622874148,0,0.0
2042,poisoned_commit_gate_snapshot,4050,36,0.1863203798030313,0.09620360318756957,1.1341238327670902,-0.004379395955523238,0.0017704228853144058,-0.10880032562426036,100,,-0.09090476795607579,-0.1195928318203806,0,0.0
2042,poisoned_commit_gate_snapshot,4050,37,-0.3513781875535069,0.0924746065635905,1.2069386122007584,0.09870282824966131,0.0035563270378875383,-0.06994159201367692,100,,-0.06954397510845912,-0.268829086355422,0,0.0
2042,poisoned_commit_gate_snapshot,4050,38,0.16843645644767613,-0.08291627429494519,0.9105565064659479,-0.0017948630089985596,0.032927818510732065,-0.07160038794547684,100,,-0.024689624187554667,-0.295494188867197,0,0.0
2042,poisoned_commit_gate_snapshot,4050,39,-0.028889574283565422,0.0655623296319301,1.0506574561516437,0.03978515562530846,0.04202264725079251,0.11663506271848118,100,,-0.038215379997876754,-0.16743301350480952,0,0.0
2042,poisoned_commit_gate_snapshot,4050,40,0.1392055024311991,-0.009469565923500331,1.0231251114443474,0.11767780325574151,-0.010155274464767473,-0.019415967792093147,100,,-0.019858933180935723,-0.3486991530314622,0,0.0
2042,poisoned_commit_gate_snapshot,4050,41,-0.2756913166617844,0.058309189524677646,0.9619134425022139,-0.0791263485900835,-0.03380044962965892,0.10210953333012937,100,,-0.05223931675067826,-0.2116481366023496,0,0.0
2042,poisoned_commit_gate_snapshot,4050,42,0.2605120099933711,0.10335909637820351,0.9504148169684339,0.029920378750935395,-0.018864057194987682,0.014150710379580322,100,,-0.16060655226442846,-0.021712924099819148,0,0.0
2042,poisoned_commit_gate_snapshot,4050,43,-0.27062154751222334,-0.11944287737138731,0.8887621882736347,-0.01625875398282027,-0.03764052209010826,0.07285435413993549,77,76,-0.1722372763900589,0.016986618759253017,0,0.0
2042,poisoned_commit_gate_snapshot,4050,44,-0.046104205679373844,0.06677887144573275,1.0613088294642623,-0.09547881725440929,-0.04710670155163532,0.09672101809785977,100,,-0.04661643535767161,-0.1928582953457296,0,0.0
2042,poisoned_commit_gate_snapshot,4050,45,0.15253983914215963,-0.11710448250683696,1.2537747129297059,0.08744174624157089,-0.04305861926544022,-0.07640622620116094,100,,-0.07080623680058698,-0.1267947858643948,0,0.0
2042,poisoned_commit_gate_snapshot,4050,46,-0.37886172032554655,0.05733623582398947,0.9458566506726602,-0.09257617750432524,-0.004953653359854315,0.021227337009262298,100,,-0.09299417124555875,-0.1712448227220402,0,0.0
2042,poisoned_commit_gate_snapshot,4050,47,-0.12374550365762105,0.04002515450414007,0.8490715469663311,0.02781697788024573,-0.005207147953169088,-0.11341293837390976,100,,-0.011836829980484166,-0.4253999110991134,0,0.0
2042,poisoned_commit_gate_snapshot,4051,0,-0.11847818019687112,-0.019805480317791127,0.8116157773550791,-0.11412754501609286,-0.012059918754779506,-0.05302880962365211,100,,-0.02974753854113696,-0.2972053854489772,0,0.0
2042,poisoned_commit_gate_snapshot,4051,1,-0.14815516130781897,-0.00825967722856745,0.966184784607958,-0.015984313946183687,-0.03004097968459918,-0.016506396252473368,100,,-0.03363775170865226,-0.23082892550643838,0,0.0
2042,poisoned_commit_gate_snapshot,4051,2,0.3744162767476654,-0.005705473928932628,1.0626336227886675,-7.154372416330601e-05,0.005079658774808163,-0.10504074069872618,100,,-0.1266104797376907,-0.08808236476400826,0,0.0
2042,poisoned_commit_gate_snapshot,4051,3,0.3378984110828571,0.09713982699896917,0.9028420788722819,-0.02230359153375104,-0.032218067334265035,-0.04403617400888801,66,65,-0.17609525408655063,0.00857878252401481,0,0.0
2042,poisoned_commit_gate_snapshot,4051,4,0.379908581700385,0.10057327774853825,1.2568819687347415,0.05019948931590085,0.023121844814685946,-0.07990418636468524,72,71,-0.23833888657316793,0.00046516446393550515,0,0.0
2042,poisoned_commit_gate_snapshot,4051,5,0.13822877391480215,0.043755139582783514,0.8398726691110576,-0.01798876417624981,-0.03883519769733246,-0.029082393053629627,100,,-0.07882100245275274,-0.21102228180610327,0,0.0
2042,poisoned_commit_gate_snapshot,4051,6,-0.044079227726369186,0.004964524859221164,1.1814137165936787,-0.05602921557017429,0.026911498569798173,-0.10257428669772674,100,,-0.02368869270598081,-0.3218853103238002,0,0.0
2042,poisoned_commit_gate_snapshot,4051,7,0.035677892335038375,-0.017708952880468795,0.8241240306641087,0.0982465581412321,0.00702805091421245,0.036296238019523835,100,,-0.008559953727314175,-0.41340074558775725,0,0.0
2042,poisoned_commit_gate_snapshot,4051,8,0.029377407988996462,0.11640332412262228,1.2303770369618685,-0.0645978695789235,0.0040265700190836515,-0.051693183205491114,100,,-0.043844789996134705,-0.25413830225602674,0,0.0
2042,poisoned_commit_gate_snapshot,4051,9,0.22746819240941885,0.09328152849494678,0.8246516548898621,0.03232750610297305,0.04334357471682965,-0.009110092151775329,83,82,-0.13636098818047943,0.006231010331775241,0,0.0
2042,poisoned_commit_gate_snapshot,4051,10,-0.03421788614630533,-0.020009096026342738,0.953253573434525,-0.10270825287404081,0.0404941320072595,-0.1181429468846683,100,,-0.03806736177775628,-0.22217847506859853,0,0.0
2042,poisoned_commit_gate_snapshot,4051,11,0.00797670910424586,0.11005542758481024,1.1268561696197799,0.04474597650462289,-0.045678164586862774,-0.031814367836412186,100,,-0.07444272569305703,-0.22010687260182105,0,0.0
2042,poisoned_commit_gate_snapshot,4051,12,-0.1550071430248317,0.0297295936048316,1.067738752959327,-0.030029808640920946,-0.019292643654069064,0.10053001566722544,100,,-0.017648168056942623,-0.33691376545029833,0,0.0
2042,poisoned_commit_gate_snapshot,4051,13,0.036080012433666375,0.004678318680526192,1.0436412506497152,-0.1008882596964444,0.03393941897029913,-0.06648807842413572,100,,-0.02219014889139185,-0.25162953822906337,0,0.0
2042,poisoned_commit_gate_snapshot,4051,14,-0.16084112398242506,0.028373268180941852,1.068999798928797,0.014708145477814127,0.015365178311634142,-0.09614143588987936,100,,-0.025957105442846545,-0.34000497253007883,0,0.0
2042,poisoned_commit_gate_snapshot,4051,15,0.328996349169536,0.048622819587237354,1.2435834684674159,-0.05423654992253492,-0.01804455595844217,-0.062143107947406954,100,,-0.1732794286175932,-0.0397315214785135,0,0.0
2042,poisoned_commit_gate_snapshot,4051,16,-0.13856627632257318,-0.05110401035596206,0.9220287541228742,-0.051070826386967666,-0.024831474671962686,0.1167592681360069,100,,-0.045001911417943276,-0.1939293761485925,0,0.0
2042,poisoned_commit_gate_snapshot,4051,17,0.13592365374603832,-0.07559264744982036,1.207331310698962,0.0025104345741108897,7.561262173570032e-05,-0.022896941368548668,100,,-0.015674932291644142,-0.39690016960909036,0,0.0
2042,poisoned_commit_gate_snapshot,4051,18,0.09780923487699617,0.07707402060718718,1.1936506570660805,-0.08202770687683716,-0.023737448735402046,0.06970127109671231,100,,-0.06368128035664056,-0.23441105634623224,0,0.0
2042,poisoned_commit_gate_snapshot,4051,19,0.06453272235425034,-0.11015521864454957,0.8200107667087344,-0.0774018023785833,0.02188254297462469,0.09842658578984462,100,,-0.025826088309766054,-0.3651620886793767,0,0.0
2042,poisoned_commit_gate_snapshot,4051,20,0.007105449776163841,0.0837073559185971,0.9009671701969693,0.04380675348246546,0.022782222192711032,-0.035920832668626015,100,,-0.023608577929686955,-0.2616572702408572,0,0.0
2042,poisoned_commit_gate_snapshot,4051,21,0.13562074243060107,-0.02515067034124109,0.8092831424800083,0.0012226181497338867,-0.008797300322652725,0.040963726708174025,100,,-0.023025068014339265,-0.3796848636460118,0,0.0
2042,poisoned_commit_gate_snapshot,4051,22,-0.06418504897757116,0.06491842285933344,0.7763575850439698,-0.07987169208840367,-0.025094498639013064,0.07055288878777913,100,,-0.02323330337485907,-0.36346197922497225,0,0.0
2042,poisoned_commit_gate_snapshot,4051,23,-0.3728159856312617,-0.036235146869945375,0.9690125211565517,0.06739039446382511,0.014947660642065402,0.014279494803357495,100,,-0.1802031484885748,-0.011011050412564685,0,0.0
2042,poisoned_commit_gate_snapshot,4051,24,-0.024796633870635465,0.07196474397855024,0.8919185295544715,0.022074964058123453,0.0014445858751423873,0.006340339963420538,100,,-0.008487411664606155,-0.3945657248784147,0,0.0
2042,poisoned_commit_gate_snapshot,4051,25,0.29516820623125106,0.018799868613479348,1.0941430031130115,-0.11767325240641419,-0.02814735656520675,-0.11410323111355498,100,,-0.1288977260120928,-0.10994737360488997,0,0.0
2042,poisoned_commit_gate_snapshot,4051,26,0.12383282119442973,0.002100180109321781,0.83903604385883,-0.013287099679580791,-0.044539805730493154,0.04201457648466342,100,,-0.06783037146758165,-0.1919452007230595,0,0.0
2042,poisoned_commit_gate_snapshot,4051,27,0.0756460307139803,0.052175276305454016,0.8314678601812926,0.10197570760456626,-0.005432927292578257,-0.10379113701189252,100,,-0.02703629226770151,-0.3224554442243757,0,0.0
2042,poisoned_commit_gate_snapshot,4051,28,-0.1763627668764615,-0.10505737383908832,0.9376590415515285,0.06202959753477541,0.027942738444271045,-0.04106351007006291,100,,-0.11765091437233548,-0.10126995213861026,0,0.0
2042,poisoned_commit_gate_snapshot,4051,29,-0.10906243149919242,-0.049261694005096654,0.935945586868782,-0.09164271384977991,-0.01367473316361454,-0.04098385845193557,100,,-0.029168217063213046,-0.2622146543235812,0,0.0
2042,poisoned_commit_gate_snapshot,4051,30,-0.3206054093890843,-0.117105497539472,0.737807779966796,-0.00015236716500974246,-0.010974816790140132,-0.10147827517237801,72,71,-0.2022965997697843,0.0016004693754823746,0,0.0
2042,poisoned_commit_gate_snapshot,4051,31,-0.016449480167707364,-0.051712785588361565,0.7323930493657305,-0.03470894292347408,0.026130965731018294,0.03437104050349771,100,,-0.037600719640608064,-0.34691108248591956,0,0.0
2042,poisoned_commit_gate_snapshot,4051,32,0.21425078475103831,-0.04528164592669938,1.152960390176294,-0.032561225045180026,0.01933326232814872,-0.07238682912897099,100,,-0.03183994270206765,-0.3125373984376295,0,0.0
2042,poisoned_commit_gate_snapshot,4051,33,-0.012226894413512768,-0.0841963501028542,1.2559062326094528,-0.09339797210267753,0.019599228139694405,-0.0765500879739398,100,,-0.038569818997220076,-0.3275829822939205,0,0.0
2042,poisoned_commit_gate_snapshot,4051,34,-0.32592212411883853,0.08131915819026445,1.1367301847452618,-0.01769501779299458,-0.003722488675323342,0.09894134467746771,100,,-0.05741346823988925,-0.2758956672465152,0,0.0
2042,poisoned_commit_gate_snapshot,4051,35,-0.3660949863685371,-0.055141844064910156,0.8325412096223623,0.09734816616651609,0.0005155941803778666,-0.0002486510691090821,75,74,-0.15763214178897192,0.0022740970423249657,0,0.0
2042,poisoned_commit_gate_snapshot,4051,36,0.33680432806223604,-0.04576391212969384,0.7914097204848958,0.024304211278095206,-0.043333343411117324,-0.021882778772818107,100,,-0.14441860488779984,-0.12480649610715773,0,0.0
2042,poisoned_commit_gate_snapshot,4051,37,-0.3995972721525883,-0.05191033351567574,1.1485863995620333,-0.0036245793926023007,0.04968813610226884,0.08788046134151817,62,61,-0.2166049165751152,0.010635491103816869,0,0.0
2042,poisoned_commit_gate_snapshot,4051,38,-0.0599744359521619,0.1016194437736623,0.9003783289150327,-0.01946906818937899,0.004941835696193407,-0.08284123626904222,100,,-0.010899752564032448,-0.3686235664463051,0,0.0
2042,poisoned_commit_gate_snapshot,4051,39,0.000360708135385468,0.012447143607673905,0.824697678459943,-0.033379384508245694,0.0041639688996119376,-0.007539731976376196,100,,-0.00815788786476539,-0.41301984289819815,0,0.0
2042,poisoned_commit_gate_snapshot,4051,40,0.21162435323462114,-0.037305648077280026,1.2028028299828808,-0.10224509995396848,-0.035023966085575356,-0.09681728111450953,100,,-0.07537153806857869,-0.23638876671958534,0,0.0
2042,poisoned_commit_gate_snapshot,4051,41,-0.31987098404501046,0.06886672100456029,0.9381402859083939,0.016819607081080684,0.03112112185095839,-0.04518882365322438,100,,-0.09186167506033122,-0.19891921090867226,0,0.0
2042,poisoned_commit_gate_snapshot,4051,42,0.2635594818647762,-0.033520843846457676,0.8571878984917656,0.035304912513223374,0.025020163144419988,-0.09639268284360812,100,,-0.055531808108499094,-0.2181606667352152,0,0.0
2042,poisoned_commit_gate_snapshot,4051,43,0.2164606110315591,0.016386633964280944,0.7500667182429831,-0.0301584032225074,0.039187595913068515,-0.01587689336339375,100,,-0.0892749407894176,-0.0990851189865239,0,0.0
2042,poisoned_commit_gate_snapshot,4051,44,-0.34996128147004807,0.11525292158561315,1.2233198073930045,0.015204867195394822,0.026702081284088464,0.07908509453003537,100,,-0.09202950863045595,-0.2357355806223691,0,0.0
2042,poisoned_commit_gate_snapshot,4051,45,0.37051044955340273,0.09523767395454466,1.0293194741235592,-0.014896343722022157,0.019456513753180707,-0.0260938868352545,72,71,-0.2008629157121458,0.011165829353168219,0,0.0
2042,poisoned_commit_gate_snapshot,4051,46,-0.10322456154148263,-0.06218820577729408,0.7632069038006992,0.07378775528999143,0.0418201233826635,-0.04506468348079627,100,,-0.08598932833079438,-0.2113404890693638,0,0.0
2042,poisoned_commit_gate_snapshot,4051,47,-0.09714372994420417,0.04000872796029492,1.0356204802080944,0.006466689164216971,0.01594938627934535,-0.008508807658668502,100,,-0.010641334457442912,-0.372150707486064,0,0.0
2042,poisoned_commit_gate_snapshot,4052,0,-0.39548651019439096,0.04949351704700272,1.0743237226971543,-0.09972952341029029,0.04812441705732229,-0.013973471915785074,100,,-0.18803054843322894,-0.05678107421119627,0,0.0
2042,poisoned_commit_gate_snapshot,4052,1,-0.09140924460341138,0.07913964307912177,1.2724455769324192,0.016094057258500355,0.008951239007005382,-0.03812664936078977,100,,-0.023062385689081345,-0.36420721701731207,0,0.0
2042,poisoned_commit_gate_snapshot,4052,2,-0.023295072295052843,-0.05409143153363176,1.047644449987831,-0.041442066513315556,-0.03761305071941826,-0.03131812344078594,100,,-0.032636013809443074,-0.19771007710962193,0,0.0
2042,poisoned_commit_gate_snapshot,4052,3,0.18012976915049583,0.08696439720657664,0.8889497098773069,-0.05378914100094018,0.02515117728824108,0.007582423330425331,100,,-0.08511693468592656,-0.0898171293552693,0,0.0
2042,poisoned_commit_gate_snapshot,4052,4,0.2404017651447531,-0.05510550759086218,1.026735306676897,-0.0022227939052861384,-0.008957869246535466,-0.11272723504444938,100,,-0.03648496686115342,-0.3121386151647841,0,0.0
2042,poisoned_commit_gate_snapshot,4052,5,-0.2209474261420221,0.047659505856163825,1.1836043113442092,0.005609771201607633,0.046433725819994595,0.033467843418442306,100,,-0.09383311928680534,-0.16495570873513624,0,0.0
2042,poisoned_commit_gate_snapshot,4052,6,0.11617462469435647,0.025203022568369732,1.208807880423295,0.04500455667853939,-0.04416877750353239,0.01196392787170869,100,,-0.07461352660685258,-0.2343836975091006,0,0.0
2042,poisoned_commit_gate_snapshot,4052,7,-0.2679297065268721,0.004862840332878274,0.9743206216204019,0.009920437210942046,-0.006590050572197567,0.0051325628661028355,100,,-0.06312339242942308,-0.20324867437807295,0,0.0
2042,poisoned_commit_gate_snapshot,4052,8,0.16142041099953952,-0.014955788063276368,1.0674851963845078,0.042880160215165025,0.003577264502182001,-0.07181325941420519,100,,-0.020124164248103503,-0.3440089494582164,0,0.0
2042,poisoned_commit_gate_snapshot,4052,9,0.3165457267868278,-0.10876300425294619,0.9300877459101894,0.04752220296188561,0.006104905136390795,0.055130536789394086,100,,-0.03978864644172977,-0.33246932638411925,0,0.0
2042,poisoned_commit_gate_snapshot,4052,10,0.024408767565754885,0.09360832617096007,1.1057381041646357,-0.05951585618032295,0.010141632831009252,-0.1068701975400486,100,,-0.02355848584519766,-0.2868474899406593,0,0.0
2042,poisoned_commit_gate_snapshot,4052,11,-0.2663290008601614,-0.08776816819996604,1.1205750219306723,0.08564232633681823,-0.03137938115101131,-0.0220461925850889,83,82,-0.128606571857651,0.00024771957801823785,0,0.0
2042,poisoned_commit_gate_snapshot,4052,12,-0.3421341797470331,-0.052104820863618076,1.1513491700560456,-0.10826367525527988,-0.043042254395907434,0.07409660057485984,79,78,-0.16976788441067087,0.0015744168196424324,0,0.0
2042,poisoned_commit_gate_snapshot,4052,13,-0.042948258314962295,0.027428110871039496,1.1504374806792976,0.04933301979383811,-0.029784531942267146,0.08724375674240578,100,,-0.020042086632005258,-0.3152585773710096,0,0.0
2042,poisoned_commit_gate_snapshot,4052,14,0.07363194003860596,0.050484394667595744,0.9239679548305786,0.0015459465811237805,-0.045652248912326235,0.034922645069753344,100,,-0.06720549893001214,-0.2054049900525345,0,0.0
2042,poisoned_commit_gate_snapshot,4052,15,-0.28974883617200153,0.006899880458526381,1.0076224708428918,-0.09162972046754222,0.03644349072584056,0.1180882959603318,100,,-0.11879800036839622,-0.13551520727116587,0,0.0
2042,poisoned_commit_gate_snapshot,4052,16,-0.353187283808469,-0.07774682356680127,1.1327389387985964,0.05861720669183884,-0.04095800565368982,0.06842933105344437,76,75,-0.19729155506229742,0.00031866269582764284,0,0.0
2042,poisoned_commit_gate_snapshot,4052,17,-0.10700358750239508,0.050255928453524945,0.967552350384449,0.11016470851810978,0.02263855172521853,0.06530889268028653,100,,-0.017091183150738272,-0.3199397805485264,0,0.0
2042,poisoned_commit_gate_snapshot,4052,18,-0.22539116050378755,-0.09569372531753528,0.8175453877132997,0.046161973777319704,-0.0009161895756247471,-0.001770348751538267,100,,-0.1186222845553985,-0.07337322605570948,0,0.0
2042,poisoned_commit_gate_snapshot,4052,19,-0.030419369360399517,0.07845824811109298,0.93029220807677,0.11264181955114244,-0.039695168936026065,-0.08475216515747584,100,,-0.04035862424479726,-0.2564947460160967,0,0.0
2042,poisoned_commit_gate_snapshot,4052,20,-0.023947076799327227,0.004818727249735644,1.2205215185080034,-0.000613059166238647,0.012233376011533369,-0.04298913421551892,100,,-0.015215555159693002,-0.39033633218860786,0,0.0
2042,poisoned_commit_gate_snapshot,4052,21,0.20841373824237164,-0.03004464438773949,0.9997218631300666,0.08973426842431795,-0.024093837254898588,0.03486266442635555,100,,-0.04942344029022972,-0.27097154172102106,0,0.0
2042,poisoned_commit_gate_snapshot,4052,22,0.10525292598403058,-0.11118837721109431,0.9289746979182669,-0.05563830297211027,-0.039081694059186926,-0.08646920827872828,100,,-0.040902696781098286,-0.1650587718072434,0,0.0
2042,poisoned_commit_gate_snapshot,4052,23,-0.21348049803258268,0.0808769968742756,1.1166666386918154,-0.03363559908384618,-0.026855959939523468,-0.061835850924736674,100,,-0.026435448589087484,-0.3263136134739045,0,0.0
2042,poisoned_commit_gate_snapshot,4052,24,-0.09193668461095406,-0.04185590570890978,0.9322133680758046,0.07637107258629622,-0.02405272460205108,-0.0399811443433231,100,,-0.026585932342663945,-0.2550438989402944,0,0.0
2042,poisoned_commit_gate_snapshot,4052,25,0.007152965951832013,-0.04415249892063133,0.9875213254049149,-0.11329868012228622,0.02063073535652643,0.08538432939592519,100,,-0.011681477229009845,-0.37211231641890674,0,0.0
2042,poisoned_commit_gate_snapshot,4052,26,-0.07874018908667085,0.1170479217156685,1.2142332423244566,0.11799517698387621,0.027439445818761773,0.06107877598744829,100,,-0.039168513894845346,-0.22305771571076555,0,0.0
2042,poisoned_commit_gate_snapshot,4052,27,-0.04075513872194525,-0.046146618100356085,1.1775999039959992,0.029619871007076748,0.04999554925068417,0.09227202113475669,100,,-0.07639388609317527,-0.16552501393398145,0,0.0
2042,poisoned_commit_gate_snapshot,4052,28,-0.3820595299315878,0.055115735280960365,1.15201053654998,-0.04908453518696773,-0.012187937792399572,-0.09471520566684727,100,,-0.0983960134995335,-0.16454473419146756,0,0.0
2042,poisoned_commit_gate_snapshot,4052,29,-0.3017813668625867,-0.061010661718487375,1.1165768795148687,-0.0023217732833455407,-0.03288288437185631,-0.07061458249686692,100,,-0.13508836392937643,-0.007137310127252744,0,0.0
2042,poisoned_commit_gate_snapshot,4052,30,-0.13839566791244967,0.0658282524934777,0.8600961401289485,-0.02940790798409655,0.0425204968578355,0.08604973917914069,100,,-0.05300532564248605,-0.16757952057116665,0,0.0
2042,poisoned_commit_gate_snapshot,4052,31,-0.0958541172685144,-0.09950295566079914,1.2238228706507979,0.05092622842645067,0.015706065522369597,0.10369850241380796,100,,-0.06930404863923977,-0.2104919945703024,0,0.0
2042,poisoned_commit_gate_snapshot,4052,32,-0.2846645369293306,0.00029439674285289263,0.8218221596812157,-0.10976005134949464,0.03059464234932037,0.058940949874452586,100,,-0.10874373300744392,-0.1581429630604711,0,0.0
2042,poisoned_commit_gate_snapshot,4052,33,-0.020397679293523374,0.06324132563931395,1.2421554855273267,0.008114614729774067,-0.04339543546807598,0.034536590139994744,100,,-0.05328299480449081,-0.24712638235986276,0,0.0
2042,poisoned_commit_gate_snapshot,4052,34,0.08813706286619516,-0.08071780301562843,1.2781584361986067,0.07658938181325212,0.047781354395999315,0.09659248025668024,100,,-0.0739580453552606,-0.17227477410065714,0,0.0
2042,poisoned_commit_gate_snapshot,4052,35,-0.2641961119195682,-0.06879584673823705,0.9028579642828743,-0.0394703579754324,0.027479029151265752,-0.008493432593863398,100,,-0.14352879810988559,-0.06975021006901935,0,0.0
2042,poisoned_commit_gate_snapshot,4052,36,-0.19860025057251632,-0.09625262834779921,1.2280811867872765,0.091208615083707,0.01656332974329451,-0.01233426308684192,100,,-0.11536624494682343,-0.10594225396987046,0,0.0
2042,poisoned_commit_gate_snapshot,4052,37,-0.39052320276218766,-0.08915641288488335,0.9957893390072032,0.002324360280885035,-0.01854643092928842,0.06255302097766452,71,70,-0.2125149192534082,0.006286702489618906,0,0.0
2042,poisoned_commit_gate_snapshot,4052,38,-0.2245798490429338,0.02557321714029881,1.0222067680360314,0.09494676998351964,0.021810251634644423,-0.056789100070336856,100,,-0.05352227881138866,-0.25816259353872606,0,0.0
2042,poisoned_commit_gate_snapshot,4052,39,-0.3680038339973575,-0.004783267734132138,1.2311053963320344,-0.1145785640421606,0.022797449249191373,0.10931080799145909,100,,-0.17429346911626567,-0.05984041752872281,0,0.0
2042,poisoned_commit_gate_snapshot,4052,40,0.03503683715090433,0.08046321554184033,0.8189710907289783,0.07408487884593878,-0.032981821180747856,-0.1039026635349396,100,,-0.05171473772559225,-0.27418080602812855,0,0.0
2042,poisoned_commit_gate_snapshot,4052,41,0.3018811374199205,0.05320127045569292,1.0438194687803009,0.021856850127060956,-0.005960359204740737,-0.0998515558987462,100,,-0.13208480894831934,-0.06647805529236148,0,0.0
2042,poisoned_commit_gate_snapshot,4052,42,-0.20243777738551547,-0.11988060904399485,0.9488729563719372,0.10029817280142958,-0.028591706257090302,-0.0015611473234102696,100,,-0.1178724969772702,-0.01118748927776865,0,0.0
2042,poisoned_commit_gate_snapshot,4052,43,-0.38446351709869103,0.07842718605429505,1.2778879154230987,0.01471760131701208,-0.025281584478390573,0.005605650038037507,100,,-0.10015050854357989,-0.17912887276032435,0,0.0
2042,poisoned_commit_gate_snapshot,4052,44,-0.008052514467044414,0.05805470423828499,1.2047350239335763,0.015934812783771485,0.031596988328945835,-0.09519945001138605,100,,-0.030511176471860465,-0.2581799839308567,0,0.0
2042,poisoned_commit_gate_snapshot,4052,45,0.07454186398779505,-0.10162693862490237,0.8214828765688693,0.038626214946871185,0.0425177846114094,0.03147244983016756,100,,-0.04782127231847566,-0.24460398473512426,0,0.0
2042,poisoned_commit_gate_snapshot,4052,46,-0.16056728442477494,0.08934926248227334,1.1114076335514675,0.08527306527190873,0.037244276112034055,-0.0141263862560706,100,,-0.04317683523015117,-0.20752964800237644,0,0.0
2042,poisoned_commit_gate_snapshot,4052,47,-0.3429532185798744,-0.03810605695519413,0.9410390720666266,-0.04489978780274305,-0.02341819299705966,-0.044244956603393004,100,,-0.14094922265107723,-0.015257372317530396,0,0.0
2042,poisoned_always_freeze_snapshot,4050,0,0.2615589741248676,0.06614578502988178,0.9553732815565629,0.011960798116760707,-0.035819725620227796,0.04172164700153658,100,,-0.025303271490194484,-0.38612655357012,0,0.0
2042,poisoned_always_freeze_snapshot,4050,1,-0.028904694661051056,0.07799428219278187,0.8413358840861701,-0.004022064479660303,-0.006880276398050701,0.08909522597339611,100,,-0.006704445296342886,-0.42140834066441357,0,0.0
2042,poisoned_always_freeze_snapshot,4050,2,0.005189931368572043,0.02517824828600415,0.9510897998441054,-0.03432840617382164,0.0473357024511587,-0.10404472896530745,100,,-0.004981705073788672,-0.3508444907260015,0,0.0
2042,poisoned_always_freeze_snapshot,4050,3,0.06852947719503816,0.09322056965174513,1.1374171548702798,0.06434451145104653,0.04452689142514604,-0.06995466655891441,100,,-0.016939783072418568,-0.27929604437091926,0,0.0
2042,poisoned_always_freeze_snapshot,4050,4,0.24089649183178297,-0.023510694090475848,0.9829642423155549,0.09881683882622214,0.0017632695903056356,0.09395178748860161,100,,-0.019275459366723178,-0.39293655006987355,0,0.0
2042,poisoned_always_freeze_snapshot,4050,5,0.30669703862564157,-0.07991379055742098,0.7931224898320796,0.10658293168903277,0.020909158823715357,0.07305142015525859,100,,-0.04070016418799555,-0.34864398402429664,0,0.0
2042,poisoned_always_freeze_snapshot,4050,6,-0.057502256306747324,-0.01827573148128331,1.0843246400382696,0.09764711071912385,-0.00464278248727721,-0.027508596409072453,100,,-0.003631899368293526,-0.44322282048188744,0,0.0
2042,poisoned_always_freeze_snapshot,4050,7,0.12834878090322566,0.04966347915430419,1.071312656348143,0.05755802568880794,0.013745077311797221,-0.004284768322083063,100,,-0.011131096390066583,-0.3643168385999741,0,0.0
2042,poisoned_always_freeze_snapshot,4050,8,-0.11061526101186647,0.048526566909465024,0.9444024250862276,0.04921425584036235,-0.04210684426519774,-0.10544044230539047,100,,-0.00744882992939459,-0.3571348376057243,0,0.0
2042,poisoned_always_freeze_snapshot,4050,9,-0.06926433378509744,-0.11171721935559556,1.0754393346401212,-0.09035703881863494,8.905926556275479e-05,0.04799841807991309,100,,-0.007277011638155695,-0.3908038844497928,0,0.0
2042,poisoned_always_freeze_snapshot,4050,10,-0.35311263017329675,-0.07423977972522375,1.1038726345378596,-0.07209547205007302,-0.01219080902398658,0.06897605083133748,100,,-0.05729544290409054,-0.24957632078196063,0,0.0
2042,poisoned_always_freeze_snapshot,4050,11,-0.3033897306884334,-0.10906919304444083,0.8653382874934501,0.08237256616057279,0.008694206417143413,-0.0982399666980022,100,,-0.04616289452638618,-0.2988034433447213,0,0.0
2042,poisoned_always_freeze_snapshot,4050,12,0.014547569699097818,-0.08860634333797623,0.7727645094444018,-0.11470630199166064,-0.03479391018377395,0.005906591947779372,100,,-0.018906931807408402,-0.3341733513330679,0,0.0
2042,poisoned_always_freeze_snapshot,4050,13,0.045147276230182165,0.00978566926802657,1.1615651035832717,-0.02559733916077124,0.013195745868626027,0.03506600413376004,100,,-0.008003534049356185,-0.4200643901550526,0,0.0
2042,poisoned_always_freeze_snapshot,4050,14,0.39579337273321036,-0.08167541366045747,1.0763993848643976,-0.012025515805253989,-0.03920465942242024,-0.05111866181503233,100,,-0.04568587022618467,-0.3982348003879699,0,0.0
2042,poisoned_always_freeze_snapshot,4050,15,-0.338684173178069,-0.11068664184866994,1.0460643513700458,-0.08333472519022783,0.04183056977972914,0.04837573919385754,100,,-0.04477612468362837,-0.34526098916477105,0,0.0
2042,poisoned_always_freeze_snapshot,4050,16,0.3585461787064762,-0.02430447757765053,0.8286303815732335,-0.04590630571485073,0.03329774319759361,-0.05722070359744898,100,,-0.05776681133867959,-0.2564105880716503,0,0.0
2042,poisoned_always_freeze_snapshot,4050,17,0.25857365444991487,-0.01407984665450647,0.7833001450987781,-0.0012810637369086858,-0.045891193644636036,0.01663340901236382,100,,-0.031326734524082654,-0.38657008552099376,0,0.0
2042,poisoned_always_freeze_snapshot,4050,18,0.2543420793889638,-0.11446483156136128,1.0401724009972177,-0.07754627079030255,0.043198539144377684,0.07387565931806697,100,,-0.02211214385547549,-0.33459329351172207,0,0.0
2042,poisoned_always_freeze_snapshot,4050,19,-0.12300756656028755,0.04493358816864995,1.0289336333369223,0.049256001512499786,0.025854833286509768,0.053786602208854506,100,,-0.004624691491036632,-0.4367094540249203,0,0.0
2042,poisoned_always_freeze_snapshot,4050,20,0.25243584559916377,0.06652156833696579,0.9829498217122143,-0.06832289895825568,-0.02411428876087023,0.08794957402801526,100,,-0.024321522874649646,-0.3954589400224434,0,0.0
2042,poisoned_always_freeze_snapshot,4050,21,-0.26153143146667324,0.11558707004704652,0.9902502078224229,-0.07596502547841122,0.03903874103338012,0.033165858239454726,100,,-0.018622050911363628,-0.40534301132436407,0,0.0
2042,poisoned_always_freeze_snapshot,4050,22,-0.150753978927043,0.05906321477715759,0.9833173715073067,-0.06579988830833315,0.04688962566185616,-0.050983097292709695,100,,-0.007919833564781374,-0.38929280439060715,0,0.0
2042,poisoned_always_freeze_snapshot,4050,23,0.04830810377671951,-0.02468780708465683,1.2532399975716708,0.011648133825358925,-0.039674082573576935,0.0749846238939085,100,,-0.018331247781128927,-0.3738547868913824,0,0.0
2042,poisoned_always_freeze_snapshot,4050,24,-0.08977393639666359,0.048844456433339845,1.2220431662442943,0.05472066415861904,-0.02071649150571908,0.09605578868688916,100,,-0.014970482921187194,-0.389022228910494,0,0.0
2042,poisoned_always_freeze_snapshot,4050,25,-0.34138017350814026,-0.08233037486271708,0.7310401105578285,0.08193619021935217,-0.048581677487054414,0.019629193312479726,100,,-0.08358484958059428,-0.14351035727502615,0,0.0
2042,poisoned_always_freeze_snapshot,4050,26,-0.08315425090667822,0.06711261163855686,0.7422223481647436,-0.039860845171341155,-0.016909133907405317,0.08060340358319673,100,,-0.018348246947979784,-0.3719907860035249,0,0.0
2042,poisoned_always_freeze_snapshot,4050,27,-0.10775045805716887,-0.10368958401113637,0.9977906486131876,0.0060910403014057535,-0.018384536914932748,0.0010580054506033887,100,,-0.011933452774878195,-0.3234234719878611,0,0.0
2042,poisoned_always_freeze_snapshot,4050,28,0.14172085229363574,0.010979453458297872,1.1859092775455067,-0.051091183515211275,-0.0076437860495398025,0.11981739182001971,100,,-0.015777049173399265,-0.40814721314545466,0,0.0
2042,poisoned_always_freeze_snapshot,4050,29,-0.19546740271954396,0.08860643581814712,1.2729806829417574,0.060263130268357,-0.01953680706973772,-0.10980213798328921,100,,-0.0305442747938796,-0.36349804536523644,0,0.0
2042,poisoned_always_freeze_snapshot,4050,30,-0.04327524411452799,0.05794586152909159,0.8161327369534457,0.006460377883048873,-0.04497983015614609,0.04091591339401107,100,,-0.010878515174675963,-0.3940248169451105,0,0.0
2042,poisoned_always_freeze_snapshot,4050,31,0.3889329543034291,0.11251609940145088,1.1374595050632317,0.03732939054451426,0.043076455284577694,0.002683303934199771,100,,-0.08827008164978264,-0.11029465889869394,0,0.0
2042,poisoned_always_freeze_snapshot,4050,32,-0.26636868310609896,0.10725809339389428,1.0986437579576214,-0.009537819299836714,0.04417191525808145,0.08487632989292998,100,,-0.022031315847949876,-0.3917595959333507,0,0.0
2042,poisoned_always_freeze_snapshot,4050,33,0.30216376601744277,-0.052376228264229524,1.1510336175197937,-0.08461180708226747,0.019506991971791413,0.07818015103593193,100,,-0.03650195016954458,-0.3349563839946293,0,0.0
2042,poisoned_always_freeze_snapshot,4050,34,0.1224280861042576,-0.09604765768559011,1.1951595880639752,0.11168217591018106,0.04427383065855399,-0.09220540331127848,100,,-0.01530958202551582,-0.393925693519179,0,0.0
2042,poisoned_always_freeze_snapshot,4050,35,0.26646277219976133,0.10641488983654646,0.9237152414696076,-0.07829624942951313,-0.03287889125118357,0.06027047046823936,100,,-0.03031164695189798,-0.37203046175482046,0,0.0
2042,poisoned_always_freeze_snapshot,4050,36,0.1863203798030313,0.09620360318756957,1.1341238327670902,-0.004379395955523238,0.0017704228853144058,-0.10880032562426036,100,,-0.02340485853103916,-0.34966295686103654,0,0.0
2042,poisoned_always_freeze_snapshot,4050,37,-0.3513781875535069,0.0924746065635905,1.2069386122007584,0.09870282824966131,0.0035563270378875383,-0.06994159201367692,100,,-0.04717962212293011,-0.39613459715235977,0,0.0
2042,poisoned_always_freeze_snapshot,4050,38,0.16843645644767613,-0.08291627429494519,0.9105565064659479,-0.0017948630089985596,0.032927818510732065,-0.07160038794547684,100,,-0.01162245304059368,-0.3896012503460195,0,0.0
2042,poisoned_always_freeze_snapshot,4050,39,-0.028889574283565422,0.0655623296319301,1.0506574561516437,0.03978515562530846,0.04202264725079251,0.11663506271848118,100,,-0.005159321931838252,-0.341734706015404,0,0.0
2042,poisoned_always_freeze_snapshot,4050,40,0.1392055024311991,-0.009469565923500331,1.0231251114443474,0.11767780325574151,-0.010155274464767473,-0.019415967792093147,100,,-0.006164287806636423,-0.4625337688709121,0,0.0
2042,poisoned_always_freeze_snapshot,4050,41,-0.2756913166617844,0.058309189524677646,0.9619134425022139,-0.0791263485900835,-0.03380044962965892,0.10210953333012937,100,,-0.02821175617078126,-0.3206127161618555,0,0.0
2042,poisoned_always_freeze_snapshot,4050,42,0.2605120099933711,0.10335909637820351,0.9504148169684339,0.029920378750935395,-0.018864057194987682,0.014150710379580322,100,,-0.030241347266866864,-0.35639953424657334,0,0.0
2042,poisoned_always_freeze_snapshot,4050,43,-0.27062154751222334,-0.11944287737138731,0.8887621882736347,-0.01625875398282027,-0.03764052209010826,0.07285435413993549,100,,-0.051115001220148976,-0.1844558978192693,0,0.0
2042,poisoned_always_freeze_snapshot,4050,44,-0.046104205679373844,0.06677887144573275,1.0613088294642623,-0.09547881725440929,-0.04710670155163532,0.09672101809785977,100,,-0.003404317906718393,-0.38993658071207987,0,0.0
2042,poisoned_always_freeze_snapshot,4050,45,0.15253983914215963,-0.11710448250683696,1.2537747129297059,0.08744174624157089,-0.04305861926544022,-0.07640622620116094,100,,-0.02591468776913829,-0.34653307808546974,0,0.0
2042,poisoned_always_freeze_snapshot,4050,46,-0.37886172032554655,0.05733623582398947,0.9458566506726602,-0.09257617750432524,-0.004953653359854315,0.021227337009262298,100,,-0.046606182080015,-0.34878494860868137,0,0.0
2042,poisoned_always_freeze_snapshot,4050,47,-0.12374550365762105,0.04002515450414007,0.8490715469663311,0.02781697788024573,-0.005207147953169088,-0.11341293837390976,100,,-0.010150563361570846,-0.42539998334861634,0,0.0
2042,poisoned_always_freeze_snapshot,4051,0,-0.11847818019687112,-0.019805480317791127,0.8116157773550791,-0.11412754501609286,-0.012059918754779506,-0.05302880962365211,100,,-0.016209850480253352,-0.3858414937165334,0,0.0
2042,poisoned_always_freeze_snapshot,4051,1,-0.14815516130781897,-0.00825967722856745,0.966184784607958,-0.015984313946183687,-0.03004097968459918,-0.016506396252473368,100,,-0.012167120443014127,-0.3380409537706443,0,0.0
2042,poisoned_always_freeze_snapshot,4051,2,0.3744162767476654,-0.005705473928932628,1.0626336227886675,-7.154372416330601e-05,0.005079658774808163,-0.10504074069872618,100,,-0.0503507048168645,-0.3183138316542779,0,0.0
2042,poisoned_always_freeze_snapshot,4051,3,0.3378984110828571,0.09713982699896917,0.9028420788722819,-0.02230359153375104,-0.032218067334265035,-0.04403617400888801,100,,-0.04631806651032495,-0.35634825370492934,0,0.0
2042,poisoned_always_freeze_snapshot,4051,4,0.379908581700385,0.10057327774853825,1.2568819687347415,0.05019948931590085,0.023121844814685946,-0.07990418636468524,100,,-0.08776345228169656,-0.19236447965990056,0,0.0
2042,poisoned_always_freeze_snapshot,4051,5,0.13822877391480215,0.043755139582783514,0.8398726691110576,-0.01798876417624981,-0.03883519769733246,-0.029082393053629627,100,,-0.01303957634820328,-0.4030297724707842,0,0.0
2042,poisoned_always_freeze_snapshot,4051,6,-0.044079227726369186,0.004964524859221164,1.1814137165936787,-0.05602921557017429,0.026911498569798173,-0.10257428669772674,100,,-0.009109021054678087,-0.41044451533727533,0,0.0
2042,poisoned_always_freeze_snapshot,4051,7,0.035677892335038375,-0.017708952880468795,0.8241240306641087,0.0982465581412321,0.00702805091421245,0.036296238019523835,100,,-0.007948268507390175,-0.41340172409096626,0,0.0
2042,poisoned_always_freeze_snapshot,4051,8,0.029377407988996462,0.11640332412262228,1.2303770369618685,-0.0645978695789235,0.0040265700190836515,-0.051693183205491114,100,,-0.017027323910275397,-0.38604839260257773,0,0.0
2042,poisoned_always_freeze_snapshot,4051,9,0.22746819240941885,0.09328152849494678,0.8246516548898621,0.03232750610297305,0.04334357471682965,-0.009110092151775329,100,,-0.04447353896267897,-0.20385695802662457,0,0.0
2042,poisoned_always_freeze_snapshot,4051,10,-0.03421788614630533,-0.020009096026342738,0.953253573434525,-0.10270825287404081,0.0404941320072595,-0.1181429468846683,100,,-0.0022501268533055585,-0.40568256923959506,0,0.0
2042,poisoned_always_freeze_snapshot,4051,11,0.00797670910424586,0.11005542758481024,1.1268561696197799,0.04474597650462289,-0.045678164586862774,-0.031814367836412186,100,,-0.005504227383789838,-0.3842138701410225,0,0.0
2042,poisoned_always_freeze_snapshot,4051,12,-0.1550071430248317,0.0297295936048316,1.067738752959327,-0.030029808640920946,-0.019292643654069064,0.10053001566722544,100,,-0.009919238904014053,-0.3984269629349048,0,0.0
2042,poisoned_always_freeze_snapshot,4051,13,0.036080012433666375,0.004678318680526192,1.0436412506497152,-0.1008882596964444,0.03393941897029913,-0.06648807842413572,100,,-0.0033288846647499815,-0.3868329350790792,0,0.0
2042,poisoned_always_freeze_snapshot,4051,14,-0.16084112398242506,0.028373268180941852,1.068999798928797,0.014708145477814127,0.015365178311634142,-0.09614143588987936,100,,-0.008616769207900726,-0.4598955849441783,0,0.0
2042,poisoned_always_freeze_snapshot,4051,15,0.328996349169536,0.048622819587237354,1.2435834684674159,-0.05423654992253492,-0.01804455595844217,-0.062143107947406954,100,,-0.05443743506425667,-0.3687562069680025,0,0.0
2042,poisoned_always_freeze_snapshot,4051,16,-0.13856627632257318,-0.05110401035596206,0.9220287541228742,-0.051070826386967666,-0.024831474671962686,0.1167592681360069,100,,-0.014253080582968891,-0.3339804834418019,0,0.0
2042,poisoned_always_freeze_snapshot,4051,17,0.13592365374603832,-0.07559264744982036,1.207331310698962,0.0025104345741108897,7.561262173570032e-05,-0.022896941368548668,100,,-0.015277025868516923,-0.39690016960909036,0,0.0
2042,poisoned_always_freeze_snapshot,4051,18,0.09780923487699617,0.07707402060718718,1.1936506570660805,-0.08202770687683716,-0.023737448735402046,0.06970127109671231,100,,-0.013922987087104748,-0.40451782549951454,0,0.0
2042,poisoned_always_freeze_snapshot,4051,19,0.06453272235425034,-0.11015521864454957,0.8200107667087344,-0.0774018023785833,0.02188254297462469,0.09842658578984462,100,,-0.00925099529465841,-0.41047671081931436,0,0.0
2042,poisoned_always_freeze_snapshot,4051,20,0.007105449776163841,0.0837073559185971,0.9009671701969693,0.04380675348246546,0.022782222192711032,-0.035920832668626015,100,,-0.006077205453421335,-0.37449878948258336,0,0.0
2042,poisoned_always_freeze_snapshot,4051,21,0.13562074243060107,-0.02515067034124109,0.8092831424800083,0.0012226181497338867,-0.008797300322652725,0.040963726708174025,100,,-0.014229293719489928,-0.4055621245045044,0,0.0
2042,poisoned_always_freeze_snapshot,4051,22,-0.06418504897757116,0.06491842285933344,0.7763575850439698,-0.07987169208840367,-0.025094498639013064,0.07055288878777913,100,,-0.013975557429969698,-0.3886579045160579,0,0.0
2042,poisoned_always_freeze_snapshot,4051,23,-0.3728159856312617,-0.036235146869945375,0.9690125211565517,0.06739039446382511,0.014947660642065402,0.014279494803357495,100,,-0.05012672081742933,-0.34136096909846814,0,0.0
2042,poisoned_always_freeze_snapshot,4051,24,-0.024796633870635465,0.07196474397855024,0.8919185295544715,0.022074964058123453,0.0014445858751423873,0.006340339963420538,100,,-0.003566866217507387,-0.44658904013509265,0,0.0
2042,poisoned_always_freeze_snapshot,4051,25,0.29516820623125106,0.018799868613479348,1.0941430031130115,-0.11767325240641419,-0.02814735656520675,-0.11410323111355498,100,,-0.03068024337064636,-0.400757359400446,0,0.0
2042,poisoned_always_freeze_snapshot,4051,26,0.12383282119442973,0.002100180109321781,0.83903604385883,-0.013287099679580791,-0.044539805730493154,0.04201457648466342,100,,-0.011783720141812977,-0.3930184869751807,0,0.0
2042,poisoned_always_freeze_snapshot,4051,27,0.0756460307139803,0.052175276305454016,0.8314678601812926,0.10197570760456626,-0.005432927292578257,-0.10379113701189252,100,,-0.010016119125968006,-0.4170572814341723,0,0.0
2042,poisoned_always_freeze_snapshot,4051,28,-0.1763627668764615,-0.10505737383908832,0.9376590415515285,0.06202959753477541,0.027942738444271045,-0.04106351007006291,100,,-0.01533174759949024,-0.39633444323469175,0,0.0
2042,poisoned_always_freeze_snapshot,4051,29,-0.10906243149919242,-0.049261694005096654,0.935945586868782,-0.09164271384977991,-0.01367473316361454,-0.04098385845193557,100,,-0.008812457353249847,-0.3725685042218745,0,0.0
2042,poisoned_always_freeze_snapshot,4051,30,-0.3206054093890843,-0.117105497539472,0.737807779966796,-0.00015236716500974246,-0.010974816790140132,-0.10147827517237801,100,,-0.06961584841331928,-0.25413960432373744,0,0.0
2042,poisoned_always_freeze_snapshot,4051,31,-0.016449480167707364,-0.051712785588361565,0.7323930493657305,-0.03470894292347408,0.026130965731018294,0.03437104050349771,100,,-0.018221471367710265,-0.36712716971820264,0,0.0
2042,poisoned_always_freeze_snapshot,4051,32,0.21425078475103831,-0.04528164592669938,1.152960390176294,-0.032561225045180026,0.01933326232814872,-0.07238682912897099,100,,-0.021294890970241762,-0.37987832596397597,0,0.0
2042,poisoned_always_freeze_snapshot,4051,33,-0.012226894413512768,-0.0841963501028542,1.2559062326094528,-0.09339797210267753,0.019599228139694405,-0.0765500879739398,100,,-0.01682549431119251,-0.37357187335135,0,0.0
2042,poisoned_always_freeze_snapshot,4051,34,-0.32592212411883853,0.08131915819026445,1.1367301847452618,-0.01769501779299458,-0.003722488675323342,0.09894134467746771,100,,-0.03607168371243962,-0.39839669239043185,0,0.0
2042,poisoned_always_freeze_snapshot,4051,35,-0.3660949863685371,-0.055141844064910156,0.8325412096223623,0.09734816616651609,0.0005155941803778666,-0.0002486510691090821,100,,-0.059915973997363405,-0.2894018860750091,0,0.0
2042,poisoned_always_freeze_snapshot,4051,36,0.33680432806223604,-0.04576391212969384,0.7914097204848958,0.024304211278095206,-0.043333343411117324,-0.021882778772818107,100,,-0.04322376436141069,-0.3910156362356265,0,0.0
2042,poisoned_always_freeze_snapshot,4051,37,-0.3995972721525883,-0.05191033351567574,1.1485863995620333,-0.0036245793926023007,0.04968813610226884,0.08788046134151817,100,,-0.059672095216090834,-0.3457303573654062,0,0.0
2042,poisoned_always_freeze_snapshot,4051,38,-0.0599744359521619,0.1016194437736623,0.9003783289150327,-0.01946906818937899,0.004941835696193407,-0.08284123626904222,100,,-0.004099034890474585,-0.4465747396672762,0,0.0
2042,poisoned_always_freeze_snapshot,4051,39,0.000360708135385468,0.012447143607673905,0.824697678459943,-0.033379384508245694,0.0041639688996119376,-0.007539731976376196,100,,-0.0076755682207792575,-0.41302069037500466,0,0.0
2042,poisoned_always_freeze_snapshot,4051,40,0.21162435323462114,-0.037305648077280026,1.2028028299828808,-0.10224509995396848,-0.035023966085575356,-0.09681728111450953,100,,-0.022881190794840786,-0.40008799356438396,0,0.0
2042,poisoned_always_freeze_snapshot,4051,41,-0.31987098404501046,0.06886672100456029,0.9381402859083939,0.016819607081080684,0.03112112185095839,-0.04518882365322438,100,,-0.029650859757293466,-0.4203958334382688,0,0.0
2042,poisoned_always_freeze_snapshot,4051,42,0.2635594818647762,-0.033520843846457676,0.8571878984917656,0.035304912513223374,0.025020163144419988,-0.09639268284360812,100,,-0.030780585210311028,-0.3333707673407592,0,0.0
2042,poisoned_always_freeze_snapshot,4051,43,0.2164606110315591,0.016386633964280944,0.7500667182429831,-0.0301584032225074,0.039187595913068515,-0.01587689336339375,100,,-0.04179146135016299,-0.264248547282382,0,0.0
2042,poisoned_always_freeze_snapshot,4051,44,-0.34996128147004807,0.11525292158561315,1.2233198073930045,0.015204867195394822,0.026702081284088464,0.07908509453003537,100,,-0.04549958860413008,-0.3887791381879193,0,0.0
2042,poisoned_always_freeze_snapshot,4051,45,0.37051044955340273,0.09523767395454466,1.0293194741235592,-0.014896343722022157,0.019456513753180707,-0.0260938868352545,100,,-0.06507253655171576,-0.2035824360963045,0,0.0
2042,poisoned_always_freeze_snapshot,4051,46,-0.10322456154148263,-0.06218820577729408,0.7632069038006992,0.07378775528999143,0.0418201233826635,-0.04506468348079627,100,,-0.01809054868544593,-0.3831101321717955,0,0.0
2042,poisoned_always_freeze_snapshot,4051,47,-0.09714372994420417,0.04000872796029492,1.0356204802080944,0.006466689164216971,0.01594938627934535,-0.008508807658668502,100,,-0.00291101281663257,-0.4617624296936296,0,0.0
2042,poisoned_always_freeze_snapshot,4052,0,-0.39548651019439096,0.04949351704700272,1.0743237226971543,-0.09972952341029029,0.04812441705732229,-0.013973471915785074,100,,-0.04677390118590015,-0.3780951249604861,0,0.0
2042,poisoned_always_freeze_snapshot,4052,1,-0.09140924460341138,0.07913964307912177,1.2724455769324192,0.016094057258500355,0.008951239007005382,-0.03812664936078977,100,,-0.020659356871119295,-0.36420721701731207,0,0.0
2042,poisoned_always_freeze_snapshot,4052,2,-0.023295072295052843,-0.05409143153363176,1.047644449987831,-0.041442066513315556,-0.03761305071941826,-0.03131812344078594,100,,-0.005626715801442992,-0.3422338927293339,0,0.0
2042,poisoned_always_freeze_snapshot,4052,3,0.18012976915049583,0.08696439720657664,0.8889497098773069,-0.05378914100094018,0.02515117728824108,0.007582423330425331,100,,-0.02532692296192279,-0.2814440444427623,0,0.0
2042,poisoned_always_freeze_snapshot,4052,4,0.2404017651447531,-0.05510550759086218,1.026735306676897,-0.0022227939052861384,-0.008957869246535466,-0.11272723504444938,100,,-0.016748247677340632,-0.4401794318523604,0,0.0
2042,poisoned_always_freeze_snapshot,4052,5,-0.2209474261420221,0.047659505856163825,1.1836043113442092,0.005609771201607633,0.046433725819994595,0.033467843418442306,100,,-0.02274751634847678,-0.3822422932790914,0,0.0
2042,poisoned_always_freeze_snapshot,4052,6,0.11617462469435647,0.025203022568369732,1.208807880423295,0.04500455667853939,-0.04416877750353239,0.01196392787170869,100,,-0.01598529092083964,-0.3901762526347544,0,0.0
2042,poisoned_always_freeze_snapshot,4052,7,-0.2679297065268721,0.004862840332878274,0.9743206216204019,0.009920437210942046,-0.006590050572197567,0.0051325628661028355,100,,-0.025952420171468857,-0.35846284263816,0,0.0
2042,poisoned_always_freeze_snapshot,4052,8,0.16142041099953952,-0.014955788063276368,1.0674851963845078,0.042880160215165025,0.003577264502182001,-0.07181325941420519,100,,-0.009866270485889339,-0.427997757926419,0,0.0
2042,poisoned_always_freeze_snapshot,4052,9,0.3165457267868278,-0.10876300425294619,0.9300877459101894,0.04752220296188561,0.006104905136390795,0.055130536789394086,100,,-0.029638811599875147,-0.4074147600952409,0,0.0
2042,poisoned_always_freeze_snapshot,4052,10,0.024408767565754885,0.09360832617096007,1.1057381041646357,-0.05951585618032295,0.010141632831009252,-0.1068701975400486,100,,-0.00593843158424852,-0.39891101962343367,0,0.0
2042,poisoned_always_freeze_snapshot,4052,11,-0.2663290008601614,-0.08776816819996604,1.1205750219306723,0.08564232633681823,-0.03137938115101131,-0.0220461925850889,100,,-0.044860141005330194,-0.21775924966701754,0,0.0
2042,poisoned_always_freeze_snapshot,4052,12,-0.3421341797470331,-0.052104820863618076,1.1513491700560456,-0.10826367525527988,-0.043042254395907434,0.07409660057485984,100,,-0.06319608865718167,-0.1831890674338978,0,0.0
2042,poisoned_always_freeze_snapshot,4052,13,-0.042948258314962295,0.027428110871039496,1.1504374806792976,0.04933301979383811,-0.029784531942267146,0.08724375674240578,100,,-0.007206240162829394,-0.4227317003671956,0,0.0
2042,poisoned_always_freeze_snapshot,4052,14,0.07363194003860596,0.050484394667595744,0.9239679548305786,0.0015459465811237805,-0.045652248912326235,0.034922645069753344,100,,-0.004287778238551508,-0.3896969945665872,0,0.0
2042,poisoned_always_freeze_snapshot,4052,15,-0.28974883617200153,0.006899880458526381,1.0076224708428918,-0.09162972046754222,0.03644349072584056,0.1180882959603318,100,,-0.025550213300379997,-0.40162165275066425,0,0.0
2042,poisoned_always_freeze_snapshot,4052,16,-0.353187283808469,-0.07774682356680127,1.1327389387985964,0.05861720669183884,-0.04095800565368982,0.06842933105344437,100,,-0.06917724574184209,-0.1661341525565176,0,0.0
2042,poisoned_always_freeze_snapshot,4052,17,-0.10700358750239508,0.050255928453524945,0.967552350384449,0.11016470851810978,0.02263855172521853,0.06530889268028653,100,,-0.0036328801981975506,-0.44462435050992266,0,0.0
2042,poisoned_always_freeze_snapshot,4052,18,-0.22539116050378755,-0.09569372531753528,0.8175453877132997,0.046161973777319704,-0.0009161895756247471,-0.001770348751538267,100,,-0.03373686288370087,-0.3229494960516379,0,0.0
2042,poisoned_always_freeze_snapshot,4052,19,-0.030419369360399517,0.07845824811109298,0.93029220807677,0.11264181955114244,-0.039695168936026065,-0.08475216515747584,100,,-0.0024363014198277625,-0.4027294613509295,0,0.0
2042,poisoned_always_freeze_snapshot,4052,20,-0.023947076799327227,0.004818727249735644,1.2205215185080034,-0.000613059166238647,0.012233376011533369,-0.04298913421551892,100,,-0.01224645315487908,-0.39033633218860786,0,0.0
2042,poisoned_always_freeze_snapshot,4052,21,0.20841373824237164,-0.03004464438773949,0.9997218631300666,0.08973426842431795,-0.024093837254898588,0.03486266442635555,100,,-0.012620018660350112,-0.4388662378981241,0,0.0
2042,poisoned_always_freeze_snapshot,4052,22,0.10525292598403058,-0.11118837721109431,0.9289746979182669,-0.05563830297211027,-0.039081694059186926,-0.08646920827872828,100,,-0.007838927510179509,-0.35536972828377,0,0.0
2042,poisoned_always_freeze_snapshot,4052,23,-0.21348049803258268,0.0808769968742756,1.1166666386918154,-0.03363559908384618,-0.026855959939523468,-0.061835850924736674,100,,-0.0179994723416234,-0.37707432457082357,0,0.0
2042,poisoned_always_freeze_snapshot,4052,24,-0.09193668461095406,-0.04185590570890978,0.9322133680758046,0.07637107258629622,-0.02405272460205108,-0.0399811443433231,100,,-0.008170599400809254,-0.35651536491732044,0,0.0
2042,poisoned_always_freeze_snapshot,4052,25,0.007152965951832013,-0.04415249892063133,0.9875213254049149,-0.11329868012228622,0.02063073535652643,0.08538432939592519,100,,-0.00034894102588808114,-0.44823791901752685,0,0.0
2042,poisoned_always_freeze_snapshot,4052,26,-0.07874018908667085,0.1170479217156685,1.2142332423244566,0.11799517698387621,0.027439445818761773,0.06107877598744829,100,,-0.016843903566334976,-0.3604923713553848,0,0.0
2042,poisoned_always_freeze_snapshot,4052,27,-0.04075513872194525,-0.046146618100356085,1.1775999039959992,0.029619871007076748,0.04999554925068417,0.09227202113475669,100,,-0.010409675270777772,-0.3703975258165518,0,0.0
2042,poisoned_always_freeze_snapshot,4052,28,-0.3820595299315878,0.055115735280960365,1.15201053654998,-0.04908453518696773,-0.012187937792399572,-0.09471520566684727,100,,-0.05373781150128515,-0.31905881593303187,0,0.0
2042,poisoned_always_freeze_snapshot,4052,29,-0.3017813668625867,-0.061010661718487375,1.1165768795148687,-0.0023217732833455407,-0.03288288437185631,-0.07061458249686692,100,,-0.04874886963515459,-0.2551049620520436,0,0.0
2042,poisoned_always_freeze_snapshot,4052,30,-0.13839566791244967,0.0658282524934777,0.8600961401289485,-0.02940790798409655,0.0425204968578355,0.08604973917914069,100,,-0.011774963726569408,-0.393470922015409,0,0.0
2042,poisoned_always_freeze_snapshot,4052,31,-0.0958541172685144,-0.09950295566079914,1.2238228706507979,0.05092622842645067,0.015706065522369597,0.10369850241380796,100,,-0.01857867255221854,-0.3881702897167215,0,0.0
2042,poisoned_always_freeze_snapshot,4052,32,-0.2846645369293306,0.00029439674285289263,0.8218221596812157,-0.10976005134949464,0.03059464234932037,0.058940949874452586,100,,-0.032877078295887485,-0.4110909102195458,0,0.0
2042,poisoned_always_freeze_snapshot,4052,33,-0.020397679293523374,0.06324132563931395,1.2421554855273267,0.008114614729774067,-0.04339543546807598,0.034536590139994744,100,,-0.016029854427908274,-0.3794324492554648,0,0.0
2042,poisoned_always_freeze_snapshot,4052,34,0.08813706286619516,-0.08071780301562843,1.2781584361986067,0.07658938181325212,0.047781354395999315,0.09659248025668024,100,,-0.02471186277300946,-0.3607463284358321,0,0.0
2042,poisoned_always_freeze_snapshot,4052,35,-0.2641961119195682,-0.06879584673823705,0.9028579642828743,-0.0394703579754324,0.027479029151265752,-0.008493432593863398,100,,-0.028420260355821115,-0.39029197460275306,0,0.0
2042,poisoned_always_freeze_snapshot,4052,36,-0.19860025057251632,-0.09625262834779921,1.2280811867872765,0.091208615083707,0.01656332974329451,-0.01233426308684192,100,,-0.03226175106031549,-0.38299445510985275,0,0.0
2042,poisoned_always_freeze_snapshot,4052,37,-0.39052320276218766,-0.08915641288488335,0.9957893390072032,0.002324360280885035,-0.01854643092928842,0.06255302097766452,100,,-0.06967352746038266,-0.2029482822978615,0,0.0
2042,poisoned_always_freeze_snapshot,4052,38,-0.2245798490429338,0.02557321714029881,1.0222067680360314,0.09494676998351964,0.021810251634644423,-0.056789100070336856,100,,-0.015136179673477754,-0.4384006268292022,0,0.0
2042,poisoned_always_freeze_snapshot,4052,39,-0.3680038339973575,-0.004783267734132138,1.2311053963320344,-0.1145785640421606,0.022797449249191373,0.10931080799145909,100,,-0.05743284625899345,-0.38613452262950976,0,0.0
2042,poisoned_always_freeze_snapshot,4052,40,0.03503683715090433,0.08046321554184033,0.8189710907289783,0.07408487884593878,-0.032981821180747856,-0.1039026635349396,100,,-0.009256335745167538,-0.41072705402106535,0,0.0
2042,poisoned_always_freeze_snapshot,4052,41,0.3018811374199205,0.05320127045569292,1.0438194687803009,0.021856850127060956,-0.005960359204740737,-0.0998515558987462,100,,-0.03613572395189594,-0.34183728006585423,0,0.0
2042,poisoned_always_freeze_snapshot,4052,42,-0.20243777738551547,-0.11988060904399485,0.9488729563719372,0.10029817280142958,-0.028591706257090302,-0.0015611473234102696,100,,-0.0307023915686751,-0.23810742429781145,0,0.0
2042,poisoned_always_freeze_snapshot,4052,43,-0.38446351709869103,0.07842718605429505,1.2778879154230987,0.01471760131701208,-0.025281584478390573,0.005605650038037507,100,,-0.06893094153955534,-0.30169112473272686,0,0.0
2042,poisoned_always_freeze_snapshot,4052,44,-0.008052514467044414,0.05805470423828499,1.2047350239335763,0.015934812783771485,0.031596988328945835,-0.09519945001138605,100,,-0.013256453096323452,-0.3809893646543391,0,0.0
2042,poisoned_always_freeze_snapshot,4052,45,0.07454186398779505,-0.10162693862490237,0.8214828765688693,0.038626214946871185,0.0425177846114094,0.03147244983016756,100,,-0.010488761204234491,-0.3974425688934202,0,0.0
2042,poisoned_always_freeze_snapshot,4052,46,-0.16056728442477494,0.08934926248227334,1.1114076335514675,0.08527306527190873,0.037244276112034055,-0.0141263862560706,100,,-0.011168989124782263,-0.405253705078775,0,0.0
2042,poisoned_always_freeze_snapshot,4052,47,-0.3429532185798744,-0.03810605695519413,0.9410390720666266,-0.04489978780274305,-0.02341819299705966,-0.044244956603393004,100,,-0.05190990885368351,-0.24218347680516927,0,0.0
